{"type":"FeatureCollection","features":[{"type":"Feature","id":"IDEM_MA_PR_CA_MANZANARES.34","geometry":{"type":"MultiPolygon","coordinates":[[[[-3.8965,40.7503],[-3.8968,40.7504],[-3.897,40.7505],[-3.8972,40.7505],[-3.8974,40.7505],[-3.8973,40.7505],[-3.8971,40.7504],[-3.8969,40.7504],[-3.8967,40.7503],[-3.8965,40.7503],[-3.8963,40.7503],[-3.8961,40.7503],[-3.8959,40.7503],[-3.8958,40.7503],[-3.8956,40.7503],[-3.8954,40.7502],[-3.8954,40.7503],[-3.8953,40.7503],[-3.8952,40.7503],[-3.8951,40.7503],[-3.895,40.7503],[-3.8949,40.7503],[-3.8949,40.7503],[-3.8948,40.7503],[-3.8947,40.7503],[-3.8947,40.7503],[-3.8946,40.7502],[-3.8946,40.7502],[-3.8945,40.7502],[-3.8945,40.7502],[-3.8944,40.7502],[-3.8944,40.7502],[-3.8944,40.7501],[-3.8943,40.7501],[-3.8943,40.7501],[-3.8943,40.75],[-3.8943,40.75],[-3.8943,40.7499],[-3.8943,40.7498],[-3.8943,40.7497],[-3.8943,40.7496],[-3.8943,40.7495],[-3.8943,40.7494],[-3.8944,40.7493],[-3.8944,40.7492],[-3.8945,40.7491],[-3.8945,40.7489],[-3.8946,40.7487],[-3.8947,40.7485],[-3.8948,40.7483],[-3.8948,40.7482],[-3.8948,40.7481],[-3.8948,40.7479],[-3.8947,40.7478],[-3.8947,40.7476],[-3.8947,40.7475],[-3.8947,40.7474],[-3.8946,40.7472],[-3.8946,40.747],[-3.8946,40.7469],[-3.8946,40.7467],[-3.8946,40.7466],[-3.8946,40.7464],[-3.8947,40.7463],[-3.8947,40.7461],[-3.8948,40.746],[-3.8948,40.7458],[-3.8949,40.7457],[-3.8949,40.7455],[-3.8949,40.7454],[-3.8948,40.7452],[-3.8948,40.745],[-3.8948,40.7449],[-3.8948,40.7448],[-3.8948,40.7447],[-3.8948,40.7446],[-3.8948,40.7445],[-3.8948,40.7444],[-3.8949,40.7443],[-3.8949,40.7442],[-3.8949,40.7441],[-3.8949,40.744],[-3.8949,40.7439],[-3.8949,40.7438],[-3.8948,40.7438],[-3.8948,40.7438],[-3.8948,40.7437],[-3.8947,40.7437],[-3.8947,40.7437],[-3.8945,40.7439],[-3.894,40.7443],[-3.894,40.7444],[-3.8941,40.7447],[-3.8941,40.7449],[-3.8942,40.7452],[-3.8942,40.7454],[-3.8942,40.7457],[-3.8941,40.746],[-3.8941,40.7464],[-3.8939,40.7474],[-3.8943,40.7477],[-3.8945,40.7479],[-3.8946,40.7479],[-3.8946,40.7479],[-3.8946,40.7481],[-3.8946,40.7482],[-3.8945,40.7485],[-3.8943,40.7489],[-3.8942,40.7493],[-3.8941,40.7494],[-3.894,40.7497],[-3.894,40.7499],[-3.894,40.7501],[-3.8941,40.7501],[-3.8941,40.7502],[-3.8943,40.7502],[-3.8943,40.7502],[-3.8944,40.7502],[-3.8945,40.7503],[-3.8946,40.7503],[-3.8948,40.7503],[-3.8948,40.7503],[-3.8949,40.7504],[-3.895,40.7504],[-3.8951,40.7504],[-3.8953,40.7504],[-3.8955,40.7503],[-3.8956,40.7503],[-3.8956,40.7503],[-3.8957,40.7503],[-3.8959,40.7503],[-3.8961,40.7503],[-3.8962,40.7503],[-3.8963,40.7503],[-3.8964,40.7503],[-3.8965,40.7503]]],[[[-3.8998,40.751],[-3.9001,40.7511],[-3.9003,40.7512],[-3.9004,40.7514],[-3.9006,40.7515],[-3.9007,40.7516],[-3.9007,40.7517],[-3.9008,40.7518],[-3.9009,40.7519],[-3.9011,40.7521],[-3.9012,40.7522],[-3.9013,40.7523],[-3.9015,40.7524],[-3.9016,40.7524],[-3.9017,40.7525],[-3.9018,40.7525],[-3.902,40.7526],[-3.9022,40.7526],[-3.9024,40.7526],[-3.9026,40.7527],[-3.9028,40.7527],[-3.9029,40.7527],[-3.903,40.7527],[-3.903,40.7527],[-3.903,40.7526],[-3.9029,40.7526],[-3.9026,40.7526],[-3.9024,40.7526],[-3.9023,40.7526],[-3.9022,40.7526],[-3.9021,40.7525],[-3.902,40.7525],[-3.9019,40.7525],[-3.9018,40.7525],[-3.9017,40.7524],[-3.9016,40.7524],[-3.9015,40.7524],[-3.9015,40.7523],[-3.9014,40.7523],[-3.9013,40.7522],[-3.9013,40.7522],[-3.9012,40.7521],[-3.9012,40.7521],[-3.9011,40.752],[-3.9011,40.752],[-3.9008,40.7517],[-3.9006,40.7515],[-3.9006,40.7514],[-3.9005,40.7514],[-3.9005,40.7513],[-3.9005,40.7513],[-3.9004,40.7512],[-3.9003,40.7512],[-3.9003,40.7512],[-3.9002,40.7511],[-3.9001,40.7511],[-3.9001,40.7511],[-3.9,40.751],[-3.8999,40.751],[-3.8998,40.751],[-3.8987,40.751],[-3.8985,40.751],[-3.8984,40.7509],[-3.8983,40.7509],[-3.8984,40.7509],[-3.8984,40.7509],[-3.8985,40.751],[-3.8985,40.751],[-3.8986,40.751],[-3.8988,40.7511],[-3.8989,40.7511],[-3.899,40.7511],[-3.8991,40.7511],[-3.8992,40.7511],[-3.8992,40.7511],[-3.8995,40.751],[-3.8998,40.751],[-3.8998,40.751]]]]},"geometry_name":"GEOMETRY1","properties":{"CD_TIPO_ZONA":"A1","DS_TIPO_ZONA":"A1: Reserva Natural Integral.","NM_AREA_M":null,"NM_AREA_HA":null}},{"type":"Feature","id":"IDEM_MA_PR_CA_MANZANARES.35","geometry":{"type":"MultiPolygon","coordinates":[[[[-3.7934,40.7168],[-3.7932,40.7179],[-3.7934,40.7179],[-3.7934,40.7178],[-3.7935,40.7175],[-3.7936,40.7171],[-3.7936,40.7167],[-3.7937,40.7162],[-3.7938,40.7159],[-3.7936,40.7158],[-3.7934,40.7168]]],[[[-3.8302,40.7904],[-3.8305,40.7906],[-3.8306,40.7907],[-3.8308,40.7908],[-3.8309,40.7909],[-3.8311,40.7912],[-3.8311,40.7912],[-3.8314,40.7914],[-3.8315,40.7915],[-3.8317,40.7917],[-3.8319,40.7918],[-3.8321,40.792],[-3.8322,40.792],[-3.8323,40.7921],[-3.8327,40.7924],[-3.8329,40.7925],[-3.8331,40.7926],[-3.8333,40.7928],[-3.8335,40.7929],[-3.8337,40.7929],[-3.8339,40.793],[-3.8341,40.7931],[-3.8344,40.7931],[-3.8346,40.7932],[-3.8349,40.7933],[-3.8351,40.7934],[-3.8352,40.7934],[-3.8352,40.7934],[-3.8354,40.7935],[-3.8356,40.7936],[-3.8358,40.7937],[-3.8361,40.7937],[-3.8364,40.7938],[-3.8366,40.7938],[-3.8371,40.794],[-3.8374,40.7942],[-3.8375,40.7942],[-3.8377,40.7943],[-3.8379,40.7944],[-3.8381,40.7945],[-3.8383,40.7947],[-3.8385,40.7948],[-3.8386,40.7948],[-3.8386,40.7948],[-3.8388,40.7948],[-3.8401,40.7944],[-3.8399,40.7941],[-3.8399,40.7941],[-3.8398,40.794],[-3.8398,40.7938],[-3.8398,40.7937],[-3.8398,40.7936],[-3.8398,40.7935],[-3.8398,40.7934],[-3.8399,40.7933],[-3.8399,40.793],[-3.8399,40.7927],[-3.8399,40.7926],[-3.8398,40.7924],[-3.8397,40.7924],[-3.8397,40.7923],[-3.8397,40.7922],[-3.8397,40.7921],[-3.8397,40.792],[-3.8398,40.7919],[-3.8399,40.7917],[-3.8399,40.7916],[-3.8398,40.7916],[-3.8398,40.7915],[-3.8397,40.791],[-3.8396,40.7905],[-3.8395,40.7901],[-3.8395,40.79],[-3.8394,40.7898],[-3.8394,40.7896],[-3.8393,40.7894],[-3.8393,40.7894],[-3.8394,40.7894],[-3.8393,40.7893],[-3.8393,40.7894],[-3.8393,40.7894],[-3.8393,40.7893],[-3.8393,40.7893],[-3.8391,40.7892],[-3.8389,40.7891],[-3.8387,40.7891],[-3.8386,40.7891],[-3.8385,40.7891],[-3.8385,40.7891],[-3.8385,40.7891],[-3.8382,40.789],[-3.8381,40.789],[-3.8379,40.789],[-3.8379,40.789],[-3.8379,40.789],[-3.8379,40.789],[-3.8377,40.789],[-3.8374,40.789],[-3.8373,40.789],[-3.8371,40.7889],[-3.837,40.7889],[-3.8369,40.7888],[-3.8369,40.7888],[-3.8369,40.7888],[-3.8369,40.7888],[-3.8369,40.7888],[-3.8368,40.7887],[-3.8367,40.7886],[-3.8366,40.7885],[-3.8364,40.7884],[-3.8363,40.7883],[-3.8361,40.7882],[-3.836,40.7881],[-3.836,40.788],[-3.8359,40.7879],[-3.8358,40.7878],[-3.8358,40.7877],[-3.8358,40.7877],[-3.8358,40.7878],[-3.8358,40.7877],[-3.8358,40.7877],[-3.8358,40.7876],[-3.8357,40.7875],[-3.8356,40.7874],[-3.8356,40.7874],[-3.8356,40.7874],[-3.8356,40.7873],[-3.8355,40.7872],[-3.8354,40.787],[-3.8352,40.7868],[-3.835,40.7866],[-3.8349,40.7863],[-3.8348,40.7862],[-3.8347,40.786],[-3.8345,40.7859],[-3.8343,40.7858],[-3.8342,40.7856],[-3.8337,40.7853],[-3.8336,40.7853],[-3.8335,40.7852],[-3.8333,40.7851],[-3.833,40.7848],[-3.8327,40.7847],[-3.8324,40.7845],[-3.8321,40.7843],[-3.8318,40.7841],[-3.8316,40.7838],[-3.8312,40.7834],[-3.8309,40.7829],[-3.8305,40.7824],[-3.8296,40.781],[-3.8294,40.7808],[-3.8293,40.7806],[-3.829,40.7803],[-3.8288,40.78],[-3.8287,40.7798],[-3.8285,40.7796],[-3.8284,40.7795],[-3.8284,40.7794],[-3.8285,40.7794],[-3.8287,40.7792],[-3.8287,40.779],[-3.8286,40.7787],[-3.8286,40.7785],[-3.8289,40.7784],[-3.8291,40.7784],[-3.8293,40.7782],[-3.8296,40.778],[-3.8298,40.7779],[-3.8301,40.7778],[-3.8303,40.778],[-3.8305,40.7781],[-3.8306,40.7782],[-3.8307,40.7783],[-3.8309,40.7782],[-3.8311,40.7782],[-3.8313,40.778],[-3.8314,40.7779],[-3.8314,40.7778],[-3.8314,40.7776],[-3.8317,40.7776],[-3.832,40.7777],[-3.8321,40.7777],[-3.8322,40.7776],[-3.8322,40.7775],[-3.8322,40.7773],[-3.8321,40.7772],[-3.832,40.777],[-3.8319,40.7769],[-3.8318,40.7768],[-3.8316,40.7767],[-3.8314,40.7767],[-3.8314,40.7766],[-3.8314,40.776],[-3.8313,40.7758],[-3.8316,40.7759],[-3.8317,40.776],[-3.8318,40.7761],[-3.832,40.7761],[-3.8321,40.7761],[-3.8324,40.7761],[-3.8328,40.776],[-3.833,40.776],[-3.8332,40.7761],[-3.8335,40.7762],[-3.8339,40.7763],[-3.8339,40.7755],[-3.834,40.7753],[-3.8343,40.7752],[-3.8347,40.7752],[-3.8348,40.7753],[-3.8348,40.7755],[-3.835,40.7755],[-3.8351,40.7754],[-3.8352,40.7753],[-3.8352,40.7752],[-3.8351,40.7751],[-3.8349,40.7749],[-3.8346,40.7749],[-3.8332,40.7747],[-3.8327,40.7747],[-3.8323,40.7746],[-3.8319,40.7745],[-3.8316,40.7745],[-3.8314,40.7744],[-3.8303,40.774],[-3.8302,40.7739],[-3.83,40.7737],[-3.8299,40.7736],[-3.8297,40.7735],[-3.8291,40.7734],[-3.829,40.7735],[-3.8288,40.7736],[-3.8287,40.7736],[-3.8287,40.7734],[-3.8288,40.7733],[-3.8288,40.7726],[-3.8282,40.7724],[-3.8279,40.7722],[-3.8277,40.7721],[-3.8275,40.7719],[-3.8273,40.7717],[-3.8272,40.7715],[-3.8271,40.7713],[-3.8271,40.7711],[-3.827,40.771],[-3.8269,40.7708],[-3.8267,40.7705],[-3.8267,40.7704],[-3.8266,40.7703],[-3.8265,40.77],[-3.8263,40.7703],[-3.8261,40.7702],[-3.8261,40.7702],[-3.826,40.7702],[-3.8253,40.7701],[-3.8253,40.77],[-3.8253,40.7699],[-3.8253,40.7697],[-3.8252,40.7697],[-3.8252,40.7695],[-3.8253,40.7694],[-3.8255,40.7692],[-3.8253,40.769],[-3.8253,40.7689],[-3.8253,40.7688],[-3.8255,40.7686],[-3.8256,40.7685],[-3.8256,40.7684],[-3.8258,40.7683],[-3.8259,40.7682],[-3.826,40.7679],[-3.8261,40.7677],[-3.8261,40.7676],[-3.8263,40.7674],[-3.8264,40.7672],[-3.8266,40.7671],[-3.8266,40.7669],[-3.8266,40.7667],[-3.8265,40.7665],[-3.8264,40.7663],[-3.8266,40.7663],[-3.8266,40.7663],[-3.8266,40.7663],[-3.8267,40.7663],[-3.8268,40.7663],[-3.8269,40.7664],[-3.827,40.7665],[-3.827,40.7666],[-3.8272,40.7667],[-3.8273,40.7668],[-3.8275,40.7667],[-3.8276,40.7668],[-3.8278,40.7668],[-3.828,40.7669],[-3.8283,40.7669],[-3.8284,40.7669],[-3.8285,40.767],[-3.8286,40.7672],[-3.8286,40.7673],[-3.8287,40.7673],[-3.829,40.7674],[-3.8291,40.7673],[-3.8294,40.7672],[-3.8295,40.7671],[-3.8297,40.7671],[-3.8299,40.7671],[-3.8302,40.767],[-3.8306,40.767],[-3.831,40.767],[-3.8313,40.767],[-3.8317,40.767],[-3.832,40.7669],[-3.8321,40.7662],[-3.8321,40.7661],[-3.8321,40.766],[-3.8317,40.7659],[-3.8317,40.7655],[-3.8317,40.7653],[-3.8317,40.7651],[-3.8318,40.7649],[-3.8317,40.7644],[-3.8315,40.763],[-3.8312,40.7622],[-3.83,40.7601],[-3.8294,40.7588],[-3.8294,40.7586],[-3.8294,40.7584],[-3.8293,40.7582],[-3.8292,40.7581],[-3.829,40.758],[-3.8288,40.7579],[-3.8287,40.7579],[-3.8285,40.7579],[-3.8282,40.7579],[-3.8284,40.7577],[-3.8285,40.7576],[-3.8286,40.7575],[-3.8286,40.7574],[-3.8286,40.7573],[-3.8286,40.7573],[-3.8286,40.7571],[-3.8288,40.7569],[-3.8289,40.7567],[-3.829,40.7566],[-3.8292,40.7564],[-3.8293,40.7563],[-3.8293,40.7563],[-3.8294,40.7561],[-3.8294,40.7561],[-3.8295,40.756],[-3.8295,40.756],[-3.8295,40.756],[-3.8295,40.756],[-3.8296,40.7557],[-3.8297,40.7556],[-3.8299,40.7555],[-3.8301,40.7555],[-3.8305,40.7553],[-3.8317,40.7551],[-3.8334,40.755],[-3.8344,40.755],[-3.8353,40.7548],[-3.8365,40.7547],[-3.8366,40.7547],[-3.8366,40.7547],[-3.8367,40.7547],[-3.8368,40.7547],[-3.8369,40.7547],[-3.8369,40.7547],[-3.8372,40.7547],[-3.8373,40.7548],[-3.8376,40.7548],[-3.8378,40.7549],[-3.8378,40.7549],[-3.8379,40.755],[-3.8379,40.7552],[-3.8379,40.7553],[-3.8379,40.7554],[-3.838,40.7555],[-3.838,40.7555],[-3.8381,40.7554],[-3.8382,40.7554],[-3.8383,40.7553],[-3.8384,40.7553],[-3.8384,40.7552],[-3.8385,40.7551],[-3.8385,40.7551],[-3.8385,40.755],[-3.8386,40.7549],[-3.8386,40.7548],[-3.8386,40.7547],[-3.8386,40.7547],[-3.8388,40.7546],[-3.8391,40.7545],[-3.8396,40.7543],[-3.8402,40.7541],[-3.8405,40.754],[-3.8407,40.754],[-3.8407,40.754],[-3.8408,40.7539],[-3.8408,40.7539],[-3.8409,40.7538],[-3.8409,40.7538],[-3.841,40.7536],[-3.841,40.7536],[-3.841,40.7534],[-3.8409,40.7531],[-3.8409,40.7528],[-3.841,40.7526],[-3.841,40.7525],[-3.841,40.7522],[-3.8411,40.7522],[-3.8412,40.7521],[-3.8414,40.752],[-3.8416,40.7518],[-3.8418,40.7517],[-3.8419,40.7516],[-3.8422,40.7512],[-3.8424,40.751],[-3.8427,40.7507],[-3.843,40.7505],[-3.8433,40.7502],[-3.8437,40.75],[-3.8439,40.7499],[-3.8441,40.7497],[-3.8443,40.7495],[-3.8447,40.7492],[-3.8449,40.749],[-3.8452,40.7487],[-3.8454,40.7484],[-3.8456,40.7481],[-3.8457,40.7479],[-3.8457,40.7479],[-3.8458,40.7478],[-3.8459,40.7477],[-3.846,40.7475],[-3.8461,40.7474],[-3.8461,40.7474],[-3.8461,40.7473],[-3.8461,40.7473],[-3.8462,40.7472],[-3.8462,40.7472],[-3.8463,40.7472],[-3.8463,40.7471],[-3.8463,40.7471],[-3.8464,40.7471],[-3.8464,40.7471],[-3.8464,40.7471],[-3.8465,40.7471],[-3.8465,40.7471],[-3.8466,40.7471],[-3.8466,40.747],[-3.8466,40.747],[-3.8466,40.747],[-3.8467,40.747],[-3.8467,40.747],[-3.8467,40.7469],[-3.8467,40.7469],[-3.8468,40.7469],[-3.8468,40.7469],[-3.8468,40.7469],[-3.8468,40.7468],[-3.8468,40.7468],[-3.8468,40.7468],[-3.8468,40.7467],[-3.8468,40.7467],[-3.8469,40.7465],[-3.8469,40.7464],[-3.847,40.7463],[-3.847,40.7462],[-3.8471,40.7462],[-3.8471,40.7462],[-3.8471,40.7461],[-3.8472,40.7459],[-3.8472,40.7459],[-3.8473,40.7458],[-3.8473,40.7457],[-3.8474,40.7456],[-3.8474,40.7456],[-3.8474,40.7455],[-3.8475,40.7454],[-3.8476,40.7453],[-3.8476,40.7452],[-3.8477,40.7452],[-3.8478,40.745],[-3.8479,40.745],[-3.8479,40.7449],[-3.848,40.7448],[-3.8481,40.7447],[-3.8482,40.7446],[-3.8482,40.7445],[-3.8482,40.7445],[-3.8483,40.7444],[-3.8484,40.7443],[-3.8484,40.7443],[-3.8484,40.7442],[-3.8485,40.7441],[-3.8486,40.744],[-3.8487,40.7439],[-3.8487,40.7439],[-3.8487,40.7438],[-3.8488,40.7438],[-3.8488,40.7437],[-3.8489,40.7436],[-3.8489,40.7435],[-3.849,40.7434],[-3.8491,40.7434],[-3.8492,40.7433],[-3.8493,40.7432],[-3.8494,40.7431],[-3.8494,40.7431],[-3.8495,40.743],[-3.8496,40.7429],[-3.8497,40.7428],[-3.8498,40.7427],[-3.85,40.7427],[-3.8501,40.7426],[-3.8502,40.7425],[-3.8504,40.7424],[-3.8506,40.7423],[-3.8507,40.7421],[-3.8508,40.742],[-3.851,40.7416],[-3.8511,40.7415],[-3.8512,40.7413],[-3.8513,40.7412],[-3.8514,40.741],[-3.8515,40.741],[-3.8515,40.7408],[-3.8516,40.7408],[-3.8517,40.7406],[-3.8517,40.7406],[-3.8518,40.7405],[-3.8518,40.7405],[-3.8518,40.7404],[-3.8518,40.7404],[-3.8519,40.7403],[-3.8519,40.7403],[-3.8519,40.7403],[-3.8519,40.7402],[-3.852,40.7402],[-3.852,40.7402],[-3.852,40.7401],[-3.8521,40.7401],[-3.8522,40.74],[-3.8522,40.74],[-3.8522,40.7399],[-3.8523,40.7399],[-3.8523,40.7399],[-3.8524,40.7399],[-3.8524,40.7398],[-3.8525,40.7398],[-3.8526,40.7398],[-3.8526,40.7398],[-3.8527,40.7398],[-3.8528,40.7398],[-3.8528,40.7398],[-3.8528,40.7398],[-3.8529,40.7398],[-3.8529,40.7398],[-3.8529,40.7398],[-3.8529,40.7398],[-3.853,40.7398],[-3.853,40.7397],[-3.853,40.7397],[-3.853,40.7397],[-3.8531,40.7396],[-3.8531,40.7396],[-3.8531,40.7396],[-3.8531,40.7396],[-3.8532,40.7396],[-3.8532,40.7395],[-3.8529,40.7394],[-3.8524,40.7392],[-3.852,40.7392],[-3.852,40.7392],[-3.852,40.7392],[-3.852,40.7392],[-3.852,40.7392],[-3.852,40.7392],[-3.852,40.7392],[-3.852,40.7392],[-3.852,40.7392],[-3.852,40.7392],[-3.852,40.7392],[-3.852,40.7392],[-3.8519,40.7392],[-3.8519,40.7392],[-3.8519,40.7392],[-3.8519,40.7392],[-3.8519,40.7392],[-3.8519,40.7392],[-3.8519,40.7392],[-3.8517,40.7392],[-3.8517,40.739],[-3.8513,40.739],[-3.851,40.7389],[-3.8509,40.7389],[-3.8508,40.7389],[-3.8507,40.7388],[-3.8506,40.7388],[-3.8504,40.7388],[-3.8503,40.7387],[-3.8502,40.7387],[-3.85,40.7387],[-3.8499,40.7387],[-3.8499,40.7387],[-3.8499,40.7387],[-3.8499,40.7387],[-3.8499,40.7386],[-3.8499,40.7386],[-3.8499,40.7386],[-3.8499,40.7386],[-3.8498,40.7386],[-3.8498,40.7386],[-3.8498,40.7386],[-3.8498,40.7386],[-3.8498,40.7386],[-3.8498,40.7386],[-3.8498,40.7386],[-3.8498,40.7386],[-3.8497,40.7386],[-3.8497,40.7386],[-3.8497,40.7386],[-3.8497,40.7386],[-3.8497,40.7386],[-3.8497,40.7385],[-3.8497,40.7385],[-3.8497,40.7385],[-3.8497,40.7385],[-3.8497,40.7385],[-3.8497,40.7385],[-3.8496,40.7382],[-3.8495,40.7379],[-3.8494,40.7376],[-3.8494,40.7376],[-3.849,40.7368],[-3.849,40.7368],[-3.8489,40.7367],[-3.8489,40.7366],[-3.8489,40.7366],[-3.8487,40.7363],[-3.8487,40.736],[-3.8487,40.736],[-3.8487,40.7359],[-3.8487,40.7359],[-3.8487,40.7358],[-3.8487,40.7358],[-3.8487,40.7357],[-3.8486,40.7356],[-3.8486,40.7356],[-3.8486,40.7355],[-3.8486,40.7355],[-3.8486,40.7354],[-3.8486,40.7354],[-3.8486,40.7353],[-3.8486,40.7353],[-3.8486,40.7353],[-3.8486,40.7353],[-3.8486,40.7353],[-3.8486,40.7353],[-3.8486,40.7353],[-3.8486,40.7353],[-3.8486,40.7353],[-3.8486,40.7353],[-3.8486,40.7353],[-3.8486,40.7353],[-3.8487,40.7353],[-3.8487,40.7352],[-3.8487,40.7352],[-3.8487,40.7352],[-3.8487,40.7352],[-3.8487,40.7352],[-3.8487,40.7352],[-3.8487,40.7352],[-3.8488,40.7352],[-3.8488,40.7352],[-3.8488,40.7352],[-3.849,40.735],[-3.8491,40.7349],[-3.8491,40.7349],[-3.8491,40.7348],[-3.8492,40.7347],[-3.8493,40.7346],[-3.8494,40.7344],[-3.8494,40.7343],[-3.8495,40.7342],[-3.8495,40.7342],[-3.8496,40.7341],[-3.8496,40.734],[-3.8496,40.7339],[-3.8497,40.7339],[-3.8497,40.7338],[-3.8497,40.7338],[-3.8498,40.7337],[-3.8498,40.7336],[-3.8498,40.7336],[-3.8499,40.7335],[-3.85,40.7333],[-3.8501,40.7333],[-3.8501,40.7332],[-3.8501,40.7332],[-3.8502,40.7332],[-3.8502,40.7331],[-3.8502,40.7331],[-3.8502,40.7331],[-3.8502,40.733],[-3.8503,40.733],[-3.8503,40.733],[-3.8503,40.733],[-3.8504,40.7329],[-3.8504,40.7329],[-3.8504,40.7329],[-3.8504,40.7328],[-3.8505,40.7328],[-3.8505,40.7328],[-3.8505,40.7328],[-3.8505,40.7327],[-3.8506,40.7327],[-3.8506,40.7327],[-3.8506,40.7327],[-3.8507,40.7326],[-3.8507,40.7326],[-3.8507,40.7326],[-3.8508,40.7326],[-3.8508,40.7325],[-3.8508,40.7325],[-3.8509,40.7325],[-3.8509,40.7325],[-3.8509,40.7324],[-3.8509,40.7324],[-3.851,40.7324],[-3.851,40.7324],[-3.851,40.7324],[-3.8511,40.7323],[-3.8511,40.7323],[-3.8512,40.7323],[-3.8512,40.7323],[-3.8512,40.7323],[-3.8513,40.7322],[-3.8514,40.7321],[-3.8514,40.7321],[-3.8515,40.732],[-3.8516,40.7319],[-3.8517,40.7319],[-3.8518,40.7318],[-3.8518,40.7318],[-3.8519,40.7317],[-3.852,40.7317],[-3.852,40.7316],[-3.8521,40.7316],[-3.8521,40.7315],[-3.8522,40.7315],[-3.8523,40.7314],[-3.8523,40.7314],[-3.8524,40.7313],[-3.8525,40.7313],[-3.8525,40.7312],[-3.8526,40.7312],[-3.8527,40.7311],[-3.8528,40.731],[-3.8529,40.731],[-3.853,40.7309],[-3.853,40.7309],[-3.8531,40.7308],[-3.8532,40.7307],[-3.8533,40.7307],[-3.8534,40.7306],[-3.8536,40.7304],[-3.8538,40.7303],[-3.8539,40.7302],[-3.8541,40.7301],[-3.8541,40.73],[-3.8542,40.73],[-3.8542,40.73],[-3.8542,40.73],[-3.8544,40.7298],[-3.8544,40.7298],[-3.8545,40.7298],[-3.8546,40.7297],[-3.8546,40.7297],[-3.8547,40.7296],[-3.8547,40.7296],[-3.8547,40.7296],[-3.8548,40.7296],[-3.8548,40.7296],[-3.8548,40.7295],[-3.8549,40.7295],[-3.8549,40.7295],[-3.8551,40.7293],[-3.8551,40.7293],[-3.8552,40.7293],[-3.8552,40.7293],[-3.8553,40.7293],[-3.8553,40.7293],[-3.8554,40.7292],[-3.8554,40.7292],[-3.8555,40.7292],[-3.8555,40.7292],[-3.8555,40.7292],[-3.8556,40.7291],[-3.8556,40.7291],[-3.8557,40.7291],[-3.8557,40.7291],[-3.8558,40.7291],[-3.8558,40.7291],[-3.8558,40.7291],[-3.8558,40.7291],[-3.8558,40.7291],[-3.8559,40.729],[-3.8559,40.729],[-3.856,40.729],[-3.856,40.729],[-3.8561,40.729],[-3.8562,40.7289],[-3.8562,40.7289],[-3.8563,40.7289],[-3.8563,40.7289],[-3.8564,40.7289],[-3.8564,40.7289],[-3.8565,40.7289],[-3.8565,40.7288],[-3.8566,40.7288],[-3.8566,40.7288],[-3.8567,40.7288],[-3.8568,40.7288],[-3.8568,40.7288],[-3.8569,40.7288],[-3.8569,40.7287],[-3.857,40.7287],[-3.857,40.7287],[-3.8571,40.7287],[-3.8572,40.7287],[-3.8572,40.7287],[-3.8572,40.7287],[-3.858,40.7285],[-3.858,40.7285],[-3.8583,40.7285],[-3.8588,40.7283],[-3.859,40.7282],[-3.8591,40.7282],[-3.8594,40.728],[-3.8595,40.728],[-3.8595,40.728],[-3.8595,40.7279],[-3.8595,40.7279],[-3.8596,40.7279],[-3.8596,40.7279],[-3.8596,40.7279],[-3.8596,40.7278],[-3.8597,40.7278],[-3.8597,40.7278],[-3.8597,40.7278],[-3.8597,40.7277],[-3.8598,40.7277],[-3.8598,40.7277],[-3.8598,40.7277],[-3.8599,40.7277],[-3.8599,40.7276],[-3.8599,40.7276],[-3.8599,40.7276],[-3.86,40.7276],[-3.86,40.7276],[-3.86,40.7275],[-3.8601,40.7275],[-3.8601,40.7275],[-3.8601,40.7275],[-3.8601,40.7275],[-3.8601,40.7274],[-3.8602,40.7274],[-3.8602,40.7274],[-3.8602,40.7274],[-3.8602,40.7274],[-3.8602,40.7273],[-3.8603,40.7273],[-3.8603,40.7273],[-3.8603,40.7273],[-3.8603,40.7273],[-3.8604,40.7272],[-3.8604,40.7272],[-3.8604,40.7272],[-3.8604,40.7272],[-3.8605,40.7272],[-3.8605,40.7272],[-3.8605,40.7271],[-3.8606,40.7271],[-3.8606,40.7271],[-3.8607,40.727],[-3.8607,40.727],[-3.8607,40.727],[-3.8608,40.7269],[-3.8608,40.7269],[-3.8609,40.7269],[-3.8609,40.7269],[-3.8609,40.7269],[-3.8609,40.7268],[-3.861,40.7268],[-3.861,40.7268],[-3.8611,40.7267],[-3.8611,40.7267],[-3.8611,40.7267],[-3.8611,40.7267],[-3.8611,40.7267],[-3.8612,40.7267],[-3.8612,40.7266],[-3.8612,40.7266],[-3.8613,40.7266],[-3.8613,40.7266],[-3.8613,40.7266],[-3.8614,40.7265],[-3.8614,40.7265],[-3.8614,40.7265],[-3.8614,40.7265],[-3.8615,40.7265],[-3.8615,40.7265],[-3.8615,40.7265],[-3.8615,40.7264],[-3.8615,40.7264],[-3.8616,40.7264],[-3.8617,40.7264],[-3.8617,40.7264],[-3.8617,40.7264],[-3.8618,40.7263],[-3.8618,40.7263],[-3.8618,40.7263],[-3.8618,40.7263],[-3.8618,40.7263],[-3.8618,40.7262],[-3.8618,40.7262],[-3.8618,40.7262],[-3.8617,40.7262],[-3.8617,40.7262],[-3.8617,40.7262],[-3.8617,40.7262],[-3.8617,40.7261],[-3.8617,40.7261],[-3.8617,40.7261],[-3.8617,40.7261],[-3.8617,40.726],[-3.8617,40.7259],[-3.8617,40.7259],[-3.8617,40.7259],[-3.8618,40.7259],[-3.8618,40.7259],[-3.8618,40.7258],[-3.8619,40.7258],[-3.8619,40.7258],[-3.8619,40.7258],[-3.862,40.7257],[-3.8621,40.7257],[-3.8621,40.7257],[-3.8621,40.7257],[-3.8622,40.7257],[-3.8622,40.7257],[-3.8622,40.7257],[-3.8622,40.7257],[-3.8623,40.7257],[-3.8623,40.7257],[-3.8623,40.7257],[-3.8623,40.7257],[-3.8623,40.7257],[-3.8624,40.7257],[-3.8624,40.7257],[-3.8624,40.7257],[-3.8624,40.7257],[-3.8624,40.7257],[-3.8625,40.7257],[-3.8625,40.7257],[-3.8625,40.7257],[-3.8625,40.7257],[-3.8625,40.7257],[-3.8626,40.7257],[-3.8626,40.7257],[-3.8626,40.7257],[-3.8627,40.7257],[-3.8627,40.7257],[-3.8627,40.7257],[-3.8627,40.7257],[-3.8628,40.7256],[-3.8628,40.7256],[-3.8629,40.7256],[-3.8629,40.7255],[-3.8629,40.7255],[-3.8632,40.7255],[-3.8634,40.7255],[-3.8635,40.7254],[-3.8635,40.7254],[-3.8636,40.7254],[-3.8636,40.7254],[-3.8636,40.7254],[-3.8637,40.7254],[-3.8637,40.7254],[-3.8637,40.7253],[-3.8638,40.7253],[-3.8638,40.7253],[-3.8638,40.7253],[-3.8639,40.7253],[-3.8639,40.7253],[-3.8639,40.7254],[-3.864,40.7254],[-3.864,40.7254],[-3.864,40.7254],[-3.864,40.7254],[-3.8641,40.7254],[-3.8641,40.7254],[-3.8641,40.7254],[-3.8641,40.7254],[-3.8642,40.7254],[-3.8642,40.7254],[-3.8642,40.7253],[-3.8642,40.7253],[-3.8643,40.7253],[-3.8643,40.7253],[-3.8643,40.7253],[-3.8644,40.7253],[-3.8644,40.7253],[-3.8644,40.7253],[-3.8644,40.7253],[-3.8645,40.7253],[-3.8645,40.7253],[-3.8645,40.7253],[-3.8646,40.7253],[-3.8646,40.7253],[-3.8646,40.7253],[-3.8646,40.7253],[-3.8647,40.7253],[-3.8647,40.7253],[-3.8647,40.7253],[-3.8648,40.7253],[-3.8648,40.7253],[-3.8648,40.7253],[-3.8651,40.7254],[-3.8651,40.7254],[-3.8652,40.7253],[-3.8653,40.7254],[-3.8653,40.7254],[-3.8653,40.7254],[-3.8653,40.7254],[-3.8654,40.7254],[-3.8654,40.7254],[-3.8654,40.7254],[-3.8654,40.7254],[-3.866,40.7254],[-3.8661,40.7254],[-3.8662,40.7254],[-3.8663,40.7253],[-3.8666,40.7254],[-3.8667,40.7254],[-3.8667,40.7254],[-3.8668,40.7254],[-3.8668,40.7254],[-3.8669,40.7254],[-3.8669,40.7254],[-3.867,40.7255],[-3.867,40.7255],[-3.8671,40.7255],[-3.8671,40.7255],[-3.8672,40.7255],[-3.8673,40.7255],[-3.8674,40.7256],[-3.8674,40.7256],[-3.8674,40.7256],[-3.8674,40.7256],[-3.8674,40.7256],[-3.8676,40.7257],[-3.8676,40.7257],[-3.8676,40.7257],[-3.8677,40.7258],[-3.8677,40.7258],[-3.8677,40.7258],[-3.8677,40.7258],[-3.8678,40.7259],[-3.868,40.7258],[-3.8681,40.7258],[-3.8682,40.7257],[-3.8683,40.7258],[-3.8684,40.7258],[-3.8685,40.7258],[-3.8686,40.7257],[-3.8686,40.7257],[-3.8687,40.7256],[-3.8687,40.7255],[-3.8688,40.7254],[-3.8689,40.7253],[-3.8689,40.7253],[-3.8691,40.7252],[-3.8692,40.7251],[-3.8694,40.725],[-3.8696,40.725],[-3.8701,40.7248],[-3.8706,40.7246],[-3.8712,40.7244],[-3.8718,40.7242],[-3.8721,40.7241],[-3.8724,40.7241],[-3.8727,40.724],[-3.873,40.724],[-3.8735,40.724],[-3.8741,40.724],[-3.8746,40.724],[-3.8751,40.7241],[-3.8755,40.7241],[-3.8759,40.724],[-3.8762,40.724],[-3.8765,40.724],[-3.8768,40.7239],[-3.8771,40.7238],[-3.8774,40.7237],[-3.8776,40.7236],[-3.8779,40.7234],[-3.8781,40.7232],[-3.8784,40.7229],[-3.8786,40.7227],[-3.8788,40.7225],[-3.8791,40.7221],[-3.8795,40.7216],[-3.8797,40.7214],[-3.88,40.7211],[-3.8803,40.7209],[-3.8806,40.7207],[-3.8815,40.7203],[-3.8824,40.7198],[-3.8832,40.7195],[-3.8839,40.7191],[-3.8848,40.7187],[-3.8857,40.7182],[-3.8864,40.7179],[-3.887,40.7176],[-3.8877,40.7172],[-3.8884,40.7169],[-3.8891,40.7166],[-3.8899,40.7163],[-3.8906,40.716],[-3.8913,40.7158],[-3.8917,40.7157],[-3.892,40.7155],[-3.8924,40.7155],[-3.8928,40.7154],[-3.8932,40.7154],[-3.8936,40.7153],[-3.8936,40.7153],[-3.8934,40.7152],[-3.8932,40.715],[-3.8933,40.7138],[-3.8935,40.7126],[-3.8938,40.7094],[-3.8936,40.7089],[-3.8935,40.7085],[-3.8933,40.7081],[-3.8931,40.7077],[-3.8928,40.707],[-3.8924,40.7063],[-3.8921,40.7057],[-3.8918,40.7051],[-3.8917,40.7048],[-3.8916,40.7045],[-3.8916,40.7044],[-3.8915,40.7044],[-3.8914,40.7043],[-3.8913,40.7043],[-3.8912,40.7042],[-3.8911,40.7042],[-3.891,40.7043],[-3.8909,40.7043],[-3.8908,40.7043],[-3.8908,40.7044],[-3.8906,40.7044],[-3.8905,40.7044],[-3.8904,40.7044],[-3.8903,40.7045],[-3.8901,40.7045],[-3.89,40.7045],[-3.8899,40.7045],[-3.8898,40.7045],[-3.8896,40.7045],[-3.8894,40.7045],[-3.8892,40.7045],[-3.889,40.7045],[-3.8889,40.7045],[-3.8887,40.7045],[-3.8886,40.7045],[-3.8884,40.7046],[-3.8884,40.7046],[-3.8883,40.7046],[-3.8883,40.7046],[-3.8882,40.7046],[-3.8881,40.7045],[-3.888,40.7045],[-3.8878,40.7045],[-3.8877,40.7045],[-3.8874,40.7046],[-3.8871,40.7047],[-3.8871,40.7047],[-3.887,40.7048],[-3.887,40.7048],[-3.8869,40.7047],[-3.8869,40.7048],[-3.8868,40.7048],[-3.8867,40.7048],[-3.8866,40.7048],[-3.8865,40.7048],[-3.8865,40.7048],[-3.8864,40.7048],[-3.8861,40.7048],[-3.8858,40.7048],[-3.8856,40.7049],[-3.8854,40.7049],[-3.8852,40.7049],[-3.8851,40.7049],[-3.8849,40.7049],[-3.8848,40.7048],[-3.8846,40.7047],[-3.8845,40.7047],[-3.8844,40.7047],[-3.8842,40.7047],[-3.8839,40.7047],[-3.8835,40.7047],[-3.8833,40.7047],[-3.8831,40.7046],[-3.8829,40.7046],[-3.8826,40.7045],[-3.8825,40.7045],[-3.8823,40.7045],[-3.8822,40.7045],[-3.8819,40.7045],[-3.8816,40.7045],[-3.8812,40.7044],[-3.8809,40.7043],[-3.8808,40.7043],[-3.8807,40.7043],[-3.8806,40.7043],[-3.8805,40.7043],[-3.8804,40.7042],[-3.8803,40.7042],[-3.8802,40.7042],[-3.88,40.7042],[-3.88,40.7041],[-3.8799,40.7041],[-3.8798,40.7041],[-3.8795,40.7041],[-3.8791,40.704],[-3.8788,40.704],[-3.8786,40.704],[-3.8784,40.7041],[-3.8782,40.7042],[-3.878,40.7043],[-3.8778,40.7044],[-3.8777,40.7045],[-3.8776,40.7046],[-3.8775,40.7046],[-3.8773,40.7047],[-3.8772,40.7047],[-3.8764,40.7047],[-3.8756,40.7048],[-3.8753,40.7047],[-3.8751,40.7047],[-3.8748,40.7046],[-3.8743,40.7045],[-3.8739,40.7044],[-3.8734,40.7042],[-3.873,40.704],[-3.873,40.704],[-3.8729,40.7039],[-3.8729,40.7039],[-3.8728,40.7038],[-3.8727,40.7037],[-3.8725,40.7036],[-3.8723,40.7034],[-3.8722,40.7034],[-3.8721,40.7033],[-3.8719,40.7033],[-3.8718,40.7033],[-3.8717,40.7034],[-3.8716,40.7034],[-3.8715,40.7034],[-3.8714,40.7034],[-3.8713,40.7033],[-3.8713,40.7033],[-3.8712,40.7032],[-3.8711,40.7031],[-3.871,40.703],[-3.8709,40.703],[-3.8708,40.7029],[-3.8707,40.7029],[-3.8706,40.7028],[-3.8705,40.7028],[-3.8704,40.7028],[-3.8704,40.7028],[-3.8703,40.7027],[-3.8703,40.7027],[-3.8702,40.7027],[-3.8702,40.7027],[-3.8701,40.7027],[-3.8699,40.7026],[-3.8698,40.7026],[-3.8696,40.7025],[-3.8694,40.7025],[-3.8693,40.7026],[-3.8693,40.7026],[-3.8692,40.7027],[-3.8692,40.7027],[-3.8692,40.7028],[-3.8693,40.703],[-3.8693,40.7031],[-3.8694,40.7033],[-3.8694,40.7035],[-3.8693,40.7037],[-3.869,40.7037],[-3.8687,40.7037],[-3.8684,40.7036],[-3.8682,40.7036],[-3.868,40.7036],[-3.8678,40.7035],[-3.8676,40.7034],[-3.8674,40.7033],[-3.8672,40.7032],[-3.867,40.7032],[-3.8669,40.7031],[-3.8667,40.703],[-3.8666,40.7029],[-3.8664,40.7028],[-3.8663,40.7027],[-3.8661,40.7026],[-3.8659,40.7026],[-3.8653,40.7025],[-3.8647,40.7024],[-3.8642,40.7024],[-3.8637,40.7024],[-3.8636,40.7023],[-3.8634,40.7023],[-3.8633,40.7023],[-3.8632,40.7023],[-3.863,40.7024],[-3.8629,40.7024],[-3.8627,40.7024],[-3.8625,40.7024],[-3.8623,40.7024],[-3.8622,40.7023],[-3.862,40.7023],[-3.8619,40.7022],[-3.8618,40.7022],[-3.8617,40.7022],[-3.8615,40.7022],[-3.8614,40.7022],[-3.8613,40.7022],[-3.8612,40.7023],[-3.8608,40.7022],[-3.8603,40.7021],[-3.8596,40.7019],[-3.859,40.7018],[-3.8588,40.7017],[-3.8586,40.7017],[-3.8584,40.7017],[-3.8582,40.7017],[-3.858,40.7017],[-3.8578,40.7016],[-3.8576,40.7016],[-3.8574,40.7016],[-3.857,40.7016],[-3.8566,40.7015],[-3.8565,40.7014],[-3.8563,40.7014],[-3.8562,40.7013],[-3.856,40.7013],[-3.8559,40.7013],[-3.8558,40.7013],[-3.8557,40.7012],[-3.8556,40.7012],[-3.8554,40.7011],[-3.8552,40.7011],[-3.8549,40.7012],[-3.8547,40.7012],[-3.8545,40.7012],[-3.8542,40.7013],[-3.854,40.7013],[-3.8538,40.7013],[-3.8537,40.7013],[-3.8535,40.7012],[-3.8533,40.7012],[-3.8532,40.7011],[-3.853,40.701],[-3.8529,40.701],[-3.8527,40.7009],[-3.8526,40.7009],[-3.8524,40.7009],[-3.852,40.7009],[-3.8515,40.7008],[-3.8513,40.7008],[-3.851,40.7007],[-3.8508,40.7007],[-3.8505,40.7007],[-3.8503,40.7007],[-3.85,40.7007],[-3.8499,40.7007],[-3.8498,40.7007],[-3.8497,40.7006],[-3.8496,40.7006],[-3.8495,40.7005],[-3.8494,40.7005],[-3.8492,40.7004],[-3.8489,40.7003],[-3.8486,40.7003],[-3.8483,40.7002],[-3.8481,40.7001],[-3.8479,40.7001],[-3.8478,40.7],[-3.8475,40.6998],[-3.8472,40.6997],[-3.8471,40.6996],[-3.8469,40.6995],[-3.8467,40.6995],[-3.8465,40.6994],[-3.8463,40.6994],[-3.8454,40.6994],[-3.8445,40.6993],[-3.8438,40.6993],[-3.8431,40.6993],[-3.8429,40.6993],[-3.8426,40.6993],[-3.8422,40.6992],[-3.8418,40.6992],[-3.8412,40.6991],[-3.8407,40.699],[-3.8406,40.699],[-3.8405,40.699],[-3.8404,40.699],[-3.8403,40.6989],[-3.8403,40.6988],[-3.8402,40.6988],[-3.84,40.6987],[-3.8399,40.6987],[-3.8398,40.6987],[-3.8398,40.6987],[-3.8397,40.6986],[-3.8397,40.6985],[-3.8396,40.6985],[-3.8396,40.6985],[-3.8396,40.6985],[-3.8395,40.6985],[-3.8394,40.6985],[-3.8394,40.6985],[-3.8393,40.6985],[-3.8392,40.6986],[-3.8391,40.6985],[-3.839,40.6985],[-3.839,40.6985],[-3.8389,40.6985],[-3.8388,40.6985],[-3.8388,40.6984],[-3.8386,40.6984],[-3.8385,40.6983],[-3.8384,40.6983],[-3.8382,40.6983],[-3.8379,40.6982],[-3.8376,40.6982],[-3.8373,40.6982],[-3.8372,40.6981],[-3.8371,40.6981],[-3.837,40.698],[-3.8369,40.6979],[-3.8368,40.6979],[-3.8366,40.6978],[-3.8365,40.6978],[-3.8364,40.6978],[-3.8364,40.6978],[-3.8363,40.6978],[-3.8363,40.6979],[-3.8362,40.6978],[-3.8361,40.6978],[-3.836,40.6977],[-3.836,40.6977],[-3.8359,40.6976],[-3.8358,40.6976],[-3.8357,40.6976],[-3.8356,40.6976],[-3.8355,40.6976],[-3.8355,40.6976],[-3.8354,40.6975],[-3.8353,40.6975],[-3.8352,40.6975],[-3.835,40.6975],[-3.8348,40.6974],[-3.8347,40.6974],[-3.8345,40.6974],[-3.8343,40.6973],[-3.8342,40.6973],[-3.834,40.6974],[-3.8336,40.6973],[-3.8332,40.6974],[-3.8328,40.6974],[-3.8325,40.6973],[-3.8322,40.6972],[-3.8319,40.6971],[-3.8316,40.6971],[-3.8311,40.6971],[-3.8307,40.697],[-3.8302,40.697],[-3.8299,40.6969],[-3.8296,40.6969],[-3.8294,40.697],[-3.8291,40.697],[-3.8289,40.697],[-3.8288,40.697],[-3.8287,40.697],[-3.8285,40.697],[-3.8284,40.697],[-3.8282,40.697],[-3.828,40.6971],[-3.8279,40.6971],[-3.8277,40.697],[-3.8276,40.697],[-3.8275,40.6969],[-3.8274,40.6969],[-3.8272,40.6969],[-3.8271,40.6969],[-3.8269,40.6968],[-3.8267,40.6967],[-3.8265,40.6967],[-3.8264,40.6966],[-3.8263,40.6966],[-3.8261,40.6966],[-3.826,40.6965],[-3.8259,40.6965],[-3.8258,40.6965],[-3.8257,40.6965],[-3.8256,40.6965],[-3.8254,40.6965],[-3.8253,40.6964],[-3.8251,40.6964],[-3.8249,40.6963],[-3.8248,40.6963],[-3.8246,40.6963],[-3.8244,40.6962],[-3.8243,40.6963],[-3.8241,40.6963],[-3.824,40.6963],[-3.8238,40.6964],[-3.8236,40.6964],[-3.8234,40.6963],[-3.8232,40.6964],[-3.8231,40.6964],[-3.8229,40.6963],[-3.8228,40.6963],[-3.8227,40.6962],[-3.8226,40.6961],[-3.8226,40.696],[-3.8225,40.696],[-3.8224,40.6959],[-3.8223,40.6959],[-3.822,40.6958],[-3.8216,40.6958],[-3.8212,40.6958],[-3.8209,40.6957],[-3.8205,40.6957],[-3.8203,40.6957],[-3.8201,40.6956],[-3.8202,40.6958],[-3.8202,40.6959],[-3.8203,40.696],[-3.8203,40.6961],[-3.82,40.6968],[-3.8202,40.6973],[-3.8204,40.6979],[-3.8204,40.698],[-3.8204,40.6981],[-3.8204,40.6982],[-3.8205,40.6983],[-3.8206,40.6984],[-3.8206,40.6985],[-3.8207,40.6985],[-3.8207,40.6986],[-3.8207,40.6987],[-3.8207,40.6988],[-3.8206,40.6988],[-3.8205,40.6991],[-3.8204,40.6994],[-3.8203,40.6997],[-3.8203,40.6998],[-3.8202,40.6999],[-3.8202,40.7001],[-3.8201,40.7002],[-3.82,40.7003],[-3.8198,40.7004],[-3.8197,40.7005],[-3.8196,40.7006],[-3.8194,40.7007],[-3.8193,40.7008],[-3.8192,40.7009],[-3.8192,40.7011],[-3.8191,40.7012],[-3.8191,40.7013],[-3.8191,40.7015],[-3.8191,40.7016],[-3.8192,40.7018],[-3.8192,40.7019],[-3.8193,40.702],[-3.8194,40.7021],[-3.8195,40.7022],[-3.8196,40.7024],[-3.8197,40.7025],[-3.8198,40.7027],[-3.8199,40.7028],[-3.82,40.703],[-3.82,40.7032],[-3.8201,40.7034],[-3.8201,40.7036],[-3.8201,40.7039],[-3.82,40.7041],[-3.8199,40.7043],[-3.8198,40.7045],[-3.8197,40.7047],[-3.8195,40.705],[-3.8193,40.7053],[-3.8193,40.7055],[-3.8193,40.7056],[-3.8193,40.7058],[-3.8192,40.7058],[-3.8192,40.7059],[-3.8191,40.706],[-3.819,40.706],[-3.8189,40.706],[-3.8188,40.7061],[-3.8187,40.7062],[-3.8186,40.7063],[-3.8185,40.7063],[-3.8184,40.7064],[-3.8183,40.7062],[-3.8181,40.7061],[-3.818,40.706],[-3.8178,40.7059],[-3.8175,40.7057],[-3.8172,40.7056],[-3.8169,40.7055],[-3.8165,40.7054],[-3.816,40.7052],[-3.8158,40.7051],[-3.8155,40.705],[-3.8152,40.705],[-3.815,40.705],[-3.8149,40.705],[-3.8148,40.705],[-3.8146,40.7051],[-3.8145,40.7052],[-3.8143,40.7053],[-3.8141,40.7055],[-3.8139,40.7056],[-3.8137,40.7057],[-3.8134,40.7058],[-3.8132,40.7058],[-3.813,40.7059],[-3.8128,40.7059],[-3.8126,40.7059],[-3.812,40.706],[-3.8115,40.7061],[-3.8112,40.7061],[-3.8109,40.7062],[-3.8108,40.7062],[-3.8107,40.7062],[-3.8106,40.7062],[-3.8106,40.7061],[-3.8105,40.7061],[-3.8105,40.706],[-3.8105,40.7059],[-3.8106,40.7058],[-3.8106,40.7058],[-3.8106,40.7057],[-3.8106,40.7057],[-3.8106,40.7056],[-3.8105,40.7056],[-3.8104,40.7055],[-3.8104,40.7055],[-3.8103,40.7053],[-3.8102,40.7052],[-3.8101,40.7051],[-3.8102,40.705],[-3.8102,40.705],[-3.8103,40.7049],[-3.8104,40.7048],[-3.8105,40.7047],[-3.8106,40.7046],[-3.8107,40.7045],[-3.8108,40.7044],[-3.8109,40.7043],[-3.811,40.7043],[-3.8111,40.7042],[-3.8111,40.7042],[-3.8111,40.7041],[-3.811,40.7041],[-3.811,40.7041],[-3.8109,40.704],[-3.8108,40.7041],[-3.8106,40.7041],[-3.8105,40.7042],[-3.8103,40.7042],[-3.8102,40.7042],[-3.81,40.7043],[-3.8098,40.7043],[-3.8097,40.7043],[-3.8096,40.7044],[-3.8095,40.7043],[-3.8094,40.7043],[-3.8094,40.7042],[-3.8093,40.7041],[-3.8091,40.7041],[-3.809,40.7041],[-3.809,40.704],[-3.8089,40.704],[-3.8088,40.7039],[-3.8088,40.7038],[-3.8085,40.7034],[-3.8081,40.7029],[-3.8079,40.7028],[-3.8077,40.7025],[-3.8075,40.7023],[-3.807,40.7028],[-3.8065,40.7033],[-3.806,40.7038],[-3.8054,40.7043],[-3.805,40.7047],[-3.8046,40.7051],[-3.8042,40.7055],[-3.8037,40.7059],[-3.8032,40.7062],[-3.8027,40.7066],[-3.8022,40.7069],[-3.8017,40.7072],[-3.8011,40.7076],[-3.8005,40.708],[-3.7998,40.7083],[-3.7989,40.7087],[-3.7981,40.7092],[-3.7975,40.7095],[-3.7969,40.7098],[-3.7963,40.7101],[-3.7961,40.7104],[-3.7958,40.7107],[-3.7956,40.711],[-3.7954,40.7113],[-3.7952,40.7116],[-3.7951,40.7118],[-3.7949,40.7121],[-3.7948,40.7124],[-3.7947,40.7127],[-3.7946,40.7131],[-3.7945,40.7137],[-3.7943,40.7144],[-3.7941,40.715],[-3.7939,40.7157],[-3.7938,40.7163],[-3.7936,40.7169],[-3.7935,40.7176],[-3.7934,40.7179],[-3.7935,40.7179],[-3.7934,40.7181],[-3.7934,40.7185],[-3.793,40.7198],[-3.793,40.72],[-3.793,40.7202],[-3.793,40.7205],[-3.793,40.7208],[-3.7931,40.7209],[-3.7929,40.7215],[-3.7929,40.7216],[-3.7929,40.7216],[-3.7929,40.7216],[-3.793,40.7217],[-3.793,40.7217],[-3.7931,40.722],[-3.7931,40.722],[-3.7932,40.722],[-3.7932,40.722],[-3.7932,40.7222],[-3.7932,40.7223],[-3.7932,40.7224],[-3.7932,40.7225],[-3.7931,40.7227],[-3.793,40.7229],[-3.7928,40.7232],[-3.7924,40.7235],[-3.7923,40.7236],[-3.7921,40.7237],[-3.7919,40.724],[-3.7917,40.7243],[-3.7917,40.7244],[-3.7915,40.7252],[-3.7912,40.7262],[-3.7911,40.7265],[-3.7911,40.7266],[-3.7909,40.7274],[-3.7908,40.7276],[-3.7906,40.7283],[-3.7906,40.7284],[-3.7904,40.7291],[-3.7903,40.7296],[-3.7902,40.7298],[-3.79,40.7301],[-3.7899,40.7303],[-3.7896,40.7309],[-3.7895,40.7313],[-3.7892,40.7319],[-3.7891,40.7322],[-3.7887,40.733],[-3.7885,40.7334],[-3.7882,40.734],[-3.7881,40.7343],[-3.7877,40.7352],[-3.7877,40.7352],[-3.7877,40.7352],[-3.7878,40.7352],[-3.7878,40.7353],[-3.7879,40.7353],[-3.7879,40.7353],[-3.7879,40.7353],[-3.7879,40.7353],[-3.7877,40.7355],[-3.7875,40.736],[-3.7873,40.7364],[-3.7869,40.7373],[-3.7867,40.7381],[-3.7867,40.7388],[-3.7866,40.74],[-3.7865,40.7411],[-3.7864,40.7423],[-3.7864,40.7426],[-3.7863,40.7428],[-3.7864,40.7429],[-3.7864,40.7437],[-3.7866,40.7447],[-3.7866,40.7453],[-3.7865,40.7465],[-3.7866,40.7468],[-3.7877,40.7473],[-3.7882,40.7476],[-3.7889,40.7481],[-3.7894,40.7486],[-3.7896,40.7488],[-3.79,40.7491],[-3.7903,40.7498],[-3.7904,40.7498],[-3.7909,40.7497],[-3.7919,40.7494],[-3.7931,40.749],[-3.7934,40.7488],[-3.7937,40.7486],[-3.7949,40.748],[-3.7957,40.7476],[-3.7971,40.7468],[-3.7987,40.7461],[-3.8005,40.7454],[-3.8005,40.7454],[-3.8005,40.7454],[-3.8005,40.7455],[-3.8005,40.7455],[-3.8005,40.7457],[-3.8006,40.7459],[-3.8008,40.7459],[-3.8008,40.7459],[-3.8008,40.7459],[-3.8009,40.746],[-3.801,40.7461],[-3.8012,40.7463],[-3.8011,40.747],[-3.801,40.7472],[-3.801,40.7473],[-3.801,40.7473],[-3.801,40.7473],[-3.801,40.7473],[-3.8012,40.7474],[-3.8013,40.7476],[-3.8013,40.7478],[-3.8014,40.7482],[-3.8014,40.7483],[-3.8015,40.7486],[-3.8015,40.7488],[-3.8016,40.7491],[-3.8016,40.7494],[-3.8017,40.7497],[-3.8017,40.7498],[-3.8017,40.7499],[-3.8017,40.7499],[-3.8017,40.7499],[-3.8015,40.7501],[-3.8015,40.7501],[-3.8015,40.7501],[-3.8015,40.7501],[-3.8014,40.7502],[-3.8014,40.7504],[-3.8015,40.7505],[-3.8016,40.7508],[-3.8017,40.7511],[-3.8017,40.7513],[-3.8018,40.7513],[-3.8018,40.7515],[-3.8019,40.7516],[-3.8019,40.7517],[-3.8019,40.7517],[-3.802,40.7519],[-3.802,40.752],[-3.802,40.752],[-3.802,40.7521],[-3.802,40.7523],[-3.8021,40.7525],[-3.8021,40.7526],[-3.8021,40.7526],[-3.8021,40.7527],[-3.8022,40.7529],[-3.8023,40.7531],[-3.8023,40.7532],[-3.8023,40.7532],[-3.8024,40.7535],[-3.8024,40.7535],[-3.8024,40.7535],[-3.8025,40.7538],[-3.8025,40.7538],[-3.8027,40.7543],[-3.8029,40.7546],[-3.803,40.7547],[-3.8031,40.755],[-3.8032,40.7551],[-3.8033,40.7552],[-3.8033,40.7553],[-3.8033,40.7555],[-3.8034,40.7557],[-3.8034,40.7557],[-3.8034,40.7558],[-3.8035,40.7559],[-3.8035,40.756],[-3.8036,40.7563],[-3.8039,40.7564],[-3.804,40.7565],[-3.8041,40.7566],[-3.8041,40.7567],[-3.8042,40.7569],[-3.8043,40.7571],[-3.8044,40.7572],[-3.8044,40.7573],[-3.8045,40.7573],[-3.8047,40.7573],[-3.8047,40.7573],[-3.8048,40.7573],[-3.8048,40.7573],[-3.8051,40.7574],[-3.8052,40.7575],[-3.8052,40.7575],[-3.8053,40.7575],[-3.8056,40.7577],[-3.8058,40.7577],[-3.806,40.7578],[-3.8062,40.7578],[-3.8063,40.7578],[-3.8064,40.7579],[-3.8064,40.7579],[-3.8065,40.7579],[-3.8068,40.7581],[-3.8069,40.7581],[-3.8071,40.7582],[-3.8076,40.7582],[-3.8076,40.7582],[-3.8079,40.7584],[-3.8082,40.7586],[-3.8083,40.7587],[-3.8085,40.7589],[-3.8085,40.7589],[-3.8085,40.7589],[-3.8085,40.7589],[-3.8085,40.759],[-3.8085,40.759],[-3.8084,40.7591],[-3.8084,40.7591],[-3.8084,40.7591],[-3.8083,40.7592],[-3.8083,40.7592],[-3.8082,40.7593],[-3.8082,40.7594],[-3.8082,40.7595],[-3.8082,40.7596],[-3.8082,40.7597],[-3.8082,40.7597],[-3.8083,40.7598],[-3.8082,40.7599],[-3.8082,40.76],[-3.8081,40.7601],[-3.8081,40.7602],[-3.8081,40.7603],[-3.8082,40.7603],[-3.8084,40.7604],[-3.8086,40.7605],[-3.8086,40.7605],[-3.8087,40.7605],[-3.8089,40.7607],[-3.809,40.7608],[-3.8093,40.7609],[-3.8093,40.7611],[-3.8093,40.7611],[-3.8094,40.7611],[-3.8094,40.7611],[-3.8096,40.7612],[-3.8097,40.7614],[-3.8097,40.7616],[-3.8097,40.7617],[-3.8099,40.7618],[-3.81,40.7619],[-3.81,40.7619],[-3.8101,40.7619],[-3.8103,40.762],[-3.8103,40.7621],[-3.8103,40.7622],[-3.8103,40.7622],[-3.8103,40.7623],[-3.8103,40.7624],[-3.8103,40.7625],[-3.8104,40.7627],[-3.8104,40.7627],[-3.8105,40.7628],[-3.8106,40.7629],[-3.8107,40.763],[-3.8107,40.7631],[-3.8106,40.7633],[-3.8106,40.7634],[-3.811,40.7636],[-3.8112,40.7637],[-3.8116,40.7637],[-3.8118,40.7637],[-3.8122,40.7641],[-3.8123,40.7641],[-3.8125,40.7642],[-3.8124,40.7642],[-3.8123,40.7642],[-3.812,40.7641],[-3.8119,40.764],[-3.8116,40.764],[-3.8116,40.764],[-3.8113,40.764],[-3.8111,40.764],[-3.8108,40.764],[-3.8106,40.764],[-3.8104,40.764],[-3.8104,40.764],[-3.8102,40.7641],[-3.8102,40.7641],[-3.81,40.7642],[-3.8099,40.7642],[-3.8097,40.7643],[-3.8095,40.7644],[-3.8095,40.7644],[-3.8094,40.7644],[-3.8093,40.7644],[-3.8092,40.7644],[-3.809,40.7645],[-3.8088,40.7647],[-3.8087,40.7648],[-3.8086,40.7649],[-3.8085,40.7652],[-3.8085,40.7652],[-3.8085,40.7654],[-3.8085,40.7655],[-3.8085,40.7655],[-3.8086,40.7656],[-3.8086,40.7656],[-3.8086,40.7656],[-3.8086,40.7656],[-3.8085,40.7656],[-3.8082,40.7656],[-3.8079,40.7656],[-3.8078,40.7656],[-3.8076,40.7657],[-3.8072,40.7658],[-3.8069,40.7659],[-3.8066,40.766],[-3.8065,40.766],[-3.8063,40.7661],[-3.8062,40.7661],[-3.8058,40.7662],[-3.8056,40.7663],[-3.8054,40.7664],[-3.8052,40.7664],[-3.8051,40.7664],[-3.8051,40.7665],[-3.8051,40.7665],[-3.805,40.7666],[-3.8049,40.7667],[-3.8048,40.7667],[-3.8048,40.7668],[-3.8046,40.7669],[-3.8045,40.767],[-3.8044,40.767],[-3.8042,40.7668],[-3.804,40.7667],[-3.8039,40.7666],[-3.8039,40.7666],[-3.8038,40.7665],[-3.8038,40.7665],[-3.8038,40.7664],[-3.804,40.7661],[-3.804,40.7659],[-3.8039,40.7656],[-3.8038,40.7654],[-3.8038,40.7653],[-3.8038,40.765],[-3.8039,40.7649],[-3.804,40.7645],[-3.804,40.7644],[-3.8038,40.7642],[-3.8037,40.7642],[-3.8035,40.764],[-3.8034,40.7639],[-3.8032,40.7638],[-3.8029,40.7636],[-3.8027,40.7635],[-3.8026,40.7633],[-3.8023,40.7631],[-3.8016,40.7624],[-3.8015,40.7622],[-3.8012,40.7619],[-3.8008,40.7613],[-3.8004,40.7609],[-3.8001,40.7604],[-3.7998,40.7601],[-3.7996,40.7597],[-3.7995,40.7596],[-3.7994,40.7595],[-3.7993,40.7594],[-3.7992,40.7592],[-3.799,40.7591],[-3.7987,40.7589],[-3.7984,40.7587],[-3.7982,40.7586],[-3.7982,40.7586],[-3.7978,40.7582],[-3.7978,40.7581],[-3.7976,40.758],[-3.7975,40.7577],[-3.7974,40.7577],[-3.7972,40.7575],[-3.797,40.7572],[-3.7967,40.757],[-3.7967,40.757],[-3.7967,40.757],[-3.7965,40.7571],[-3.7962,40.7573],[-3.7962,40.7573],[-3.7962,40.7573],[-3.7958,40.7575],[-3.7952,40.7578],[-3.7951,40.7579],[-3.7942,40.7582],[-3.7937,40.7584],[-3.7931,40.7587],[-3.7927,40.7588],[-3.7925,40.7589],[-3.7922,40.7589],[-3.7921,40.759],[-3.7921,40.759],[-3.7921,40.759],[-3.7921,40.759],[-3.7922,40.759],[-3.7926,40.7593],[-3.7927,40.7593],[-3.7928,40.7593],[-3.7928,40.7597],[-3.793,40.7599],[-3.7928,40.7602],[-3.7924,40.7602],[-3.7922,40.7603],[-3.792,40.7604],[-3.7919,40.7605],[-3.7918,40.7606],[-3.7917,40.7606],[-3.7916,40.7606],[-3.7916,40.7606],[-3.7916,40.7607],[-3.7912,40.7612],[-3.7912,40.7612],[-3.791,40.7616],[-3.7908,40.7617],[-3.7908,40.7617],[-3.7908,40.7618],[-3.7908,40.7618],[-3.7907,40.762],[-3.79,40.7629],[-3.79,40.763],[-3.79,40.763],[-3.79,40.7631],[-3.7898,40.7633],[-3.7898,40.7633],[-3.7894,40.7637],[-3.7893,40.7638],[-3.7889,40.7647],[-3.7889,40.7647],[-3.7888,40.7649],[-3.7888,40.7649],[-3.7884,40.7658],[-3.7881,40.7664],[-3.7881,40.7665],[-3.7881,40.7678],[-3.7883,40.7681],[-3.7885,40.7684],[-3.7888,40.7687],[-3.7888,40.7687],[-3.7889,40.7689],[-3.7891,40.7696],[-3.7891,40.7696],[-3.7891,40.7696],[-3.7889,40.7696],[-3.7885,40.7696],[-3.788,40.7697],[-3.7868,40.7697],[-3.7855,40.7698],[-3.785,40.7698],[-3.7838,40.7696],[-3.7835,40.7695],[-3.7835,40.7695],[-3.7831,40.7695],[-3.7825,40.7693],[-3.782,40.7692],[-3.7815,40.7691],[-3.781,40.769],[-3.7807,40.769],[-3.7804,40.7697],[-3.7805,40.7699],[-3.7805,40.77],[-3.7804,40.7702],[-3.7801,40.7703],[-3.7801,40.7704],[-3.78,40.7706],[-3.7799,40.7708],[-3.7799,40.771],[-3.7798,40.7711],[-3.7797,40.7714],[-3.7795,40.7718],[-3.7795,40.7719],[-3.7794,40.772],[-3.7794,40.7721],[-3.7794,40.7721],[-3.7793,40.7722],[-3.7793,40.7723],[-3.7793,40.7723],[-3.7793,40.7724],[-3.7793,40.7724],[-3.7792,40.7724],[-3.7792,40.7725],[-3.7792,40.7725],[-3.7792,40.7725],[-3.7792,40.7726],[-3.7792,40.7726],[-3.7792,40.7726],[-3.7792,40.7727],[-3.7792,40.7727],[-3.7792,40.7728],[-3.7792,40.7729],[-3.7792,40.773],[-3.7792,40.7731],[-3.7792,40.7732],[-3.7792,40.7733],[-3.7792,40.7734],[-3.7792,40.7735],[-3.7792,40.7735],[-3.7792,40.7736],[-3.7792,40.7736],[-3.7792,40.7736],[-3.7792,40.7737],[-3.7792,40.7738],[-3.7793,40.7739],[-3.7793,40.7739],[-3.7793,40.774],[-3.7793,40.774],[-3.7793,40.774],[-3.7793,40.774],[-3.7792,40.774],[-3.7792,40.7741],[-3.7792,40.7741],[-3.7792,40.7741],[-3.7792,40.7741],[-3.7792,40.7741],[-3.7792,40.7742],[-3.7792,40.7742],[-3.7792,40.7742],[-3.7792,40.7742],[-3.7792,40.7742],[-3.7792,40.7742],[-3.7792,40.7742],[-3.7792,40.7743],[-3.7792,40.7743],[-3.7792,40.7743],[-3.7791,40.7743],[-3.7791,40.7743],[-3.7791,40.7743],[-3.7791,40.7744],[-3.7791,40.7744],[-3.779,40.7744],[-3.779,40.7745],[-3.779,40.7745],[-3.7789,40.7746],[-3.7789,40.7746],[-3.7788,40.7747],[-3.7787,40.7748],[-3.7786,40.775],[-3.7784,40.7751],[-3.7784,40.7751],[-3.7784,40.7752],[-3.7783,40.7753],[-3.7782,40.7753],[-3.7782,40.7754],[-3.778,40.7755],[-3.778,40.7755],[-3.778,40.7756],[-3.778,40.7756],[-3.7779,40.7757],[-3.7779,40.7757],[-3.7778,40.7758],[-3.7777,40.7759],[-3.7776,40.776],[-3.7775,40.7761],[-3.7774,40.7762],[-3.7772,40.7764],[-3.7769,40.7768],[-3.7769,40.7768],[-3.7769,40.7768],[-3.7769,40.7768],[-3.7769,40.7768],[-3.7768,40.7769],[-3.7768,40.7769],[-3.7767,40.7769],[-3.7767,40.777],[-3.7766,40.7771],[-3.7765,40.7773],[-3.7763,40.7774],[-3.7763,40.7775],[-3.7762,40.7776],[-3.7761,40.7777],[-3.7761,40.7778],[-3.776,40.7779],[-3.776,40.7779],[-3.7759,40.778],[-3.7759,40.7781],[-3.7758,40.7781],[-3.7758,40.7782],[-3.7758,40.7783],[-3.7756,40.7786],[-3.7754,40.779],[-3.7753,40.7792],[-3.7752,40.7793],[-3.7752,40.7794],[-3.7751,40.7796],[-3.7751,40.7798],[-3.775,40.78],[-3.775,40.7801],[-3.7749,40.7803],[-3.7748,40.7805],[-3.7748,40.7806],[-3.7747,40.781],[-3.7746,40.7811],[-3.7746,40.7813],[-3.7745,40.7814],[-3.7745,40.7814],[-3.7745,40.7814],[-3.7745,40.7814],[-3.7749,40.7815],[-3.7751,40.7815],[-3.7751,40.7815],[-3.7753,40.7815],[-3.7753,40.7815],[-3.7753,40.7815],[-3.776,40.7813],[-3.776,40.7813],[-3.7766,40.7812],[-3.7769,40.7811],[-3.7771,40.7811],[-3.7773,40.7811],[-3.7774,40.7812],[-3.7776,40.7812],[-3.7778,40.7812],[-3.7778,40.7812],[-3.7778,40.7812],[-3.778,40.7812],[-3.7782,40.7811],[-3.7783,40.7811],[-3.7785,40.7811],[-3.7786,40.7811],[-3.7787,40.7812],[-3.7789,40.7813],[-3.7792,40.7815],[-3.7793,40.7816],[-3.7793,40.7816],[-3.7794,40.7816],[-3.7794,40.7817],[-3.7794,40.7817],[-3.7794,40.7817],[-3.7795,40.7817],[-3.7796,40.7817],[-3.7797,40.7818],[-3.7799,40.7818],[-3.7801,40.7818],[-3.7801,40.7818],[-3.7801,40.7818],[-3.7804,40.7817],[-3.7806,40.7816],[-3.7807,40.7816],[-3.7808,40.7816],[-3.7809,40.7815],[-3.7811,40.7815],[-3.7811,40.7814],[-3.7811,40.7814],[-3.7814,40.7813],[-3.7814,40.7813],[-3.7815,40.7813],[-3.7818,40.7812],[-3.782,40.7811],[-3.7824,40.781],[-3.7824,40.781],[-3.7827,40.7809],[-3.7831,40.7809],[-3.7831,40.7809],[-3.7833,40.7809],[-3.7836,40.7809],[-3.7836,40.7809],[-3.7837,40.7809],[-3.7839,40.7809],[-3.784,40.781],[-3.7842,40.781],[-3.7842,40.781],[-3.7844,40.781],[-3.7847,40.781],[-3.7847,40.781],[-3.7851,40.781],[-3.7854,40.781],[-3.7855,40.781],[-3.7855,40.781],[-3.7855,40.781],[-3.786,40.7809],[-3.7865,40.7808],[-3.7869,40.7809],[-3.7872,40.7809],[-3.7875,40.781],[-3.7875,40.781],[-3.7876,40.781],[-3.7877,40.781],[-3.7877,40.781],[-3.7877,40.781],[-3.7877,40.781],[-3.7877,40.781],[-3.7877,40.781],[-3.7878,40.7811],[-3.7882,40.7811],[-3.7882,40.7811],[-3.7882,40.7811],[-3.7887,40.781],[-3.7893,40.7809],[-3.7895,40.7808],[-3.7896,40.7808],[-3.7899,40.7808],[-3.7902,40.7808],[-3.7902,40.7808],[-3.7906,40.7808],[-3.7912,40.7807],[-3.7913,40.7807],[-3.7913,40.7807],[-3.7913,40.7807],[-3.7914,40.7807],[-3.7916,40.7807],[-3.7916,40.7807],[-3.7917,40.7806],[-3.7917,40.7806],[-3.7918,40.7805],[-3.7921,40.7804],[-3.7923,40.7803],[-3.7926,40.7802],[-3.7929,40.7801],[-3.7933,40.78],[-3.7936,40.7799],[-3.7936,40.7799],[-3.7937,40.7799],[-3.7939,40.7799],[-3.7939,40.7799],[-3.7939,40.7799],[-3.7939,40.7799],[-3.7941,40.7799],[-3.7943,40.7799],[-3.7945,40.7798],[-3.7945,40.7798],[-3.7947,40.7798],[-3.7948,40.7798],[-3.7948,40.7798],[-3.7948,40.7798],[-3.7948,40.7798],[-3.795,40.7798],[-3.7951,40.7798],[-3.7952,40.7797],[-3.7954,40.7797],[-3.7955,40.7796],[-3.7956,40.7796],[-3.7961,40.7796],[-3.7965,40.7797],[-3.7965,40.7797],[-3.7967,40.7798],[-3.7967,40.7799],[-3.7967,40.7799],[-3.7968,40.78],[-3.7968,40.78],[-3.7969,40.7801],[-3.7969,40.7801],[-3.7969,40.7801],[-3.7971,40.7801],[-3.7972,40.78],[-3.7973,40.78],[-3.7973,40.7799],[-3.7975,40.7799],[-3.7976,40.7799],[-3.7978,40.7799],[-3.798,40.78],[-3.7983,40.78],[-3.7986,40.78],[-3.7988,40.78],[-3.7989,40.7801],[-3.7991,40.7801],[-3.7991,40.7801],[-3.7991,40.7801],[-3.7993,40.7801],[-3.7996,40.7801],[-3.7998,40.7801],[-3.8001,40.7803],[-3.8002,40.7805],[-3.8001,40.781],[-3.7999,40.7817],[-3.7998,40.782],[-3.7998,40.7824],[-3.7998,40.7828],[-3.7996,40.783],[-3.7995,40.7832],[-3.7995,40.7833],[-3.7994,40.7834],[-3.7994,40.7835],[-3.7994,40.7835],[-3.7993,40.7838],[-3.7992,40.7841],[-3.7992,40.7844],[-3.7991,40.7848],[-3.7989,40.785],[-3.7985,40.7853],[-3.7985,40.7853],[-3.7985,40.7857],[-3.7984,40.7858],[-3.7984,40.7858],[-3.7984,40.786],[-3.7983,40.786],[-3.7983,40.7861],[-3.7982,40.7863],[-3.7981,40.7864],[-3.7981,40.7865],[-3.798,40.7867],[-3.798,40.7868],[-3.798,40.787],[-3.7979,40.7871],[-3.798,40.7873],[-3.7978,40.7873],[-3.7978,40.7874],[-3.7978,40.7875],[-3.7979,40.7876],[-3.7979,40.7877],[-3.7979,40.7878],[-3.7979,40.7878],[-3.7979,40.7879],[-3.7979,40.788],[-3.7979,40.788],[-3.7979,40.788],[-3.7979,40.788],[-3.7979,40.788],[-3.7979,40.7881],[-3.798,40.7881],[-3.798,40.7881],[-3.798,40.7881],[-3.798,40.7881],[-3.798,40.7881],[-3.798,40.7881],[-3.798,40.7881],[-3.7981,40.7882],[-3.7981,40.7882],[-3.7981,40.7882],[-3.7983,40.7883],[-3.7984,40.7884],[-3.7985,40.7885],[-3.7987,40.7887],[-3.7988,40.7888],[-3.7988,40.7888],[-3.7988,40.7888],[-3.7988,40.7888],[-3.7991,40.789],[-3.7992,40.789],[-3.7992,40.789],[-3.7994,40.7891],[-3.7995,40.7891],[-3.7997,40.7891],[-3.7999,40.7891],[-3.8001,40.7893],[-3.8002,40.7894],[-3.8004,40.7894],[-3.8005,40.7894],[-3.8007,40.7894],[-3.8008,40.7895],[-3.8009,40.7895],[-3.801,40.7896],[-3.8011,40.7897],[-3.8011,40.7897],[-3.8013,40.7899],[-3.8015,40.7901],[-3.8018,40.7903],[-3.802,40.7905],[-3.802,40.7905],[-3.8021,40.7905],[-3.8023,40.7905],[-3.8024,40.7904],[-3.8026,40.7904],[-3.803,40.7903],[-3.8035,40.7902],[-3.8039,40.79],[-3.8044,40.79],[-3.8048,40.7899],[-3.8053,40.7897],[-3.8056,40.7897],[-3.8067,40.7896],[-3.8077,40.7895],[-3.8081,40.7894],[-3.8084,40.7894],[-3.8087,40.7893],[-3.809,40.7893],[-3.8093,40.7893],[-3.8096,40.7894],[-3.8099,40.7894],[-3.8103,40.7894],[-3.8106,40.7895],[-3.811,40.7896],[-3.8113,40.7896],[-3.8115,40.7897],[-3.8118,40.7898],[-3.812,40.7899],[-3.8127,40.7902],[-3.8134,40.7905],[-3.8138,40.7905],[-3.8142,40.7906],[-3.8145,40.7906],[-3.8148,40.7907],[-3.8149,40.7907],[-3.8151,40.7907],[-3.8154,40.7907],[-3.8157,40.7907],[-3.8159,40.7907],[-3.8161,40.7908],[-3.8163,40.7908],[-3.8165,40.7907],[-3.8166,40.7907],[-3.8168,40.7907],[-3.8169,40.7906],[-3.817,40.7905],[-3.8171,40.7904],[-3.8173,40.7905],[-3.8175,40.7906],[-3.8176,40.7907],[-3.8176,40.7908],[-3.8177,40.7909],[-3.8177,40.791],[-3.818,40.7912],[-3.8184,40.7913],[-3.8187,40.7914],[-3.8189,40.7914],[-3.8191,40.7914],[-3.8193,40.7915],[-3.8197,40.7915],[-3.8201,40.7914],[-3.8205,40.7914],[-3.821,40.7915],[-3.8214,40.7916],[-3.8219,40.7917],[-3.8223,40.7917],[-3.8227,40.7917],[-3.8228,40.7917],[-3.823,40.7916],[-3.8231,40.7918],[-3.8232,40.7919],[-3.8233,40.792],[-3.8234,40.792],[-3.8235,40.792],[-3.8236,40.792],[-3.8241,40.7922],[-3.8247,40.7923],[-3.8248,40.7923],[-3.8249,40.7923],[-3.8251,40.7922],[-3.8255,40.7923],[-3.8259,40.7924],[-3.826,40.7924],[-3.8261,40.7923],[-3.8262,40.7923],[-3.8263,40.7922],[-3.8264,40.7921],[-3.8265,40.792],[-3.8265,40.7919],[-3.8266,40.7918],[-3.8267,40.7918],[-3.8269,40.7917],[-3.8272,40.7916],[-3.8275,40.7914],[-3.8276,40.7914],[-3.8277,40.7914],[-3.8278,40.7913],[-3.8278,40.7912],[-3.8278,40.7911],[-3.828,40.791],[-3.8281,40.791],[-3.8283,40.7909],[-3.8284,40.7908],[-3.8286,40.7908],[-3.8288,40.7907],[-3.829,40.7907],[-3.8292,40.7906],[-3.8294,40.7905],[-3.8296,40.7903],[-3.8299,40.7904],[-3.8301,40.7905],[-3.8301,40.7904],[-3.8301,40.7904],[-3.8302,40.7904],[-3.8302,40.7904],[-3.8302,40.7904],[-3.8302,40.7904]]]]},"geometry_name":"GEOMETRY1","properties":{"CD_TIPO_ZONA":"B1","DS_TIPO_ZONA":"B1: Parque Comarcal Agropecuario Protector.","NM_AREA_M":null,"NM_AREA_HA":null}},{"type":"Feature","id":"IDEM_MA_PR_CA_MANZANARES.36","geometry":{"type":"Polygon","coordinates":[[[-4.0108,40.7654],[-4.0097,40.7658],[-4.0085,40.7658],[-4.0078,40.7659],[-4.0101,40.767],[-4.0136,40.7682],[-4.0146,40.7686],[-4.015,40.7683],[-4.0154,40.768],[-4.0154,40.768],[-4.0155,40.7678],[-4.0156,40.7677],[-4.0156,40.7677],[-4.016,40.7671],[-4.0166,40.7663],[-4.0168,40.766],[-4.0175,40.7651],[-4.0179,40.7648],[-4.0188,40.7642],[-4.0188,40.7642],[-4.0188,40.7642],[-4.0185,40.7641],[-4.0182,40.7642],[-4.018,40.7643],[-4.018,40.7643],[-4.0176,40.7644],[-4.0175,40.7645],[-4.0171,40.7648],[-4.0167,40.7649],[-4.016,40.765],[-4.0154,40.7649],[-4.015,40.765],[-4.0141,40.765],[-4.0134,40.7651],[-4.0124,40.7653],[-4.0118,40.7653],[-4.0108,40.7654]]]},"geometry_name":"GEOMETRY1","properties":{"CD_TIPO_ZONA":"A2","DS_TIPO_ZONA":"A2: Reserva Natural Educativa.","NM_AREA_M":null,"NM_AREA_HA":null}},{"type":"Feature","id":"IDEM_MA_PR_CA_MANZANARES.37","geometry":{"type":"MultiPolygon","coordinates":[[[[-4.0697,40.7715],[-4.0695,40.7716],[-4.0692,40.7717],[-4.0691,40.7718],[-4.0689,40.7719],[-4.0689,40.7719],[-4.0687,40.7721],[-4.0685,40.7723],[-4.0683,40.7726],[-4.0683,40.7726],[-4.0684,40.773],[-4.0684,40.773],[-4.0684,40.7732],[-4.0684,40.7734],[-4.0684,40.7736],[-4.0684,40.7738],[-4.0683,40.774],[-4.0679,40.7743],[-4.0676,40.7745],[-4.0675,40.7749],[-4.0675,40.775],[-4.0676,40.7757],[-4.0679,40.7763],[-4.068,40.7768],[-4.0681,40.7771],[-4.068,40.7775],[-4.0679,40.7778],[-4.0679,40.778],[-4.0678,40.7785],[-4.0679,40.7787],[-4.0681,40.7789],[-4.0682,40.779],[-4.0683,40.7791],[-4.0682,40.7792],[-4.0684,40.7791],[-4.0719,40.7779],[-4.081,40.7748],[-4.0811,40.7748],[-4.0812,40.7745],[-4.0814,40.7742],[-4.0817,40.7737],[-4.0819,40.7732],[-4.0822,40.7727],[-4.0825,40.7722],[-4.0826,40.772],[-4.0829,40.7716],[-4.083,40.7714],[-4.0832,40.7711],[-4.0835,40.7709],[-4.0839,40.7706],[-4.0846,40.77],[-4.0852,40.7697],[-4.0856,40.7693],[-4.0856,40.7693],[-4.0856,40.7692],[-4.0857,40.7692],[-4.0857,40.7692],[-4.0857,40.7691],[-4.0857,40.7691],[-4.0858,40.7691],[-4.0858,40.769],[-4.0859,40.769],[-4.0859,40.769],[-4.086,40.7689],[-4.086,40.7689],[-4.0861,40.7688],[-4.0861,40.7688],[-4.0861,40.7688],[-4.0862,40.7688],[-4.0862,40.7687],[-4.0863,40.7687],[-4.0864,40.7686],[-4.0864,40.7686],[-4.0864,40.7686],[-4.0865,40.7685],[-4.0866,40.7685],[-4.0866,40.7684],[-4.0867,40.7683],[-4.0868,40.7682],[-4.0868,40.768],[-4.0868,40.7677],[-4.0867,40.7675],[-4.0866,40.767],[-4.0866,40.7667],[-4.0866,40.7666],[-4.0867,40.7666],[-4.0867,40.7665],[-4.0867,40.7664],[-4.0868,40.7662],[-4.0868,40.7662],[-4.0869,40.7661],[-4.0869,40.766],[-4.087,40.7659],[-4.0872,40.7658],[-4.0874,40.7656],[-4.0877,40.7654],[-4.0877,40.7653],[-4.0878,40.7653],[-4.0878,40.7651],[-4.0879,40.765],[-4.0879,40.7649],[-4.088,40.7647],[-4.0882,40.7645],[-4.0883,40.7644],[-4.0885,40.7642],[-4.0887,40.7641],[-4.0888,40.764],[-4.089,40.7638],[-4.0893,40.7637],[-4.0896,40.7636],[-4.0898,40.7634],[-4.09,40.7632],[-4.0901,40.7631],[-4.0901,40.763],[-4.0901,40.7629],[-4.0901,40.7629],[-4.0901,40.7628],[-4.0901,40.7628],[-4.0901,40.7627],[-4.09,40.7626],[-4.09,40.7626],[-4.09,40.7625],[-4.09,40.7625],[-4.0899,40.7625],[-4.0899,40.7624],[-4.0897,40.7622],[-4.0897,40.7622],[-4.0897,40.7622],[-4.0897,40.7621],[-4.0896,40.7621],[-4.0895,40.762],[-4.0892,40.7616],[-4.089,40.7614],[-4.089,40.7614],[-4.0888,40.7612],[-4.0887,40.761],[-4.0887,40.7608],[-4.0887,40.7607],[-4.0887,40.7604],[-4.0887,40.7601],[-4.0887,40.7596],[-4.0887,40.7592],[-4.0886,40.7586],[-4.0884,40.758],[-4.0883,40.7578],[-4.0883,40.7577],[-4.0883,40.7575],[-4.0883,40.7572],[-4.0884,40.757],[-4.0885,40.7568],[-4.0886,40.7567],[-4.0887,40.7565],[-4.0891,40.7564],[-4.0894,40.7562],[-4.0896,40.756],[-4.0899,40.7559],[-4.0909,40.7553],[-4.0916,40.7548],[-4.0918,40.7547],[-4.0921,40.7546],[-4.0927,40.7546],[-4.0939,40.7544],[-4.0944,40.7543],[-4.0944,40.7543],[-4.0947,40.7542],[-4.0948,40.7541],[-4.0948,40.7539],[-4.0949,40.7537],[-4.095,40.7535],[-4.0952,40.7529],[-4.0955,40.752],[-4.0955,40.7519],[-4.0957,40.7515],[-4.0958,40.7511],[-4.096,40.7504],[-4.0963,40.7496],[-4.0966,40.7488],[-4.097,40.7477],[-4.0969,40.7477],[-4.0969,40.7477],[-4.0965,40.7471],[-4.0961,40.7466],[-4.096,40.7465],[-4.0954,40.7458],[-4.0948,40.7453],[-4.0941,40.7445],[-4.0937,40.744],[-4.0934,40.7437],[-4.0931,40.7434],[-4.0923,40.7426],[-4.0919,40.7422],[-4.0918,40.7421],[-4.0915,40.7418],[-4.0911,40.7415],[-4.0907,40.7411],[-4.0903,40.7407],[-4.0899,40.7402],[-4.0893,40.7396],[-4.0884,40.7387],[-4.0877,40.738],[-4.0871,40.7374],[-4.0865,40.7369],[-4.0854,40.736],[-4.0848,40.7356],[-4.0845,40.7353],[-4.0839,40.7348],[-4.0832,40.7343],[-4.0825,40.7335],[-4.0822,40.7332],[-4.0813,40.7323],[-4.0811,40.732],[-4.0808,40.7317],[-4.0808,40.7318],[-4.0807,40.7319],[-4.0806,40.732],[-4.0805,40.7321],[-4.0803,40.7323],[-4.0803,40.7324],[-4.0802,40.7325],[-4.0801,40.7327],[-4.08,40.7328],[-4.08,40.7328],[-4.0801,40.7331],[-4.0801,40.7334],[-4.0801,40.7337],[-4.08,40.734],[-4.08,40.7342],[-4.0798,40.7344],[-4.0797,40.7345],[-4.0797,40.7346],[-4.0796,40.7348],[-4.0796,40.7349],[-4.0796,40.7349],[-4.0796,40.735],[-4.0795,40.7352],[-4.0794,40.7355],[-4.0792,40.7356],[-4.0792,40.7357],[-4.0791,40.7358],[-4.0788,40.7358],[-4.0786,40.7359],[-4.0785,40.736],[-4.0785,40.736],[-4.0782,40.736],[-4.0782,40.736],[-4.078,40.7361],[-4.078,40.7361],[-4.0778,40.736],[-4.0775,40.7359],[-4.0773,40.7358],[-4.0769,40.7356],[-4.0767,40.7356],[-4.0766,40.7355],[-4.0764,40.7355],[-4.0763,40.7355],[-4.0761,40.7356],[-4.0761,40.7356],[-4.0759,40.7356],[-4.0757,40.7356],[-4.0755,40.7357],[-4.0754,40.7359],[-4.0754,40.7359],[-4.0752,40.7361],[-4.0751,40.7361],[-4.0751,40.7361],[-4.075,40.7361],[-4.0749,40.736],[-4.0747,40.7359],[-4.0745,40.7358],[-4.0745,40.7358],[-4.0744,40.7358],[-4.0742,40.7358],[-4.074,40.7358],[-4.0739,40.7358],[-4.0737,40.7358],[-4.0735,40.7358],[-4.0735,40.7358],[-4.0734,40.7358],[-4.0732,40.7357],[-4.0732,40.7357],[-4.0731,40.7357],[-4.073,40.7357],[-4.0728,40.7358],[-4.0727,40.7358],[-4.0727,40.7358],[-4.0727,40.7358],[-4.0726,40.7358],[-4.0726,40.7358],[-4.0725,40.7355],[-4.0725,40.7355],[-4.0724,40.7355],[-4.0723,40.7355],[-4.0722,40.7355],[-4.0719,40.7355],[-4.0718,40.7355],[-4.0715,40.7356],[-4.0713,40.7358],[-4.0711,40.7359],[-4.0708,40.7361],[-4.0706,40.7362],[-4.0705,40.7363],[-4.0705,40.7363],[-4.0703,40.7364],[-4.07,40.7365],[-4.07,40.7365],[-4.0698,40.7365],[-4.0696,40.7365],[-4.0694,40.7365],[-4.0693,40.7366],[-4.0692,40.7366],[-4.0692,40.7366],[-4.0691,40.7367],[-4.0691,40.7368],[-4.069,40.7368],[-4.0691,40.7369],[-4.0691,40.7371],[-4.0691,40.7373],[-4.0692,40.7374],[-4.0692,40.7375],[-4.0691,40.7375],[-4.0691,40.7376],[-4.0691,40.7377],[-4.0691,40.7378],[-4.0691,40.7378],[-4.069,40.7379],[-4.0689,40.738],[-4.0689,40.7381],[-4.0689,40.7382],[-4.069,40.7383],[-4.0689,40.7386],[-4.0689,40.7387],[-4.0689,40.7389],[-4.0689,40.7391],[-4.0689,40.7392],[-4.0689,40.7392],[-4.0689,40.7394],[-4.0688,40.7397],[-4.0688,40.7401],[-4.0688,40.7404],[-4.0689,40.7409],[-4.069,40.7415],[-4.069,40.7418],[-4.069,40.7418],[-4.0691,40.7422],[-4.0692,40.7424],[-4.0694,40.7426],[-4.0696,40.7429],[-4.0698,40.7432],[-4.07,40.7433],[-4.0702,40.7436],[-4.0704,40.7437],[-4.0708,40.7438],[-4.0711,40.7439],[-4.0712,40.744],[-4.0715,40.744],[-4.0718,40.744],[-4.0719,40.744],[-4.072,40.744],[-4.0721,40.7441],[-4.0724,40.7441],[-4.0726,40.7442],[-4.0726,40.7444],[-4.0726,40.7446],[-4.0724,40.7448],[-4.0723,40.7448],[-4.072,40.745],[-4.0717,40.7452],[-4.0715,40.7453],[-4.0713,40.7453],[-4.071,40.7455],[-4.0708,40.7456],[-4.0707,40.7458],[-4.0706,40.7458],[-4.0706,40.746],[-4.0706,40.7463],[-4.0707,40.7466],[-4.0708,40.7469],[-4.0708,40.747],[-4.071,40.7476],[-4.0712,40.7481],[-4.0713,40.7485],[-4.0714,40.7486],[-4.0714,40.7486],[-4.0718,40.7489],[-4.072,40.7491],[-4.0725,40.7494],[-4.073,40.7497],[-4.0733,40.7499],[-4.0738,40.7502],[-4.0738,40.7503],[-4.0744,40.7508],[-4.0747,40.7511],[-4.0748,40.7514],[-4.0747,40.7515],[-4.0747,40.7516],[-4.0744,40.7517],[-4.0741,40.7518],[-4.0739,40.7518],[-4.0738,40.7519],[-4.0737,40.7519],[-4.0736,40.7521],[-4.0736,40.7524],[-4.0735,40.7525],[-4.0734,40.7534],[-4.0734,40.7538],[-4.0734,40.7539],[-4.0734,40.754],[-4.0734,40.7544],[-4.0734,40.7545],[-4.0735,40.7546],[-4.0741,40.7549],[-4.0747,40.7552],[-4.0753,40.7553],[-4.0763,40.7555],[-4.0765,40.7556],[-4.0766,40.7556],[-4.0766,40.7557],[-4.0767,40.7563],[-4.0768,40.7567],[-4.0768,40.7571],[-4.0767,40.7573],[-4.0768,40.7578],[-4.0768,40.7578],[-4.0769,40.7582],[-4.0765,40.7584],[-4.0763,40.7585],[-4.0762,40.7588],[-4.0761,40.7591],[-4.0758,40.7593],[-4.0754,40.7595],[-4.0754,40.7596],[-4.0755,40.7604],[-4.0749,40.7609],[-4.0744,40.7612],[-4.0741,40.7616],[-4.0736,40.7616],[-4.0731,40.7618],[-4.0724,40.7618],[-4.0718,40.7618],[-4.0717,40.762],[-4.0716,40.762],[-4.0716,40.7621],[-4.0719,40.7625],[-4.0721,40.7629],[-4.0722,40.7632],[-4.0725,40.7634],[-4.0731,40.7637],[-4.0731,40.7638],[-4.0731,40.7638],[-4.0731,40.7639],[-4.0731,40.764],[-4.073,40.7642],[-4.0728,40.7643],[-4.0725,40.7645],[-4.0723,40.7646],[-4.0722,40.7648],[-4.0721,40.765],[-4.0721,40.7655],[-4.072,40.766],[-4.072,40.7662],[-4.072,40.7662],[-4.0717,40.7667],[-4.0715,40.7673],[-4.0714,40.7675],[-4.0712,40.7681],[-4.0709,40.7688],[-4.0708,40.7689],[-4.0708,40.7689],[-4.0704,40.7693],[-4.0703,40.7694],[-4.07,40.7695],[-4.0699,40.7696],[-4.0698,40.7696],[-4.0697,40.7698],[-4.0697,40.77],[-4.0697,40.7702],[-4.0697,40.7704],[-4.0699,40.7708],[-4.0701,40.7711],[-4.0701,40.7712],[-4.0699,40.7714],[-4.0699,40.7714],[-4.0697,40.7715]]],[[[-4.0628,40.782],[-4.0633,40.7824],[-4.0638,40.7826],[-4.064,40.7826],[-4.0642,40.7825],[-4.0642,40.7824],[-4.0642,40.7823],[-4.0642,40.7822],[-4.0643,40.7822],[-4.0644,40.7822],[-4.0647,40.7821],[-4.0648,40.7821],[-4.0646,40.7805],[-4.0646,40.7803],[-4.0657,40.7798],[-4.0667,40.779],[-4.0672,40.7774],[-4.0672,40.7773],[-4.066,40.7763],[-4.0661,40.7758],[-4.0661,40.7754],[-4.0664,40.7751],[-4.0659,40.7742],[-4.0658,40.774],[-4.0657,40.7733],[-4.0659,40.7727],[-4.0659,40.7726],[-4.0659,40.7718],[-4.0648,40.771],[-4.0646,40.7709],[-4.0639,40.7704],[-4.0632,40.7696],[-4.0632,40.7693],[-4.0631,40.7691],[-4.0639,40.7691],[-4.0645,40.7691],[-4.0656,40.7687],[-4.0656,40.7684],[-4.0654,40.7679],[-4.0655,40.7677],[-4.0655,40.7673],[-4.0658,40.7667],[-4.0659,40.7661],[-4.0659,40.766],[-4.0665,40.7661],[-4.0668,40.7659],[-4.0668,40.7659],[-4.0671,40.7656],[-4.0672,40.7654],[-4.0679,40.7646],[-4.0679,40.7646],[-4.068,40.7638],[-4.0688,40.7633],[-4.0689,40.7631],[-4.069,40.7618],[-4.069,40.7617],[-4.0688,40.7604],[-4.0689,40.7601],[-4.069,40.7599],[-4.0697,40.7594],[-4.0699,40.7591],[-4.0696,40.7589],[-4.0694,40.7587],[-4.0697,40.7585],[-4.0696,40.7581],[-4.0692,40.7576],[-4.0694,40.7572],[-4.0694,40.7571],[-4.0693,40.7558],[-4.0694,40.7556],[-4.0694,40.7555],[-4.0702,40.7549],[-4.0698,40.7541],[-4.0698,40.754],[-4.0696,40.7536],[-4.07,40.7529],[-4.0696,40.7524],[-4.0692,40.752],[-4.068,40.7515],[-4.068,40.7515],[-4.067,40.7514],[-4.0662,40.7515],[-4.0656,40.7512],[-4.0655,40.7507],[-4.066,40.7502],[-4.066,40.75],[-4.066,40.7496],[-4.0655,40.7489],[-4.0652,40.7484],[-4.0652,40.7483],[-4.0644,40.7473],[-4.064,40.7469],[-4.0638,40.7467],[-4.0639,40.7463],[-4.0635,40.7458],[-4.0631,40.7453],[-4.0631,40.7452],[-4.063,40.7445],[-4.0623,40.7438],[-4.0617,40.7439],[-4.0611,40.7441],[-4.0607,40.7441],[-4.0602,40.7444],[-4.0602,40.7448],[-4.0601,40.745],[-4.0598,40.7455],[-4.0598,40.7463],[-4.06,40.7466],[-4.0601,40.747],[-4.0601,40.747],[-4.0602,40.7472],[-4.0599,40.748],[-4.0595,40.7485],[-4.0586,40.7489],[-4.0579,40.7494],[-4.0574,40.7495],[-4.0573,40.75],[-4.0572,40.7504],[-4.0564,40.7514],[-4.0564,40.7514],[-4.0557,40.7521],[-4.0552,40.753],[-4.0543,40.7538],[-4.0541,40.7542],[-4.0543,40.7547],[-4.0545,40.7551],[-4.0542,40.7556],[-4.0535,40.7559],[-4.0537,40.7561],[-4.0538,40.7567],[-4.0534,40.7569],[-4.0529,40.7568],[-4.0526,40.7572],[-4.0521,40.7577],[-4.0512,40.758],[-4.051,40.7583],[-4.051,40.7588],[-4.0508,40.7592],[-4.0511,40.7599],[-4.0511,40.7599],[-4.0511,40.7599],[-4.0511,40.7607],[-4.0501,40.7601],[-4.0486,40.7599],[-4.0479,40.7602],[-4.0473,40.7601],[-4.0465,40.7596],[-4.046,40.7602],[-4.0458,40.7604],[-4.0457,40.7605],[-4.0452,40.7611],[-4.0448,40.7615],[-4.0448,40.7618],[-4.0447,40.7625],[-4.0443,40.7626],[-4.0442,40.7626],[-4.0436,40.7627],[-4.043,40.7626],[-4.0422,40.7628],[-4.0413,40.7635],[-4.0412,40.7641],[-4.041,40.7654],[-4.0401,40.7655],[-4.04,40.7654],[-4.0401,40.7651],[-4.0404,40.7644],[-4.0406,40.7639],[-4.0407,40.7638],[-4.0401,40.7634],[-4.0396,40.7629],[-4.0396,40.7629],[-4.0393,40.7624],[-4.0392,40.7619],[-4.0393,40.7616],[-4.0403,40.7611],[-4.0407,40.7607],[-4.041,40.7606],[-4.0417,40.7599],[-4.0421,40.7597],[-4.0426,40.7593],[-4.0427,40.7593],[-4.0429,40.7589],[-4.043,40.7582],[-4.0432,40.7577],[-4.0436,40.7573],[-4.0441,40.7566],[-4.044,40.7562],[-4.044,40.7557],[-4.044,40.7555],[-4.0439,40.7552],[-4.0436,40.7549],[-4.0441,40.7543],[-4.0443,40.7538],[-4.0443,40.7533],[-4.0445,40.7527],[-4.0449,40.7518],[-4.0449,40.7517],[-4.0448,40.7512],[-4.0452,40.7505],[-4.0453,40.7503],[-4.0455,40.7498],[-4.0453,40.7495],[-4.0452,40.7494],[-4.0452,40.749],[-4.0458,40.7486],[-4.0458,40.7485],[-4.0461,40.7481],[-4.0461,40.7479],[-4.046,40.7464],[-4.0455,40.7457],[-4.0455,40.745],[-4.0448,40.7448],[-4.0448,40.7454],[-4.0447,40.7458],[-4.0448,40.7461],[-4.0444,40.7461],[-4.0442,40.7464],[-4.0441,40.7466],[-4.0438,40.7466],[-4.0436,40.7465],[-4.043,40.7465],[-4.0429,40.7466],[-4.0427,40.7468],[-4.0424,40.7468],[-4.0421,40.7467],[-4.042,40.7466],[-4.0418,40.7466],[-4.0417,40.7466],[-4.0415,40.7466],[-4.0413,40.7462],[-4.0399,40.7461],[-4.0397,40.7463],[-4.0398,40.747],[-4.0399,40.7475],[-4.0398,40.7481],[-4.0398,40.7481],[-4.0396,40.7487],[-4.0401,40.749],[-4.0402,40.7491],[-4.0403,40.7495],[-4.0403,40.7501],[-4.04,40.7503],[-4.0395,40.7507],[-4.0384,40.7507],[-4.0377,40.7508],[-4.0376,40.7508],[-4.0372,40.751],[-4.0366,40.751],[-4.0363,40.7513],[-4.036,40.7514],[-4.0356,40.7514],[-4.0356,40.7516],[-4.0352,40.7516],[-4.0349,40.7518],[-4.0346,40.7518],[-4.0343,40.7521],[-4.034,40.7522],[-4.0331,40.7523],[-4.0329,40.7524],[-4.0324,40.7526],[-4.0318,40.7527],[-4.0314,40.7526],[-4.0313,40.7528],[-4.0312,40.7538],[-4.0309,40.754],[-4.0305,40.7543],[-4.0303,40.7543],[-4.0296,40.7542],[-4.0289,40.7545],[-4.0283,40.7546],[-4.028,40.7549],[-4.0275,40.7551],[-4.0274,40.7554],[-4.0265,40.7558],[-4.0265,40.7558],[-4.0259,40.7561],[-4.0251,40.7567],[-4.0246,40.7569],[-4.0242,40.7573],[-4.0242,40.7578],[-4.0238,40.7583],[-4.0234,40.7584],[-4.0232,40.7584],[-4.0229,40.7589],[-4.0228,40.7589],[-4.0222,40.7594],[-4.0221,40.7597],[-4.022,40.76],[-4.0217,40.7601],[-4.0217,40.7601],[-4.0214,40.7604],[-4.0213,40.7605],[-4.0211,40.7607],[-4.0206,40.7613],[-4.0205,40.7616],[-4.0207,40.7619],[-4.0207,40.7619],[-4.0209,40.7619],[-4.0216,40.7617],[-4.0222,40.7616],[-4.0226,40.7615],[-4.0226,40.7615],[-4.0231,40.7614],[-4.0234,40.7614],[-4.0237,40.7613],[-4.0238,40.7613],[-4.0238,40.7613],[-4.0238,40.7613],[-4.0238,40.7613],[-4.0238,40.7613],[-4.0241,40.7612],[-4.0242,40.7612],[-4.0242,40.7612],[-4.0243,40.7612],[-4.0244,40.7613],[-4.0253,40.7615],[-4.0259,40.7616],[-4.028,40.7618],[-4.0311,40.7621],[-4.0314,40.7622],[-4.0311,40.7628],[-4.031,40.7631],[-4.0311,40.7631],[-4.0313,40.763],[-4.0314,40.763],[-4.0321,40.7629],[-4.0325,40.7629],[-4.033,40.763],[-4.0335,40.763],[-4.0338,40.7631],[-4.0344,40.7633],[-4.0347,40.7635],[-4.035,40.7637],[-4.0351,40.7638],[-4.0352,40.7641],[-4.0355,40.7643],[-4.0357,40.7645],[-4.036,40.7645],[-4.0362,40.7645],[-4.0367,40.7646],[-4.0373,40.7648],[-4.0375,40.7649],[-4.0376,40.7651],[-4.0377,40.7651],[-4.0379,40.7652],[-4.038,40.7653],[-4.038,40.7654],[-4.038,40.7657],[-4.0381,40.7659],[-4.0382,40.7661],[-4.0382,40.7663],[-4.0383,40.7664],[-4.0384,40.7666],[-4.0387,40.7667],[-4.0387,40.7667],[-4.0387,40.7667],[-4.0387,40.7667],[-4.0388,40.7664],[-4.0388,40.7662],[-4.0388,40.7661],[-4.0388,40.7659],[-4.0388,40.7658],[-4.0389,40.7658],[-4.039,40.7657],[-4.0391,40.7656],[-4.0393,40.7656],[-4.0394,40.7656],[-4.0396,40.7655],[-4.0397,40.7655],[-4.0397,40.7655],[-4.0398,40.7654],[-4.0399,40.7656],[-4.0399,40.7657],[-4.0399,40.7658],[-4.04,40.7659],[-4.04,40.766],[-4.0401,40.7661],[-4.0401,40.7662],[-4.0403,40.7666],[-4.0403,40.7666],[-4.0405,40.7669],[-4.0407,40.7671],[-4.0408,40.7671],[-4.0408,40.7672],[-4.0409,40.7672],[-4.0409,40.7673],[-4.041,40.7673],[-4.041,40.7674],[-4.041,40.7675],[-4.0411,40.7675],[-4.0411,40.7675],[-4.0413,40.7677],[-4.0415,40.7678],[-4.0417,40.7679],[-4.0419,40.7681],[-4.0421,40.7682],[-4.0423,40.7683],[-4.0426,40.7685],[-4.0426,40.7686],[-4.0427,40.7687],[-4.043,40.769],[-4.043,40.769],[-4.043,40.769],[-4.0431,40.769],[-4.0431,40.7691],[-4.0431,40.7691],[-4.0432,40.7691],[-4.0432,40.7691],[-4.0433,40.7691],[-4.0433,40.7692],[-4.0433,40.7692],[-4.0436,40.7693],[-4.044,40.7694],[-4.0441,40.7694],[-4.0441,40.7695],[-4.0442,40.7695],[-4.0442,40.7695],[-4.0443,40.7696],[-4.0448,40.7698],[-4.045,40.7699],[-4.0451,40.7699],[-4.0452,40.7699],[-4.0453,40.77],[-4.0454,40.77],[-4.0458,40.7702],[-4.0458,40.7702],[-4.0459,40.7702],[-4.0461,40.7705],[-4.0462,40.7705],[-4.0462,40.7705],[-4.0462,40.7706],[-4.0463,40.7706],[-4.0463,40.7706],[-4.0463,40.7707],[-4.0463,40.7707],[-4.0464,40.7708],[-4.0464,40.7708],[-4.0464,40.7708],[-4.0464,40.7709],[-4.0464,40.7709],[-4.0468,40.7707],[-4.0476,40.7704],[-4.0481,40.7701],[-4.0484,40.7698],[-4.0485,40.7698],[-4.0489,40.7695],[-4.0495,40.7692],[-4.0497,40.7692],[-4.0497,40.7692],[-4.0498,40.7691],[-4.05,40.7691],[-4.0503,40.7691],[-4.051,40.7691],[-4.0511,40.769],[-4.0511,40.7688],[-4.0513,40.7685],[-4.0516,40.7684],[-4.052,40.7682],[-4.0524,40.7681],[-4.0531,40.7676],[-4.0532,40.7674],[-4.0532,40.7671],[-4.0533,40.7668],[-4.0535,40.7666],[-4.0536,40.7664],[-4.0556,40.7655],[-4.0558,40.7653],[-4.0561,40.7651],[-4.0565,40.7649],[-4.0569,40.7648],[-4.0571,40.7648],[-4.0572,40.7648],[-4.0571,40.765],[-4.0569,40.7652],[-4.0565,40.7655],[-4.0562,40.766],[-4.0558,40.7665],[-4.0556,40.7668],[-4.0552,40.7673],[-4.0548,40.7679],[-4.0546,40.7681],[-4.0544,40.7684],[-4.0543,40.7687],[-4.0542,40.769],[-4.0537,40.7694],[-4.0536,40.7695],[-4.0535,40.7697],[-4.0534,40.7703],[-4.0534,40.7708],[-4.0535,40.7712],[-4.0536,40.7714],[-4.0538,40.7717],[-4.054,40.7719],[-4.0541,40.7721],[-4.0542,40.7724],[-4.0543,40.7725],[-4.0544,40.7727],[-4.0545,40.7728],[-4.0552,40.7729],[-4.0553,40.7729],[-4.0555,40.773],[-4.056,40.7734],[-4.0563,40.7735],[-4.0565,40.7736],[-4.0567,40.7736],[-4.0571,40.7737],[-4.0574,40.7737],[-4.0578,40.7738],[-4.0579,40.7739],[-4.058,40.7741],[-4.0581,40.7744],[-4.0582,40.7747],[-4.0582,40.7748],[-4.0582,40.775],[-4.0581,40.7752],[-4.0581,40.7755],[-4.058,40.7758],[-4.058,40.776],[-4.0581,40.7763],[-4.0583,40.7765],[-4.0585,40.7765],[-4.0589,40.7765],[-4.0592,40.7766],[-4.0596,40.7767],[-4.0598,40.7768],[-4.0599,40.777],[-4.0599,40.7771],[-4.06,40.7773],[-4.0602,40.7774],[-4.0604,40.7777],[-4.0606,40.7781],[-4.0609,40.7783],[-4.061,40.7785],[-4.0611,40.7787],[-4.0611,40.7788],[-4.061,40.779],[-4.0609,40.7791],[-4.0609,40.7793],[-4.0609,40.7796],[-4.0609,40.7799],[-4.0609,40.7801],[-4.0604,40.7805],[-4.0599,40.7811],[-4.0598,40.7813],[-4.0597,40.7815],[-4.0595,40.7817],[-4.0593,40.7818],[-4.0591,40.7819],[-4.0589,40.782],[-4.0586,40.7821],[-4.0586,40.7822],[-4.0587,40.7823],[-4.0589,40.7824],[-4.0593,40.7824],[-4.0596,40.7824],[-4.0602,40.7823],[-4.0607,40.7823],[-4.0613,40.7823],[-4.0616,40.7822],[-4.0618,40.7822],[-4.0619,40.7821],[-4.062,40.782],[-4.0622,40.782],[-4.0628,40.782]]]]},"geometry_name":"GEOMETRY1","properties":{"CD_TIPO_ZONA":"A2","DS_TIPO_ZONA":"A2: Reserva Natural Educativa.","NM_AREA_M":null,"NM_AREA_HA":null}},{"type":"Feature","id":"IDEM_MA_PR_CA_MANZANARES.38","geometry":{"type":"Polygon","coordinates":[[[-3.993,40.7834],[-3.9925,40.7837],[-3.9922,40.784],[-3.9918,40.7843],[-3.9917,40.7843],[-3.9913,40.7846],[-3.9912,40.7848],[-3.9912,40.7848],[-3.9907,40.7851],[-3.9905,40.7852],[-3.9903,40.7854],[-3.9902,40.7855],[-3.993,40.7844],[-3.994,40.784],[-3.994,40.7837],[-3.9938,40.7833],[-3.9937,40.783],[-3.9935,40.7829],[-3.9934,40.7828],[-3.9934,40.7829],[-3.993,40.7834]]]},"geometry_name":"GEOMETRY1","properties":{"CD_TIPO_ZONA":"A2","DS_TIPO_ZONA":"A2: Reserva Natural Educativa.","NM_AREA_M":null,"NM_AREA_HA":null}},{"type":"Feature","id":"IDEM_MA_PR_CA_MANZANARES.39","geometry":{"type":"Polygon","coordinates":[[[-3.9779,40.7843],[-3.9776,40.7849],[-3.9771,40.7858],[-3.977,40.7859],[-3.977,40.7859],[-3.9768,40.7862],[-3.9761,40.7874],[-3.9761,40.7877],[-3.9781,40.7873],[-3.9785,40.7868],[-3.9788,40.7862],[-3.9791,40.7856],[-3.9795,40.7851],[-3.9795,40.785],[-3.9797,40.7846],[-3.9798,40.7846],[-3.9798,40.7845],[-3.9792,40.7844],[-3.9785,40.7844],[-3.9779,40.7843]]]},"geometry_name":"GEOMETRY1","properties":{"CD_TIPO_ZONA":"A2","DS_TIPO_ZONA":"A2: Reserva Natural Educativa.","NM_AREA_M":null,"NM_AREA_HA":null}},{"type":"Feature","id":"IDEM_MA_PR_CA_MANZANARES.40","geometry":{"type":"Polygon","coordinates":[[[-3.8302,40.7904],[-3.8303,40.7905],[-3.8311,40.7912],[-3.8311,40.7912],[-3.8309,40.7909],[-3.8308,40.7908],[-3.8306,40.7907],[-3.8305,40.7906],[-3.8302,40.7904]]]},"geometry_name":"GEOMETRY1","properties":{"CD_TIPO_ZONA":"A2","DS_TIPO_ZONA":"A2: Reserva Natural Educativa.","NM_AREA_M":null,"NM_AREA_HA":null}},{"type":"Feature","id":"IDEM_MA_PR_CA_MANZANARES.41","geometry":{"type":"Polygon","coordinates":[[[-3.8322,40.792],[-3.8323,40.7921],[-3.8328,40.7925],[-3.8329,40.7926],[-3.8331,40.7927],[-3.8333,40.7928],[-3.8334,40.7929],[-3.8336,40.7929],[-3.8337,40.793],[-3.8339,40.793],[-3.8343,40.7931],[-3.8345,40.7932],[-3.8347,40.7932],[-3.835,40.7933],[-3.8351,40.7934],[-3.8349,40.7933],[-3.8346,40.7932],[-3.8344,40.7931],[-3.8341,40.7931],[-3.8339,40.793],[-3.8337,40.7929],[-3.8335,40.7929],[-3.8333,40.7928],[-3.8331,40.7926],[-3.8329,40.7925],[-3.8327,40.7924],[-3.8323,40.7921],[-3.8322,40.792]]]},"geometry_name":"GEOMETRY1","properties":{"CD_TIPO_ZONA":"A2","DS_TIPO_ZONA":"A2: Reserva Natural Educativa.","NM_AREA_M":null,"NM_AREA_HA":null}},{"type":"Feature","id":"IDEM_MA_PR_CA_MANZANARES.11","geometry":{"type":"Polygon","coordinates":[[[-3.9464,40.5803],[-3.9463,40.5803],[-3.9462,40.5804],[-3.9461,40.5805],[-3.9459,40.5806],[-3.9458,40.5808],[-3.9458,40.5809],[-3.9456,40.581],[-3.9455,40.5811],[-3.9454,40.5812],[-3.9452,40.5813],[-3.945,40.5816],[-3.9448,40.5818],[-3.945,40.5819],[-3.9451,40.582],[-3.9452,40.5821],[-3.9453,40.5822],[-3.9454,40.5824],[-3.9454,40.5826],[-3.9454,40.5828],[-3.9454,40.583],[-3.9453,40.5832],[-3.9452,40.5835],[-3.9452,40.5841],[-3.9446,40.5841],[-3.9447,40.5844],[-3.9438,40.5851],[-3.9438,40.5851],[-3.9432,40.5854],[-3.9443,40.5862],[-3.9458,40.5868],[-3.9456,40.5872],[-3.946,40.5874],[-3.9458,40.5879],[-3.9455,40.5883],[-3.9456,40.5884],[-3.9456,40.5885],[-3.9455,40.5886],[-3.9455,40.5886],[-3.9454,40.5887],[-3.9453,40.5887],[-3.9452,40.5887],[-3.9451,40.5887],[-3.945,40.5886],[-3.9448,40.5885],[-3.9448,40.5885],[-3.9448,40.5884],[-3.9448,40.5884],[-3.9447,40.5882],[-3.9446,40.5881],[-3.9444,40.588],[-3.9442,40.5876],[-3.9441,40.5875],[-3.944,40.5874],[-3.9439,40.5873],[-3.9435,40.5874],[-3.9432,40.5874],[-3.9428,40.5875],[-3.9428,40.5878],[-3.9428,40.5881],[-3.9429,40.5882],[-3.9431,40.5883],[-3.9432,40.5884],[-3.9433,40.5885],[-3.9435,40.5887],[-3.9436,40.5888],[-3.9437,40.5889],[-3.9437,40.589],[-3.9437,40.5891],[-3.9436,40.5893],[-3.9436,40.5894],[-3.9435,40.5895],[-3.9434,40.5897],[-3.9434,40.5898],[-3.9433,40.5898],[-3.9434,40.5899],[-3.9434,40.59],[-3.9435,40.59],[-3.9436,40.5901],[-3.9438,40.5901],[-3.944,40.5901],[-3.9442,40.5901],[-3.9444,40.59],[-3.9445,40.59],[-3.9447,40.5899],[-3.9448,40.5899],[-3.9449,40.5899],[-3.9451,40.5899],[-3.9452,40.5899],[-3.9452,40.59],[-3.9453,40.5902],[-3.9454,40.5903],[-3.9455,40.5902],[-3.9457,40.5901],[-3.9458,40.5902],[-3.9459,40.5902],[-3.946,40.5904],[-3.9461,40.5905],[-3.9462,40.5906],[-3.9463,40.5906],[-3.9464,40.5905],[-3.9465,40.5906],[-3.9465,40.5907],[-3.9465,40.5908],[-3.9465,40.591],[-3.9466,40.5911],[-3.9467,40.5911],[-3.9468,40.5911],[-3.9468,40.591],[-3.947,40.5911],[-3.9472,40.5911],[-3.9474,40.5911],[-3.9474,40.5909],[-3.9475,40.5907],[-3.9475,40.5905],[-3.9474,40.5902],[-3.9475,40.5901],[-3.9476,40.5899],[-3.9477,40.5898],[-3.9478,40.5897],[-3.948,40.5897],[-3.9483,40.5898],[-3.9484,40.5897],[-3.9485,40.5897],[-3.9486,40.5896],[-3.9487,40.5896],[-3.9491,40.5895],[-3.9496,40.5895],[-3.95,40.5895],[-3.9505,40.5895],[-3.9503,40.5898],[-3.9501,40.5902],[-3.95,40.5905],[-3.9503,40.5906],[-3.9506,40.5906],[-3.9504,40.5908],[-3.9504,40.591],[-3.9503,40.5912],[-3.9507,40.5914],[-3.9512,40.5915],[-3.951,40.5919],[-3.9508,40.5923],[-3.9506,40.5928],[-3.9504,40.5932],[-3.9501,40.5936],[-3.9494,40.5949],[-3.9487,40.5963],[-3.9497,40.5965],[-3.9504,40.5967],[-3.9512,40.5969],[-3.952,40.5971],[-3.9528,40.5972],[-3.9526,40.5971],[-3.9524,40.5969],[-3.9512,40.5955],[-3.9517,40.5948],[-3.9521,40.594],[-3.9521,40.594],[-3.9522,40.5939],[-3.9521,40.5938],[-3.9521,40.5936],[-3.9521,40.5935],[-3.9521,40.5934],[-3.9521,40.5932],[-3.9521,40.5931],[-3.9521,40.593],[-3.9521,40.5928],[-3.9521,40.5927],[-3.9522,40.5926],[-3.9522,40.5925],[-3.9523,40.5924],[-3.9523,40.5922],[-3.9524,40.5921],[-3.9524,40.592],[-3.9525,40.5919],[-3.9526,40.5918],[-3.9527,40.5917],[-3.9528,40.5916],[-3.9529,40.5914],[-3.953,40.5913],[-3.953,40.5911],[-3.9531,40.591],[-3.9532,40.5908],[-3.9533,40.5906],[-3.9533,40.5905],[-3.9534,40.5903],[-3.9535,40.5901],[-3.9535,40.5898],[-3.9536,40.5896],[-3.9536,40.5894],[-3.9537,40.5893],[-3.9537,40.5891],[-3.9537,40.589],[-3.9537,40.5888],[-3.9537,40.5887],[-3.9537,40.5885],[-3.9536,40.5884],[-3.9536,40.5882],[-3.9536,40.5881],[-3.9535,40.5879],[-3.9535,40.5878],[-3.9534,40.5876],[-3.9529,40.5866],[-3.9527,40.5864],[-3.9525,40.5861],[-3.9523,40.5859],[-3.952,40.5856],[-3.9518,40.5854],[-3.9516,40.5851],[-3.9514,40.5849],[-3.9511,40.5846],[-3.9508,40.5843],[-3.9506,40.5841],[-3.9503,40.5838],[-3.95,40.5835],[-3.9497,40.5833],[-3.9494,40.583],[-3.9491,40.5828],[-3.9488,40.5825],[-3.9484,40.5822],[-3.9481,40.5819],[-3.9478,40.5815],[-3.9474,40.5812],[-3.9471,40.5809],[-3.9468,40.5806],[-3.9466,40.5804],[-3.9464,40.5803]]]},"geometry_name":"GEOMETRY1","properties":{"CD_TIPO_ZONA":"P","DS_TIPO_ZONA":"P: Áreas a ordenar por Planeamiento Urbanistico.","NM_AREA_M":null,"NM_AREA_HA":null}},{"type":"Feature","id":"IDEM_MA_PR_CA_MANZANARES.12","geometry":{"type":"Polygon","coordinates":[[[-3.6427,40.6074],[-3.6428,40.6076],[-3.643,40.6078],[-3.6432,40.6079],[-3.6434,40.6081],[-3.6436,40.6081],[-3.6438,40.6082],[-3.6441,40.6083],[-3.6443,40.6084],[-3.6445,40.6085],[-3.6447,40.6085],[-3.6449,40.6085],[-3.6452,40.6086],[-3.6455,40.6088],[-3.6459,40.6089],[-3.6463,40.609],[-3.6465,40.609],[-3.6467,40.609],[-3.647,40.609],[-3.6471,40.609],[-3.6473,40.609],[-3.6474,40.609],[-3.6475,40.609],[-3.6476,40.6089],[-3.6477,40.6081],[-3.6479,40.6074],[-3.6485,40.6075],[-3.6491,40.6075],[-3.6497,40.6076],[-3.6498,40.6076],[-3.65,40.6076],[-3.651,40.6077],[-3.652,40.6078],[-3.6523,40.6077],[-3.6525,40.6077],[-3.6526,40.6077],[-3.6528,40.6078],[-3.653,40.6078],[-3.6542,40.6078],[-3.6554,40.6078],[-3.6564,40.6077],[-3.6574,40.6076],[-3.6577,40.6076],[-3.6581,40.6075],[-3.6584,40.6075],[-3.6592,40.6076],[-3.66,40.6076],[-3.6607,40.6076],[-3.6609,40.6075],[-3.6611,40.6075],[-3.6613,40.6074],[-3.6615,40.6074],[-3.6617,40.6073],[-3.6619,40.6072],[-3.6621,40.6071],[-3.6623,40.607],[-3.6624,40.6069],[-3.6625,40.6069],[-3.6625,40.6068],[-3.6626,40.6068],[-3.6627,40.6067],[-3.6628,40.6066],[-3.6629,40.6066],[-3.663,40.6065],[-3.6631,40.6065],[-3.6632,40.6064],[-3.6633,40.6063],[-3.6633,40.6062],[-3.6633,40.6061],[-3.6633,40.6059],[-3.6632,40.6058],[-3.6631,40.6057],[-3.663,40.6057],[-3.6629,40.6056],[-3.6627,40.6055],[-3.6626,40.6054],[-3.6625,40.6054],[-3.6624,40.6052],[-3.6623,40.6051],[-3.6622,40.6051],[-3.6621,40.605],[-3.662,40.6049],[-3.6619,40.6049],[-3.6618,40.6049],[-3.6617,40.6049],[-3.6616,40.6049],[-3.6615,40.6049],[-3.6615,40.6049],[-3.6615,40.6048],[-3.6615,40.6048],[-3.6615,40.6047],[-3.6615,40.6047],[-3.6617,40.6045],[-3.662,40.6043],[-3.6623,40.6041],[-3.6627,40.6039],[-3.6629,40.6037],[-3.663,40.6035],[-3.6631,40.6033],[-3.6631,40.6032],[-3.6632,40.603],[-3.6633,40.6028],[-3.6635,40.6026],[-3.6637,40.6023],[-3.6639,40.602],[-3.6641,40.6017],[-3.6644,40.6013],[-3.6645,40.6009],[-3.6647,40.6005],[-3.665,40.6001],[-3.6652,40.5996],[-3.6653,40.5995],[-3.6653,40.5994],[-3.6653,40.5991],[-3.6653,40.5988],[-3.6653,40.5986],[-3.6654,40.5983],[-3.6654,40.5981],[-3.6654,40.598],[-3.6655,40.5978],[-3.6656,40.5977],[-3.6657,40.5975],[-3.6658,40.5974],[-3.6659,40.5972],[-3.6659,40.5971],[-3.6659,40.597],[-3.6659,40.5969],[-3.666,40.5968],[-3.6661,40.5967],[-3.6661,40.5966],[-3.6662,40.5965],[-3.6662,40.5963],[-3.6662,40.5958],[-3.6662,40.5953],[-3.6664,40.5951],[-3.6666,40.5948],[-3.6667,40.5946],[-3.6667,40.5944],[-3.6668,40.5943],[-3.6669,40.5941],[-3.667,40.594],[-3.667,40.5939],[-3.667,40.5937],[-3.667,40.5936],[-3.667,40.5935],[-3.6669,40.5934],[-3.6669,40.5933],[-3.6668,40.5931],[-3.6667,40.5928],[-3.6666,40.5926],[-3.6666,40.5925],[-3.6667,40.5924],[-3.6667,40.5924],[-3.6668,40.5923],[-3.6669,40.5922],[-3.667,40.5922],[-3.6671,40.5921],[-3.6672,40.5921],[-3.6676,40.592],[-3.6685,40.5916],[-3.6693,40.5912],[-3.6709,40.5904],[-3.6724,40.5897],[-3.6733,40.5893],[-3.6742,40.5888],[-3.6751,40.5884],[-3.6762,40.5878],[-3.6773,40.5873],[-3.6784,40.5867],[-3.6797,40.5861],[-3.6809,40.5855],[-3.6816,40.5852],[-3.6822,40.5849],[-3.6828,40.5846],[-3.6833,40.5842],[-3.6838,40.5839],[-3.6844,40.5836],[-3.6849,40.5833],[-3.6854,40.5831],[-3.6857,40.5829],[-3.686,40.5828],[-3.6863,40.5827],[-3.6865,40.5827],[-3.6868,40.5826],[-3.6871,40.5826],[-3.6876,40.5825],[-3.6881,40.5825],[-3.6887,40.5825],[-3.6894,40.582],[-3.6901,40.5814],[-3.6903,40.5812],[-3.6905,40.5811],[-3.6908,40.5809],[-3.691,40.5808],[-3.6913,40.5807],[-3.6915,40.5806],[-3.6915,40.5805],[-3.6914,40.5804],[-3.6913,40.5804],[-3.6912,40.5803],[-3.6911,40.5803],[-3.691,40.5803],[-3.6908,40.5803],[-3.6907,40.5803],[-3.6905,40.5803],[-3.6902,40.5802],[-3.69,40.5801],[-3.6897,40.5801],[-3.6894,40.58],[-3.6891,40.5799],[-3.6888,40.5797],[-3.6886,40.5797],[-3.6883,40.5796],[-3.6881,40.5795],[-3.6879,40.5794],[-3.6878,40.5793],[-3.6876,40.5792],[-3.6875,40.5792],[-3.6873,40.5792],[-3.6872,40.5792],[-3.6871,40.5791],[-3.6868,40.579],[-3.6866,40.5789],[-3.6864,40.5789],[-3.6862,40.5789],[-3.686,40.5789],[-3.6859,40.5788],[-3.6858,40.5788],[-3.6858,40.5788],[-3.6857,40.5787],[-3.6857,40.5787],[-3.6856,40.5787],[-3.6855,40.5787],[-3.6854,40.5787],[-3.6854,40.5787],[-3.6852,40.5786],[-3.685,40.5786],[-3.6851,40.5784],[-3.6851,40.5783],[-3.6851,40.5781],[-3.6851,40.578],[-3.685,40.5778],[-3.6849,40.5777],[-3.6849,40.5776],[-3.6849,40.5775],[-3.685,40.5774],[-3.685,40.5774],[-3.6852,40.5772],[-3.6854,40.577],[-3.6856,40.5769],[-3.6859,40.5768],[-3.686,40.5767],[-3.686,40.5766],[-3.6861,40.5766],[-3.6862,40.5766],[-3.6862,40.5766],[-3.6866,40.5765],[-3.6869,40.5765],[-3.6872,40.5765],[-3.6873,40.5765],[-3.6873,40.5765],[-3.6874,40.5764],[-3.6875,40.5764],[-3.6875,40.5764],[-3.6874,40.5762],[-3.6874,40.576],[-3.6874,40.5759],[-3.6874,40.5759],[-3.6875,40.5758],[-3.6876,40.5758],[-3.6877,40.5758],[-3.6885,40.5759],[-3.6893,40.5759],[-3.6895,40.5759],[-3.6897,40.5759],[-3.6899,40.5758],[-3.69,40.5757],[-3.6901,40.5756],[-3.6902,40.5755],[-3.6902,40.5754],[-3.6902,40.5753],[-3.6902,40.5752],[-3.6901,40.5751],[-3.6901,40.5749],[-3.6899,40.5748],[-3.6899,40.5747],[-3.6898,40.5747],[-3.6898,40.5746],[-3.6898,40.5745],[-3.6898,40.5744],[-3.6898,40.5743],[-3.6899,40.5743],[-3.69,40.5742],[-3.6903,40.5739],[-3.6905,40.5736],[-3.6907,40.5734],[-3.6909,40.5732],[-3.6912,40.5731],[-3.6914,40.5729],[-3.6916,40.5728],[-3.6917,40.5727],[-3.6919,40.5727],[-3.6921,40.5726],[-3.6923,40.5726],[-3.6924,40.5725],[-3.6925,40.5724],[-3.6926,40.5723],[-3.6926,40.5722],[-3.6926,40.572],[-3.6926,40.5718],[-3.6927,40.5717],[-3.6927,40.5716],[-3.6927,40.5716],[-3.6927,40.5716],[-3.6927,40.5716],[-3.6927,40.5716],[-3.6927,40.5714],[-3.6926,40.5712],[-3.6926,40.571],[-3.6925,40.5708],[-3.6924,40.5706],[-3.6923,40.5705],[-3.6922,40.5703],[-3.692,40.5701],[-3.6921,40.5701],[-3.6931,40.5698],[-3.694,40.5694],[-3.6943,40.5693],[-3.6947,40.5691],[-3.6951,40.569],[-3.6964,40.5687],[-3.6978,40.5684],[-3.6979,40.5683],[-3.6981,40.5683],[-3.7001,40.5686],[-3.7022,40.5688],[-3.7035,40.5684],[-3.7047,40.5681],[-3.7073,40.5673],[-3.7098,40.5666],[-3.7101,40.5665],[-3.7101,40.5665],[-3.7101,40.5665],[-3.7101,40.5665],[-3.7101,40.5665],[-3.7101,40.5665],[-3.7101,40.5663],[-3.7101,40.566],[-3.7101,40.5657],[-3.7101,40.5653],[-3.7102,40.5649],[-3.7103,40.5645],[-3.7104,40.5641],[-3.7106,40.5638],[-3.7107,40.5635],[-3.7108,40.5632],[-3.7109,40.563],[-3.711,40.5627],[-3.7111,40.5624],[-3.7111,40.5621],[-3.7111,40.5618],[-3.7112,40.5615],[-3.7112,40.5612],[-3.7112,40.5609],[-3.7112,40.5607],[-3.7112,40.5606],[-3.7112,40.5606],[-3.7112,40.5606],[-3.7112,40.5606],[-3.7112,40.5606],[-3.7112,40.5606],[-3.7112,40.5604],[-3.7111,40.5603],[-3.711,40.5602],[-3.7109,40.56],[-3.711,40.5599],[-3.7111,40.5596],[-3.7111,40.5595],[-3.711,40.5594],[-3.711,40.5593],[-3.711,40.5593],[-3.7108,40.5593],[-3.7105,40.5594],[-3.71,40.5595],[-3.7097,40.5596],[-3.7094,40.5596],[-3.709,40.5595],[-3.7088,40.5595],[-3.7087,40.5595],[-3.7083,40.5596],[-3.7082,40.5597],[-3.7082,40.5597],[-3.7081,40.5597],[-3.708,40.5597],[-3.7079,40.5597],[-3.7079,40.5597],[-3.7078,40.5597],[-3.7075,40.5597],[-3.7068,40.5597],[-3.7064,40.5597],[-3.7063,40.5597],[-3.7059,40.5598],[-3.7058,40.5598],[-3.7053,40.56],[-3.7051,40.5601],[-3.7051,40.5599],[-3.7051,40.5598],[-3.705,40.5594],[-3.705,40.5593],[-3.705,40.5591],[-3.705,40.5583],[-3.705,40.5582],[-3.7049,40.5582],[-3.7044,40.5583],[-3.7036,40.5583],[-3.7028,40.5584],[-3.7019,40.5584],[-3.7014,40.5585],[-3.7013,40.5585],[-3.7005,40.5587],[-3.7,40.5589],[-3.6992,40.5591],[-3.6986,40.5593],[-3.6978,40.5595],[-3.697,40.5597],[-3.6964,40.5599],[-3.6958,40.5601],[-3.695,40.5604],[-3.6939,40.5607],[-3.6935,40.5608],[-3.693,40.561],[-3.6924,40.5612],[-3.6918,40.5613],[-3.6913,40.5615],[-3.6912,40.5615],[-3.6897,40.5619],[-3.6892,40.5621],[-3.6892,40.5621],[-3.6889,40.5622],[-3.6879,40.5625],[-3.6869,40.5628],[-3.6865,40.5629],[-3.6853,40.5633],[-3.6846,40.5635],[-3.6836,40.5638],[-3.6825,40.5641],[-3.6819,40.5643],[-3.6814,40.5645],[-3.6801,40.5649],[-3.6792,40.5651],[-3.6783,40.5654],[-3.6774,40.5657],[-3.676,40.5661],[-3.6753,40.5663],[-3.6746,40.5665],[-3.6735,40.5668],[-3.673,40.567],[-3.6717,40.5674],[-3.6713,40.5675],[-3.6699,40.5679],[-3.6692,40.5681],[-3.6687,40.5683],[-3.6671,40.5688],[-3.6665,40.5689],[-3.665,40.5694],[-3.6626,40.5701],[-3.6611,40.5705],[-3.6596,40.571],[-3.6582,40.5715],[-3.6571,40.5718],[-3.6557,40.5722],[-3.655,40.5724],[-3.6549,40.5724],[-3.6548,40.5725],[-3.6548,40.5725],[-3.6549,40.5725],[-3.6549,40.5725],[-3.6549,40.5726],[-3.6549,40.5726],[-3.6549,40.5727],[-3.6548,40.5728],[-3.6548,40.5731],[-3.6547,40.5732],[-3.6546,40.5735],[-3.6545,40.5736],[-3.6544,40.5739],[-3.6543,40.574],[-3.6541,40.5742],[-3.6534,40.575],[-3.6528,40.5756],[-3.6526,40.5757],[-3.6523,40.5759],[-3.652,40.5761],[-3.6517,40.5762],[-3.6513,40.5764],[-3.6511,40.5764],[-3.6509,40.5765],[-3.6507,40.5766],[-3.6504,40.5766],[-3.6501,40.5766],[-3.6497,40.5766],[-3.6493,40.5767],[-3.6488,40.5767],[-3.6486,40.5767],[-3.6483,40.5767],[-3.648,40.5768],[-3.6476,40.5769],[-3.6472,40.5769],[-3.6465,40.5769],[-3.6458,40.5769],[-3.6455,40.5768],[-3.6452,40.5768],[-3.645,40.5769],[-3.6449,40.5769],[-3.6447,40.5769],[-3.6446,40.5768],[-3.6442,40.5768],[-3.6438,40.5767],[-3.6432,40.5766],[-3.6426,40.5764],[-3.6425,40.5764],[-3.6425,40.5763],[-3.6421,40.5761],[-3.6417,40.5759],[-3.6413,40.5757],[-3.6408,40.5755],[-3.6404,40.5754],[-3.64,40.5753],[-3.6397,40.5752],[-3.6393,40.5751],[-3.639,40.575],[-3.6386,40.575],[-3.6383,40.5749],[-3.6375,40.5748],[-3.6367,40.5747],[-3.636,40.5746],[-3.6354,40.5745],[-3.6349,40.5745],[-3.6344,40.5745],[-3.634,40.5745],[-3.6335,40.5745],[-3.6329,40.5745],[-3.6323,40.5745],[-3.6319,40.5747],[-3.6315,40.5748],[-3.6311,40.5749],[-3.6309,40.5747],[-3.6306,40.5746],[-3.6304,40.5745],[-3.63,40.5744],[-3.6297,40.5743],[-3.6295,40.5742],[-3.6292,40.574],[-3.629,40.5739],[-3.6289,40.5738],[-3.6288,40.5738],[-3.6287,40.5737],[-3.6285,40.5737],[-3.6285,40.5737],[-3.6285,40.5737],[-3.6285,40.5737],[-3.6285,40.5737],[-3.6285,40.5737],[-3.6285,40.5737],[-3.6284,40.5737],[-3.6282,40.5736],[-3.6281,40.5736],[-3.628,40.5736],[-3.6279,40.5736],[-3.6277,40.5736],[-3.6276,40.5735],[-3.6275,40.5735],[-3.6274,40.5735],[-3.6272,40.5736],[-3.6269,40.5735],[-3.6266,40.5735],[-3.6263,40.5735],[-3.626,40.5735],[-3.6257,40.5735],[-3.6254,40.5736],[-3.6251,40.5736],[-3.6245,40.574],[-3.6239,40.5745],[-3.6233,40.5749],[-3.6227,40.5754],[-3.622,40.5758],[-3.6216,40.5762],[-3.6212,40.5766],[-3.6207,40.577],[-3.6203,40.5773],[-3.6199,40.5777],[-3.6194,40.5781],[-3.6189,40.5784],[-3.6185,40.5788],[-3.618,40.5792],[-3.6176,40.5795],[-3.6172,40.5798],[-3.6168,40.5802],[-3.6163,40.5806],[-3.6159,40.5807],[-3.6155,40.5808],[-3.6151,40.5809],[-3.6147,40.581],[-3.6143,40.5812],[-3.6139,40.5813],[-3.6135,40.5814],[-3.6131,40.5816],[-3.6128,40.5817],[-3.6125,40.5819],[-3.6121,40.582],[-3.6118,40.5821],[-3.6115,40.5823],[-3.6112,40.5824],[-3.6109,40.5826],[-3.6106,40.5827],[-3.6103,40.5829],[-3.61,40.583],[-3.61,40.583],[-3.61,40.583],[-3.61,40.583],[-3.61,40.583],[-3.61,40.5831],[-3.61,40.5831],[-3.6101,40.5831],[-3.6101,40.5831],[-3.6105,40.5833],[-3.6108,40.5835],[-3.6111,40.5836],[-3.6113,40.5837],[-3.6116,40.5838],[-3.6119,40.5839],[-3.6122,40.584],[-3.6127,40.5845],[-3.6132,40.5849],[-3.6137,40.5853],[-3.6142,40.5856],[-3.6145,40.5858],[-3.6147,40.586],[-3.615,40.5862],[-3.6153,40.5864],[-3.6156,40.5864],[-3.616,40.5865],[-3.6163,40.5865],[-3.6166,40.5865],[-3.6168,40.5865],[-3.6171,40.5866],[-3.6173,40.5867],[-3.6176,40.5867],[-3.6182,40.5869],[-3.6188,40.5871],[-3.6194,40.5873],[-3.62,40.5875],[-3.6201,40.5876],[-3.6203,40.5877],[-3.6204,40.5879],[-3.6205,40.588],[-3.6206,40.5882],[-3.6207,40.5883],[-3.6209,40.5891],[-3.6212,40.5899],[-3.6212,40.59],[-3.6213,40.5901],[-3.6214,40.5902],[-3.6215,40.5903],[-3.6216,40.5904],[-3.6221,40.5906],[-3.6226,40.5908],[-3.6232,40.591],[-3.6237,40.5913],[-3.625,40.5919],[-3.6262,40.5925],[-3.6275,40.593],[-3.6276,40.593],[-3.6278,40.5931],[-3.628,40.5931],[-3.6282,40.5932],[-3.6283,40.5933],[-3.6285,40.5934],[-3.6287,40.5935],[-3.6289,40.5936],[-3.6291,40.5937],[-3.6293,40.5938],[-3.6295,40.5939],[-3.6297,40.5939],[-3.63,40.5939],[-3.6302,40.5939],[-3.6305,40.5939],[-3.6307,40.5939],[-3.6309,40.5938],[-3.6311,40.5938],[-3.6314,40.5938],[-3.6316,40.5938],[-3.6319,40.5939],[-3.6321,40.5939],[-3.6327,40.594],[-3.6332,40.594],[-3.6333,40.594],[-3.6334,40.594],[-3.6335,40.5941],[-3.6335,40.5941],[-3.6336,40.5942],[-3.6336,40.5943],[-3.6337,40.5943],[-3.6338,40.5944],[-3.6339,40.5944],[-3.6339,40.5945],[-3.634,40.5945],[-3.6341,40.5946],[-3.6341,40.5947],[-3.6342,40.5948],[-3.6342,40.595],[-3.6341,40.5951],[-3.6341,40.5952],[-3.634,40.5954],[-3.6339,40.5955],[-3.6338,40.5956],[-3.6337,40.5956],[-3.6336,40.5957],[-3.6336,40.5958],[-3.6335,40.5959],[-3.6335,40.596],[-3.6335,40.5961],[-3.6336,40.5963],[-3.6336,40.5964],[-3.6337,40.5965],[-3.6339,40.5967],[-3.634,40.5968],[-3.6343,40.5968],[-3.6345,40.5969],[-3.6348,40.5971],[-3.635,40.5972],[-3.6352,40.5974],[-3.6353,40.5975],[-3.6354,40.5977],[-3.6355,40.5978],[-3.6357,40.5979],[-3.6359,40.5981],[-3.6361,40.5983],[-3.6364,40.5986],[-3.6366,40.5989],[-3.6367,40.599],[-3.6367,40.5991],[-3.6368,40.5992],[-3.6369,40.5994],[-3.637,40.5995],[-3.6371,40.5996],[-3.6372,40.5997],[-3.6376,40.6001],[-3.6379,40.6005],[-3.6382,40.6006],[-3.6385,40.6008],[-3.6387,40.601],[-3.6389,40.6012],[-3.6391,40.6015],[-3.6392,40.6017],[-3.6394,40.6019],[-3.6396,40.602],[-3.6397,40.6021],[-3.6398,40.6022],[-3.64,40.6023],[-3.6401,40.6024],[-3.6401,40.6026],[-3.6402,40.6026],[-3.6403,40.6027],[-3.6403,40.6027],[-3.6403,40.6028],[-3.6403,40.6029],[-3.6402,40.603],[-3.6402,40.6032],[-3.6401,40.6033],[-3.6401,40.6035],[-3.6401,40.6036],[-3.6403,40.6039],[-3.6405,40.6041],[-3.6407,40.6044],[-3.6409,40.6046],[-3.6413,40.6052],[-3.6416,40.6057],[-3.6417,40.6058],[-3.6417,40.606],[-3.6418,40.6061],[-3.6421,40.6064],[-3.6423,40.6068],[-3.6423,40.6069],[-3.6424,40.6071],[-3.6425,40.6072],[-3.6427,40.6074]]]},"geometry_name":"GEOMETRY1","properties":{"CD_TIPO_ZONA":"B2","DS_TIPO_ZONA":"B2: Parque Comarcal Agropecuario Productor.","NM_AREA_M":null,"NM_AREA_HA":null}},{"type":"Feature","id":"IDEM_MA_PR_CA_MANZANARES.13","geometry":{"type":"Polygon","coordinates":[[[-3.8984,40.6081],[-3.8987,40.6082],[-3.8989,40.6082],[-3.8989,40.6082],[-3.899,40.6081],[-3.8991,40.6081],[-3.8992,40.6081],[-3.8993,40.6081],[-3.8995,40.6081],[-3.8997,40.6081],[-3.8997,40.608],[-3.8998,40.608],[-3.8999,40.608],[-3.9,40.608],[-3.9001,40.608],[-3.9002,40.608],[-3.9004,40.6078],[-3.9007,40.6077],[-3.9009,40.6077],[-3.9011,40.6076],[-3.9013,40.6076],[-3.9015,40.6076],[-3.9014,40.6074],[-3.9014,40.6072],[-3.9013,40.607],[-3.9018,40.6068],[-3.9023,40.6065],[-3.9026,40.6064],[-3.903,40.6062],[-3.9036,40.6058],[-3.9041,40.6055],[-3.9043,40.6054],[-3.9045,40.6054],[-3.9047,40.6054],[-3.9049,40.6053],[-3.9053,40.6052],[-3.9057,40.6051],[-3.9061,40.6049],[-3.9065,40.6048],[-3.9069,40.6046],[-3.9074,40.6043],[-3.908,40.6041],[-3.9087,40.6037],[-3.9094,40.6034],[-3.9102,40.6031],[-3.9104,40.6029],[-3.9108,40.6026],[-3.9112,40.6024],[-3.9117,40.602],[-3.9123,40.6017],[-3.9123,40.6016],[-3.9123,40.6015],[-3.9123,40.6014],[-3.9124,40.6013],[-3.9125,40.6012],[-3.9126,40.6012],[-3.9127,40.601],[-3.9128,40.6008],[-3.9127,40.6007],[-3.9125,40.6007],[-3.9123,40.6007],[-3.9121,40.6006],[-3.9118,40.6006],[-3.9116,40.6007],[-3.9111,40.6006],[-3.9107,40.6006],[-3.9106,40.6005],[-3.9105,40.6005],[-3.9104,40.6004],[-3.9104,40.6004],[-3.9104,40.6003],[-3.9101,40.6001],[-3.9099,40.6],[-3.9097,40.5998],[-3.9094,40.5999],[-3.9091,40.6001],[-3.9087,40.6003],[-3.9084,40.6005],[-3.9078,40.6008],[-3.9077,40.601],[-3.9077,40.6011],[-3.9076,40.6012],[-3.9076,40.6014],[-3.9074,40.6014],[-3.9073,40.6014],[-3.9069,40.6014],[-3.9065,40.6013],[-3.9064,40.6013],[-3.9063,40.6013],[-3.9061,40.6013],[-3.9059,40.6013],[-3.9058,40.6013],[-3.9057,40.6013],[-3.9056,40.6013],[-3.9055,40.6012],[-3.9054,40.6012],[-3.9053,40.6012],[-3.9052,40.6011],[-3.9051,40.601],[-3.905,40.601],[-3.9049,40.601],[-3.9048,40.6009],[-3.9047,40.601],[-3.9047,40.6011],[-3.9047,40.6012],[-3.9046,40.6012],[-3.9046,40.6013],[-3.9046,40.6013],[-3.9046,40.6014],[-3.9045,40.6014],[-3.9044,40.6015],[-3.9043,40.6015],[-3.9041,40.6016],[-3.9039,40.6016],[-3.9038,40.6018],[-3.9038,40.6019],[-3.9037,40.602],[-3.9036,40.602],[-3.9035,40.602],[-3.9034,40.602],[-3.9032,40.602],[-3.9031,40.602],[-3.9029,40.602],[-3.9028,40.602],[-3.9026,40.6019],[-3.9025,40.6019],[-3.9024,40.6018],[-3.9022,40.6017],[-3.9021,40.6017],[-3.902,40.6016],[-3.9018,40.6016],[-3.9017,40.6016],[-3.9015,40.6016],[-3.9014,40.6016],[-3.9012,40.6016],[-3.9009,40.6017],[-3.9005,40.6017],[-3.9004,40.6017],[-3.9002,40.6016],[-3.9,40.6015],[-3.8999,40.6014],[-3.8997,40.6012],[-3.8996,40.6009],[-3.8995,40.6009],[-3.8995,40.6008],[-3.8994,40.6008],[-3.8993,40.6008],[-3.8992,40.6008],[-3.8991,40.6008],[-3.899,40.6008],[-3.8989,40.6008],[-3.8988,40.6009],[-3.8987,40.6009],[-3.8986,40.601],[-3.8986,40.601],[-3.8985,40.6011],[-3.8983,40.6012],[-3.8981,40.6013],[-3.898,40.6014],[-3.8978,40.6016],[-3.8977,40.6017],[-3.8977,40.6018],[-3.8976,40.6019],[-3.8976,40.602],[-3.8976,40.6021],[-3.8976,40.6022],[-3.8976,40.6023],[-3.8977,40.6024],[-3.8977,40.6026],[-3.8977,40.6026],[-3.8977,40.6027],[-3.8978,40.6027],[-3.8978,40.6027],[-3.8979,40.6027],[-3.8979,40.6027],[-3.898,40.6027],[-3.898,40.6028],[-3.8981,40.6028],[-3.8981,40.6028],[-3.898,40.6029],[-3.898,40.6029],[-3.898,40.603],[-3.8981,40.603],[-3.8981,40.6031],[-3.8981,40.6031],[-3.8981,40.6031],[-3.8981,40.6032],[-3.898,40.6032],[-3.898,40.6032],[-3.8979,40.6032],[-3.8978,40.6031],[-3.8978,40.6031],[-3.8977,40.6031],[-3.8975,40.6031],[-3.8974,40.6031],[-3.8973,40.6031],[-3.8972,40.6031],[-3.8971,40.6031],[-3.8971,40.6032],[-3.897,40.6032],[-3.897,40.6033],[-3.8969,40.6034],[-3.8969,40.6035],[-3.8969,40.6035],[-3.8969,40.6037],[-3.8969,40.6038],[-3.8969,40.6039],[-3.8968,40.6041],[-3.8968,40.6041],[-3.8968,40.6042],[-3.8967,40.6042],[-3.8966,40.6043],[-3.8966,40.6044],[-3.8966,40.6044],[-3.8965,40.6045],[-3.8965,40.6045],[-3.8964,40.6046],[-3.8964,40.6047],[-3.8964,40.6047],[-3.8964,40.6048],[-3.8965,40.6048],[-3.8965,40.6049],[-3.8965,40.605],[-3.8965,40.6051],[-3.8965,40.6052],[-3.8964,40.6053],[-3.8964,40.6053],[-3.8964,40.6054],[-3.8963,40.6055],[-3.8963,40.6055],[-3.8963,40.6056],[-3.8964,40.6057],[-3.8964,40.6058],[-3.8964,40.6059],[-3.8964,40.606],[-3.8964,40.606],[-3.8963,40.6062],[-3.8963,40.6064],[-3.8964,40.6065],[-3.8965,40.6067],[-3.8966,40.6068],[-3.8967,40.607],[-3.8967,40.6071],[-3.8967,40.6072],[-3.8967,40.6074],[-3.8968,40.6075],[-3.8968,40.6077],[-3.8969,40.6078],[-3.897,40.6079],[-3.8972,40.608],[-3.8973,40.6081],[-3.8974,40.6081],[-3.8976,40.6081],[-3.8977,40.6081],[-3.8979,40.6081],[-3.8982,40.6081],[-3.8984,40.6081]]]},"geometry_name":"GEOMETRY1","properties":{"CD_TIPO_ZONA":"P","DS_TIPO_ZONA":"P: Áreas a ordenar por Planeamiento Urbanistico.","NM_AREA_M":null,"NM_AREA_HA":null}},{"type":"Feature","id":"IDEM_MA_PR_CA_MANZANARES.14","geometry":{"type":"Polygon","coordinates":[[[-3.7952,40.614],[-3.7956,40.6141],[-3.7959,40.6143],[-3.7963,40.6145],[-3.7966,40.6146],[-3.7968,40.6148],[-3.7971,40.6149],[-3.7973,40.615],[-3.7975,40.6151],[-3.7977,40.6151],[-3.7979,40.6151],[-3.7982,40.6151],[-3.7984,40.6151],[-3.7986,40.6151],[-3.7988,40.615],[-3.7993,40.6148],[-3.7997,40.6146],[-3.7999,40.6145],[-3.8,40.6145],[-3.8001,40.6144],[-3.8003,40.6144],[-3.8005,40.6143],[-3.8017,40.6146],[-3.8029,40.6148],[-3.803,40.6149],[-3.8031,40.6149],[-3.8032,40.6148],[-3.8033,40.6148],[-3.8033,40.6147],[-3.8033,40.6146],[-3.8033,40.6146],[-3.8033,40.6145],[-3.8033,40.6144],[-3.8034,40.6144],[-3.8035,40.6144],[-3.8036,40.6144],[-3.8038,40.6144],[-3.8039,40.6144],[-3.8041,40.6145],[-3.8042,40.6146],[-3.8043,40.6146],[-3.8044,40.6147],[-3.8045,40.6147],[-3.8046,40.6147],[-3.8047,40.6147],[-3.8048,40.6147],[-3.8049,40.6147],[-3.8049,40.6147],[-3.805,40.6146],[-3.8051,40.6146],[-3.8052,40.6146],[-3.8052,40.6146],[-3.8053,40.6147],[-3.8056,40.6148],[-3.8059,40.6148],[-3.8061,40.6149],[-3.8064,40.6149],[-3.8066,40.615],[-3.8066,40.6149],[-3.8066,40.6148],[-3.8066,40.6148],[-3.8065,40.6145],[-3.8063,40.6143],[-3.8062,40.6141],[-3.8061,40.6139],[-3.8059,40.6137],[-3.8058,40.6136],[-3.8056,40.6133],[-3.8054,40.6129],[-3.8052,40.6126],[-3.8051,40.6126],[-3.8051,40.6125],[-3.8051,40.6124],[-3.8051,40.6123],[-3.8052,40.6123],[-3.8054,40.612],[-3.8056,40.6117],[-3.8055,40.6113],[-3.8054,40.6109],[-3.8053,40.6105],[-3.8053,40.6104],[-3.8052,40.6104],[-3.8052,40.6103],[-3.8051,40.6103],[-3.805,40.6102],[-3.8049,40.6102],[-3.8048,40.6102],[-3.8047,40.6102],[-3.8046,40.6102],[-3.8045,40.6101],[-3.8044,40.6101],[-3.8042,40.6101],[-3.8041,40.6101],[-3.8038,40.6101],[-3.8035,40.6102],[-3.8032,40.6103],[-3.803,40.6104],[-3.8029,40.6106],[-3.8028,40.6107],[-3.8027,40.6108],[-3.8026,40.6109],[-3.8024,40.611],[-3.8022,40.6111],[-3.802,40.6112],[-3.8019,40.6112],[-3.8018,40.6113],[-3.8016,40.6112],[-3.8015,40.6112],[-3.8014,40.6112],[-3.8013,40.6112],[-3.8012,40.6112],[-3.801,40.6113],[-3.801,40.6114],[-3.8009,40.6114],[-3.8007,40.6116],[-3.8005,40.6117],[-3.8003,40.6118],[-3.8001,40.6119],[-3.7999,40.612],[-3.7997,40.6121],[-3.7995,40.6121],[-3.7992,40.6122],[-3.799,40.6122],[-3.7988,40.6122],[-3.7987,40.6122],[-3.7985,40.6122],[-3.7984,40.6121],[-3.7983,40.6121],[-3.7981,40.612],[-3.7981,40.6119],[-3.798,40.6117],[-3.7979,40.6116],[-3.7977,40.6115],[-3.7975,40.6113],[-3.7973,40.6112],[-3.7971,40.611],[-3.7969,40.6108],[-3.7967,40.6107],[-3.7965,40.6106],[-3.7962,40.6105],[-3.7962,40.6105],[-3.7961,40.6105],[-3.7961,40.6105],[-3.7961,40.6106],[-3.7961,40.6107],[-3.7961,40.6109],[-3.7961,40.6109],[-3.7961,40.6109],[-3.796,40.611],[-3.796,40.611],[-3.7959,40.611],[-3.7958,40.611],[-3.7957,40.611],[-3.7955,40.611],[-3.7954,40.611],[-3.7952,40.611],[-3.7951,40.6111],[-3.7951,40.6112],[-3.795,40.6112],[-3.795,40.6113],[-3.795,40.6114],[-3.795,40.6115],[-3.7953,40.6119],[-3.7956,40.6123],[-3.7958,40.6127],[-3.7959,40.6128],[-3.796,40.6129],[-3.7962,40.6131],[-3.7963,40.6132],[-3.7965,40.6134],[-3.7966,40.6135],[-3.7966,40.6136],[-3.7964,40.6137],[-3.7961,40.6139],[-3.7957,40.6139],[-3.7952,40.614]]]},"geometry_name":"GEOMETRY1","properties":{"CD_TIPO_ZONA":"B2","DS_TIPO_ZONA":"B2: Parque Comarcal Agropecuario Productor.","NM_AREA_M":null,"NM_AREA_HA":null}},{"type":"Feature","id":"IDEM_MA_PR_CA_MANZANARES.15","geometry":{"type":"Polygon","coordinates":[[[-3.6891,40.604],[-3.6891,40.604],[-3.6892,40.604],[-3.6893,40.6041],[-3.6894,40.6042],[-3.6895,40.6043],[-3.6896,40.6044],[-3.6897,40.6045],[-3.6898,40.6045],[-3.6899,40.6046],[-3.6901,40.6047],[-3.6902,40.6047],[-3.6906,40.605],[-3.6911,40.6052],[-3.6913,40.6054],[-3.6915,40.6055],[-3.6916,40.6056],[-3.6918,40.6057],[-3.6919,40.6058],[-3.692,40.6059],[-3.6923,40.6061],[-3.6926,40.6062],[-3.6929,40.6063],[-3.6929,40.6063],[-3.693,40.6063],[-3.6931,40.6063],[-3.6931,40.6063],[-3.6932,40.6064],[-3.6932,40.6064],[-3.6933,40.6064],[-3.6933,40.6065],[-3.6934,40.6065],[-3.6934,40.6066],[-3.6935,40.6066],[-3.6935,40.6067],[-3.6935,40.6068],[-3.6935,40.6069],[-3.6936,40.607],[-3.6936,40.607],[-3.6936,40.6071],[-3.6935,40.6073],[-3.6934,40.6076],[-3.6933,40.6078],[-3.6931,40.608],[-3.693,40.6082],[-3.6929,40.6084],[-3.6928,40.6086],[-3.6926,40.6088],[-3.6925,40.609],[-3.6924,40.6091],[-3.6923,40.6093],[-3.6923,40.6095],[-3.6922,40.6096],[-3.6921,40.6098],[-3.6921,40.61],[-3.6921,40.6102],[-3.6921,40.6103],[-3.6921,40.6105],[-3.6921,40.6107],[-3.6921,40.6108],[-3.692,40.6109],[-3.6919,40.6111],[-3.6919,40.6112],[-3.6918,40.6113],[-3.6918,40.6114],[-3.6918,40.6115],[-3.6917,40.6116],[-3.6917,40.6117],[-3.6917,40.6118],[-3.6919,40.6124],[-3.692,40.6129],[-3.6922,40.6134],[-3.6923,40.614],[-3.6925,40.6145],[-3.6925,40.6147],[-3.6926,40.6149],[-3.6926,40.6151],[-3.6926,40.6153],[-3.6926,40.6154],[-3.6926,40.6154],[-3.6927,40.6155],[-3.6927,40.6155],[-3.6927,40.6156],[-3.6927,40.6157],[-3.6928,40.6157],[-3.6928,40.6158],[-3.6929,40.6158],[-3.6929,40.6158],[-3.693,40.6159],[-3.693,40.6159],[-3.6931,40.6159],[-3.6932,40.616],[-3.6932,40.616],[-3.6936,40.616],[-3.694,40.616],[-3.6943,40.616],[-3.6944,40.616],[-3.6944,40.616],[-3.6945,40.616],[-3.6946,40.616],[-3.6946,40.616],[-3.6947,40.616],[-3.6948,40.616],[-3.6948,40.616],[-3.6949,40.616],[-3.6949,40.616],[-3.695,40.616],[-3.695,40.616],[-3.695,40.6161],[-3.6951,40.6161],[-3.6951,40.6161],[-3.6951,40.6162],[-3.6951,40.6162],[-3.6951,40.6162],[-3.6951,40.6163],[-3.6951,40.6165],[-3.6951,40.6168],[-3.6952,40.617],[-3.6952,40.6173],[-3.6954,40.6174],[-3.6955,40.6175],[-3.6957,40.6177],[-3.6959,40.6178],[-3.6961,40.6179],[-3.6963,40.618],[-3.6965,40.6181],[-3.6967,40.6182],[-3.6969,40.6183],[-3.6971,40.6184],[-3.6973,40.6184],[-3.6976,40.6185],[-3.6978,40.6186],[-3.6981,40.6187],[-3.6983,40.6187],[-3.6986,40.6188],[-3.6988,40.6188],[-3.6992,40.6189],[-3.6996,40.6189],[-3.7,40.619],[-3.7004,40.619],[-3.7009,40.619],[-3.7013,40.619],[-3.7017,40.619],[-3.7021,40.619],[-3.7025,40.619],[-3.7029,40.619],[-3.7034,40.619],[-3.7038,40.619],[-3.7042,40.6189],[-3.7047,40.6189],[-3.7051,40.6189],[-3.7055,40.6188],[-3.706,40.6188],[-3.7061,40.6187],[-3.7063,40.6187],[-3.7064,40.6186],[-3.7066,40.6186],[-3.7067,40.6186],[-3.7069,40.6185],[-3.7071,40.6185],[-3.7072,40.6185],[-3.7074,40.6185],[-3.7076,40.6185],[-3.7079,40.6185],[-3.7083,40.6185],[-3.7086,40.6185],[-3.7089,40.6186],[-3.7093,40.6186],[-3.7096,40.6186],[-3.71,40.6186],[-3.7103,40.6186],[-3.7106,40.6186],[-3.711,40.6185],[-3.7113,40.6185],[-3.7115,40.6185],[-3.7117,40.6185],[-3.7119,40.6185],[-3.7121,40.6185],[-3.7123,40.6184],[-3.7125,40.6184],[-3.7127,40.6184],[-3.7129,40.6183],[-3.7131,40.6183],[-3.7133,40.6182],[-3.7134,40.6181],[-3.7136,40.6181],[-3.7138,40.618],[-3.714,40.6179],[-3.7143,40.6177],[-3.7146,40.6175],[-3.715,40.6173],[-3.7153,40.6171],[-3.7157,40.617],[-3.716,40.6168],[-3.7165,40.6166],[-3.7169,40.6164],[-3.7174,40.6162],[-3.7178,40.616],[-3.7183,40.6158],[-3.7188,40.6156],[-3.7192,40.6154],[-3.7197,40.6153],[-3.7205,40.615],[-3.7212,40.6148],[-3.722,40.6145],[-3.7227,40.6142],[-3.723,40.6141],[-3.7233,40.614],[-3.7235,40.614],[-3.7238,40.6139],[-3.724,40.6138],[-3.7243,40.6137],[-3.7246,40.6136],[-3.7249,40.6136],[-3.7251,40.6135],[-3.7254,40.6135],[-3.7261,40.6134],[-3.7268,40.6133],[-3.7274,40.6132],[-3.7281,40.6131],[-3.7288,40.613],[-3.7294,40.613],[-3.7301,40.6129],[-3.7312,40.6128],[-3.7323,40.6127],[-3.7335,40.6126],[-3.7346,40.6125],[-3.7354,40.6118],[-3.7363,40.6111],[-3.7363,40.6104],[-3.7364,40.6097],[-3.7364,40.609],[-3.7365,40.6084],[-3.7365,40.6077],[-3.7366,40.607],[-3.7366,40.607],[-3.7366,40.6069],[-3.7366,40.6068],[-3.7366,40.6068],[-3.7366,40.6067],[-3.7366,40.6066],[-3.7366,40.6065],[-3.7367,40.6063],[-3.7368,40.6061],[-3.7368,40.6058],[-3.7368,40.6056],[-3.7369,40.6054],[-3.7369,40.6052],[-3.7369,40.6049],[-3.7369,40.6047],[-3.737,40.6046],[-3.737,40.6045],[-3.737,40.6043],[-3.737,40.6042],[-3.7371,40.6041],[-3.7371,40.604],[-3.7372,40.6039],[-3.7372,40.6039],[-3.7372,40.6039],[-3.7372,40.6039],[-3.7372,40.6039],[-3.7372,40.6039],[-3.7372,40.6038],[-3.7372,40.6034],[-3.7373,40.603],[-3.7374,40.6027],[-3.7375,40.6023],[-3.7378,40.6013],[-3.7382,40.6003],[-3.7385,40.5994],[-3.7398,40.5979],[-3.7412,40.5965],[-3.7434,40.5941],[-3.7434,40.594],[-3.7435,40.5939],[-3.7435,40.5938],[-3.7436,40.5938],[-3.7437,40.5937],[-3.7437,40.5936],[-3.7438,40.5935],[-3.7438,40.5933],[-3.7444,40.5926],[-3.745,40.5918],[-3.7408,40.5906],[-3.7396,40.5893],[-3.7391,40.5881],[-3.7387,40.5874],[-3.7387,40.5873],[-3.7387,40.5872],[-3.7387,40.5872],[-3.7386,40.5871],[-3.7386,40.587],[-3.7386,40.587],[-3.7385,40.5869],[-3.7381,40.5865],[-3.7379,40.5864],[-3.7377,40.5863],[-3.7375,40.5862],[-3.7372,40.5861],[-3.737,40.586],[-3.7367,40.586],[-3.7365,40.5859],[-3.7362,40.5858],[-3.736,40.5858],[-3.7353,40.5857],[-3.7346,40.5855],[-3.7339,40.5854],[-3.7332,40.5853],[-3.733,40.5853],[-3.7328,40.5854],[-3.7327,40.5854],[-3.7325,40.5854],[-3.7324,40.5854],[-3.7322,40.5854],[-3.732,40.5854],[-3.7319,40.5854],[-3.7317,40.5854],[-3.7316,40.5853],[-3.7314,40.5853],[-3.7309,40.5853],[-3.7304,40.5852],[-3.7299,40.5852],[-3.7295,40.585],[-3.729,40.5848],[-3.7286,40.5847],[-3.7281,40.5845],[-3.7271,40.5842],[-3.726,40.5839],[-3.7249,40.5836],[-3.7238,40.5833],[-3.7228,40.583],[-3.7225,40.5829],[-3.7222,40.5828],[-3.722,40.5827],[-3.7217,40.5827],[-3.7214,40.5826],[-3.7207,40.5822],[-3.7194,40.5821],[-3.7172,40.5829],[-3.7145,40.5826],[-3.713,40.5833],[-3.7127,40.5832],[-3.7125,40.5832],[-3.7122,40.5832],[-3.7119,40.5831],[-3.7117,40.5831],[-3.7114,40.5831],[-3.7111,40.5831],[-3.711,40.5831],[-3.7109,40.5831],[-3.7107,40.5831],[-3.7106,40.5831],[-3.7101,40.5832],[-3.7096,40.5833],[-3.7088,40.5835],[-3.7084,40.5836],[-3.708,40.5837],[-3.7075,40.5839],[-3.707,40.5841],[-3.7062,40.5844],[-3.7054,40.5848],[-3.7054,40.5838],[-3.7054,40.5828],[-3.7054,40.5821],[-3.7054,40.5815],[-3.7054,40.5808],[-3.7054,40.5802],[-3.7054,40.5796],[-3.7054,40.5791],[-3.7054,40.5789],[-3.7054,40.5786],[-3.7041,40.5786],[-3.7027,40.5786],[-3.7022,40.5786],[-3.7017,40.5786],[-3.7014,40.5786],[-3.7012,40.5786],[-3.7009,40.5786],[-3.7006,40.5786],[-3.7001,40.5783],[-3.6996,40.5779],[-3.6991,40.5776],[-3.699,40.5774],[-3.6988,40.5773],[-3.6986,40.5771],[-3.6985,40.577],[-3.6983,40.5769],[-3.6981,40.5767],[-3.6979,40.5765],[-3.6976,40.5763],[-3.6975,40.5762],[-3.6974,40.5761],[-3.6974,40.5761],[-3.6973,40.576],[-3.6973,40.5759],[-3.6973,40.5756],[-3.6973,40.5753],[-3.6973,40.5752],[-3.6972,40.5751],[-3.6972,40.5749],[-3.6971,40.5748],[-3.697,40.5747],[-3.6968,40.5746],[-3.6965,40.5744],[-3.6963,40.5743],[-3.696,40.5741],[-3.6956,40.5739],[-3.6953,40.5738],[-3.6949,40.5736],[-3.6947,40.5734],[-3.6945,40.5732],[-3.6943,40.5729],[-3.6941,40.5727],[-3.6939,40.5724],[-3.6937,40.5722],[-3.6934,40.5719],[-3.6927,40.5716],[-3.6927,40.5716],[-3.6927,40.5716],[-3.6927,40.5716],[-3.6927,40.5716],[-3.6927,40.5717],[-3.6926,40.5718],[-3.6926,40.572],[-3.6926,40.5722],[-3.6926,40.5723],[-3.6925,40.5724],[-3.6924,40.5725],[-3.6923,40.5726],[-3.6921,40.5726],[-3.6919,40.5727],[-3.6917,40.5727],[-3.6916,40.5728],[-3.6914,40.5729],[-3.6912,40.5731],[-3.6909,40.5732],[-3.6907,40.5734],[-3.6905,40.5736],[-3.6903,40.5739],[-3.69,40.5742],[-3.6899,40.5743],[-3.6898,40.5743],[-3.6898,40.5744],[-3.6898,40.5745],[-3.6898,40.5746],[-3.6898,40.5747],[-3.6899,40.5747],[-3.6899,40.5748],[-3.6901,40.5749],[-3.6901,40.5751],[-3.6902,40.5752],[-3.6902,40.5753],[-3.6902,40.5754],[-3.6902,40.5755],[-3.6901,40.5756],[-3.69,40.5757],[-3.6899,40.5758],[-3.6897,40.5759],[-3.6895,40.5759],[-3.6893,40.5759],[-3.6885,40.5759],[-3.6877,40.5758],[-3.6876,40.5758],[-3.6875,40.5758],[-3.6874,40.5759],[-3.6874,40.5759],[-3.6874,40.576],[-3.6874,40.5762],[-3.6875,40.5764],[-3.6875,40.5764],[-3.6874,40.5764],[-3.6873,40.5765],[-3.6873,40.5765],[-3.6872,40.5765],[-3.6869,40.5765],[-3.6866,40.5765],[-3.6862,40.5766],[-3.6862,40.5766],[-3.6861,40.5766],[-3.686,40.5766],[-3.686,40.5767],[-3.6859,40.5768],[-3.6856,40.5769],[-3.6854,40.577],[-3.6852,40.5772],[-3.685,40.5774],[-3.685,40.5774],[-3.6849,40.5775],[-3.6849,40.5776],[-3.6849,40.5777],[-3.685,40.5778],[-3.6851,40.578],[-3.6851,40.5781],[-3.6851,40.5783],[-3.6851,40.5784],[-3.685,40.5786],[-3.6852,40.5786],[-3.6854,40.5787],[-3.6854,40.5787],[-3.6855,40.5787],[-3.6856,40.5787],[-3.6857,40.5787],[-3.6857,40.5787],[-3.6858,40.5788],[-3.6858,40.5788],[-3.6859,40.5788],[-3.686,40.5789],[-3.6862,40.5789],[-3.6864,40.5789],[-3.6866,40.5789],[-3.6868,40.579],[-3.6871,40.5791],[-3.6872,40.5792],[-3.6873,40.5792],[-3.6875,40.5792],[-3.6876,40.5792],[-3.6878,40.5793],[-3.6879,40.5794],[-3.6881,40.5795],[-3.6883,40.5796],[-3.6886,40.5797],[-3.6888,40.5797],[-3.6891,40.5799],[-3.6894,40.58],[-3.6897,40.5801],[-3.69,40.5801],[-3.6902,40.5802],[-3.6905,40.5803],[-3.6907,40.5803],[-3.6908,40.5803],[-3.691,40.5803],[-3.6911,40.5803],[-3.6912,40.5803],[-3.6913,40.5804],[-3.6914,40.5804],[-3.6915,40.5805],[-3.6915,40.5806],[-3.6913,40.5807],[-3.691,40.5808],[-3.6908,40.5809],[-3.6905,40.5811],[-3.6903,40.5812],[-3.6901,40.5814],[-3.6894,40.582],[-3.6887,40.5825],[-3.6881,40.5825],[-3.6876,40.5825],[-3.6871,40.5826],[-3.6868,40.5826],[-3.6865,40.5827],[-3.6863,40.5827],[-3.686,40.5828],[-3.6857,40.5829],[-3.6854,40.5831],[-3.6849,40.5833],[-3.6844,40.5836],[-3.6838,40.5839],[-3.6833,40.5842],[-3.6828,40.5846],[-3.6822,40.5849],[-3.6816,40.5852],[-3.6809,40.5855],[-3.6797,40.5861],[-3.6784,40.5867],[-3.6787,40.5874],[-3.6789,40.5881],[-3.679,40.5885],[-3.679,40.5888],[-3.6792,40.5893],[-3.6793,40.5897],[-3.6795,40.5902],[-3.6796,40.5907],[-3.6797,40.5909],[-3.6797,40.5912],[-3.6798,40.5914],[-3.6798,40.5916],[-3.6798,40.5918],[-3.6799,40.5921],[-3.68,40.5923],[-3.6801,40.5925],[-3.6801,40.5926],[-3.6802,40.5928],[-3.6803,40.593],[-3.6804,40.5932],[-3.6805,40.5933],[-3.6806,40.5934],[-3.6807,40.5935],[-3.6809,40.5936],[-3.681,40.5937],[-3.6812,40.5937],[-3.6815,40.5937],[-3.6818,40.594],[-3.6822,40.5943],[-3.6824,40.5945],[-3.6827,40.5946],[-3.6829,40.5949],[-3.6831,40.5951],[-3.6832,40.5953],[-3.6834,40.5955],[-3.6834,40.5956],[-3.6835,40.5957],[-3.6835,40.5959],[-3.6836,40.596],[-3.6838,40.5963],[-3.684,40.5966],[-3.6841,40.5969],[-3.6844,40.5976],[-3.6848,40.5983],[-3.6852,40.5989],[-3.6854,40.5993],[-3.6857,40.5998],[-3.6859,40.6003],[-3.6861,40.6006],[-3.6863,40.6009],[-3.6864,40.6011],[-3.6865,40.6012],[-3.6867,40.6013],[-3.6869,40.6015],[-3.6871,40.6017],[-3.6873,40.6019],[-3.6875,40.6021],[-3.6876,40.6022],[-3.6876,40.6022],[-3.6891,40.6039],[-3.6891,40.604],[-3.6891,40.604]]]},"geometry_name":"GEOMETRY1","properties":{"CD_TIPO_ZONA":"P","DS_TIPO_ZONA":"P: Áreas a ordenar por Planeamiento Urbanistico.","NM_AREA_M":null,"NM_AREA_HA":null}},{"type":"Feature","id":"IDEM_MA_PR_CA_MANZANARES.1","geometry":{"type":"Polygon","coordinates":[[[-3.8642,40.4897],[-3.8642,40.4897],[-3.8641,40.4897],[-3.8634,40.4898],[-3.8627,40.4898],[-3.8626,40.4899],[-3.8625,40.49],[-3.8624,40.4902],[-3.8624,40.4903],[-3.8624,40.4904],[-3.8624,40.4905],[-3.8624,40.4906],[-3.8622,40.4908],[-3.862,40.491],[-3.8618,40.4912],[-3.8616,40.4914],[-3.8615,40.4914],[-3.8613,40.4915],[-3.8612,40.4915],[-3.8611,40.4916],[-3.8609,40.4917],[-3.8609,40.4918],[-3.8607,40.4919],[-3.8605,40.492],[-3.8604,40.4922],[-3.8603,40.4923],[-3.8598,40.4924],[-3.8594,40.4925],[-3.8589,40.4928],[-3.8585,40.493],[-3.8581,40.4933],[-3.8593,40.4944],[-3.8564,40.4965],[-3.8582,40.4979],[-3.861,40.5002],[-3.8621,40.5006],[-3.8633,40.5011],[-3.8644,40.5015],[-3.8656,40.502],[-3.8667,40.5025],[-3.8678,40.503],[-3.8692,40.5037],[-3.8707,40.5044],[-3.8721,40.5052],[-3.8735,40.5059],[-3.8735,40.5058],[-3.8733,40.5055],[-3.8731,40.5051],[-3.873,40.5047],[-3.8728,40.5043],[-3.8726,40.5039],[-3.8724,40.5035],[-3.8723,40.5031],[-3.8721,40.5027],[-3.872,40.5023],[-3.8719,40.502],[-3.8717,40.5016],[-3.8716,40.5012],[-3.8715,40.5007],[-3.8714,40.5003],[-3.8713,40.5001],[-3.8712,40.4999],[-3.8712,40.4997],[-3.8711,40.4994],[-3.871,40.4992],[-3.8709,40.499],[-3.8708,40.4988],[-3.8707,40.4986],[-3.8706,40.4984],[-3.8704,40.4981],[-3.8703,40.4978],[-3.8701,40.4976],[-3.8699,40.4973],[-3.8698,40.497],[-3.8696,40.4968],[-3.8693,40.4963],[-3.8689,40.4959],[-3.8686,40.4954],[-3.8681,40.4947],[-3.8675,40.494],[-3.867,40.4933],[-3.8665,40.4925],[-3.866,40.4918],[-3.8657,40.4915],[-3.8655,40.4912],[-3.8653,40.4909],[-3.8651,40.4906],[-3.8648,40.4903],[-3.8646,40.4901],[-3.8643,40.4898],[-3.8642,40.4897]]]},"geometry_name":"GEOMETRY1","properties":{"CD_TIPO_ZONA":"P","DS_TIPO_ZONA":"P: Áreas a ordenar por Planeamiento Urbanistico.","NM_AREA_M":null,"NM_AREA_HA":null}},{"type":"Feature","id":"IDEM_MA_PR_CA_MANZANARES.2","geometry":{"type":"Polygon","coordinates":[[[-3.8606,40.4871],[-3.8604,40.487],[-3.8603,40.4869],[-3.8601,40.4869],[-3.86,40.4868],[-3.8598,40.4868],[-3.8597,40.4867],[-3.8596,40.4867],[-3.8595,40.4867],[-3.8594,40.4866],[-3.8593,40.4865],[-3.8589,40.4863],[-3.8584,40.486],[-3.8579,40.4858],[-3.8575,40.4855],[-3.857,40.4853],[-3.8568,40.4852],[-3.8565,40.4851],[-3.8563,40.4849],[-3.856,40.4848],[-3.8558,40.4847],[-3.8555,40.4845],[-3.8553,40.4844],[-3.8547,40.484],[-3.8545,40.4839],[-3.8544,40.4839],[-3.8543,40.4838],[-3.8542,40.4838],[-3.8541,40.4837],[-3.854,40.4836],[-3.854,40.4836],[-3.8539,40.4835],[-3.8537,40.4833],[-3.8536,40.4832],[-3.8534,40.483],[-3.8533,40.4829],[-3.8531,40.4827],[-3.853,40.4826],[-3.8528,40.4824],[-3.8527,40.4822],[-3.8523,40.4818],[-3.852,40.4813],[-3.8518,40.4811],[-3.8517,40.4809],[-3.8516,40.4807],[-3.8514,40.4805],[-3.8513,40.4803],[-3.8481,40.4791],[-3.8476,40.4789],[-3.847,40.4787],[-3.8465,40.4785],[-3.8459,40.4783],[-3.8454,40.4781],[-3.8449,40.4779],[-3.8443,40.4777],[-3.8438,40.4775],[-3.8426,40.477],[-3.8413,40.4765],[-3.8401,40.4761],[-3.8399,40.476],[-3.8397,40.4759],[-3.8394,40.4758],[-3.8392,40.4757],[-3.839,40.4757],[-3.8388,40.4756],[-3.8377,40.4753],[-3.8367,40.4751],[-3.8375,40.4756],[-3.8375,40.4757],[-3.8374,40.4757],[-3.8374,40.4758],[-3.8373,40.4758],[-3.8373,40.4759],[-3.8373,40.476],[-3.8373,40.476],[-3.8373,40.4761],[-3.8373,40.4762],[-3.8373,40.4762],[-3.8373,40.4763],[-3.837,40.4775],[-3.8368,40.4787],[-3.8367,40.4793],[-3.8366,40.4799],[-3.8365,40.4805],[-3.8367,40.4808],[-3.8363,40.4811],[-3.8363,40.4812],[-3.8363,40.4813],[-3.8364,40.4813],[-3.8363,40.4814],[-3.8363,40.4815],[-3.8363,40.4816],[-3.8363,40.4816],[-3.8362,40.4817],[-3.8362,40.4818],[-3.8362,40.4818],[-3.8361,40.4819],[-3.836,40.482],[-3.8359,40.4821],[-3.8357,40.4822],[-3.8356,40.4823],[-3.8354,40.4824],[-3.8352,40.4824],[-3.8351,40.4825],[-3.8349,40.4828],[-3.8348,40.4831],[-3.8346,40.4833],[-3.8344,40.4836],[-3.8343,40.4839],[-3.8341,40.4843],[-3.8339,40.4847],[-3.8338,40.4851],[-3.8336,40.4855],[-3.8335,40.4856],[-3.8334,40.4857],[-3.8334,40.4858],[-3.8333,40.4859],[-3.8333,40.4863],[-3.8333,40.4866],[-3.8333,40.487],[-3.8332,40.4874],[-3.8332,40.4877],[-3.8333,40.4883],[-3.8333,40.4888],[-3.8334,40.4894],[-3.8335,40.4899],[-3.8335,40.49],[-3.8336,40.4901],[-3.8336,40.4902],[-3.8336,40.4902],[-3.8337,40.4903],[-3.8337,40.4904],[-3.8337,40.4905],[-3.8337,40.4906],[-3.8337,40.4907],[-3.8339,40.4912],[-3.8341,40.4917],[-3.8342,40.492],[-3.8342,40.4923],[-3.8343,40.4926],[-3.8343,40.493],[-3.8344,40.4933],[-3.8344,40.494],[-3.8346,40.4942],[-3.8348,40.4944],[-3.835,40.4946],[-3.8352,40.4948],[-3.8354,40.495],[-3.8357,40.4953],[-3.8359,40.4955],[-3.8362,40.4958],[-3.8364,40.4961],[-3.8366,40.4963],[-3.8368,40.4966],[-3.8371,40.4969],[-3.8373,40.4971],[-3.8375,40.4974],[-3.8377,40.4977],[-3.838,40.4979],[-3.8382,40.4982],[-3.8385,40.4984],[-3.8387,40.4987],[-3.8394,40.4994],[-3.839,40.501],[-3.8386,40.5027],[-3.8384,40.5032],[-3.8381,40.5036],[-3.8378,40.504],[-3.8377,40.5043],[-3.8376,40.5046],[-3.8374,40.5049],[-3.8373,40.5052],[-3.8372,40.5056],[-3.8371,40.5059],[-3.8411,40.5069],[-3.845,40.5079],[-3.8471,40.5084],[-3.8492,40.509],[-3.8497,40.5088],[-3.8505,40.509],[-3.8505,40.509],[-3.8505,40.509],[-3.8505,40.509],[-3.8505,40.5089],[-3.8505,40.5088],[-3.8505,40.5087],[-3.8505,40.5085],[-3.8505,40.5083],[-3.8506,40.5081],[-3.8507,40.5079],[-3.8508,40.5078],[-3.8509,40.5077],[-3.851,40.5075],[-3.851,40.5074],[-3.851,40.5073],[-3.851,40.5072],[-3.8511,40.5067],[-3.8513,40.5063],[-3.8514,40.5058],[-3.8516,40.5053],[-3.8516,40.5051],[-3.8517,40.5049],[-3.8519,40.5047],[-3.8519,40.5046],[-3.852,40.5045],[-3.8521,40.5043],[-3.8521,40.5042],[-3.8522,40.504],[-3.8523,40.5037],[-3.8524,40.5036],[-3.8525,40.5035],[-3.8526,40.5034],[-3.8531,40.5032],[-3.8535,40.5029],[-3.8538,40.5027],[-3.8541,40.5025],[-3.8542,40.5024],[-3.8542,40.5024],[-3.8542,40.5023],[-3.8542,40.5022],[-3.8542,40.5021],[-3.8541,40.5021],[-3.854,40.502],[-3.8537,40.5019],[-3.8534,40.5019],[-3.853,40.5018],[-3.8526,40.5017],[-3.8523,40.5018],[-3.852,40.5018],[-3.8518,40.5018],[-3.8516,40.5018],[-3.8514,40.5017],[-3.8513,40.5017],[-3.8511,40.5016],[-3.851,40.5015],[-3.8509,40.5013],[-3.8507,40.5009],[-3.8504,40.5005],[-3.8505,40.5004],[-3.8507,40.5003],[-3.8508,40.5002],[-3.8509,40.5001],[-3.851,40.5],[-3.8512,40.4999],[-3.8513,40.4998],[-3.8515,40.4997],[-3.8517,40.4996],[-3.852,40.4995],[-3.8522,40.4994],[-3.8524,40.4993],[-3.8522,40.4992],[-3.852,40.4991],[-3.8519,40.499],[-3.8517,40.4988],[-3.8516,40.4987],[-3.8514,40.4984],[-3.8511,40.4982],[-3.8506,40.4978],[-3.8502,40.4973],[-3.85,40.4973],[-3.8499,40.4973],[-3.8498,40.4972],[-3.8497,40.4971],[-3.8496,40.497],[-3.8495,40.497],[-3.8496,40.4969],[-3.8497,40.4968],[-3.8498,40.4968],[-3.8499,40.4967],[-3.85,40.4967],[-3.8501,40.4967],[-3.8502,40.4967],[-3.8503,40.4967],[-3.8504,40.4965],[-3.8506,40.4965],[-3.8507,40.4964],[-3.8509,40.4962],[-3.8511,40.4961],[-3.8512,40.496],[-3.8513,40.4959],[-3.8514,40.4958],[-3.8514,40.4957],[-3.8514,40.4956],[-3.8515,40.4955],[-3.8516,40.4955],[-3.8516,40.4956],[-3.8517,40.4956],[-3.8518,40.4957],[-3.8518,40.4957],[-3.8519,40.4958],[-3.8521,40.4959],[-3.8522,40.496],[-3.8526,40.4959],[-3.853,40.4957],[-3.8531,40.4957],[-3.8532,40.4956],[-3.8533,40.4957],[-3.8534,40.4957],[-3.8535,40.4956],[-3.8536,40.4955],[-3.8537,40.4954],[-3.8538,40.4952],[-3.8538,40.495],[-3.8539,40.4948],[-3.854,40.4942],[-3.8541,40.4935],[-3.8541,40.4934],[-3.8542,40.4932],[-3.8542,40.4931],[-3.8542,40.493],[-3.8541,40.4929],[-3.8541,40.4928],[-3.8541,40.4926],[-3.8542,40.4925],[-3.8542,40.4923],[-3.8541,40.4919],[-3.854,40.4914],[-3.8544,40.4913],[-3.8548,40.4912],[-3.8551,40.4911],[-3.8555,40.491],[-3.8555,40.4906],[-3.8554,40.4902],[-3.8553,40.4898],[-3.8553,40.4894],[-3.8552,40.4889],[-3.855,40.4884],[-3.8551,40.4883],[-3.8551,40.4882],[-3.8552,40.4881],[-3.8554,40.4881],[-3.8555,40.488],[-3.8556,40.488],[-3.8559,40.4879],[-3.8562,40.4879],[-3.8565,40.4878],[-3.8569,40.4878],[-3.8573,40.4878],[-3.8578,40.4877],[-3.858,40.4877],[-3.8583,40.4877],[-3.8585,40.4876],[-3.8589,40.4875],[-3.8593,40.4874],[-3.8597,40.4873],[-3.86,40.4872],[-3.8603,40.4871],[-3.8606,40.4871]]]},"geometry_name":"GEOMETRY1","properties":{"CD_TIPO_ZONA":"A2","DS_TIPO_ZONA":"A2: Reserva Natural Educativa.","NM_AREA_M":null,"NM_AREA_HA":null}},{"type":"Feature","id":"IDEM_MA_PR_CA_MANZANARES.3","geometry":{"type":"Polygon","coordinates":[[[-3.8856,40.5326],[-3.8855,40.5327],[-3.8853,40.5327],[-3.8849,40.5328],[-3.8845,40.5329],[-3.884,40.5331],[-3.8834,40.5333],[-3.8833,40.5333],[-3.8831,40.5334],[-3.883,40.5334],[-3.8829,40.5334],[-3.8828,40.5334],[-3.8828,40.5334],[-3.8827,40.5334],[-3.8826,40.5334],[-3.8825,40.5334],[-3.8824,40.5334],[-3.8823,40.5334],[-3.8822,40.5335],[-3.8821,40.5335],[-3.8826,40.5346],[-3.8843,40.5385],[-3.8861,40.5381],[-3.8879,40.5377],[-3.8878,40.5374],[-3.8875,40.5368],[-3.8873,40.5363],[-3.887,40.5358],[-3.8869,40.5354],[-3.8867,40.5351],[-3.8865,40.5347],[-3.8863,40.5343],[-3.8862,40.534],[-3.886,40.5336],[-3.8859,40.5332],[-3.8857,40.5328],[-3.8856,40.5326]]]},"geometry_name":"GEOMETRY1","properties":{"CD_TIPO_ZONA":"P","DS_TIPO_ZONA":"P: Áreas a ordenar por Planeamiento Urbanistico.","NM_AREA_M":null,"NM_AREA_HA":null}},{"type":"Feature","id":"IDEM_MA_PR_CA_MANZANARES.4","geometry":{"type":"Polygon","coordinates":[[[-3.7315,40.4927],[-3.7315,40.4927],[-3.7313,40.4927],[-3.7311,40.4928],[-3.7309,40.4928],[-3.7307,40.4928],[-3.7304,40.4929],[-3.7302,40.4929],[-3.73,40.493],[-3.7298,40.493],[-3.7297,40.4931],[-3.7295,40.4931],[-3.7294,40.4932],[-3.7292,40.4933],[-3.729,40.4934],[-3.7289,40.4934],[-3.7287,40.4935],[-3.7286,40.4936],[-3.7284,40.4937],[-3.7283,40.4938],[-3.7282,40.4939],[-3.728,40.494],[-3.7279,40.4941],[-3.7278,40.4942],[-3.7277,40.4943],[-3.7273,40.4946],[-3.7269,40.4949],[-3.7265,40.4952],[-3.7261,40.4955],[-3.7257,40.4958],[-3.7254,40.496],[-3.725,40.4963],[-3.7247,40.4966],[-3.7243,40.4968],[-3.724,40.4971],[-3.7236,40.4974],[-3.7232,40.4976],[-3.7229,40.4979],[-3.7227,40.498],[-3.7226,40.4981],[-3.7224,40.4982],[-3.7223,40.4983],[-3.7221,40.4984],[-3.7219,40.4984],[-3.7218,40.4985],[-3.7216,40.4986],[-3.7214,40.4987],[-3.7212,40.4988],[-3.7211,40.4988],[-3.7209,40.4989],[-3.7207,40.4989],[-3.7203,40.499],[-3.7199,40.4991],[-3.7194,40.4991],[-3.719,40.4992],[-3.7186,40.4993],[-3.7184,40.4993],[-3.7183,40.4994],[-3.7181,40.4994],[-3.7179,40.4995],[-3.7178,40.4996],[-3.7176,40.4996],[-3.7175,40.4997],[-3.7173,40.4998],[-3.7172,40.4999],[-3.7171,40.4999],[-3.7169,40.5],[-3.7168,40.5001],[-3.7167,40.5002],[-3.7165,40.5004],[-3.7164,40.5006],[-3.7162,40.5008],[-3.7161,40.5009],[-3.7159,40.5011],[-3.7158,40.5013],[-3.7157,40.5015],[-3.7155,40.5017],[-3.7154,40.5019],[-3.7153,40.5021],[-3.7152,40.5023],[-3.7151,40.5025],[-3.715,40.5027],[-3.7149,40.5029],[-3.7148,40.503],[-3.7147,40.5032],[-3.7146,40.5034],[-3.7144,40.5035],[-3.7143,40.5037],[-3.7142,40.5039],[-3.714,40.504],[-3.7139,40.5042],[-3.7137,40.5044],[-3.7134,40.5046],[-3.7132,40.5047],[-3.7129,40.5049],[-3.7127,40.5051],[-3.7124,40.5052],[-3.7122,40.5054],[-3.7119,40.5055],[-3.7116,40.5057],[-3.7114,40.5058],[-3.7111,40.506],[-3.7108,40.5061],[-3.7105,40.5062],[-3.7099,40.5065],[-3.7094,40.5068],[-3.7088,40.507],[-3.7082,40.5073],[-3.7076,40.5076],[-3.7071,40.5079],[-3.7065,40.5082],[-3.706,40.5085],[-3.7048,40.509],[-3.7037,40.5096],[-3.7025,40.5102],[-3.7019,40.5105],[-3.7012,40.5108],[-3.7006,40.5112],[-3.7,40.5115],[-3.6993,40.5118],[-3.6986,40.5121],[-3.6984,40.5122],[-3.6982,40.5124],[-3.698,40.5125],[-3.6977,40.5126],[-3.6975,40.5127],[-3.6973,40.5128],[-3.697,40.5129],[-3.6968,40.5129],[-3.6965,40.513],[-3.6963,40.5131],[-3.696,40.5132],[-3.6958,40.5132],[-3.6955,40.5133],[-3.6939,40.5137],[-3.6922,40.5141],[-3.6906,40.5145],[-3.6889,40.515],[-3.6887,40.515],[-3.6885,40.515],[-3.6883,40.5151],[-3.6881,40.5151],[-3.6879,40.5151],[-3.6877,40.5151],[-3.6875,40.5151],[-3.6872,40.5151],[-3.687,40.5151],[-3.6869,40.5151],[-3.6867,40.5151],[-3.6865,40.5151],[-3.6864,40.5151],[-3.6862,40.5151],[-3.6861,40.515],[-3.6859,40.515],[-3.6858,40.5149],[-3.6856,40.5149],[-3.6854,40.5148],[-3.6853,40.5147],[-3.6851,40.5147],[-3.6849,40.5146],[-3.6848,40.5145],[-3.6848,40.5146],[-3.6848,40.5148],[-3.6849,40.5149],[-3.6849,40.515],[-3.6849,40.5152],[-3.6851,40.5155],[-3.6853,40.5158],[-3.6855,40.5161],[-3.6856,40.5164],[-3.6858,40.5168],[-3.6859,40.5171],[-3.6861,40.5174],[-3.6862,40.5178],[-3.6863,40.5181],[-3.6865,40.5185],[-3.6866,40.5189],[-3.6867,40.5193],[-3.6868,40.5197],[-3.687,40.52],[-3.6871,40.5203],[-3.6872,40.5207],[-3.6875,40.5217],[-3.6878,40.5227],[-3.6882,40.5237],[-3.6882,40.5239],[-3.6883,40.524],[-3.6883,40.5242],[-3.6884,40.5243],[-3.6885,40.5245],[-3.6886,40.5246],[-3.6886,40.5248],[-3.6887,40.5249],[-3.6888,40.525],[-3.689,40.5252],[-3.6891,40.5253],[-3.6894,40.5256],[-3.6898,40.526],[-3.6901,40.5263],[-3.6904,40.5267],[-3.6908,40.527],[-3.6911,40.5272],[-3.6913,40.5274],[-3.6916,40.5277],[-3.6918,40.5279],[-3.692,40.5281],[-3.6921,40.5282],[-3.6922,40.5283],[-3.6923,40.5285],[-3.6923,40.5286],[-3.6924,40.5287],[-3.6925,40.5289],[-3.6926,40.529],[-3.6929,40.5296],[-3.6932,40.5302],[-3.6935,40.5307],[-3.6936,40.5309],[-3.6936,40.531],[-3.6936,40.5311],[-3.6937,40.5312],[-3.6937,40.5313],[-3.6937,40.5315],[-3.6937,40.5316],[-3.6937,40.5317],[-3.6937,40.5319],[-3.6937,40.532],[-3.6937,40.5322],[-3.6937,40.5323],[-3.6936,40.5325],[-3.6936,40.5326],[-3.6936,40.5328],[-3.6935,40.5329],[-3.6934,40.5331],[-3.6934,40.5332],[-3.6934,40.5334],[-3.6933,40.5335],[-3.6933,40.5336],[-3.6933,40.5338],[-3.6933,40.5339],[-3.6933,40.5341],[-3.6933,40.5342],[-3.6933,40.5344],[-3.6934,40.5345],[-3.6934,40.5346],[-3.6935,40.5348],[-3.6939,40.5357],[-3.6944,40.5366],[-3.6949,40.5375],[-3.6954,40.5384],[-3.6959,40.5393],[-3.696,40.5395],[-3.6961,40.5396],[-3.6963,40.5397],[-3.6964,40.5398],[-3.6965,40.5399],[-3.6967,40.5401],[-3.6969,40.5402],[-3.6982,40.5388],[-3.6996,40.5375],[-3.7004,40.5366],[-3.7013,40.5357],[-3.7022,40.5349],[-3.703,40.5342],[-3.7037,40.5334],[-3.7045,40.5327],[-3.7052,40.5319],[-3.7059,40.5312],[-3.7077,40.5293],[-3.7153,40.5266],[-3.7232,40.5239],[-3.7241,40.5221],[-3.7258,40.5189],[-3.7292,40.5186],[-3.7312,40.5155],[-3.7338,40.5115],[-3.73,40.5105],[-3.7258,40.5094],[-3.7262,40.5079],[-3.7268,40.5064],[-3.7278,40.5041],[-3.728,40.5032],[-3.7282,40.5024],[-3.7284,40.5017],[-3.7286,40.501],[-3.7288,40.5004],[-3.729,40.4997],[-3.7302,40.4964],[-3.7313,40.4933],[-3.7314,40.493],[-3.7315,40.4927]]]},"geometry_name":"GEOMETRY1","properties":{"CD_TIPO_ZONA":"T","DS_TIPO_ZONA":"T: Áreas de Transición.","NM_AREA_M":null,"NM_AREA_HA":null}},{"type":"Feature","id":"IDEM_MA_PR_CA_MANZANARES.5","geometry":{"type":"Polygon","coordinates":[[[-3.8826,40.5598],[-3.8827,40.5598],[-3.8828,40.5598],[-3.8833,40.5599],[-3.8838,40.5599],[-3.8843,40.56],[-3.8851,40.5601],[-3.8858,40.5602],[-3.8865,40.5602],[-3.8871,40.5603],[-3.8877,40.5603],[-3.8881,40.5601],[-3.8884,40.56],[-3.8891,40.5597],[-3.8899,40.5595],[-3.8909,40.5591],[-3.8919,40.5588],[-3.8927,40.5585],[-3.8934,40.5583],[-3.8934,40.5582],[-3.8934,40.5581],[-3.8933,40.5581],[-3.893,40.5579],[-3.8926,40.5577],[-3.8922,40.5575],[-3.8918,40.5574],[-3.8916,40.5574],[-3.8915,40.5573],[-3.8913,40.5572],[-3.8912,40.5572],[-3.8911,40.5571],[-3.8911,40.557],[-3.8911,40.5569],[-3.8911,40.5568],[-3.8913,40.5566],[-3.8913,40.5564],[-3.8914,40.5562],[-3.8915,40.556],[-3.8915,40.5558],[-3.8914,40.5556],[-3.8915,40.5554],[-3.8915,40.5552],[-3.8915,40.5551],[-3.8915,40.555],[-3.8915,40.5549],[-3.8915,40.5549],[-3.8914,40.5549],[-3.8914,40.5549],[-3.8913,40.5549],[-3.8913,40.555],[-3.891,40.5552],[-3.8907,40.5554],[-3.8903,40.5556],[-3.89,40.5558],[-3.8897,40.556],[-3.8897,40.5552],[-3.8897,40.5544],[-3.8885,40.5547],[-3.8873,40.555],[-3.8872,40.5551],[-3.887,40.5553],[-3.8868,40.5555],[-3.8865,40.5556],[-3.8862,40.5557],[-3.8859,40.5553],[-3.8857,40.5549],[-3.8854,40.5548],[-3.8851,40.5547],[-3.8847,40.5546],[-3.8847,40.5545],[-3.8847,40.5544],[-3.8847,40.5544],[-3.8847,40.5543],[-3.8848,40.5542],[-3.8859,40.5538],[-3.887,40.5534],[-3.8865,40.5519],[-3.886,40.5505],[-3.8872,40.5487],[-3.8881,40.5491],[-3.8882,40.5491],[-3.8883,40.5491],[-3.8883,40.5491],[-3.8884,40.5491],[-3.8885,40.5491],[-3.8885,40.5491],[-3.8885,40.549],[-3.8885,40.549],[-3.8891,40.5484],[-3.8896,40.5478],[-3.8901,40.5473],[-3.8906,40.5467],[-3.8911,40.5462],[-3.8913,40.546],[-3.8915,40.5458],[-3.8913,40.5456],[-3.8912,40.5453],[-3.8911,40.5451],[-3.891,40.5449],[-3.8908,40.5445],[-3.8906,40.544],[-3.8904,40.5436],[-3.8902,40.5432],[-3.89,40.5428],[-3.8899,40.5425],[-3.8898,40.5423],[-3.8897,40.5421],[-3.8896,40.5418],[-3.8895,40.5416],[-3.8894,40.5413],[-3.8893,40.5411],[-3.8891,40.5406],[-3.8889,40.54],[-3.8887,40.5395],[-3.8885,40.539],[-3.8882,40.5384],[-3.888,40.5379],[-3.8879,40.5377],[-3.8861,40.5381],[-3.8843,40.5385],[-3.8826,40.5346],[-3.8821,40.5335],[-3.8822,40.5335],[-3.8823,40.5334],[-3.8824,40.5334],[-3.8825,40.5334],[-3.8826,40.5334],[-3.8827,40.5334],[-3.8828,40.5334],[-3.8828,40.5334],[-3.8829,40.5334],[-3.883,40.5334],[-3.8831,40.5334],[-3.8833,40.5333],[-3.8834,40.5333],[-3.884,40.5331],[-3.8845,40.5329],[-3.8849,40.5328],[-3.8853,40.5327],[-3.8855,40.5327],[-3.8856,40.5326],[-3.8855,40.5324],[-3.8853,40.532],[-3.8851,40.5315],[-3.885,40.5313],[-3.8848,40.531],[-3.8847,40.5307],[-3.8846,40.5304],[-3.8844,40.5301],[-3.8843,40.5298],[-3.8842,40.5295],[-3.8841,40.5292],[-3.8839,40.5283],[-3.8836,40.5274],[-3.8833,40.5265],[-3.8832,40.5261],[-3.8831,40.5258],[-3.883,40.5254],[-3.8828,40.5251],[-3.8827,40.5247],[-3.8825,40.5243],[-3.8823,40.5239],[-3.8821,40.5235],[-3.8819,40.5231],[-3.8817,40.5227],[-3.8816,40.5224],[-3.8814,40.5222],[-3.8812,40.5219],[-3.8811,40.5217],[-3.8809,40.5215],[-3.8808,40.5212],[-3.8807,40.521],[-3.8801,40.5198],[-3.8795,40.5185],[-3.8789,40.5173],[-3.8783,40.5161],[-3.878,40.5154],[-3.8777,40.5147],[-3.8773,40.514],[-3.877,40.5132],[-3.8766,40.5125],[-3.8764,40.512],[-3.8761,40.5115],[-3.8758,40.511],[-3.8755,40.5104],[-3.8754,40.5103],[-3.8753,40.5101],[-3.8751,40.5099],[-3.875,40.5097],[-3.8749,40.5095],[-3.8748,40.5093],[-3.8747,40.5091],[-3.8746,40.5089],[-3.8746,40.5088],[-3.8745,40.5086],[-3.8744,40.5084],[-3.8744,40.5082],[-3.8743,40.5079],[-3.8742,40.5076],[-3.8741,40.5073],[-3.874,40.507],[-3.8739,40.5067],[-3.8738,40.5064],[-3.8736,40.5061],[-3.8735,40.5059],[-3.8721,40.5052],[-3.8707,40.5044],[-3.8692,40.5037],[-3.8678,40.503],[-3.8667,40.5025],[-3.8656,40.502],[-3.8644,40.5015],[-3.8633,40.5011],[-3.8621,40.5006],[-3.861,40.5002],[-3.8582,40.4979],[-3.8564,40.4965],[-3.8593,40.4944],[-3.8581,40.4933],[-3.8585,40.493],[-3.8589,40.4928],[-3.8594,40.4925],[-3.8598,40.4924],[-3.8603,40.4923],[-3.8604,40.4922],[-3.8605,40.492],[-3.8607,40.4919],[-3.8609,40.4918],[-3.8609,40.4917],[-3.8611,40.4916],[-3.8612,40.4915],[-3.8613,40.4915],[-3.8615,40.4914],[-3.8616,40.4914],[-3.8618,40.4912],[-3.862,40.491],[-3.8622,40.4908],[-3.8624,40.4906],[-3.8624,40.4905],[-3.8624,40.4904],[-3.8624,40.4903],[-3.8624,40.4902],[-3.8625,40.49],[-3.8626,40.4899],[-3.8627,40.4898],[-3.8634,40.4898],[-3.8641,40.4897],[-3.8642,40.4897],[-3.8642,40.4897],[-3.8641,40.4895],[-3.8638,40.4892],[-3.8636,40.489],[-3.8633,40.4887],[-3.8632,40.4886],[-3.8631,40.4885],[-3.8629,40.4884],[-3.8628,40.4883],[-3.8627,40.4882],[-3.8625,40.4881],[-3.8624,40.4881],[-3.8622,40.488],[-3.8621,40.4879],[-3.8619,40.4879],[-3.8618,40.4878],[-3.8616,40.4877],[-3.8615,40.4876],[-3.8613,40.4875],[-3.8611,40.4874],[-3.861,40.4873],[-3.8608,40.4872],[-3.8606,40.4871],[-3.8606,40.4871],[-3.8603,40.4871],[-3.86,40.4872],[-3.8597,40.4873],[-3.8593,40.4874],[-3.8589,40.4875],[-3.8585,40.4876],[-3.8583,40.4877],[-3.858,40.4877],[-3.8578,40.4877],[-3.8573,40.4878],[-3.8569,40.4878],[-3.8565,40.4878],[-3.8562,40.4879],[-3.8559,40.4879],[-3.8556,40.488],[-3.8555,40.488],[-3.8554,40.4881],[-3.8552,40.4881],[-3.8551,40.4882],[-3.8551,40.4883],[-3.855,40.4884],[-3.8552,40.4889],[-3.8553,40.4894],[-3.8553,40.4898],[-3.8554,40.4902],[-3.8555,40.4906],[-3.8555,40.491],[-3.8551,40.4911],[-3.8548,40.4912],[-3.8544,40.4913],[-3.854,40.4914],[-3.8541,40.4919],[-3.8542,40.4923],[-3.8542,40.4925],[-3.8541,40.4926],[-3.8541,40.4928],[-3.8541,40.4929],[-3.8542,40.493],[-3.8542,40.4931],[-3.8542,40.4932],[-3.8541,40.4934],[-3.8541,40.4935],[-3.854,40.4942],[-3.8539,40.4948],[-3.8538,40.495],[-3.8538,40.4952],[-3.8537,40.4954],[-3.8536,40.4955],[-3.8535,40.4956],[-3.8534,40.4957],[-3.8533,40.4957],[-3.8532,40.4956],[-3.8531,40.4957],[-3.853,40.4957],[-3.8526,40.4959],[-3.8522,40.496],[-3.8521,40.4959],[-3.8519,40.4958],[-3.8518,40.4957],[-3.8518,40.4957],[-3.8517,40.4956],[-3.8516,40.4956],[-3.8516,40.4955],[-3.8515,40.4955],[-3.8514,40.4956],[-3.8514,40.4957],[-3.8514,40.4958],[-3.8513,40.4959],[-3.8512,40.496],[-3.8511,40.4961],[-3.8509,40.4962],[-3.8507,40.4964],[-3.8506,40.4965],[-3.8504,40.4965],[-3.8503,40.4967],[-3.8502,40.4967],[-3.8501,40.4967],[-3.85,40.4967],[-3.8499,40.4967],[-3.8498,40.4968],[-3.8497,40.4968],[-3.8496,40.4969],[-3.8495,40.497],[-3.8496,40.497],[-3.8497,40.4971],[-3.8498,40.4972],[-3.8499,40.4973],[-3.85,40.4973],[-3.8502,40.4973],[-3.8506,40.4978],[-3.8511,40.4982],[-3.8514,40.4984],[-3.8516,40.4987],[-3.8517,40.4988],[-3.8519,40.499],[-3.852,40.4991],[-3.8522,40.4992],[-3.8524,40.4993],[-3.8522,40.4994],[-3.852,40.4995],[-3.8517,40.4996],[-3.8515,40.4997],[-3.8513,40.4998],[-3.8512,40.4999],[-3.851,40.5],[-3.8509,40.5001],[-3.8508,40.5002],[-3.8507,40.5003],[-3.8505,40.5004],[-3.8504,40.5005],[-3.8507,40.5009],[-3.8509,40.5013],[-3.851,40.5015],[-3.8511,40.5016],[-3.8513,40.5017],[-3.8514,40.5017],[-3.8516,40.5018],[-3.8518,40.5018],[-3.852,40.5018],[-3.8523,40.5018],[-3.8526,40.5017],[-3.853,40.5018],[-3.8534,40.5019],[-3.8537,40.5019],[-3.854,40.502],[-3.8541,40.5021],[-3.8542,40.5021],[-3.8542,40.5022],[-3.8542,40.5023],[-3.8542,40.5024],[-3.8542,40.5024],[-3.8541,40.5025],[-3.8538,40.5027],[-3.8535,40.5029],[-3.8531,40.5032],[-3.8526,40.5034],[-3.8525,40.5035],[-3.8524,40.5036],[-3.8523,40.5037],[-3.8522,40.504],[-3.8521,40.5042],[-3.8521,40.5043],[-3.852,40.5045],[-3.8519,40.5046],[-3.8519,40.5047],[-3.8517,40.5049],[-3.8516,40.5051],[-3.8516,40.5053],[-3.8514,40.5058],[-3.8513,40.5063],[-3.8511,40.5067],[-3.851,40.5072],[-3.851,40.5073],[-3.851,40.5074],[-3.851,40.5075],[-3.8509,40.5077],[-3.8508,40.5078],[-3.8507,40.5079],[-3.8506,40.5081],[-3.8505,40.5083],[-3.8505,40.5085],[-3.8505,40.5087],[-3.8505,40.5088],[-3.8505,40.5089],[-3.8505,40.509],[-3.8505,40.509],[-3.8505,40.509],[-3.8505,40.509],[-3.8522,40.5095],[-3.8526,40.5097],[-3.8526,40.5098],[-3.8526,40.5099],[-3.8526,40.5099],[-3.8526,40.51],[-3.8527,40.51],[-3.8527,40.5101],[-3.8527,40.5102],[-3.8528,40.5102],[-3.8529,40.5104],[-3.8531,40.5107],[-3.8533,40.5109],[-3.8534,40.5111],[-3.8536,40.5113],[-3.8537,40.5116],[-3.8539,40.5118],[-3.854,40.512],[-3.8539,40.5125],[-3.8538,40.5129],[-3.8537,40.5133],[-3.8535,40.5138],[-3.8533,40.5146],[-3.8522,40.5155],[-3.8519,40.5168],[-3.8516,40.517],[-3.8513,40.5177],[-3.8514,40.5178],[-3.8515,40.5179],[-3.8516,40.518],[-3.8517,40.5182],[-3.8518,40.5183],[-3.8519,40.5184],[-3.8521,40.5185],[-3.8522,40.5186],[-3.8532,40.5194],[-3.8536,40.5201],[-3.854,40.5208],[-3.8544,40.5215],[-3.8544,40.5226],[-3.8544,40.5226],[-3.8543,40.5226],[-3.8543,40.5227],[-3.8543,40.5227],[-3.8543,40.5227],[-3.8542,40.5227],[-3.8542,40.5227],[-3.8541,40.523],[-3.8541,40.5232],[-3.854,40.5234],[-3.8539,40.5237],[-3.8538,40.5239],[-3.8537,40.5241],[-3.8536,40.5243],[-3.854,40.5247],[-3.8544,40.5251],[-3.8548,40.5255],[-3.8549,40.5255],[-3.855,40.5256],[-3.8551,40.5256],[-3.8551,40.5256],[-3.8552,40.5257],[-3.8553,40.5258],[-3.8554,40.5258],[-3.8554,40.5259],[-3.8555,40.5259],[-3.8555,40.526],[-3.8556,40.5261],[-3.8556,40.5261],[-3.8557,40.5263],[-3.8557,40.5264],[-3.8558,40.5265],[-3.8559,40.5266],[-3.856,40.5267],[-3.8561,40.5268],[-3.8562,40.5269],[-3.8563,40.527],[-3.8564,40.5271],[-3.8566,40.5272],[-3.8567,40.5273],[-3.8569,40.5274],[-3.8571,40.5275],[-3.8572,40.5276],[-3.8574,40.5277],[-3.8576,40.5278],[-3.8578,40.5279],[-3.8578,40.528],[-3.8578,40.5281],[-3.8578,40.5282],[-3.8578,40.5283],[-3.8578,40.5284],[-3.8579,40.5285],[-3.8579,40.5286],[-3.858,40.5287],[-3.858,40.5288],[-3.8581,40.529],[-3.8582,40.5293],[-3.8583,40.5295],[-3.8583,40.5296],[-3.8583,40.5296],[-3.8583,40.5297],[-3.8583,40.5298],[-3.8583,40.5298],[-3.8582,40.5299],[-3.8582,40.5299],[-3.8582,40.53],[-3.8581,40.53],[-3.8583,40.5302],[-3.8586,40.5304],[-3.8588,40.5306],[-3.859,40.5308],[-3.8592,40.531],[-3.8594,40.5312],[-3.8596,40.5314],[-3.8597,40.5316],[-3.8599,40.5318],[-3.86,40.5319],[-3.8601,40.5321],[-3.8602,40.5323],[-3.8603,40.5325],[-3.8604,40.5327],[-3.8605,40.5327],[-3.8605,40.5328],[-3.8605,40.5328],[-3.8606,40.5328],[-3.8606,40.5329],[-3.8607,40.5329],[-3.8608,40.533],[-3.8609,40.5331],[-3.8611,40.5332],[-3.8613,40.5333],[-3.8614,40.5334],[-3.8616,40.5336],[-3.8617,40.5337],[-3.8619,40.5338],[-3.862,40.534],[-3.8622,40.5341],[-3.8623,40.5342],[-3.8625,40.5343],[-3.8627,40.5344],[-3.8628,40.5345],[-3.863,40.5346],[-3.8632,40.5354],[-3.8635,40.5361],[-3.8637,40.5369],[-3.8639,40.5377],[-3.8639,40.5379],[-3.8639,40.538],[-3.8639,40.5382],[-3.8639,40.5384],[-3.8639,40.5385],[-3.8639,40.5387],[-3.8639,40.5389],[-3.8639,40.5391],[-3.8639,40.5391],[-3.8639,40.5392],[-3.8639,40.5392],[-3.8639,40.5393],[-3.8639,40.5393],[-3.864,40.5394],[-3.864,40.5394],[-3.8641,40.5394],[-3.8641,40.5395],[-3.8642,40.5395],[-3.8642,40.5396],[-3.8642,40.5396],[-3.8643,40.5397],[-3.8643,40.5398],[-3.8643,40.5398],[-3.8647,40.5408],[-3.865,40.5418],[-3.865,40.5419],[-3.8651,40.5419],[-3.8651,40.542],[-3.8651,40.5421],[-3.8652,40.5421],[-3.8652,40.5421],[-3.8652,40.5422],[-3.8653,40.5422],[-3.8654,40.5423],[-3.8654,40.5423],[-3.8655,40.5425],[-3.8655,40.5426],[-3.8656,40.5428],[-3.8656,40.5429],[-3.8657,40.5431],[-3.8657,40.5433],[-3.8657,40.5434],[-3.8661,40.544],[-3.8665,40.5445],[-3.8669,40.545],[-3.8672,40.5453],[-3.8674,40.5455],[-3.8677,40.5458],[-3.8679,40.546],[-3.8682,40.5462],[-3.8684,40.5465],[-3.8687,40.5467],[-3.869,40.5469],[-3.8691,40.547],[-3.8692,40.5472],[-3.8693,40.5473],[-3.8694,40.5474],[-3.869,40.5483],[-3.8693,40.5487],[-3.8695,40.5491],[-3.8698,40.5495],[-3.87,40.5499],[-3.8702,40.5503],[-3.8703,40.5504],[-3.8704,40.5505],[-3.8704,40.5506],[-3.8705,40.5508],[-3.8706,40.5509],[-3.8707,40.551],[-3.8708,40.5511],[-3.8709,40.5512],[-3.871,40.5513],[-3.8711,40.5514],[-3.8712,40.5515],[-3.8714,40.5516],[-3.8715,40.5517],[-3.8716,40.5518],[-3.8717,40.5519],[-3.8719,40.552],[-3.872,40.5521],[-3.8721,40.5522],[-3.8722,40.5523],[-3.8722,40.5524],[-3.8723,40.5525],[-3.8724,40.5526],[-3.8725,40.5528],[-3.8726,40.5529],[-3.8726,40.5531],[-3.8727,40.5532],[-3.8728,40.5534],[-3.8728,40.5535],[-3.8729,40.5537],[-3.8729,40.5539],[-3.8729,40.554],[-3.873,40.5542],[-3.873,40.5544],[-3.873,40.5545],[-3.873,40.5546],[-3.873,40.5547],[-3.873,40.5548],[-3.873,40.555],[-3.873,40.5551],[-3.873,40.5552],[-3.873,40.5553],[-3.8731,40.5556],[-3.8731,40.5558],[-3.8732,40.5561],[-3.8733,40.5563],[-3.8735,40.5566],[-3.8736,40.5568],[-3.8736,40.557],[-3.8737,40.5572],[-3.8738,40.5574],[-3.8739,40.5576],[-3.8741,40.5577],[-3.8743,40.5578],[-3.8745,40.5579],[-3.8747,40.558],[-3.8749,40.558],[-3.8751,40.5581],[-3.8754,40.5588],[-3.8769,40.5591],[-3.8772,40.5592],[-3.8774,40.5593],[-3.8777,40.5593],[-3.878,40.5594],[-3.8783,40.5595],[-3.8786,40.5595],[-3.8789,40.5595],[-3.8797,40.5596],[-3.8805,40.5596],[-3.8813,40.5596],[-3.8821,40.5596],[-3.8826,40.5598]]]},"geometry_name":"GEOMETRY1","properties":{"CD_TIPO_ZONA":"T","DS_TIPO_ZONA":"T: Áreas de Transición.","NM_AREA_M":null,"NM_AREA_HA":null}},{"type":"Feature","id":"IDEM_MA_PR_CA_MANZANARES.6","geometry":{"type":"Polygon","coordinates":[[[-3.6307,40.5698],[-3.6307,40.5698],[-3.6307,40.5698],[-3.6307,40.5698],[-3.6309,40.5699],[-3.6312,40.57],[-3.6317,40.5702],[-3.6322,40.5705],[-3.6327,40.5703],[-3.6333,40.5702],[-3.6338,40.5701],[-3.6343,40.57],[-3.6345,40.5701],[-3.6347,40.5701],[-3.6349,40.5701],[-3.6352,40.5701],[-3.6355,40.57],[-3.6358,40.5699],[-3.6356,40.5681],[-3.6342,40.5681],[-3.6332,40.5672],[-3.6332,40.5672],[-3.6331,40.5672],[-3.633,40.5672],[-3.633,40.5672],[-3.6329,40.5673],[-3.6329,40.5673],[-3.6328,40.5673],[-3.6322,40.5677],[-3.6316,40.5681],[-3.6315,40.5682],[-3.6314,40.5683],[-3.6313,40.5684],[-3.6312,40.5686],[-3.6311,40.5687],[-3.6311,40.5688],[-3.631,40.569],[-3.6308,40.5694],[-3.6307,40.5698]]]},"geometry_name":"GEOMETRY1","properties":{"CD_TIPO_ZONA":"P","DS_TIPO_ZONA":"P: Áreas a ordenar por Planeamiento Urbanistico.","NM_AREA_M":null,"NM_AREA_HA":null}},{"type":"Feature","id":"IDEM_MA_PR_CA_MANZANARES.7","geometry":{"type":"Polygon","coordinates":[[[-3.6285,40.5737],[-3.6285,40.5737],[-3.6285,40.5737],[-3.6285,40.5737],[-3.6285,40.5737],[-3.6285,40.5737],[-3.6285,40.5737],[-3.6287,40.5737],[-3.6288,40.5738],[-3.6289,40.5738],[-3.629,40.5739],[-3.6292,40.574],[-3.6295,40.5742],[-3.6297,40.5743],[-3.63,40.5744],[-3.6304,40.5745],[-3.6306,40.5746],[-3.6309,40.5747],[-3.6311,40.5749],[-3.6315,40.5748],[-3.6319,40.5747],[-3.6323,40.5745],[-3.6329,40.5745],[-3.6335,40.5745],[-3.634,40.5745],[-3.6344,40.5745],[-3.6349,40.5745],[-3.6354,40.5745],[-3.636,40.5746],[-3.6367,40.5747],[-3.6375,40.5748],[-3.6383,40.5749],[-3.6386,40.575],[-3.639,40.575],[-3.6393,40.5751],[-3.6397,40.5752],[-3.64,40.5753],[-3.6404,40.5754],[-3.6408,40.5755],[-3.6413,40.5757],[-3.6417,40.5759],[-3.6421,40.5761],[-3.6425,40.5763],[-3.6425,40.5764],[-3.6426,40.5764],[-3.6432,40.5766],[-3.6438,40.5767],[-3.6442,40.5768],[-3.6446,40.5768],[-3.6447,40.5769],[-3.6449,40.5769],[-3.645,40.5769],[-3.6452,40.5768],[-3.6455,40.5768],[-3.6458,40.5769],[-3.6465,40.5769],[-3.6472,40.5769],[-3.6476,40.5769],[-3.648,40.5768],[-3.6483,40.5767],[-3.6486,40.5767],[-3.6488,40.5767],[-3.6493,40.5767],[-3.6497,40.5766],[-3.6501,40.5766],[-3.6504,40.5766],[-3.6507,40.5766],[-3.6509,40.5765],[-3.6511,40.5764],[-3.6513,40.5764],[-3.6517,40.5762],[-3.652,40.5761],[-3.6523,40.5759],[-3.6526,40.5757],[-3.6528,40.5756],[-3.6534,40.575],[-3.6541,40.5742],[-3.6543,40.574],[-3.6544,40.5739],[-3.6545,40.5736],[-3.6546,40.5735],[-3.6547,40.5732],[-3.6548,40.5731],[-3.6548,40.5728],[-3.6549,40.5727],[-3.6549,40.5726],[-3.6549,40.5726],[-3.6549,40.5725],[-3.6549,40.5725],[-3.6548,40.5725],[-3.6548,40.5725],[-3.6548,40.5724],[-3.6547,40.5724],[-3.6547,40.5724],[-3.6546,40.5723],[-3.6545,40.5723],[-3.6545,40.5722],[-3.6545,40.5721],[-3.6545,40.572],[-3.6545,40.5719],[-3.6545,40.5718],[-3.6545,40.5714],[-3.6545,40.5712],[-3.6545,40.571],[-3.6545,40.5707],[-3.6545,40.5703],[-3.6545,40.57],[-3.6544,40.5696],[-3.6544,40.5692],[-3.6543,40.5691],[-3.6542,40.5689],[-3.6541,40.5687],[-3.654,40.5685],[-3.6539,40.5684],[-3.6537,40.5682],[-3.6536,40.568],[-3.6535,40.5679],[-3.6535,40.5678],[-3.6534,40.5676],[-3.6534,40.5675],[-3.6533,40.5674],[-3.6533,40.5672],[-3.6532,40.5671],[-3.6532,40.5669],[-3.6532,40.5668],[-3.6532,40.5667],[-3.6532,40.5665],[-3.6532,40.5664],[-3.6532,40.5662],[-3.6531,40.5661],[-3.6531,40.5659],[-3.6531,40.5658],[-3.653,40.5657],[-3.6529,40.5656],[-3.6529,40.5655],[-3.6528,40.5654],[-3.6527,40.5653],[-3.6527,40.5652],[-3.6526,40.5651],[-3.6525,40.565],[-3.6525,40.565],[-3.6524,40.5649],[-3.6524,40.5649],[-3.6523,40.5648],[-3.6523,40.5648],[-3.6523,40.5647],[-3.6523,40.5646],[-3.6522,40.5646],[-3.652,40.5644],[-3.6515,40.5642],[-3.651,40.5639],[-3.6504,40.5636],[-3.6503,40.5635],[-3.6502,40.5634],[-3.6501,40.5634],[-3.65,40.5633],[-3.6498,40.5632],[-3.6497,40.5632],[-3.6496,40.5631],[-3.6494,40.5631],[-3.6493,40.563],[-3.6492,40.563],[-3.6491,40.563],[-3.6491,40.563],[-3.649,40.5629],[-3.6489,40.5629],[-3.6489,40.5629],[-3.6488,40.5629],[-3.6487,40.5629],[-3.6486,40.5629],[-3.6486,40.5629],[-3.6485,40.563],[-3.6485,40.563],[-3.6484,40.563],[-3.6483,40.5631],[-3.6482,40.5631],[-3.6481,40.5632],[-3.6481,40.5633],[-3.648,40.5633],[-3.648,40.5633],[-3.6479,40.5633],[-3.6479,40.5633],[-3.6478,40.5633],[-3.6478,40.5633],[-3.6477,40.5633],[-3.6476,40.5633],[-3.6476,40.5633],[-3.6475,40.5633],[-3.6474,40.5633],[-3.6474,40.5633],[-3.6472,40.5633],[-3.647,40.5633],[-3.6468,40.5634],[-3.6466,40.5634],[-3.6465,40.5634],[-3.6462,40.5635],[-3.646,40.5635],[-3.6458,40.5635],[-3.6455,40.5636],[-3.6453,40.5636],[-3.6451,40.5637],[-3.6449,40.5636],[-3.6448,40.5636],[-3.6446,40.5635],[-3.6444,40.5635],[-3.6443,40.5634],[-3.6441,40.5634],[-3.6439,40.5634],[-3.6437,40.5633],[-3.6434,40.5633],[-3.6431,40.5633],[-3.6428,40.5633],[-3.6425,40.5633],[-3.6421,40.5634],[-3.6418,40.5635],[-3.6415,40.5635],[-3.6411,40.5636],[-3.6408,40.5637],[-3.6405,40.5638],[-3.6404,40.5638],[-3.6404,40.5638],[-3.6403,40.5638],[-3.6402,40.5638],[-3.6402,40.5637],[-3.6401,40.5637],[-3.64,40.5637],[-3.6397,40.5638],[-3.6394,40.5638],[-3.6391,40.5639],[-3.6387,40.564],[-3.6384,40.564],[-3.6381,40.5642],[-3.6379,40.5643],[-3.6376,40.5644],[-3.6374,40.5646],[-3.6371,40.5647],[-3.6368,40.5649],[-3.6367,40.565],[-3.6366,40.5652],[-3.6364,40.5654],[-3.6363,40.5655],[-3.6362,40.5657],[-3.636,40.5658],[-3.6359,40.5659],[-3.6358,40.5661],[-3.6357,40.5661],[-3.6355,40.5662],[-3.6354,40.5663],[-3.6352,40.5663],[-3.6349,40.5665],[-3.6346,40.5667],[-3.6343,40.5668],[-3.634,40.567],[-3.6337,40.5671],[-3.6337,40.5672],[-3.6337,40.5672],[-3.6337,40.5672],[-3.6336,40.5672],[-3.6336,40.5672],[-3.6336,40.5672],[-3.6336,40.5672],[-3.6335,40.5672],[-3.6335,40.5672],[-3.6334,40.5672],[-3.6333,40.5672],[-3.6332,40.5672],[-3.6332,40.5672],[-3.6342,40.5681],[-3.6356,40.5681],[-3.6358,40.5699],[-3.6355,40.57],[-3.6352,40.5701],[-3.6349,40.5701],[-3.6347,40.5701],[-3.6345,40.5701],[-3.6343,40.57],[-3.6338,40.5701],[-3.6333,40.5702],[-3.6327,40.5703],[-3.6322,40.5705],[-3.6317,40.5702],[-3.6312,40.57],[-3.6309,40.5699],[-3.6307,40.5698],[-3.6307,40.5698],[-3.6307,40.5698],[-3.6307,40.5698],[-3.6307,40.5698],[-3.6306,40.5701],[-3.6304,40.5704],[-3.6303,40.5707],[-3.6302,40.571],[-3.63,40.5713],[-3.6299,40.5716],[-3.6297,40.5718],[-3.6297,40.572],[-3.6296,40.5721],[-3.6296,40.5723],[-3.6295,40.5725],[-3.6295,40.5726],[-3.6294,40.5728],[-3.6294,40.5728],[-3.6294,40.5729],[-3.6294,40.573],[-3.6293,40.5731],[-3.6293,40.5731],[-3.6292,40.5732],[-3.6292,40.5733],[-3.6291,40.5733],[-3.629,40.5734],[-3.6289,40.5734],[-3.6288,40.5735],[-3.6287,40.5736],[-3.6286,40.5736],[-3.6285,40.5737]]]},"geometry_name":"GEOMETRY1","properties":{"CD_TIPO_ZONA":"A2","DS_TIPO_ZONA":"A2: Reserva Natural Educativa.","NM_AREA_M":null,"NM_AREA_HA":null}},{"type":"Feature","id":"IDEM_MA_PR_CA_MANZANARES.8","geometry":{"type":"Polygon","coordinates":[[[-3.6927,40.5716],[-3.6934,40.5719],[-3.6937,40.5722],[-3.6939,40.5724],[-3.6941,40.5727],[-3.6943,40.5729],[-3.6945,40.5732],[-3.6947,40.5734],[-3.6949,40.5736],[-3.6953,40.5738],[-3.6956,40.5739],[-3.696,40.5741],[-3.6963,40.5743],[-3.6965,40.5744],[-3.6968,40.5746],[-3.697,40.5747],[-3.6971,40.5748],[-3.6972,40.5749],[-3.6972,40.5751],[-3.6973,40.5752],[-3.6973,40.5753],[-3.6973,40.5756],[-3.6973,40.5759],[-3.6973,40.576],[-3.6974,40.5761],[-3.6974,40.5761],[-3.6975,40.5762],[-3.6976,40.5763],[-3.6979,40.5765],[-3.6981,40.5767],[-3.6983,40.5769],[-3.6985,40.577],[-3.6986,40.5771],[-3.6988,40.5773],[-3.699,40.5774],[-3.6991,40.5776],[-3.6996,40.5779],[-3.7001,40.5783],[-3.7006,40.5786],[-3.7009,40.5786],[-3.7012,40.5786],[-3.7014,40.5786],[-3.7017,40.5786],[-3.7022,40.5786],[-3.7027,40.5786],[-3.7041,40.5786],[-3.7054,40.5786],[-3.7056,40.5785],[-3.7057,40.5785],[-3.7058,40.5784],[-3.7059,40.5783],[-3.7059,40.5781],[-3.706,40.578],[-3.7064,40.5774],[-3.7068,40.5767],[-3.7072,40.5761],[-3.7074,40.5758],[-3.7076,40.5755],[-3.7081,40.5746],[-3.7086,40.5737],[-3.7094,40.5723],[-3.7096,40.5719],[-3.7097,40.5715],[-3.7098,40.5711],[-3.7099,40.5707],[-3.71,40.5703],[-3.7101,40.5699],[-3.7101,40.5695],[-3.7101,40.5689],[-3.7101,40.5681],[-3.7101,40.5674],[-3.7101,40.5666],[-3.7101,40.5665],[-3.7101,40.5665],[-3.7101,40.5665],[-3.7101,40.5665],[-3.7101,40.5665],[-3.7101,40.5665],[-3.7098,40.5666],[-3.7073,40.5673],[-3.7047,40.5681],[-3.7035,40.5684],[-3.7022,40.5688],[-3.7001,40.5686],[-3.6981,40.5683],[-3.6979,40.5683],[-3.6978,40.5684],[-3.6964,40.5687],[-3.6951,40.569],[-3.6947,40.5691],[-3.6943,40.5693],[-3.694,40.5694],[-3.6931,40.5698],[-3.6921,40.5701],[-3.692,40.5701],[-3.6922,40.5703],[-3.6923,40.5705],[-3.6924,40.5706],[-3.6925,40.5708],[-3.6926,40.571],[-3.6926,40.5712],[-3.6927,40.5714],[-3.6927,40.5716]]]},"geometry_name":"GEOMETRY1","properties":{"CD_TIPO_ZONA":"A2","DS_TIPO_ZONA":"A2: Reserva Natural Educativa.","NM_AREA_M":null,"NM_AREA_HA":null}},{"type":"Feature","id":"IDEM_MA_PR_CA_MANZANARES.9","geometry":{"type":"Polygon","coordinates":[[[-3.7054,40.5786],[-3.7054,40.5789],[-3.7054,40.5791],[-3.7054,40.5796],[-3.7054,40.5802],[-3.7054,40.5808],[-3.7054,40.5815],[-3.7054,40.5821],[-3.7054,40.5828],[-3.7054,40.5838],[-3.7054,40.5848],[-3.7062,40.5844],[-3.707,40.5841],[-3.7075,40.5839],[-3.708,40.5837],[-3.7084,40.5836],[-3.7088,40.5835],[-3.7096,40.5833],[-3.7101,40.5832],[-3.7106,40.5831],[-3.7105,40.5825],[-3.7104,40.5818],[-3.7104,40.5811],[-3.7103,40.5805],[-3.7102,40.5798],[-3.7102,40.5791],[-3.7102,40.5789],[-3.7102,40.5786],[-3.7103,40.5783],[-3.7103,40.578],[-3.7104,40.5778],[-3.7104,40.5775],[-3.7105,40.5772],[-3.7105,40.5769],[-3.7107,40.5761],[-3.7109,40.5752],[-3.7111,40.5744],[-3.7113,40.5735],[-3.7113,40.5733],[-3.7114,40.5731],[-3.7114,40.5729],[-3.7115,40.5728],[-3.7116,40.5726],[-3.7117,40.5724],[-3.7118,40.5722],[-3.7119,40.572],[-3.712,40.5718],[-3.7121,40.5717],[-3.7128,40.5707],[-3.7135,40.5697],[-3.7143,40.5687],[-3.715,40.5677],[-3.7151,40.5675],[-3.7153,40.5673],[-3.7154,40.5671],[-3.7155,40.5669],[-3.7156,40.5668],[-3.7157,40.5666],[-3.7158,40.5664],[-3.7159,40.5662],[-3.7159,40.566],[-3.716,40.5659],[-3.716,40.5657],[-3.716,40.5655],[-3.7161,40.5653],[-3.7161,40.5652],[-3.7161,40.565],[-3.7161,40.5648],[-3.7161,40.5646],[-3.7161,40.5645],[-3.7161,40.5643],[-3.716,40.5641],[-3.716,40.5639],[-3.716,40.5637],[-3.7159,40.5636],[-3.7159,40.5634],[-3.7158,40.5632],[-3.7153,40.5616],[-3.7147,40.5599],[-3.7142,40.5583],[-3.7137,40.5566],[-3.7126,40.5534],[-3.7115,40.5502],[-3.7112,40.5494],[-3.711,40.5487],[-3.7108,40.548],[-3.7105,40.5473],[-3.7103,40.5468],[-3.7101,40.5463],[-3.7098,40.5458],[-3.7096,40.5453],[-3.7094,40.5448],[-3.7091,40.5443],[-3.7088,40.5438],[-3.7087,40.5435],[-3.7085,40.5431],[-3.7083,40.5428],[-3.7081,40.5424],[-3.7079,40.5421],[-3.7077,40.5417],[-3.7075,40.5414],[-3.7073,40.5412],[-3.7072,40.5411],[-3.7071,40.5409],[-3.7069,40.5407],[-3.7068,40.5406],[-3.7066,40.5404],[-3.7064,40.5403],[-3.7063,40.5401],[-3.7061,40.54],[-3.7059,40.5399],[-3.7057,40.5397],[-3.7055,40.5396],[-3.7053,40.5395],[-3.7056,40.5391],[-3.7059,40.5387],[-3.7062,40.5383],[-3.7065,40.5379],[-3.7069,40.5375],[-3.7072,40.5371],[-3.7075,40.5368],[-3.7078,40.5364],[-3.7081,40.5361],[-3.7084,40.5358],[-3.7087,40.5355],[-3.709,40.5352],[-3.7093,40.5349],[-3.7096,40.5347],[-3.7099,40.5344],[-3.7103,40.5341],[-3.7106,40.5338],[-3.7117,40.5328],[-3.7128,40.5324],[-3.714,40.5321],[-3.7151,40.5317],[-3.7162,40.5313],[-3.7173,40.5309],[-3.7184,40.5306],[-3.7187,40.5305],[-3.719,40.5304],[-3.7193,40.5303],[-3.7196,40.5301],[-3.7198,40.5301],[-3.7201,40.5301],[-3.7203,40.53],[-3.7205,40.53],[-3.7208,40.5299],[-3.721,40.5298],[-3.7213,40.5297],[-3.7216,40.5296],[-3.7219,40.5295],[-3.7221,40.5294],[-3.7224,40.5293],[-3.7226,40.5292],[-3.7229,40.5291],[-3.7232,40.5289],[-3.7238,40.5286],[-3.7245,40.5283],[-3.7251,40.5281],[-3.7258,40.5278],[-3.7264,40.5275],[-3.7271,40.5273],[-3.7277,40.527],[-3.728,40.5266],[-3.7282,40.5262],[-3.7284,40.5258],[-3.7286,40.5254],[-3.7289,40.525],[-3.7291,40.5246],[-3.7293,40.5242],[-3.7295,40.5238],[-3.7297,40.5236],[-3.7299,40.5234],[-3.7301,40.5233],[-3.7303,40.5231],[-3.7306,40.5231],[-3.731,40.523],[-3.7313,40.523],[-3.7316,40.523],[-3.7319,40.5229],[-3.732,40.5229],[-3.7321,40.5229],[-3.7321,40.5229],[-3.7322,40.5229],[-3.7323,40.5229],[-3.7324,40.5228],[-3.7325,40.5228],[-3.7326,40.5228],[-3.7329,40.5223],[-3.7333,40.5219],[-3.7336,40.5214],[-3.7339,40.521],[-3.7342,40.5205],[-3.7346,40.5201],[-3.7349,40.5196],[-3.7352,40.5192],[-3.7355,40.5187],[-3.7358,40.5183],[-3.7361,40.5178],[-3.7365,40.5174],[-3.7368,40.517],[-3.7371,40.5166],[-3.7374,40.5162],[-3.7377,40.5158],[-3.7379,40.5155],[-3.7382,40.5151],[-3.7385,40.5147],[-3.7387,40.5143],[-3.739,40.5139],[-3.7392,40.5135],[-3.7394,40.5132],[-3.7399,40.5123],[-3.7404,40.5115],[-3.7409,40.5107],[-3.7412,40.5104],[-3.7414,40.51],[-3.7416,40.5097],[-3.7418,40.5093],[-3.7419,40.5092],[-3.742,40.5091],[-3.742,40.509],[-3.7421,40.5089],[-3.7414,40.5086],[-3.7407,40.5084],[-3.7399,40.5082],[-3.7392,40.508],[-3.7385,40.5078],[-3.7378,40.5076],[-3.7371,40.5074],[-3.7364,40.5072],[-3.7356,40.507],[-3.7349,40.5068],[-3.7348,40.5069],[-3.7347,40.5071],[-3.7346,40.5072],[-3.7345,40.5073],[-3.7344,40.5075],[-3.7343,40.5076],[-3.7341,40.5076],[-3.7339,40.5075],[-3.7337,40.5074],[-3.7335,40.5073],[-3.7333,40.5073],[-3.7329,40.5072],[-3.7329,40.5072],[-3.7328,40.5072],[-3.7328,40.5071],[-3.7328,40.5071],[-3.7328,40.5071],[-3.7328,40.5071],[-3.7328,40.5071],[-3.7328,40.507],[-3.7329,40.507],[-3.7329,40.507],[-3.7329,40.507],[-3.7329,40.5069],[-3.733,40.5069],[-3.733,40.5069],[-3.733,40.5068],[-3.733,40.5068],[-3.733,40.5067],[-3.733,40.5066],[-3.733,40.5065],[-3.733,40.5065],[-3.733,40.5064],[-3.733,40.5064],[-3.733,40.5064],[-3.733,40.5063],[-3.733,40.5063],[-3.733,40.5063],[-3.733,40.5063],[-3.733,40.5063],[-3.733,40.5063],[-3.7328,40.5063],[-3.7327,40.5062],[-3.7326,40.5057],[-3.7324,40.5052],[-3.7324,40.505],[-3.7324,40.5048],[-3.7324,40.5047],[-3.7324,40.5045],[-3.7323,40.5043],[-3.7323,40.5041],[-3.7322,40.504],[-3.7322,40.5038],[-3.7326,40.5034],[-3.7331,40.5031],[-3.7336,40.5027],[-3.734,40.5024],[-3.7345,40.5021],[-3.7345,40.5019],[-3.7346,40.5017],[-3.7346,40.5016],[-3.7347,40.5014],[-3.7347,40.5012],[-3.7348,40.5011],[-3.7349,40.501],[-3.7349,40.5008],[-3.735,40.5007],[-3.7351,40.5005],[-3.7351,40.5003],[-3.7352,40.5001],[-3.7353,40.4999],[-3.7354,40.4997],[-3.7354,40.4995],[-3.7358,40.4985],[-3.7362,40.4976],[-3.7362,40.4973],[-3.7363,40.4971],[-3.7364,40.4969],[-3.7365,40.4967],[-3.7366,40.4965],[-3.7369,40.4961],[-3.7371,40.4957],[-3.7373,40.4953],[-3.7375,40.4949],[-3.7377,40.4945],[-3.7379,40.4941],[-3.7381,40.4937],[-3.7383,40.4932],[-3.7382,40.4932],[-3.7381,40.4931],[-3.738,40.4931],[-3.7378,40.4931],[-3.7377,40.4931],[-3.7376,40.4931],[-3.7375,40.4931],[-3.7374,40.4931],[-3.7373,40.4931],[-3.7366,40.493],[-3.7359,40.493],[-3.7352,40.4929],[-3.7345,40.4929],[-3.7338,40.4928],[-3.7329,40.4928],[-3.7321,40.4927],[-3.7319,40.4927],[-3.7317,40.4927],[-3.7315,40.4927],[-3.7314,40.493],[-3.7313,40.4933],[-3.7302,40.4964],[-3.729,40.4997],[-3.7288,40.5004],[-3.7286,40.501],[-3.7284,40.5017],[-3.7282,40.5024],[-3.728,40.5032],[-3.7278,40.5041],[-3.7268,40.5064],[-3.7262,40.5079],[-3.7258,40.5094],[-3.73,40.5105],[-3.7338,40.5115],[-3.7312,40.5155],[-3.7292,40.5186],[-3.7258,40.5189],[-3.7241,40.5221],[-3.7232,40.5239],[-3.7153,40.5266],[-3.7077,40.5293],[-3.7059,40.5312],[-3.7052,40.5319],[-3.7045,40.5327],[-3.7037,40.5334],[-3.703,40.5342],[-3.7022,40.5349],[-3.7013,40.5357],[-3.7004,40.5366],[-3.6996,40.5375],[-3.6982,40.5388],[-3.6969,40.5402],[-3.6971,40.5403],[-3.6973,40.5405],[-3.6975,40.5406],[-3.6977,40.5407],[-3.6979,40.5408],[-3.6981,40.5409],[-3.6983,40.5411],[-3.6986,40.5412],[-3.699,40.5414],[-3.6995,40.5417],[-3.7,40.542],[-3.7004,40.5422],[-3.7009,40.5425],[-3.701,40.5426],[-3.7012,40.5427],[-3.7013,40.5427],[-3.7014,40.5428],[-3.7015,40.5429],[-3.7017,40.543],[-3.7018,40.5431],[-3.7019,40.5432],[-3.702,40.5433],[-3.7021,40.5434],[-3.7022,40.5435],[-3.7023,40.5437],[-3.7024,40.5438],[-3.7025,40.5439],[-3.7026,40.544],[-3.7026,40.5442],[-3.7027,40.5443],[-3.7028,40.5445],[-3.7031,40.5451],[-3.7034,40.5457],[-3.7037,40.5463],[-3.704,40.5469],[-3.7043,40.5476],[-3.7046,40.5482],[-3.7047,40.5486],[-3.7049,40.549],[-3.705,40.5494],[-3.7052,40.5498],[-3.7054,40.5502],[-3.7056,40.5506],[-3.7058,40.551],[-3.706,40.5514],[-3.7061,40.5515],[-3.7062,40.5517],[-3.7063,40.5519],[-3.7064,40.552],[-3.7065,40.5522],[-3.7068,40.5523],[-3.707,40.5525],[-3.7073,40.5527],[-3.7075,40.5529],[-3.7077,40.5531],[-3.7079,40.5533],[-3.7081,40.5535],[-3.7083,40.5537],[-3.7085,40.5539],[-3.7087,40.5542],[-3.7089,40.5543],[-3.709,40.5545],[-3.7092,40.5546],[-3.7093,40.5548],[-3.7095,40.555],[-3.7096,40.5551],[-3.7097,40.5553],[-3.7098,40.5555],[-3.7099,40.5557],[-3.7101,40.5558],[-3.7102,40.556],[-3.7103,40.5563],[-3.7105,40.5565],[-3.7106,40.5567],[-3.7107,40.557],[-3.7109,40.5572],[-3.711,40.5575],[-3.7111,40.5577],[-3.7112,40.5579],[-3.7112,40.5581],[-3.7113,40.5582],[-3.7113,40.5584],[-3.7113,40.5585],[-3.7113,40.5587],[-3.7113,40.5588],[-3.7113,40.5588],[-3.7113,40.559],[-3.7113,40.5592],[-3.7113,40.5593],[-3.7113,40.5595],[-3.7113,40.5597],[-3.7113,40.56],[-3.7112,40.5602],[-3.7112,40.5604],[-3.7112,40.5606],[-3.7112,40.5606],[-3.7112,40.5606],[-3.7112,40.5606],[-3.7112,40.5606],[-3.7112,40.5606],[-3.7112,40.5607],[-3.7112,40.5609],[-3.7112,40.5612],[-3.7112,40.5615],[-3.7111,40.5618],[-3.7111,40.5621],[-3.7111,40.5624],[-3.711,40.5627],[-3.7109,40.563],[-3.7108,40.5632],[-3.7107,40.5635],[-3.7106,40.5638],[-3.7104,40.5641],[-3.7103,40.5645],[-3.7102,40.5649],[-3.7101,40.5653],[-3.7101,40.5657],[-3.7101,40.566],[-3.7101,40.5663],[-3.7101,40.5665],[-3.7101,40.5666],[-3.7101,40.5674],[-3.7101,40.5681],[-3.7101,40.5689],[-3.7101,40.5695],[-3.7101,40.5699],[-3.71,40.5703],[-3.7099,40.5707],[-3.7098,40.5711],[-3.7097,40.5715],[-3.7096,40.5719],[-3.7094,40.5723],[-3.7086,40.5737],[-3.7081,40.5746],[-3.7076,40.5755],[-3.7074,40.5758],[-3.7072,40.5761],[-3.7068,40.5767],[-3.7064,40.5774],[-3.706,40.578],[-3.7059,40.5781],[-3.7059,40.5783],[-3.7058,40.5784],[-3.7057,40.5785],[-3.7056,40.5785],[-3.7054,40.5786]]]},"geometry_name":"GEOMETRY1","properties":{"CD_TIPO_ZONA":"B3","DS_TIPO_ZONA":"B3: Parque Comarcal Agropecuario a regenerar.","NM_AREA_M":null,"NM_AREA_HA":null}},{"type":"Feature","id":"IDEM_MA_PR_CA_MANZANARES.10","geometry":{"type":"Polygon","coordinates":[[[-3.916,40.5882],[-3.9164,40.5882],[-3.9168,40.5882],[-3.9171,40.5883],[-3.9175,40.5883],[-3.9188,40.5884],[-3.9201,40.5885],[-3.9207,40.5886],[-3.9213,40.5887],[-3.9217,40.5887],[-3.9222,40.5888],[-3.9226,40.5888],[-3.9232,40.5886],[-3.9237,40.5884],[-3.9241,40.5884],[-3.9245,40.5884],[-3.9249,40.5884],[-3.9253,40.5884],[-3.9266,40.5864],[-3.9271,40.5855],[-3.9277,40.5846],[-3.9282,40.5838],[-3.9297,40.5838],[-3.9313,40.5839],[-3.9326,40.584],[-3.9327,40.5839],[-3.9329,40.5837],[-3.9331,40.5835],[-3.9331,40.5834],[-3.9331,40.5834],[-3.9332,40.5833],[-3.9333,40.5833],[-3.9334,40.5834],[-3.9337,40.5828],[-3.9341,40.5822],[-3.9344,40.5821],[-3.9347,40.5819],[-3.935,40.5818],[-3.9351,40.5817],[-3.9353,40.5816],[-3.9354,40.5816],[-3.9356,40.5815],[-3.9357,40.5815],[-3.9364,40.5814],[-3.9371,40.5813],[-3.9378,40.5812],[-3.9379,40.5811],[-3.9379,40.581],[-3.938,40.5808],[-3.9382,40.5807],[-3.9383,40.5805],[-3.9385,40.5804],[-3.9386,40.5803],[-3.9388,40.5802],[-3.939,40.5801],[-3.9393,40.5801],[-3.9396,40.5801],[-3.9401,40.5801],[-3.9405,40.5801],[-3.9407,40.5797],[-3.9408,40.5793],[-3.941,40.5789],[-3.9411,40.5785],[-3.9411,40.5785],[-3.9408,40.5785],[-3.9406,40.5785],[-3.9404,40.5786],[-3.9402,40.5786],[-3.9401,40.5786],[-3.9399,40.5786],[-3.9398,40.5786],[-3.9396,40.5786],[-3.9395,40.5785],[-3.9393,40.5785],[-3.9392,40.5785],[-3.939,40.5785],[-3.9389,40.5784],[-3.9387,40.5784],[-3.9384,40.5783],[-3.938,40.5782],[-3.9376,40.5781],[-3.9372,40.5779],[-3.9368,40.5778],[-3.9364,40.5776],[-3.936,40.5774],[-3.9356,40.5773],[-3.9352,40.577],[-3.9349,40.5768],[-3.9345,40.5766],[-3.9341,40.5763],[-3.9337,40.5761],[-3.9334,40.5759],[-3.933,40.5758],[-3.9327,40.5757],[-3.9323,40.5755],[-3.932,40.5754],[-3.9316,40.5752],[-3.9312,40.5751],[-3.931,40.575],[-3.9307,40.5749],[-3.9304,40.5748],[-3.9301,40.5747],[-3.9298,40.5747],[-3.9295,40.5746],[-3.9292,40.5745],[-3.9288,40.5745],[-3.9284,40.5744],[-3.928,40.5744],[-3.9278,40.5743],[-3.9276,40.5743],[-3.9274,40.5742],[-3.9272,40.5742],[-3.927,40.5741],[-3.9268,40.574],[-3.9266,40.574],[-3.9264,40.5739],[-3.9262,40.5738],[-3.926,40.5737],[-3.9256,40.5735],[-3.9253,40.5733],[-3.9249,40.573],[-3.9245,40.5728],[-3.9241,40.5726],[-3.9238,40.5723],[-3.9234,40.5721],[-3.9233,40.572],[-3.9231,40.5719],[-3.923,40.5718],[-3.9228,40.5717],[-3.9226,40.5715],[-3.9223,40.5714],[-3.922,40.5713],[-3.9217,40.5711],[-3.9214,40.571],[-3.9211,40.5709],[-3.9208,40.5708],[-3.9205,40.5706],[-3.9188,40.5699],[-3.9172,40.5691],[-3.9155,40.5683],[-3.9146,40.5679],[-3.9137,40.5674],[-3.9127,40.567],[-3.9118,40.5665],[-3.9109,40.5661],[-3.91,40.5656],[-3.9096,40.5654],[-3.9093,40.5652],[-3.9089,40.5651],[-3.9085,40.5649],[-3.9082,40.5647],[-3.908,40.5647],[-3.9079,40.5646],[-3.9077,40.5645],[-3.9076,40.5645],[-3.9074,40.5644],[-3.9065,40.5639],[-3.9056,40.5634],[-3.9051,40.5631],[-3.9046,40.5628],[-3.9041,40.5625],[-3.9037,40.5623],[-3.9032,40.562],[-3.903,40.5618],[-3.9028,40.5616],[-3.9025,40.5614],[-3.9023,40.5611],[-3.9021,40.5609],[-3.9019,40.5607],[-3.9017,40.5604],[-3.9015,40.5603],[-3.9013,40.5601],[-3.9011,40.5599],[-3.901,40.5598],[-3.9008,40.5596],[-3.9004,40.559],[-3.9,40.5584],[-3.8999,40.5582],[-3.8999,40.558],[-3.8998,40.5579],[-3.8997,40.5577],[-3.8996,40.5575],[-3.8995,40.5574],[-3.8994,40.5572],[-3.8989,40.5564],[-3.8983,40.5556],[-3.8978,40.5547],[-3.8976,40.5543],[-3.8973,40.5539],[-3.8971,40.5535],[-3.8969,40.5531],[-3.8966,40.5527],[-3.8961,40.5522],[-3.8956,40.5517],[-3.895,40.5512],[-3.8945,40.5508],[-3.894,40.5503],[-3.8939,40.5501],[-3.8938,40.55],[-3.8937,40.5499],[-3.8936,40.5497],[-3.8936,40.5497],[-3.8935,40.5496],[-3.8935,40.5496],[-3.8934,40.5495],[-3.8934,40.5495],[-3.8934,40.5494],[-3.8934,40.5493],[-3.8933,40.5493],[-3.8933,40.5492],[-3.8933,40.5491],[-3.8933,40.5491],[-3.8933,40.549],[-3.8933,40.5489],[-3.8932,40.5489],[-3.8932,40.5488],[-3.8931,40.5488],[-3.893,40.5485],[-3.8928,40.5482],[-3.8927,40.5479],[-3.8926,40.5477],[-3.8924,40.5474],[-3.8922,40.5471],[-3.8921,40.547],[-3.892,40.5468],[-3.8919,40.5466],[-3.8918,40.5465],[-3.8918,40.5463],[-3.8917,40.5462],[-3.8916,40.546],[-3.8915,40.5458],[-3.8915,40.5458],[-3.8913,40.546],[-3.8911,40.5462],[-3.8906,40.5467],[-3.8901,40.5473],[-3.8896,40.5478],[-3.8891,40.5484],[-3.8885,40.549],[-3.8885,40.549],[-3.8885,40.5491],[-3.8885,40.5491],[-3.8884,40.5491],[-3.8883,40.5491],[-3.8883,40.5491],[-3.8882,40.5491],[-3.8881,40.5491],[-3.8872,40.5487],[-3.886,40.5505],[-3.8865,40.5519],[-3.887,40.5534],[-3.8859,40.5538],[-3.8848,40.5542],[-3.8847,40.5543],[-3.8847,40.5544],[-3.8847,40.5544],[-3.8847,40.5545],[-3.8847,40.5546],[-3.8851,40.5547],[-3.8854,40.5548],[-3.8857,40.5549],[-3.8859,40.5553],[-3.8862,40.5557],[-3.8865,40.5556],[-3.8868,40.5555],[-3.887,40.5553],[-3.8872,40.5551],[-3.8873,40.555],[-3.8885,40.5547],[-3.8897,40.5544],[-3.8897,40.5552],[-3.8897,40.556],[-3.89,40.5558],[-3.8903,40.5556],[-3.8907,40.5554],[-3.891,40.5552],[-3.8913,40.555],[-3.8913,40.5549],[-3.8914,40.5549],[-3.8914,40.5549],[-3.8915,40.5549],[-3.8915,40.5549],[-3.8915,40.555],[-3.8915,40.5551],[-3.8915,40.5552],[-3.8915,40.5554],[-3.8914,40.5556],[-3.8915,40.5558],[-3.8915,40.556],[-3.8914,40.5562],[-3.8913,40.5564],[-3.8913,40.5566],[-3.8911,40.5568],[-3.8911,40.5569],[-3.8911,40.557],[-3.8911,40.5571],[-3.8912,40.5572],[-3.8913,40.5572],[-3.8915,40.5573],[-3.8916,40.5574],[-3.8918,40.5574],[-3.8922,40.5575],[-3.8926,40.5577],[-3.893,40.5579],[-3.8933,40.5581],[-3.8934,40.5581],[-3.8934,40.5582],[-3.8934,40.5583],[-3.8927,40.5585],[-3.8919,40.5588],[-3.8909,40.5591],[-3.8899,40.5595],[-3.8891,40.5597],[-3.8884,40.56],[-3.8881,40.5601],[-3.8877,40.5603],[-3.8871,40.5603],[-3.8865,40.5602],[-3.8858,40.5602],[-3.8851,40.5601],[-3.8843,40.56],[-3.8838,40.5599],[-3.8833,40.5599],[-3.8828,40.5598],[-3.8827,40.5598],[-3.8826,40.5598],[-3.8827,40.5599],[-3.8832,40.5601],[-3.8837,40.5603],[-3.8838,40.5603],[-3.884,40.5604],[-3.8842,40.5605],[-3.8843,40.5605],[-3.8845,40.5606],[-3.8846,40.5607],[-3.8847,40.5608],[-3.885,40.561],[-3.8849,40.5618],[-3.8846,40.5623],[-3.8842,40.5627],[-3.8839,40.5631],[-3.8838,40.5638],[-3.8871,40.5664],[-3.8875,40.5673],[-3.8879,40.5682],[-3.8879,40.5689],[-3.8889,40.5708],[-3.8884,40.5722],[-3.8871,40.5732],[-3.8858,40.5741],[-3.8855,40.5745],[-3.8853,40.575],[-3.8851,40.5754],[-3.8849,40.5759],[-3.8848,40.5763],[-3.8846,40.5768],[-3.8844,40.5772],[-3.8843,40.5777],[-3.8841,40.5782],[-3.884,40.5783],[-3.884,40.5784],[-3.8839,40.5785],[-3.8839,40.5787],[-3.8838,40.5788],[-3.8838,40.5789],[-3.8838,40.5791],[-3.8838,40.5792],[-3.8838,40.5794],[-3.8837,40.5796],[-3.8838,40.5797],[-3.8838,40.5799],[-3.8838,40.5801],[-3.8838,40.5802],[-3.8839,40.5804],[-3.884,40.5805],[-3.8841,40.5807],[-3.8841,40.5808],[-3.8841,40.5809],[-3.8841,40.581],[-3.8842,40.5812],[-3.8842,40.5813],[-3.8841,40.5814],[-3.884,40.5815],[-3.884,40.5815],[-3.8841,40.5815],[-3.8842,40.5815],[-3.8843,40.5815],[-3.885,40.5814],[-3.8858,40.5812],[-3.886,40.5812],[-3.8862,40.5812],[-3.8864,40.5812],[-3.8865,40.5812],[-3.8867,40.5812],[-3.8871,40.5813],[-3.8876,40.5814],[-3.8879,40.5816],[-3.8883,40.5817],[-3.8887,40.5818],[-3.8891,40.5819],[-3.8894,40.582],[-3.8897,40.582],[-3.89,40.5821],[-3.8902,40.5822],[-3.8904,40.5822],[-3.8906,40.5823],[-3.8908,40.5824],[-3.8911,40.5824],[-3.8914,40.5825],[-3.8916,40.5825],[-3.8918,40.5826],[-3.8921,40.5826],[-3.8924,40.5827],[-3.8927,40.5828],[-3.893,40.5829],[-3.8934,40.5829],[-3.8938,40.5829],[-3.8943,40.5829],[-3.8948,40.5829],[-3.8951,40.583],[-3.8955,40.583],[-3.8958,40.583],[-3.8962,40.583],[-3.8965,40.583],[-3.8969,40.5829],[-3.8973,40.5829],[-3.8977,40.5828],[-3.8982,40.5827],[-3.8985,40.5826],[-3.8988,40.5825],[-3.8991,40.5824],[-3.8994,40.5823],[-3.8996,40.5823],[-3.8998,40.5823],[-3.8999,40.5822],[-3.9001,40.5823],[-3.9005,40.5823],[-3.9008,40.5823],[-3.9011,40.5824],[-3.9014,40.5824],[-3.9016,40.5824],[-3.9018,40.5824],[-3.902,40.5824],[-3.9022,40.5824],[-3.9024,40.5824],[-3.9026,40.5824],[-3.9029,40.5825],[-3.9031,40.5825],[-3.9034,40.5824],[-3.9036,40.5824],[-3.9038,40.5824],[-3.904,40.5823],[-3.9042,40.5823],[-3.9045,40.5822],[-3.9047,40.5822],[-3.905,40.5822],[-3.9053,40.5822],[-3.9055,40.5822],[-3.9063,40.582],[-3.907,40.5819],[-3.9073,40.5819],[-3.9076,40.5818],[-3.9079,40.5818],[-3.9081,40.5819],[-3.9085,40.5818],[-3.9088,40.5818],[-3.909,40.5818],[-3.9091,40.5818],[-3.9093,40.5818],[-3.9095,40.5818],[-3.9097,40.5818],[-3.9098,40.5818],[-3.91,40.5819],[-3.9102,40.582],[-3.9103,40.582],[-3.9104,40.5821],[-3.9106,40.5823],[-3.9108,40.5825],[-3.911,40.5825],[-3.9112,40.5826],[-3.9113,40.5826],[-3.9115,40.5826],[-3.9117,40.5826],[-3.9119,40.5826],[-3.9122,40.5824],[-3.9126,40.5823],[-3.9129,40.5821],[-3.9131,40.5821],[-3.9132,40.5821],[-3.9133,40.5821],[-3.9135,40.5822],[-3.9136,40.5822],[-3.9138,40.5822],[-3.9139,40.5822],[-3.9141,40.5821],[-3.9142,40.5821],[-3.9143,40.582],[-3.9144,40.5818],[-3.9146,40.5817],[-3.9147,40.5815],[-3.9148,40.5814],[-3.9151,40.5812],[-3.9153,40.581],[-3.9155,40.581],[-3.9157,40.5809],[-3.9158,40.5808],[-3.916,40.5808],[-3.9168,40.5806],[-3.9176,40.5804],[-3.9183,40.5803],[-3.9185,40.5802],[-3.9188,40.5801],[-3.919,40.58],[-3.9192,40.5799],[-3.9194,40.5798],[-3.9197,40.5798],[-3.92,40.5797],[-3.9203,40.5796],[-3.9205,40.5796],[-3.9206,40.5796],[-3.9207,40.5796],[-3.9208,40.5796],[-3.9209,40.5797],[-3.9209,40.5797],[-3.9209,40.5798],[-3.9209,40.5799],[-3.9208,40.5799],[-3.9208,40.58],[-3.9207,40.58],[-3.9206,40.5801],[-3.9204,40.5802],[-3.9203,40.5803],[-3.9202,40.5804],[-3.9201,40.5805],[-3.9201,40.5807],[-3.92,40.5808],[-3.92,40.581],[-3.9199,40.5812],[-3.9199,40.5814],[-3.9198,40.5816],[-3.9197,40.5819],[-3.9196,40.5821],[-3.9195,40.5823],[-3.9194,40.5823],[-3.9193,40.5823],[-3.9193,40.5823],[-3.9191,40.5824],[-3.9189,40.5825],[-3.9187,40.5825],[-3.9184,40.5827],[-3.918,40.5828],[-3.9179,40.5829],[-3.9177,40.5829],[-3.9176,40.583],[-3.9175,40.5831],[-3.9174,40.5832],[-3.9173,40.5833],[-3.9173,40.5834],[-3.9172,40.5835],[-3.9173,40.5836],[-3.9173,40.5837],[-3.9174,40.5838],[-3.9175,40.5839],[-3.9177,40.5839],[-3.9178,40.584],[-3.9179,40.584],[-3.9179,40.5841],[-3.9179,40.5841],[-3.9179,40.5842],[-3.9179,40.5845],[-3.9178,40.5848],[-3.9178,40.5851],[-3.9177,40.5853],[-3.9176,40.5856],[-3.9176,40.5858],[-3.9174,40.586],[-3.9172,40.5863],[-3.917,40.5867],[-3.9165,40.5874],[-3.916,40.5882]]]},"geometry_name":"GEOMETRY1","properties":{"CD_TIPO_ZONA":"P","DS_TIPO_ZONA":"P: Áreas a ordenar por Planeamiento Urbanistico.","NM_AREA_M":null,"NM_AREA_HA":null}},{"type":"Feature","id":"IDEM_MA_PR_CA_MANZANARES.26","geometry":{"type":"Polygon","coordinates":[[[-3.8768,40.7348],[-3.8768,40.7349],[-3.8768,40.735],[-3.8768,40.7352],[-3.8769,40.7354],[-3.8769,40.7355],[-3.8768,40.7356],[-3.8768,40.7357],[-3.8766,40.7359],[-3.8765,40.7361],[-3.8765,40.7361],[-3.8764,40.7362],[-3.8764,40.7363],[-3.8764,40.7364],[-3.8765,40.7366],[-3.8765,40.7369],[-3.8766,40.737],[-3.8768,40.7371],[-3.8769,40.7372],[-3.877,40.7373],[-3.877,40.7373],[-3.8771,40.7374],[-3.8773,40.7375],[-3.8774,40.7375],[-3.8775,40.7376],[-3.8777,40.7377],[-3.8777,40.7378],[-3.8777,40.7378],[-3.8777,40.7379],[-3.8777,40.7379],[-3.8777,40.738],[-3.8777,40.7381],[-3.8776,40.7381],[-3.8776,40.7381],[-3.8776,40.7383],[-3.8777,40.7384],[-3.8777,40.7385],[-3.8777,40.7385],[-3.8778,40.7386],[-3.8779,40.7386],[-3.8779,40.7387],[-3.878,40.7387],[-3.8781,40.7388],[-3.8782,40.7388],[-3.8783,40.7388],[-3.8784,40.7388],[-3.8785,40.7388],[-3.8787,40.7388],[-3.8788,40.7388],[-3.879,40.7388],[-3.8792,40.7387],[-3.8794,40.7387],[-3.8795,40.7384],[-3.8795,40.7381],[-3.8796,40.7379],[-3.8796,40.7377],[-3.8797,40.7374],[-3.8798,40.7372],[-3.8798,40.737],[-3.8799,40.7367],[-3.8799,40.7365],[-3.8799,40.7363],[-3.88,40.7361],[-3.88,40.736],[-3.88,40.7358],[-3.8801,40.7356],[-3.8801,40.7354],[-3.8802,40.7349],[-3.8802,40.7346],[-3.88,40.7346],[-3.8799,40.7347],[-3.8798,40.7347],[-3.8797,40.7347],[-3.8796,40.7347],[-3.8796,40.7346],[-3.8796,40.7346],[-3.8796,40.7345],[-3.8796,40.7345],[-3.8796,40.7342],[-3.8796,40.734],[-3.8795,40.7338],[-3.8794,40.7338],[-3.8793,40.7339],[-3.8792,40.7339],[-3.8792,40.7339],[-3.8791,40.7338],[-3.879,40.7338],[-3.8789,40.7338],[-3.8788,40.7338],[-3.8786,40.7338],[-3.8785,40.7338],[-3.8782,40.7338],[-3.8779,40.7337],[-3.8777,40.7337],[-3.8774,40.7337],[-3.8772,40.7337],[-3.877,40.7337],[-3.877,40.7337],[-3.877,40.7338],[-3.877,40.7339],[-3.8769,40.734],[-3.8768,40.7341],[-3.8767,40.7343],[-3.8767,40.7343],[-3.8766,40.7344],[-3.8766,40.7345],[-3.8766,40.7346],[-3.8767,40.7347],[-3.8768,40.7348]]]},"geometry_name":"GEOMETRY1","properties":{"CD_TIPO_ZONA":"P","DS_TIPO_ZONA":"P: Áreas a ordenar por Planeamiento Urbanistico.","NM_AREA_M":null,"NM_AREA_HA":null}},{"type":"Feature","id":"IDEM_MA_PR_CA_MANZANARES.27","geometry":{"type":"Polygon","coordinates":[[[-3.8677,40.7258],[-3.8677,40.7258],[-3.8677,40.7258],[-3.8676,40.7257],[-3.8676,40.7257],[-3.8676,40.7257],[-3.8674,40.7256],[-3.8674,40.7256],[-3.8674,40.7256],[-3.8674,40.7256],[-3.8674,40.7256],[-3.8673,40.7255],[-3.8672,40.7255],[-3.8671,40.7255],[-3.8671,40.7255],[-3.867,40.7255],[-3.867,40.7255],[-3.8669,40.7254],[-3.8669,40.7254],[-3.8668,40.7254],[-3.8668,40.7254],[-3.8667,40.7254],[-3.8667,40.7254],[-3.8666,40.7254],[-3.8663,40.7253],[-3.8662,40.7254],[-3.8661,40.7254],[-3.866,40.7254],[-3.8654,40.7254],[-3.8654,40.7254],[-3.8654,40.7254],[-3.8654,40.7254],[-3.8653,40.7254],[-3.8653,40.7254],[-3.8653,40.7254],[-3.8653,40.7254],[-3.8652,40.7253],[-3.8651,40.7254],[-3.8651,40.7254],[-3.8648,40.7253],[-3.8648,40.7253],[-3.8648,40.7253],[-3.8647,40.7253],[-3.8647,40.7253],[-3.8647,40.7253],[-3.8646,40.7253],[-3.8646,40.7253],[-3.8646,40.7253],[-3.8646,40.7253],[-3.8645,40.7253],[-3.8645,40.7253],[-3.8645,40.7253],[-3.8644,40.7253],[-3.8644,40.7253],[-3.8644,40.7253],[-3.8644,40.7253],[-3.8643,40.7253],[-3.8643,40.7253],[-3.8643,40.7253],[-3.8642,40.7253],[-3.8642,40.7253],[-3.8642,40.7254],[-3.8642,40.7254],[-3.8641,40.7254],[-3.8641,40.7254],[-3.8641,40.7254],[-3.8641,40.7254],[-3.864,40.7254],[-3.864,40.7254],[-3.864,40.7254],[-3.864,40.7254],[-3.8639,40.7254],[-3.8639,40.7253],[-3.8639,40.7253],[-3.8638,40.7253],[-3.8638,40.7253],[-3.8638,40.7253],[-3.8637,40.7253],[-3.8637,40.7254],[-3.8637,40.7254],[-3.8636,40.7254],[-3.8636,40.7254],[-3.8636,40.7254],[-3.8635,40.7254],[-3.8635,40.7254],[-3.8634,40.7255],[-3.8632,40.7255],[-3.8629,40.7255],[-3.8629,40.7255],[-3.8629,40.7256],[-3.8628,40.7256],[-3.8628,40.7256],[-3.8627,40.7257],[-3.8627,40.7257],[-3.8627,40.7257],[-3.8627,40.7257],[-3.8626,40.7257],[-3.8626,40.7257],[-3.8626,40.7257],[-3.8625,40.7257],[-3.8625,40.7257],[-3.8625,40.7257],[-3.8625,40.7257],[-3.8625,40.7257],[-3.8624,40.7257],[-3.8624,40.7257],[-3.8624,40.7257],[-3.8624,40.7257],[-3.8624,40.7257],[-3.8623,40.7257],[-3.8623,40.7257],[-3.8623,40.7257],[-3.8623,40.7257],[-3.8623,40.7257],[-3.8622,40.7257],[-3.8622,40.7257],[-3.8622,40.7257],[-3.8622,40.7257],[-3.8621,40.7257],[-3.8621,40.7257],[-3.8621,40.7257],[-3.862,40.7257],[-3.8619,40.7258],[-3.8619,40.7258],[-3.8619,40.7258],[-3.8618,40.7258],[-3.8618,40.7259],[-3.8618,40.7259],[-3.8617,40.7259],[-3.8617,40.7259],[-3.8617,40.7259],[-3.8617,40.726],[-3.8617,40.7261],[-3.8617,40.7261],[-3.8617,40.7261],[-3.8617,40.7261],[-3.8617,40.7262],[-3.8617,40.7262],[-3.8617,40.7262],[-3.8617,40.7262],[-3.8618,40.7262],[-3.8618,40.7262],[-3.8618,40.7262],[-3.8618,40.7263],[-3.8618,40.7263],[-3.8618,40.7263],[-3.8618,40.7263],[-3.8618,40.7263],[-3.8617,40.7264],[-3.8617,40.7264],[-3.8617,40.7264],[-3.8616,40.7264],[-3.8615,40.7264],[-3.8615,40.7264],[-3.8615,40.7265],[-3.8615,40.7265],[-3.8615,40.7265],[-3.8614,40.7265],[-3.8614,40.7265],[-3.8614,40.7265],[-3.8614,40.7265],[-3.8613,40.7266],[-3.8613,40.7266],[-3.8613,40.7266],[-3.8612,40.7266],[-3.8612,40.7266],[-3.8612,40.7267],[-3.8611,40.7267],[-3.8611,40.7267],[-3.8611,40.7267],[-3.8611,40.7267],[-3.8611,40.7267],[-3.861,40.7268],[-3.861,40.7268],[-3.8609,40.7268],[-3.8609,40.7269],[-3.8609,40.7269],[-3.8609,40.7269],[-3.8608,40.7269],[-3.8608,40.7269],[-3.8607,40.727],[-3.8607,40.727],[-3.8607,40.727],[-3.8606,40.7271],[-3.8606,40.7271],[-3.8605,40.7271],[-3.8605,40.7272],[-3.8605,40.7272],[-3.8604,40.7272],[-3.8604,40.7272],[-3.8604,40.7272],[-3.8604,40.7272],[-3.8603,40.7273],[-3.8603,40.7273],[-3.8603,40.7273],[-3.8603,40.7273],[-3.8602,40.7273],[-3.8602,40.7274],[-3.8602,40.7274],[-3.8602,40.7274],[-3.8602,40.7274],[-3.8601,40.7274],[-3.8601,40.7275],[-3.8601,40.7275],[-3.8601,40.7275],[-3.8601,40.7275],[-3.86,40.7275],[-3.86,40.7276],[-3.86,40.7276],[-3.8599,40.7276],[-3.8599,40.7276],[-3.8599,40.7276],[-3.8599,40.7277],[-3.8598,40.7277],[-3.8598,40.7277],[-3.8598,40.7277],[-3.8597,40.7277],[-3.8597,40.7278],[-3.8597,40.7278],[-3.8597,40.7278],[-3.8596,40.7278],[-3.8596,40.7279],[-3.8596,40.7279],[-3.8596,40.7279],[-3.8595,40.7279],[-3.8595,40.7279],[-3.8595,40.728],[-3.8595,40.728],[-3.8594,40.728],[-3.8591,40.7282],[-3.859,40.7282],[-3.8588,40.7283],[-3.8583,40.7285],[-3.858,40.7285],[-3.858,40.7285],[-3.8572,40.7287],[-3.8572,40.7287],[-3.8572,40.7287],[-3.8571,40.7287],[-3.857,40.7287],[-3.857,40.7287],[-3.8569,40.7287],[-3.8569,40.7288],[-3.8568,40.7288],[-3.8568,40.7288],[-3.8567,40.7288],[-3.8566,40.7288],[-3.8566,40.7288],[-3.8565,40.7288],[-3.8565,40.7289],[-3.8564,40.7289],[-3.8564,40.7289],[-3.8563,40.7289],[-3.8563,40.7289],[-3.8562,40.7289],[-3.8562,40.7289],[-3.8561,40.729],[-3.856,40.729],[-3.856,40.729],[-3.8559,40.729],[-3.8559,40.729],[-3.8558,40.7291],[-3.8558,40.7291],[-3.8558,40.7291],[-3.8558,40.7291],[-3.8558,40.7291],[-3.8557,40.7291],[-3.8557,40.7291],[-3.8556,40.7291],[-3.8556,40.7291],[-3.8555,40.7292],[-3.8555,40.7292],[-3.8555,40.7292],[-3.8554,40.7292],[-3.8554,40.7292],[-3.8553,40.7293],[-3.8553,40.7293],[-3.8552,40.7293],[-3.8552,40.7293],[-3.8551,40.7293],[-3.8551,40.7293],[-3.8549,40.7295],[-3.8549,40.7295],[-3.8548,40.7295],[-3.8548,40.7296],[-3.8548,40.7296],[-3.8547,40.7296],[-3.8547,40.7296],[-3.8547,40.7296],[-3.8546,40.7297],[-3.8546,40.7297],[-3.8545,40.7298],[-3.8544,40.7298],[-3.8544,40.7298],[-3.8542,40.73],[-3.8542,40.73],[-3.8542,40.73],[-3.8541,40.73],[-3.8541,40.7301],[-3.8539,40.7302],[-3.8538,40.7303],[-3.8536,40.7304],[-3.8534,40.7306],[-3.8533,40.7307],[-3.8532,40.7307],[-3.8531,40.7308],[-3.853,40.7309],[-3.853,40.7309],[-3.8529,40.731],[-3.8528,40.731],[-3.8527,40.7311],[-3.8526,40.7312],[-3.8525,40.7312],[-3.8525,40.7313],[-3.8524,40.7313],[-3.8523,40.7314],[-3.8523,40.7314],[-3.8522,40.7315],[-3.8521,40.7315],[-3.8521,40.7316],[-3.852,40.7316],[-3.852,40.7317],[-3.8519,40.7317],[-3.8518,40.7318],[-3.8518,40.7318],[-3.8517,40.7319],[-3.8516,40.7319],[-3.8515,40.732],[-3.8514,40.7321],[-3.8514,40.7321],[-3.8513,40.7322],[-3.8512,40.7323],[-3.8512,40.7323],[-3.8512,40.7323],[-3.8511,40.7323],[-3.8511,40.7323],[-3.851,40.7324],[-3.851,40.7324],[-3.851,40.7324],[-3.8509,40.7324],[-3.8509,40.7324],[-3.8509,40.7325],[-3.8509,40.7325],[-3.8508,40.7325],[-3.8508,40.7325],[-3.8508,40.7326],[-3.8507,40.7326],[-3.8507,40.7326],[-3.8507,40.7326],[-3.8506,40.7327],[-3.8506,40.7327],[-3.8506,40.7327],[-3.8505,40.7327],[-3.8505,40.7328],[-3.8505,40.7328],[-3.8505,40.7328],[-3.8504,40.7328],[-3.8504,40.7329],[-3.8504,40.7329],[-3.8504,40.7329],[-3.8503,40.733],[-3.8503,40.733],[-3.8503,40.733],[-3.8502,40.733],[-3.8502,40.7331],[-3.8502,40.7331],[-3.8502,40.7331],[-3.8502,40.7332],[-3.8501,40.7332],[-3.8501,40.7332],[-3.8501,40.7333],[-3.85,40.7333],[-3.8499,40.7335],[-3.8498,40.7336],[-3.8498,40.7336],[-3.8498,40.7337],[-3.8497,40.7338],[-3.8497,40.7338],[-3.8497,40.7339],[-3.8496,40.7339],[-3.8496,40.734],[-3.8496,40.7341],[-3.8495,40.7342],[-3.8495,40.7342],[-3.8494,40.7343],[-3.8494,40.7344],[-3.8493,40.7346],[-3.8492,40.7347],[-3.8491,40.7348],[-3.8491,40.7349],[-3.8491,40.7349],[-3.849,40.735],[-3.8488,40.7352],[-3.8488,40.7352],[-3.8488,40.7352],[-3.8487,40.7352],[-3.8487,40.7352],[-3.8487,40.7352],[-3.8487,40.7352],[-3.8487,40.7352],[-3.8487,40.7352],[-3.8487,40.7352],[-3.8487,40.7353],[-3.8486,40.7353],[-3.8486,40.7353],[-3.8486,40.7353],[-3.8486,40.7353],[-3.8486,40.7353],[-3.8486,40.7353],[-3.8486,40.7353],[-3.8486,40.7353],[-3.8486,40.7353],[-3.8486,40.7353],[-3.8486,40.7353],[-3.8486,40.7353],[-3.8486,40.7354],[-3.8486,40.7354],[-3.8486,40.7355],[-3.8486,40.7355],[-3.8486,40.7356],[-3.8486,40.7356],[-3.8487,40.7357],[-3.8487,40.7358],[-3.8487,40.7358],[-3.8487,40.7359],[-3.8487,40.7359],[-3.8487,40.736],[-3.8487,40.736],[-3.8487,40.7363],[-3.8489,40.7366],[-3.8489,40.7366],[-3.8489,40.7367],[-3.849,40.7368],[-3.849,40.7368],[-3.8494,40.7376],[-3.8494,40.7376],[-3.8495,40.7379],[-3.8496,40.7382],[-3.8497,40.7385],[-3.8497,40.7385],[-3.8497,40.7385],[-3.8497,40.7385],[-3.8497,40.7385],[-3.8497,40.7385],[-3.8497,40.7386],[-3.8497,40.7386],[-3.8497,40.7386],[-3.8497,40.7386],[-3.8497,40.7386],[-3.8498,40.7386],[-3.8498,40.7386],[-3.8498,40.7386],[-3.8498,40.7386],[-3.8498,40.7386],[-3.8498,40.7386],[-3.8498,40.7386],[-3.8498,40.7386],[-3.8499,40.7386],[-3.8499,40.7386],[-3.8499,40.7386],[-3.8499,40.7386],[-3.8499,40.7387],[-3.8499,40.7387],[-3.8499,40.7387],[-3.8499,40.7387],[-3.85,40.7387],[-3.8502,40.7387],[-3.8503,40.7387],[-3.8504,40.7388],[-3.8506,40.7388],[-3.8507,40.7388],[-3.8508,40.7389],[-3.8509,40.7389],[-3.851,40.7389],[-3.8513,40.739],[-3.8517,40.739],[-3.8517,40.7392],[-3.8519,40.7392],[-3.8519,40.7392],[-3.8519,40.7392],[-3.8519,40.7392],[-3.8519,40.7392],[-3.8519,40.7392],[-3.8519,40.7392],[-3.852,40.7392],[-3.852,40.7392],[-3.852,40.7392],[-3.852,40.7392],[-3.852,40.7392],[-3.852,40.7392],[-3.852,40.7392],[-3.852,40.7392],[-3.852,40.7392],[-3.852,40.7392],[-3.852,40.7392],[-3.852,40.7392],[-3.8524,40.7392],[-3.8529,40.7394],[-3.8532,40.7395],[-3.8533,40.7395],[-3.8533,40.7395],[-3.8534,40.7395],[-3.8535,40.7395],[-3.8535,40.7395],[-3.8536,40.7395],[-3.8536,40.7395],[-3.8536,40.7395],[-3.8537,40.7394],[-3.8537,40.7394],[-3.8537,40.7394],[-3.8537,40.7393],[-3.8537,40.7393],[-3.8537,40.7393],[-3.8536,40.7392],[-3.8536,40.7392],[-3.8536,40.7392],[-3.8536,40.7392],[-3.8536,40.7391],[-3.8535,40.7391],[-3.8535,40.739],[-3.8535,40.739],[-3.8535,40.739],[-3.8535,40.739],[-3.8535,40.7389],[-3.8535,40.7389],[-3.8535,40.7389],[-3.8535,40.7389],[-3.8535,40.7388],[-3.8535,40.7388],[-3.8535,40.7388],[-3.8535,40.7388],[-3.8535,40.7388],[-3.8536,40.7387],[-3.8536,40.7386],[-3.8536,40.7384],[-3.8537,40.7384],[-3.8537,40.7384],[-3.8537,40.7384],[-3.8537,40.7384],[-3.8537,40.7384],[-3.8537,40.7384],[-3.8537,40.7383],[-3.8538,40.7383],[-3.8538,40.7382],[-3.8539,40.7382],[-3.854,40.7381],[-3.8541,40.738],[-3.8541,40.738],[-3.8542,40.7378],[-3.8543,40.7377],[-3.8544,40.7377],[-3.8546,40.7376],[-3.8549,40.7374],[-3.8554,40.7372],[-3.8558,40.7371],[-3.8558,40.7371],[-3.8559,40.7371],[-3.856,40.737],[-3.8561,40.737],[-3.8561,40.737],[-3.8562,40.7369],[-3.8562,40.7369],[-3.8563,40.7369],[-3.8564,40.7368],[-3.8565,40.7367],[-3.8566,40.7367],[-3.8567,40.7366],[-3.8568,40.7366],[-3.8569,40.7366],[-3.857,40.7365],[-3.857,40.7365],[-3.857,40.7365],[-3.857,40.7365],[-3.8571,40.7365],[-3.8571,40.7365],[-3.8571,40.7365],[-3.8571,40.7365],[-3.8572,40.7365],[-3.8572,40.7365],[-3.8574,40.7365],[-3.8576,40.7365],[-3.8578,40.7365],[-3.8579,40.7365],[-3.858,40.7365],[-3.8581,40.7365],[-3.8581,40.7365],[-3.8581,40.7365],[-3.8582,40.7365],[-3.8582,40.7365],[-3.8583,40.7365],[-3.8583,40.7365],[-3.8583,40.7365],[-3.8584,40.7365],[-3.8584,40.7365],[-3.8585,40.7365],[-3.8586,40.7365],[-3.8587,40.7365],[-3.8587,40.7365],[-3.8587,40.7365],[-3.8588,40.7366],[-3.8588,40.7366],[-3.8588,40.7366],[-3.8588,40.7366],[-3.8588,40.7366],[-3.8589,40.7366],[-3.8589,40.7366],[-3.8589,40.7366],[-3.8589,40.7366],[-3.8591,40.7367],[-3.8591,40.7367],[-3.8591,40.7367],[-3.8591,40.7367],[-3.8592,40.7367],[-3.8592,40.7367],[-3.8592,40.7367],[-3.8592,40.7367],[-3.8592,40.7367],[-3.8592,40.7367],[-3.8593,40.7367],[-3.8593,40.7367],[-3.8594,40.7366],[-3.8595,40.7366],[-3.8595,40.7366],[-3.8596,40.7366],[-3.8596,40.7366],[-3.8596,40.7366],[-3.8596,40.7366],[-3.8596,40.7366],[-3.8596,40.7366],[-3.8596,40.7366],[-3.8596,40.7365],[-3.8596,40.7365],[-3.8596,40.7365],[-3.8596,40.7365],[-3.8596,40.7365],[-3.8597,40.7365],[-3.8597,40.7365],[-3.8597,40.7365],[-3.8597,40.7365],[-3.8597,40.7365],[-3.8597,40.7365],[-3.8597,40.7365],[-3.8597,40.7365],[-3.8597,40.7365],[-3.8597,40.7365],[-3.8597,40.7365],[-3.8598,40.7366],[-3.8599,40.7366],[-3.86,40.7367],[-3.86,40.7368],[-3.8601,40.7368],[-3.8601,40.7369],[-3.8602,40.7369],[-3.8602,40.737],[-3.8602,40.737],[-3.8602,40.737],[-3.8602,40.737],[-3.8602,40.737],[-3.8603,40.7371],[-3.8604,40.7371],[-3.8605,40.7372],[-3.8605,40.7372],[-3.8606,40.7372],[-3.8606,40.7372],[-3.8606,40.7372],[-3.8607,40.7372],[-3.8607,40.7372],[-3.8607,40.7372],[-3.8607,40.7372],[-3.8607,40.7372],[-3.8608,40.7371],[-3.8608,40.7371],[-3.8608,40.7371],[-3.8608,40.7371],[-3.8608,40.7371],[-3.8609,40.7371],[-3.8609,40.7371],[-3.8609,40.7371],[-3.8609,40.7371],[-3.861,40.7371],[-3.861,40.7371],[-3.861,40.7371],[-3.861,40.7371],[-3.861,40.7371],[-3.861,40.7371],[-3.861,40.7371],[-3.8611,40.7371],[-3.8611,40.7371],[-3.8611,40.7371],[-3.8611,40.7371],[-3.8611,40.737],[-3.8611,40.737],[-3.8611,40.737],[-3.8611,40.737],[-3.8612,40.737],[-3.8612,40.737],[-3.8612,40.737],[-3.8612,40.737],[-3.8612,40.737],[-3.8613,40.737],[-3.8613,40.737],[-3.8613,40.737],[-3.8613,40.737],[-3.8613,40.737],[-3.8613,40.737],[-3.8613,40.737],[-3.8614,40.7369],[-3.8615,40.7369],[-3.8615,40.7369],[-3.8615,40.7369],[-3.8615,40.7369],[-3.8615,40.7369],[-3.8616,40.7369],[-3.8616,40.7369],[-3.8616,40.7369],[-3.8616,40.7369],[-3.8617,40.737],[-3.8618,40.737],[-3.8618,40.737],[-3.8619,40.7371],[-3.8619,40.7371],[-3.8619,40.7371],[-3.8619,40.7371],[-3.8619,40.7371],[-3.8619,40.7371],[-3.8619,40.7371],[-3.8619,40.7371],[-3.8619,40.7371],[-3.862,40.7372],[-3.862,40.7372],[-3.862,40.7372],[-3.862,40.7372],[-3.862,40.7372],[-3.862,40.7372],[-3.862,40.7372],[-3.862,40.7372],[-3.862,40.7372],[-3.862,40.7372],[-3.862,40.7372],[-3.8621,40.7372],[-3.8621,40.7372],[-3.8622,40.7372],[-3.8624,40.7372],[-3.8627,40.7371],[-3.863,40.7371],[-3.8631,40.7371],[-3.8632,40.7371],[-3.8632,40.7371],[-3.8633,40.7371],[-3.8633,40.7371],[-3.8634,40.737],[-3.8634,40.737],[-3.8634,40.737],[-3.8635,40.737],[-3.8635,40.737],[-3.8636,40.737],[-3.8636,40.737],[-3.8637,40.7371],[-3.8637,40.7372],[-3.8638,40.7373],[-3.8639,40.7375],[-3.8639,40.7376],[-3.864,40.7377],[-3.864,40.7378],[-3.8641,40.7379],[-3.8641,40.738],[-3.8641,40.738],[-3.8642,40.738],[-3.8642,40.7381],[-3.8642,40.7381],[-3.8642,40.7381],[-3.8642,40.7382],[-3.8642,40.7382],[-3.8642,40.7382],[-3.8642,40.7382],[-3.8643,40.7382],[-3.8645,40.7382],[-3.8646,40.7381],[-3.8647,40.7381],[-3.8647,40.7381],[-3.8647,40.7381],[-3.8648,40.7381],[-3.8648,40.7381],[-3.8649,40.738],[-3.8649,40.738],[-3.865,40.738],[-3.8651,40.738],[-3.8653,40.7379],[-3.8654,40.7379],[-3.8654,40.7379],[-3.8655,40.7379],[-3.8655,40.7379],[-3.8655,40.7379],[-3.8655,40.7379],[-3.8656,40.7379],[-3.8656,40.7379],[-3.8656,40.7379],[-3.8656,40.7379],[-3.8657,40.7379],[-3.8657,40.7378],[-3.8657,40.7378],[-3.8657,40.7378],[-3.866,40.7378],[-3.8663,40.7378],[-3.8667,40.7377],[-3.8669,40.7377],[-3.8675,40.7375],[-3.8675,40.7375],[-3.8675,40.7375],[-3.8676,40.7375],[-3.8677,40.7375],[-3.8678,40.7374],[-3.8679,40.7374],[-3.868,40.7374],[-3.8681,40.7373],[-3.8682,40.7373],[-3.8682,40.7373],[-3.8682,40.7373],[-3.8682,40.7373],[-3.8683,40.7373],[-3.8683,40.7373],[-3.8684,40.7372],[-3.8684,40.7372],[-3.8684,40.7372],[-3.8684,40.7372],[-3.8685,40.7372],[-3.8685,40.7372],[-3.8685,40.7372],[-3.8686,40.7372],[-3.8686,40.7372],[-3.8686,40.7372],[-3.8686,40.7372],[-3.8687,40.7372],[-3.8688,40.7372],[-3.869,40.7371],[-3.8691,40.7371],[-3.8693,40.737],[-3.8694,40.737],[-3.8696,40.7369],[-3.8699,40.7368],[-3.87,40.7368],[-3.87,40.7367],[-3.8702,40.7367],[-3.8702,40.7367],[-3.8705,40.7366],[-3.8706,40.7365],[-3.8708,40.7365],[-3.8711,40.7364],[-3.8713,40.7363],[-3.8715,40.7363],[-3.8716,40.7363],[-3.8717,40.7363],[-3.8717,40.7363],[-3.8717,40.7363],[-3.8718,40.7363],[-3.8719,40.7363],[-3.872,40.7363],[-3.8721,40.7363],[-3.8722,40.7363],[-3.8723,40.7365],[-3.8723,40.7367],[-3.8724,40.737],[-3.8724,40.7373],[-3.8724,40.7373],[-3.8725,40.7381],[-3.8725,40.7382],[-3.8725,40.7382],[-3.8725,40.7384],[-3.8725,40.7384],[-3.8726,40.7388],[-3.8727,40.7393],[-3.8727,40.7395],[-3.8727,40.7395],[-3.8727,40.7396],[-3.8727,40.7398],[-3.8728,40.7399],[-3.8729,40.7404],[-3.8729,40.7408],[-3.8731,40.7413],[-3.8732,40.7417],[-3.8732,40.7419],[-3.8733,40.7421],[-3.8733,40.7421],[-3.8733,40.7422],[-3.8734,40.7425],[-3.8734,40.7425],[-3.8734,40.7426],[-3.8734,40.7426],[-3.8735,40.7427],[-3.8735,40.7427],[-3.8735,40.7427],[-3.8735,40.7428],[-3.8735,40.7428],[-3.8735,40.7428],[-3.8735,40.7428],[-3.8735,40.7428],[-3.8735,40.7428],[-3.8736,40.7428],[-3.8736,40.7428],[-3.8736,40.7428],[-3.8736,40.7429],[-3.8736,40.7429],[-3.8736,40.7429],[-3.8736,40.7429],[-3.8736,40.7429],[-3.8736,40.7429],[-3.8737,40.7429],[-3.8737,40.7429],[-3.8737,40.7429],[-3.8738,40.743],[-3.8738,40.743],[-3.8738,40.743],[-3.8738,40.743],[-3.8738,40.743],[-3.8739,40.743],[-3.8739,40.743],[-3.8739,40.743],[-3.8739,40.743],[-3.874,40.743],[-3.874,40.743],[-3.8741,40.743],[-3.8742,40.743],[-3.8744,40.743],[-3.8745,40.7429],[-3.8746,40.7429],[-3.8747,40.7429],[-3.8749,40.7428],[-3.8751,40.7427],[-3.8751,40.7427],[-3.8752,40.7427],[-3.8754,40.7426],[-3.8757,40.7425],[-3.8759,40.7424],[-3.8761,40.7424],[-3.8763,40.7423],[-3.8766,40.7423],[-3.8767,40.7423],[-3.877,40.7422],[-3.877,40.7422],[-3.877,40.7422],[-3.8771,40.7422],[-3.8772,40.7422],[-3.8775,40.7422],[-3.8776,40.7422],[-3.8777,40.7422],[-3.8779,40.7422],[-3.8779,40.7422],[-3.8782,40.7422],[-3.8783,40.7422],[-3.8784,40.7422],[-3.8784,40.7422],[-3.8785,40.7422],[-3.8785,40.7422],[-3.8785,40.7422],[-3.8785,40.7422],[-3.8786,40.7422],[-3.8789,40.7423],[-3.8789,40.7423],[-3.879,40.7423],[-3.879,40.7423],[-3.8791,40.7423],[-3.8791,40.7424],[-3.8792,40.7424],[-3.8793,40.7424],[-3.8793,40.7424],[-3.8794,40.7424],[-3.8794,40.7424],[-3.8795,40.7425],[-3.8795,40.7425],[-3.8795,40.7425],[-3.8796,40.7425],[-3.8796,40.7425],[-3.8796,40.7425],[-3.8797,40.7425],[-3.8797,40.7426],[-3.8798,40.7426],[-3.8798,40.7426],[-3.8799,40.7426],[-3.8799,40.7426],[-3.8799,40.7426],[-3.88,40.7426],[-3.88,40.7426],[-3.88,40.7426],[-3.8801,40.7426],[-3.8804,40.7427],[-3.8804,40.7427],[-3.8804,40.7427],[-3.8809,40.7429],[-3.8809,40.7429],[-3.8809,40.7429],[-3.881,40.7429],[-3.881,40.7429],[-3.881,40.7429],[-3.8811,40.7429],[-3.8811,40.7429],[-3.8812,40.7429],[-3.8812,40.7429],[-3.8812,40.7429],[-3.8813,40.7429],[-3.8813,40.7429],[-3.8815,40.7429],[-3.8816,40.7429],[-3.8818,40.7429],[-3.8819,40.7429],[-3.8821,40.7429],[-3.8823,40.7429],[-3.8825,40.7429],[-3.8827,40.7429],[-3.8829,40.7428],[-3.883,40.7428],[-3.8832,40.7428],[-3.8834,40.7428],[-3.8834,40.7428],[-3.8834,40.7428],[-3.8843,40.7428],[-3.8846,40.7427],[-3.8846,40.7427],[-3.8846,40.7427],[-3.8846,40.7425],[-3.8846,40.7425],[-3.8846,40.7424],[-3.8846,40.7424],[-3.8846,40.7424],[-3.8846,40.7423],[-3.8846,40.7423],[-3.8845,40.7422],[-3.8845,40.7422],[-3.8845,40.7421],[-3.8845,40.7421],[-3.8845,40.7421],[-3.8844,40.7421],[-3.8844,40.7421],[-3.8844,40.7421],[-3.8843,40.7421],[-3.8843,40.7421],[-3.8842,40.7421],[-3.8842,40.7421],[-3.8842,40.7421],[-3.8841,40.7421],[-3.8841,40.7421],[-3.8841,40.7421],[-3.884,40.7421],[-3.884,40.7421],[-3.884,40.7421],[-3.8839,40.7421],[-3.8839,40.742],[-3.8838,40.742],[-3.8838,40.742],[-3.8838,40.742],[-3.8837,40.742],[-3.8837,40.742],[-3.8836,40.742],[-3.8836,40.742],[-3.8835,40.742],[-3.8835,40.742],[-3.8834,40.742],[-3.8834,40.742],[-3.8833,40.742],[-3.8832,40.742],[-3.8831,40.742],[-3.8831,40.7419],[-3.883,40.7419],[-3.8829,40.7419],[-3.8828,40.7419],[-3.8824,40.7416],[-3.8823,40.7415],[-3.8822,40.7412],[-3.882,40.7412],[-3.8819,40.741],[-3.8819,40.741],[-3.8819,40.7409],[-3.8818,40.7409],[-3.8818,40.7409],[-3.8818,40.7409],[-3.8818,40.7409],[-3.8817,40.7408],[-3.8817,40.7408],[-3.8817,40.7408],[-3.8817,40.7408],[-3.8817,40.7408],[-3.8817,40.7408],[-3.8817,40.7408],[-3.8817,40.7408],[-3.8817,40.7408],[-3.8817,40.7408],[-3.8816,40.7408],[-3.8816,40.7408],[-3.8816,40.7408],[-3.8816,40.7408],[-3.8816,40.7408],[-3.8816,40.7407],[-3.8816,40.7407],[-3.8816,40.7407],[-3.8816,40.7407],[-3.8815,40.7407],[-3.8815,40.7407],[-3.8815,40.7407],[-3.8815,40.7407],[-3.8815,40.7407],[-3.8815,40.7407],[-3.8815,40.7407],[-3.8815,40.7407],[-3.8814,40.7407],[-3.8814,40.7407],[-3.8814,40.7407],[-3.8814,40.7407],[-3.8814,40.7407],[-3.8814,40.7407],[-3.8814,40.7407],[-3.8814,40.7407],[-3.8814,40.7406],[-3.8813,40.7406],[-3.8813,40.7406],[-3.8813,40.7406],[-3.8813,40.7406],[-3.8813,40.7406],[-3.8813,40.7406],[-3.8813,40.7406],[-3.8813,40.7406],[-3.8813,40.7406],[-3.8813,40.7406],[-3.8813,40.7406],[-3.8813,40.7406],[-3.8813,40.7405],[-3.8813,40.7405],[-3.8812,40.7405],[-3.8812,40.7405],[-3.8812,40.7405],[-3.8811,40.7405],[-3.8811,40.7404],[-3.8811,40.7404],[-3.8811,40.7404],[-3.881,40.7404],[-3.881,40.7403],[-3.881,40.7403],[-3.881,40.7403],[-3.8809,40.7403],[-3.8809,40.7403],[-3.8809,40.7403],[-3.8809,40.7402],[-3.8809,40.7402],[-3.8809,40.7402],[-3.8809,40.7402],[-3.8808,40.7402],[-3.8808,40.7402],[-3.8808,40.7402],[-3.8808,40.7402],[-3.8808,40.7402],[-3.8808,40.7402],[-3.8808,40.7401],[-3.8808,40.7401],[-3.8808,40.7401],[-3.8807,40.7401],[-3.8807,40.7401],[-3.8807,40.7401],[-3.8807,40.7401],[-3.8807,40.74],[-3.8807,40.74],[-3.8807,40.74],[-3.8807,40.74],[-3.8807,40.7399],[-3.8806,40.7399],[-3.8806,40.7399],[-3.8806,40.7398],[-3.8806,40.7397],[-3.8806,40.7396],[-3.8806,40.7396],[-3.8806,40.7395],[-3.8806,40.7395],[-3.8806,40.7395],[-3.8806,40.7395],[-3.8806,40.7395],[-3.8806,40.7395],[-3.8806,40.7394],[-3.8806,40.7394],[-3.8806,40.7394],[-3.8806,40.7394],[-3.8806,40.7394],[-3.8806,40.7394],[-3.8806,40.7393],[-3.8806,40.7393],[-3.8806,40.7393],[-3.8806,40.7393],[-3.8806,40.7393],[-3.8806,40.7392],[-3.8806,40.7392],[-3.8806,40.7392],[-3.8806,40.7392],[-3.8806,40.7392],[-3.8806,40.7392],[-3.8806,40.7392],[-3.8806,40.7392],[-3.8806,40.7392],[-3.8806,40.7392],[-3.8806,40.7392],[-3.8806,40.7392],[-3.8806,40.7391],[-3.8806,40.7391],[-3.8806,40.7391],[-3.8805,40.7391],[-3.8803,40.7392],[-3.8803,40.7392],[-3.8803,40.7392],[-3.8803,40.7392],[-3.8802,40.7392],[-3.8802,40.7392],[-3.8802,40.7392],[-3.8802,40.7392],[-3.8801,40.7392],[-3.8801,40.7392],[-3.8801,40.7392],[-3.88,40.7392],[-3.88,40.7392],[-3.88,40.7392],[-3.8798,40.7392],[-3.8795,40.7392],[-3.8792,40.7392],[-3.8792,40.7392],[-3.8791,40.7392],[-3.8791,40.7392],[-3.8791,40.7392],[-3.879,40.7392],[-3.879,40.7392],[-3.879,40.7392],[-3.8789,40.7392],[-3.8789,40.7392],[-3.8789,40.7392],[-3.8788,40.7392],[-3.8788,40.7392],[-3.8788,40.7392],[-3.8787,40.7392],[-3.8787,40.7392],[-3.8787,40.7392],[-3.8786,40.7392],[-3.8786,40.7392],[-3.8786,40.7392],[-3.8785,40.7392],[-3.8784,40.7392],[-3.8784,40.7392],[-3.8783,40.7392],[-3.8783,40.7392],[-3.8782,40.7393],[-3.8781,40.7393],[-3.8781,40.7393],[-3.878,40.7393],[-3.878,40.7393],[-3.878,40.7393],[-3.878,40.7393],[-3.878,40.7393],[-3.8779,40.7393],[-3.8779,40.7393],[-3.8779,40.7393],[-3.8779,40.7393],[-3.8779,40.7393],[-3.8779,40.7393],[-3.8779,40.7393],[-3.8779,40.7393],[-3.8778,40.7393],[-3.8778,40.7393],[-3.8778,40.7392],[-3.8778,40.7392],[-3.8778,40.7392],[-3.8778,40.7392],[-3.8778,40.7392],[-3.8777,40.7392],[-3.8777,40.7392],[-3.8777,40.7392],[-3.8777,40.7392],[-3.8777,40.7392],[-3.8777,40.7392],[-3.8777,40.7392],[-3.8777,40.7392],[-3.8777,40.7392],[-3.8776,40.7392],[-3.8776,40.7392],[-3.8776,40.7392],[-3.8776,40.7392],[-3.8776,40.7392],[-3.8776,40.7392],[-3.8776,40.7392],[-3.8776,40.7392],[-3.8776,40.7391],[-3.8776,40.7391],[-3.8775,40.7391],[-3.8775,40.7391],[-3.8775,40.7391],[-3.8775,40.7391],[-3.8775,40.7391],[-3.8775,40.7391],[-3.8775,40.7391],[-3.8775,40.7391],[-3.8775,40.7391],[-3.8775,40.7391],[-3.8774,40.7391],[-3.8774,40.7391],[-3.8774,40.7391],[-3.8774,40.7391],[-3.8774,40.7391],[-3.8774,40.7391],[-3.8774,40.7391],[-3.8773,40.7391],[-3.8773,40.739],[-3.8773,40.739],[-3.8772,40.739],[-3.8772,40.7389],[-3.8771,40.7389],[-3.8771,40.7389],[-3.877,40.7388],[-3.877,40.7388],[-3.8769,40.7388],[-3.8769,40.7388],[-3.8769,40.7388],[-3.8769,40.7387],[-3.8769,40.7387],[-3.8769,40.7387],[-3.8769,40.7387],[-3.8768,40.7387],[-3.8768,40.7387],[-3.8768,40.7387],[-3.8768,40.7387],[-3.8768,40.7387],[-3.8768,40.7386],[-3.8768,40.7386],[-3.8767,40.7386],[-3.8767,40.7386],[-3.8767,40.7386],[-3.8767,40.7386],[-3.8767,40.7386],[-3.8767,40.7386],[-3.8767,40.7386],[-3.8767,40.7386],[-3.8767,40.7385],[-3.8767,40.7385],[-3.8767,40.7385],[-3.8767,40.7385],[-3.8767,40.7385],[-3.8767,40.7385],[-3.8767,40.7385],[-3.8767,40.7384],[-3.8766,40.7384],[-3.8766,40.7383],[-3.8766,40.7383],[-3.8766,40.7382],[-3.8766,40.7382],[-3.8765,40.7381],[-3.8765,40.7381],[-3.8765,40.738],[-3.8764,40.7379],[-3.8764,40.7378],[-3.8763,40.7377],[-3.8763,40.7377],[-3.8763,40.7376],[-3.8763,40.7376],[-3.8763,40.7375],[-3.8763,40.7375],[-3.8763,40.7375],[-3.8762,40.7374],[-3.8762,40.7374],[-3.8762,40.7373],[-3.8762,40.7373],[-3.8762,40.7373],[-3.8762,40.7372],[-3.8762,40.7372],[-3.8762,40.7371],[-3.8762,40.7371],[-3.8762,40.7371],[-3.8762,40.737],[-3.8762,40.737],[-3.8761,40.737],[-3.8761,40.7369],[-3.8761,40.7368],[-3.8761,40.7367],[-3.8761,40.7366],[-3.876,40.7366],[-3.876,40.7365],[-3.876,40.7363],[-3.876,40.7362],[-3.8761,40.7361],[-3.8761,40.7361],[-3.8761,40.7361],[-3.8761,40.7361],[-3.8761,40.7361],[-3.8761,40.7361],[-3.8761,40.7361],[-3.8761,40.7361],[-3.8761,40.7361],[-3.8761,40.736],[-3.8762,40.736],[-3.8762,40.736],[-3.8762,40.736],[-3.8762,40.736],[-3.8762,40.736],[-3.8762,40.736],[-3.8762,40.736],[-3.8762,40.7359],[-3.8762,40.7359],[-3.8762,40.7359],[-3.8762,40.7359],[-3.8762,40.7359],[-3.8762,40.7359],[-3.8762,40.7359],[-3.8762,40.7359],[-3.8762,40.7359],[-3.8762,40.7358],[-3.8762,40.7358],[-3.8762,40.7358],[-3.8763,40.7358],[-3.8763,40.7358],[-3.8763,40.7358],[-3.8763,40.7357],[-3.8763,40.7357],[-3.8763,40.7356],[-3.8763,40.7356],[-3.8763,40.7356],[-3.8764,40.7355],[-3.8764,40.7355],[-3.8764,40.7354],[-3.8764,40.7354],[-3.8764,40.7353],[-3.8764,40.7353],[-3.8764,40.7353],[-3.8764,40.7352],[-3.8764,40.7352],[-3.8764,40.7352],[-3.8764,40.7352],[-3.8764,40.7351],[-3.8764,40.7351],[-3.8764,40.7351],[-3.8764,40.735],[-3.8764,40.735],[-3.8763,40.735],[-3.8763,40.7349],[-3.8763,40.7349],[-3.8763,40.7349],[-3.8763,40.7349],[-3.8763,40.7348],[-3.8763,40.7348],[-3.8763,40.7348],[-3.8762,40.7348],[-3.8762,40.7347],[-3.8762,40.7347],[-3.8762,40.7347],[-3.8762,40.7346],[-3.8762,40.7346],[-3.8762,40.7346],[-3.8762,40.7346],[-3.8761,40.7345],[-3.8761,40.7345],[-3.8761,40.7345],[-3.8761,40.7344],[-3.8761,40.7344],[-3.8761,40.7344],[-3.8761,40.7344],[-3.8761,40.7343],[-3.8761,40.7343],[-3.8761,40.7343],[-3.8762,40.7342],[-3.8762,40.7342],[-3.8762,40.7342],[-3.8762,40.7341],[-3.8762,40.7341],[-3.8762,40.7341],[-3.8762,40.7341],[-3.8762,40.734],[-3.8762,40.734],[-3.8762,40.734],[-3.8762,40.7339],[-3.8762,40.7339],[-3.8762,40.7339],[-3.8762,40.7339],[-3.8762,40.7338],[-3.8762,40.7338],[-3.8762,40.7338],[-3.8763,40.7337],[-3.8763,40.7337],[-3.8763,40.7337],[-3.8763,40.7337],[-3.8763,40.7336],[-3.8763,40.7336],[-3.8763,40.7336],[-3.8763,40.7336],[-3.8763,40.7335],[-3.8763,40.7335],[-3.8763,40.7335],[-3.8763,40.7334],[-3.8763,40.7334],[-3.8763,40.7334],[-3.8763,40.7334],[-3.8763,40.7333],[-3.8763,40.7333],[-3.8763,40.7333],[-3.8763,40.7332],[-3.8763,40.7332],[-3.8763,40.7332],[-3.8763,40.7332],[-3.8763,40.7331],[-3.8763,40.7331],[-3.8763,40.7331],[-3.8763,40.7331],[-3.8763,40.733],[-3.8763,40.733],[-3.8763,40.733],[-3.8763,40.7329],[-3.8763,40.7329],[-3.8763,40.7329],[-3.8763,40.7328],[-3.8763,40.7328],[-3.8763,40.7328],[-3.8763,40.7327],[-3.8763,40.7327],[-3.8764,40.7327],[-3.8764,40.7326],[-3.8764,40.7326],[-3.8764,40.7325],[-3.8764,40.7325],[-3.8764,40.7325],[-3.8764,40.7324],[-3.8764,40.7324],[-3.8764,40.7324],[-3.8764,40.7323],[-3.8764,40.7323],[-3.8764,40.7323],[-3.8764,40.7322],[-3.8764,40.7322],[-3.8764,40.7321],[-3.8764,40.7321],[-3.8764,40.7321],[-3.8764,40.732],[-3.8764,40.732],[-3.8764,40.732],[-3.8764,40.7319],[-3.8764,40.7319],[-3.8764,40.7319],[-3.8764,40.7318],[-3.8764,40.7318],[-3.8764,40.7317],[-3.8764,40.7317],[-3.8764,40.7317],[-3.8763,40.7316],[-3.8763,40.7316],[-3.8763,40.7316],[-3.8763,40.7315],[-3.8763,40.7315],[-3.8763,40.7315],[-3.8763,40.7314],[-3.8763,40.7314],[-3.8763,40.7314],[-3.8763,40.7313],[-3.8763,40.7313],[-3.8763,40.7312],[-3.8762,40.7312],[-3.8762,40.7312],[-3.8762,40.7311],[-3.8762,40.7311],[-3.8762,40.7311],[-3.8762,40.731],[-3.8762,40.731],[-3.8761,40.731],[-3.8761,40.7309],[-3.8761,40.7309],[-3.8761,40.7309],[-3.8761,40.7309],[-3.8761,40.7308],[-3.876,40.7308],[-3.876,40.7308],[-3.876,40.7307],[-3.876,40.7307],[-3.876,40.7307],[-3.8759,40.7307],[-3.8759,40.7306],[-3.8759,40.7306],[-3.8759,40.7306],[-3.8759,40.7306],[-3.8758,40.7305],[-3.8758,40.7305],[-3.8758,40.7305],[-3.8757,40.7304],[-3.8757,40.7304],[-3.8757,40.7304],[-3.8757,40.7303],[-3.8756,40.7303],[-3.8756,40.7303],[-3.8756,40.7302],[-3.8755,40.7302],[-3.8755,40.7302],[-3.8755,40.7301],[-3.8754,40.7301],[-3.8754,40.7301],[-3.8754,40.7301],[-3.8753,40.73],[-3.8753,40.73],[-3.8753,40.73],[-3.8752,40.7299],[-3.8752,40.7299],[-3.8752,40.7299],[-3.8751,40.7299],[-3.8751,40.7298],[-3.8751,40.7298],[-3.875,40.7298],[-3.875,40.7297],[-3.8749,40.7297],[-3.8749,40.7297],[-3.8749,40.7297],[-3.8748,40.7296],[-3.8747,40.7296],[-3.8747,40.7296],[-3.8746,40.7295],[-3.8745,40.7295],[-3.8744,40.7295],[-3.8744,40.7294],[-3.8743,40.7294],[-3.8742,40.7294],[-3.8741,40.7293],[-3.8741,40.7293],[-3.874,40.7293],[-3.8739,40.7293],[-3.8738,40.7292],[-3.8738,40.7292],[-3.8737,40.7292],[-3.8736,40.7291],[-3.8736,40.7291],[-3.8735,40.7291],[-3.8734,40.7291],[-3.8734,40.729],[-3.8733,40.729],[-3.8733,40.729],[-3.8733,40.729],[-3.8732,40.729],[-3.8732,40.729],[-3.8732,40.729],[-3.8732,40.729],[-3.8732,40.729],[-3.8731,40.7289],[-3.8731,40.7289],[-3.8731,40.7289],[-3.8731,40.7289],[-3.873,40.7289],[-3.873,40.7289],[-3.873,40.7289],[-3.873,40.7289],[-3.873,40.7289],[-3.8729,40.7289],[-3.8728,40.7288],[-3.8727,40.7288],[-3.8727,40.7288],[-3.8727,40.7288],[-3.8726,40.7288],[-3.8726,40.7288],[-3.8726,40.7288],[-3.8726,40.7288],[-3.8726,40.7288],[-3.8726,40.7288],[-3.8726,40.7288],[-3.8726,40.7288],[-3.8726,40.7288],[-3.8726,40.7287],[-3.8726,40.7287],[-3.8726,40.7287],[-3.8726,40.7287],[-3.8726,40.7287],[-3.8726,40.7287],[-3.8726,40.7287],[-3.8726,40.7287],[-3.8726,40.7287],[-3.8726,40.7287],[-3.8726,40.7287],[-3.8726,40.7287],[-3.8726,40.7287],[-3.8726,40.7287],[-3.8726,40.7286],[-3.8726,40.7286],[-3.8727,40.7286],[-3.8727,40.7286],[-3.8727,40.7286],[-3.8727,40.7286],[-3.8727,40.7286],[-3.8727,40.7286],[-3.8727,40.7286],[-3.8727,40.7286],[-3.8727,40.7286],[-3.8727,40.7286],[-3.8727,40.7286],[-3.8728,40.7286],[-3.8728,40.7286],[-3.8728,40.7285],[-3.8728,40.7285],[-3.8728,40.7285],[-3.8728,40.7285],[-3.8728,40.7285],[-3.8728,40.7285],[-3.8728,40.7285],[-3.8728,40.7285],[-3.8728,40.7285],[-3.8728,40.7285],[-3.8728,40.7285],[-3.8728,40.7285],[-3.8728,40.7285],[-3.8728,40.7285],[-3.8728,40.7284],[-3.8728,40.7284],[-3.8728,40.7284],[-3.8728,40.7284],[-3.8728,40.7284],[-3.8728,40.7284],[-3.8728,40.7284],[-3.8728,40.7284],[-3.8728,40.7284],[-3.8728,40.7284],[-3.8728,40.7284],[-3.8728,40.7284],[-3.8728,40.7283],[-3.8728,40.7283],[-3.8728,40.7283],[-3.8728,40.7283],[-3.8728,40.7283],[-3.8728,40.7283],[-3.8728,40.7283],[-3.8728,40.7283],[-3.8728,40.7283],[-3.8728,40.7283],[-3.8728,40.7283],[-3.8728,40.7283],[-3.8728,40.7283],[-3.8728,40.7283],[-3.8728,40.7283],[-3.8728,40.7282],[-3.8727,40.7282],[-3.8727,40.7282],[-3.8727,40.7282],[-3.8727,40.7282],[-3.8727,40.7282],[-3.8727,40.7282],[-3.8727,40.7282],[-3.8727,40.7282],[-3.8726,40.7282],[-3.8726,40.7282],[-3.8726,40.7282],[-3.8726,40.7282],[-3.8726,40.7282],[-3.8726,40.7282],[-3.8726,40.7282],[-3.8726,40.7281],[-3.8725,40.7281],[-3.8725,40.7281],[-3.8725,40.7281],[-3.8725,40.7281],[-3.8725,40.7281],[-3.8725,40.7281],[-3.8725,40.7281],[-3.8725,40.7281],[-3.8724,40.728],[-3.8724,40.728],[-3.8723,40.728],[-3.8722,40.7279],[-3.8722,40.7279],[-3.8721,40.7279],[-3.8721,40.7279],[-3.872,40.7278],[-3.872,40.7278],[-3.8719,40.7278],[-3.8719,40.7277],[-3.8718,40.7277],[-3.8718,40.7277],[-3.8717,40.7277],[-3.8717,40.7277],[-3.8717,40.7276],[-3.8716,40.7276],[-3.8716,40.7276],[-3.8715,40.7276],[-3.8715,40.7276],[-3.8715,40.7275],[-3.8714,40.7275],[-3.8714,40.7275],[-3.8713,40.7275],[-3.8713,40.7274],[-3.8713,40.7274],[-3.8711,40.7273],[-3.871,40.7273],[-3.871,40.7273],[-3.871,40.7273],[-3.871,40.7273],[-3.871,40.7272],[-3.871,40.7272],[-3.871,40.7272],[-3.871,40.7272],[-3.871,40.7272],[-3.8709,40.7272],[-3.8709,40.7272],[-3.8709,40.7272],[-3.8709,40.7272],[-3.8709,40.7272],[-3.8709,40.7272],[-3.8709,40.7272],[-3.8709,40.7272],[-3.8709,40.7272],[-3.8708,40.7272],[-3.8708,40.7272],[-3.8708,40.7272],[-3.8707,40.7272],[-3.8706,40.7272],[-3.8706,40.7272],[-3.8705,40.7272],[-3.8705,40.7272],[-3.8705,40.7272],[-3.8704,40.7272],[-3.8704,40.7272],[-3.8703,40.7272],[-3.8703,40.7272],[-3.8703,40.7272],[-3.8702,40.7272],[-3.8702,40.7272],[-3.8701,40.7272],[-3.8701,40.7272],[-3.8701,40.7272],[-3.87,40.7272],[-3.87,40.7272],[-3.8699,40.7272],[-3.8699,40.7272],[-3.8699,40.7272],[-3.8699,40.7272],[-3.8699,40.7272],[-3.8698,40.7272],[-3.8698,40.7272],[-3.8698,40.7272],[-3.8698,40.7272],[-3.8698,40.7272],[-3.8698,40.7272],[-3.8698,40.7272],[-3.8697,40.7272],[-3.8697,40.7272],[-3.8697,40.7272],[-3.8697,40.7272],[-3.8697,40.7272],[-3.8697,40.7272],[-3.8697,40.7272],[-3.8697,40.7272],[-3.8696,40.7272],[-3.8696,40.7272],[-3.8696,40.7272],[-3.8696,40.7272],[-3.8696,40.7272],[-3.8695,40.7272],[-3.8695,40.7272],[-3.8695,40.7272],[-3.8694,40.7272],[-3.8694,40.7272],[-3.8694,40.7272],[-3.8694,40.7272],[-3.8693,40.7272],[-3.8693,40.7272],[-3.8693,40.7272],[-3.8693,40.7272],[-3.8692,40.7272],[-3.8692,40.7271],[-3.8692,40.7271],[-3.8692,40.7271],[-3.8691,40.7271],[-3.8691,40.7271],[-3.8691,40.7271],[-3.869,40.7271],[-3.869,40.7271],[-3.869,40.7271],[-3.869,40.7271],[-3.8689,40.7271],[-3.8689,40.7271],[-3.8689,40.7271],[-3.8689,40.7271],[-3.8688,40.7271],[-3.8688,40.727],[-3.8688,40.727],[-3.8688,40.727],[-3.8687,40.727],[-3.8687,40.727],[-3.8687,40.727],[-3.8687,40.727],[-3.8686,40.727],[-3.8686,40.727],[-3.8686,40.727],[-3.8686,40.727],[-3.8683,40.7269],[-3.8682,40.7269],[-3.8682,40.7268],[-3.8681,40.7268],[-3.8681,40.7268],[-3.8681,40.7268],[-3.868,40.7267],[-3.868,40.7267],[-3.8679,40.7267],[-3.8679,40.7267],[-3.8679,40.7267],[-3.8678,40.7266],[-3.8678,40.7266],[-3.8678,40.7266],[-3.8678,40.7266],[-3.8678,40.7266],[-3.8677,40.7266],[-3.8677,40.7266],[-3.8677,40.7265],[-3.8677,40.7265],[-3.8677,40.7265],[-3.8676,40.7265],[-3.8676,40.7265],[-3.8676,40.7265],[-3.8676,40.7265],[-3.8676,40.7264],[-3.8675,40.7264],[-3.8675,40.7264],[-3.8675,40.7264],[-3.8675,40.7264],[-3.8675,40.7264],[-3.8674,40.7264],[-3.8674,40.7263],[-3.8674,40.7263],[-3.8674,40.7263],[-3.8673,40.7263],[-3.8673,40.7263],[-3.8673,40.7262],[-3.8673,40.7262],[-3.8673,40.7262],[-3.8672,40.7262],[-3.8672,40.7262],[-3.8672,40.7261],[-3.8673,40.7261],[-3.8674,40.7261],[-3.8675,40.726],[-3.8675,40.726],[-3.8676,40.726],[-3.8676,40.726],[-3.8677,40.726],[-3.8677,40.7259],[-3.8678,40.7259],[-3.8678,40.7259],[-3.8677,40.7258]]]},"geometry_name":"GEOMETRY1","properties":{"CD_TIPO_ZONA":"P","DS_TIPO_ZONA":"P: Áreas a ordenar por Planeamiento Urbanistico.","NM_AREA_M":null,"NM_AREA_HA":null}},{"type":"Feature","id":"IDEM_MA_PR_CA_MANZANARES.28","geometry":{"type":"Polygon","coordinates":[[[-3.7757,40.7911],[-3.7757,40.7911],[-3.7757,40.7911],[-3.7757,40.7911],[-3.7757,40.7911],[-3.7758,40.7911],[-3.7758,40.7911],[-3.7758,40.7911],[-3.7758,40.7911],[-3.7758,40.7911],[-3.7759,40.7911],[-3.7759,40.7911],[-3.7759,40.7911],[-3.7759,40.7911],[-3.7759,40.7911],[-3.7759,40.7911],[-3.7759,40.7911],[-3.776,40.7911],[-3.776,40.7911],[-3.776,40.7911],[-3.776,40.7911],[-3.776,40.7911],[-3.776,40.7912],[-3.776,40.7912],[-3.7761,40.7912],[-3.7761,40.7912],[-3.7761,40.7912],[-3.7761,40.7912],[-3.7761,40.7912],[-3.7761,40.7912],[-3.7761,40.7912],[-3.7761,40.7912],[-3.7761,40.7913],[-3.7761,40.7913],[-3.7761,40.7913],[-3.7761,40.7913],[-3.7761,40.7913],[-3.7761,40.7913],[-3.7761,40.7913],[-3.7762,40.7913],[-3.7762,40.7913],[-3.7762,40.7913],[-3.7762,40.7913],[-3.7762,40.7914],[-3.7762,40.7914],[-3.7762,40.7914],[-3.7762,40.7914],[-3.7762,40.7914],[-3.7762,40.7914],[-3.7762,40.7914],[-3.7762,40.7914],[-3.7762,40.7914],[-3.7762,40.7915],[-3.7762,40.7915],[-3.7762,40.7915],[-3.7761,40.7915],[-3.7761,40.7915],[-3.7761,40.7915],[-3.7761,40.7915],[-3.7761,40.7916],[-3.7761,40.7917],[-3.7761,40.7917],[-3.7761,40.7917],[-3.776,40.7917],[-3.776,40.7917],[-3.776,40.7918],[-3.776,40.7919],[-3.7759,40.792],[-3.7759,40.792],[-3.7758,40.7921],[-3.7758,40.7921],[-3.7758,40.7922],[-3.7757,40.7924],[-3.7757,40.7924],[-3.7755,40.7928],[-3.7753,40.7931],[-3.7753,40.7932],[-3.7752,40.7933],[-3.7751,40.7934],[-3.7751,40.7935],[-3.7751,40.7936],[-3.7751,40.7936],[-3.775,40.7937],[-3.775,40.7937],[-3.775,40.7938],[-3.775,40.7938],[-3.775,40.7938],[-3.775,40.7938],[-3.775,40.7938],[-3.775,40.7939],[-3.775,40.7939],[-3.775,40.794],[-3.775,40.7941],[-3.775,40.7942],[-3.775,40.7945],[-3.775,40.795],[-3.775,40.7959],[-3.7751,40.7961],[-3.7751,40.7963],[-3.7751,40.7966],[-3.7751,40.7967],[-3.7751,40.7968],[-3.7751,40.7968],[-3.7751,40.7968],[-3.7751,40.7969],[-3.7751,40.797],[-3.7751,40.7971],[-3.7751,40.7974],[-3.7751,40.7977],[-3.7751,40.7977],[-3.7751,40.7978],[-3.7751,40.7984],[-3.7751,40.7989],[-3.7752,40.7997],[-3.7752,40.8002],[-3.7755,40.8001],[-3.7759,40.8],[-3.7763,40.7998],[-3.7767,40.7996],[-3.777,40.7994],[-3.7773,40.7992],[-3.7776,40.799],[-3.7779,40.7988],[-3.7785,40.7983],[-3.7791,40.7977],[-3.7795,40.7974],[-3.7798,40.7971],[-3.78,40.7967],[-3.7803,40.7964],[-3.7805,40.7962],[-3.7808,40.796],[-3.7811,40.7958],[-3.7814,40.7954],[-3.7815,40.7952],[-3.7817,40.7951],[-3.7818,40.7949],[-3.7822,40.7947],[-3.7827,40.7945],[-3.783,40.7943],[-3.7834,40.794],[-3.7837,40.7937],[-3.784,40.7934],[-3.784,40.7933],[-3.784,40.7933],[-3.7841,40.7932],[-3.7841,40.7931],[-3.7842,40.793],[-3.7842,40.793],[-3.7843,40.793],[-3.7844,40.7929],[-3.7846,40.7929],[-3.7847,40.7928],[-3.7847,40.7928],[-3.7847,40.7927],[-3.7847,40.7926],[-3.7848,40.7926],[-3.7849,40.7925],[-3.7855,40.7923],[-3.7861,40.7922],[-3.7864,40.7921],[-3.7866,40.7921],[-3.7868,40.792],[-3.787,40.7918],[-3.7872,40.7917],[-3.7881,40.7914],[-3.789,40.791],[-3.7892,40.7909],[-3.7894,40.7909],[-3.7897,40.7908],[-3.79,40.7907],[-3.7903,40.7906],[-3.791,40.7904],[-3.7917,40.7901],[-3.7921,40.7899],[-3.7926,40.7898],[-3.7931,40.7896],[-3.7934,40.7896],[-3.7936,40.7895],[-3.7939,40.7894],[-3.794,40.7892],[-3.7941,40.7891],[-3.7943,40.789],[-3.7944,40.7889],[-3.7947,40.7887],[-3.7948,40.7885],[-3.7948,40.7882],[-3.7948,40.7878],[-3.7945,40.7871],[-3.7941,40.7865],[-3.7935,40.7859],[-3.7935,40.7857],[-3.7935,40.7854],[-3.7934,40.7851],[-3.7932,40.785],[-3.793,40.7847],[-3.7929,40.7845],[-3.7928,40.7841],[-3.7928,40.784],[-3.793,40.7838],[-3.7929,40.7837],[-3.7928,40.7836],[-3.7927,40.7835],[-3.7925,40.7835],[-3.7925,40.7835],[-3.7923,40.7835],[-3.7921,40.7833],[-3.7921,40.7832],[-3.7919,40.7831],[-3.7918,40.7829],[-3.7916,40.7829],[-3.7913,40.7829],[-3.7911,40.7829],[-3.7908,40.783],[-3.7904,40.7833],[-3.7903,40.7835],[-3.7902,40.7837],[-3.7902,40.7838],[-3.7901,40.784],[-3.7898,40.7844],[-3.7895,40.7846],[-3.7893,40.7847],[-3.789,40.785],[-3.7887,40.7852],[-3.7884,40.7851],[-3.788,40.785],[-3.7877,40.785],[-3.7874,40.785],[-3.7874,40.785],[-3.7871,40.7851],[-3.787,40.7853],[-3.7868,40.7855],[-3.7865,40.7856],[-3.7865,40.7856],[-3.7861,40.7855],[-3.7861,40.7854],[-3.786,40.7853],[-3.7859,40.7852],[-3.7859,40.7852],[-3.7859,40.785],[-3.7859,40.785],[-3.786,40.7846],[-3.7862,40.7843],[-3.7863,40.7841],[-3.7865,40.7837],[-3.7868,40.7834],[-3.7868,40.7834],[-3.7868,40.7833],[-3.7869,40.7832],[-3.7871,40.7831],[-3.7872,40.7829],[-3.7873,40.7828],[-3.7873,40.7827],[-3.7875,40.7825],[-3.7877,40.7824],[-3.7879,40.7823],[-3.7879,40.7823],[-3.7883,40.7822],[-3.7887,40.7822],[-3.7888,40.7822],[-3.7891,40.7822],[-3.7891,40.782],[-3.789,40.7818],[-3.789,40.7816],[-3.7873,40.782],[-3.7873,40.782],[-3.7868,40.783],[-3.7868,40.7831],[-3.7866,40.7832],[-3.7865,40.7833],[-3.7863,40.7834],[-3.7861,40.7833],[-3.786,40.7833],[-3.786,40.7833],[-3.7858,40.7833],[-3.7857,40.7833],[-3.7855,40.7832],[-3.7847,40.7832],[-3.7847,40.7832],[-3.7841,40.7831],[-3.7839,40.7831],[-3.7838,40.7831],[-3.7837,40.7832],[-3.7837,40.7832],[-3.7836,40.7832],[-3.7835,40.7833],[-3.7835,40.7833],[-3.7835,40.7833],[-3.7834,40.7833],[-3.7834,40.7833],[-3.7834,40.7833],[-3.7833,40.7834],[-3.7832,40.7834],[-3.7831,40.7835],[-3.7826,40.7849],[-3.7821,40.7851],[-3.7797,40.7852],[-3.7794,40.7861],[-3.7797,40.7862],[-3.7798,40.7862],[-3.7802,40.7864],[-3.7803,40.7864],[-3.7805,40.7866],[-3.7807,40.7866],[-3.7808,40.7867],[-3.781,40.7867],[-3.7814,40.7869],[-3.7818,40.7868],[-3.782,40.7869],[-3.7819,40.7876],[-3.7817,40.7876],[-3.7815,40.7876],[-3.781,40.7875],[-3.7809,40.7875],[-3.7809,40.7876],[-3.7808,40.7877],[-3.7807,40.7878],[-3.7806,40.7879],[-3.7805,40.7879],[-3.7804,40.788],[-3.7802,40.788],[-3.78,40.788],[-3.7797,40.7879],[-3.7795,40.7879],[-3.7793,40.7879],[-3.7791,40.7879],[-3.7785,40.7878],[-3.7782,40.7878],[-3.7781,40.7878],[-3.7778,40.7878],[-3.7775,40.7877],[-3.7772,40.7877],[-3.7772,40.7876],[-3.7768,40.7876],[-3.7765,40.7876],[-3.7762,40.7875],[-3.7756,40.7876],[-3.7753,40.7876],[-3.7753,40.7876],[-3.775,40.7876],[-3.7745,40.7876],[-3.774,40.7876],[-3.774,40.7876],[-3.774,40.7876],[-3.774,40.7876],[-3.7741,40.7876],[-3.7741,40.7876],[-3.7743,40.7877],[-3.7743,40.7877],[-3.7743,40.7877],[-3.7744,40.7877],[-3.7745,40.7877],[-3.7748,40.7878],[-3.775,40.7878],[-3.7752,40.7879],[-3.7755,40.788],[-3.7758,40.788],[-3.776,40.7881],[-3.7764,40.7881],[-3.7766,40.7882],[-3.777,40.7883],[-3.7771,40.7884],[-3.7772,40.7884],[-3.7773,40.7885],[-3.7773,40.7885],[-3.7774,40.7886],[-3.7774,40.7887],[-3.7774,40.7887],[-3.7774,40.7887],[-3.7774,40.7888],[-3.7774,40.7888],[-3.7774,40.7889],[-3.7774,40.7889],[-3.7773,40.7889],[-3.7773,40.789],[-3.7772,40.789],[-3.7771,40.7891],[-3.7771,40.7891],[-3.777,40.7891],[-3.7769,40.7891],[-3.7767,40.7891],[-3.7765,40.7891],[-3.7764,40.7891],[-3.7762,40.7892],[-3.7759,40.7892],[-3.7757,40.7892],[-3.7756,40.7892],[-3.7753,40.7893],[-3.775,40.7893],[-3.7749,40.7893],[-3.7748,40.7893],[-3.7748,40.7893],[-3.7747,40.7893],[-3.7746,40.7894],[-3.7745,40.7895],[-3.7742,40.7896],[-3.7741,40.7896],[-3.7741,40.7896],[-3.7739,40.7897],[-3.7738,40.7898],[-3.7737,40.7898],[-3.7736,40.7899],[-3.7735,40.7899],[-3.7734,40.79],[-3.7734,40.79],[-3.7733,40.79],[-3.7733,40.7901],[-3.7733,40.7901],[-3.7732,40.7902],[-3.7732,40.7902],[-3.7732,40.7902],[-3.7732,40.7903],[-3.7732,40.7903],[-3.7732,40.7903],[-3.7732,40.7904],[-3.7732,40.7904],[-3.7732,40.7905],[-3.7732,40.7905],[-3.7732,40.7906],[-3.7733,40.7906],[-3.7733,40.7906],[-3.7733,40.7906],[-3.7733,40.7906],[-3.7733,40.7907],[-3.7734,40.7907],[-3.7734,40.7907],[-3.7734,40.7908],[-3.7734,40.7908],[-3.7735,40.7908],[-3.7735,40.7908],[-3.7735,40.7908],[-3.7736,40.7909],[-3.7737,40.7909],[-3.7738,40.7909],[-3.7739,40.791],[-3.774,40.791],[-3.774,40.791],[-3.7742,40.7911],[-3.7743,40.7911],[-3.7745,40.7911],[-3.7745,40.7911],[-3.7746,40.7911],[-3.7746,40.7911],[-3.7747,40.7911],[-3.7747,40.7911],[-3.7747,40.7911],[-3.7748,40.7911],[-3.7749,40.7911],[-3.775,40.7911],[-3.7751,40.7911],[-3.7752,40.7911],[-3.7753,40.7911],[-3.7753,40.7911],[-3.7754,40.7911],[-3.7755,40.7911],[-3.7756,40.7911],[-3.7756,40.7911],[-3.7756,40.7911],[-3.7756,40.7911],[-3.7757,40.7911],[-3.7757,40.7911]]]},"geometry_name":"GEOMETRY1","properties":{"CD_TIPO_ZONA":"B1","DS_TIPO_ZONA":"B1: Parque Comarcal Agropecuario Protector.","NM_AREA_M":null,"NM_AREA_HA":null}},{"type":"Feature","id":"IDEM_MA_PR_CA_MANZANARES.29","geometry":{"type":"Polygon","coordinates":[[[-3.7939,40.8016],[-3.794,40.8016],[-3.7942,40.8015],[-3.7944,40.8015],[-3.7947,40.8015],[-3.795,40.8015],[-3.7953,40.8015],[-3.7956,40.8015],[-3.7958,40.8015],[-3.7959,40.8016],[-3.7961,40.8016],[-3.7963,40.8016],[-3.7968,40.8015],[-3.7973,40.8014],[-3.7974,40.8013],[-3.7976,40.8013],[-3.7977,40.8013],[-3.7978,40.8013],[-3.7979,40.8012],[-3.798,40.8012],[-3.7981,40.8011],[-3.7982,40.8009],[-3.7984,40.8008],[-3.7984,40.8005],[-3.7985,40.8003],[-3.7986,40.8001],[-3.7986,40.7998],[-3.7986,40.7994],[-3.7986,40.7991],[-3.7986,40.7988],[-3.7985,40.7987],[-3.7984,40.7986],[-3.7983,40.7983],[-3.7982,40.798],[-3.7981,40.7977],[-3.7979,40.7974],[-3.7978,40.7973],[-3.7977,40.7972],[-3.7977,40.797],[-3.7976,40.7969],[-3.7976,40.7967],[-3.7976,40.7963],[-3.7976,40.796],[-3.7977,40.7956],[-3.7977,40.7954],[-3.7977,40.7952],[-3.7977,40.7951],[-3.7976,40.7949],[-3.7975,40.7948],[-3.7974,40.7946],[-3.7974,40.7945],[-3.7974,40.7943],[-3.7973,40.7942],[-3.7972,40.7939],[-3.797,40.7936],[-3.797,40.7936],[-3.797,40.7935],[-3.797,40.7934],[-3.7969,40.7933],[-3.7969,40.7933],[-3.797,40.7933],[-3.7971,40.7933],[-3.7971,40.7933],[-3.7972,40.7934],[-3.7973,40.7934],[-3.7973,40.7934],[-3.7974,40.7934],[-3.7976,40.7933],[-3.7977,40.7933],[-3.798,40.7933],[-3.7982,40.7932],[-3.7984,40.7931],[-3.7986,40.793],[-3.7987,40.7929],[-3.7989,40.7927],[-3.7991,40.7926],[-3.7994,40.7925],[-3.7996,40.7924],[-3.7997,40.7923],[-3.7999,40.7923],[-3.8,40.7922],[-3.8002,40.7922],[-3.8004,40.7922],[-3.8006,40.7922],[-3.8008,40.7922],[-3.801,40.7923],[-3.8012,40.7923],[-3.8014,40.7924],[-3.8015,40.7925],[-3.8016,40.7925],[-3.8018,40.7926],[-3.8019,40.7926],[-3.8019,40.7927],[-3.802,40.7927],[-3.802,40.7927],[-3.8021,40.7927],[-3.8021,40.7926],[-3.8021,40.7926],[-3.8021,40.7926],[-3.802,40.7926],[-3.802,40.7925],[-3.8019,40.7925],[-3.8019,40.7925],[-3.8019,40.7924],[-3.8019,40.7924],[-3.8019,40.7923],[-3.8019,40.7922],[-3.8019,40.7921],[-3.802,40.7919],[-3.8022,40.7917],[-3.8022,40.7917],[-3.8023,40.7917],[-3.8023,40.7915],[-3.8024,40.7914],[-3.8025,40.7913],[-3.8026,40.7913],[-3.8027,40.7913],[-3.8028,40.7913],[-3.8029,40.7914],[-3.8029,40.7914],[-3.803,40.7915],[-3.803,40.7914],[-3.803,40.7914],[-3.803,40.7914],[-3.803,40.7914],[-3.8029,40.7912],[-3.8028,40.7911],[-3.8027,40.7909],[-3.8025,40.7908],[-3.8024,40.7907],[-3.8022,40.7906],[-3.802,40.7905],[-3.8018,40.7903],[-3.8015,40.7901],[-3.8013,40.7899],[-3.8011,40.7897],[-3.8011,40.7897],[-3.801,40.7896],[-3.8009,40.7895],[-3.8008,40.7895],[-3.8007,40.7894],[-3.8005,40.7894],[-3.8004,40.7894],[-3.8002,40.7894],[-3.8001,40.7893],[-3.7999,40.7891],[-3.7997,40.7891],[-3.7995,40.7891],[-3.7994,40.7891],[-3.7992,40.789],[-3.7992,40.789],[-3.7991,40.789],[-3.7988,40.7888],[-3.7988,40.7888],[-3.7988,40.7888],[-3.7988,40.7888],[-3.7987,40.7887],[-3.7985,40.7885],[-3.7984,40.7884],[-3.7983,40.7883],[-3.7981,40.7882],[-3.7981,40.7882],[-3.7981,40.7882],[-3.798,40.7881],[-3.798,40.7881],[-3.798,40.7881],[-3.798,40.7881],[-3.798,40.7881],[-3.798,40.7881],[-3.798,40.7881],[-3.7979,40.7881],[-3.7979,40.788],[-3.7979,40.788],[-3.7979,40.788],[-3.7979,40.788],[-3.7979,40.788],[-3.7979,40.7879],[-3.7979,40.7878],[-3.7979,40.7878],[-3.7979,40.7877],[-3.7979,40.7876],[-3.7978,40.7875],[-3.7978,40.7874],[-3.7978,40.7873],[-3.798,40.7873],[-3.7979,40.7871],[-3.798,40.787],[-3.798,40.7868],[-3.798,40.7867],[-3.7981,40.7865],[-3.7981,40.7864],[-3.7982,40.7863],[-3.7983,40.7861],[-3.7983,40.786],[-3.7984,40.786],[-3.7984,40.7858],[-3.7984,40.7858],[-3.7985,40.7857],[-3.7985,40.7853],[-3.7985,40.7853],[-3.7989,40.785],[-3.7991,40.7848],[-3.7992,40.7844],[-3.7992,40.7841],[-3.7993,40.7838],[-3.7994,40.7835],[-3.7994,40.7835],[-3.7994,40.7834],[-3.7995,40.7833],[-3.7995,40.7832],[-3.7996,40.783],[-3.7998,40.7828],[-3.7998,40.7824],[-3.7998,40.782],[-3.7999,40.7817],[-3.8001,40.781],[-3.8002,40.7805],[-3.8001,40.7803],[-3.7998,40.7801],[-3.7996,40.7801],[-3.7993,40.7801],[-3.7991,40.7801],[-3.7991,40.7801],[-3.7991,40.7801],[-3.7989,40.7801],[-3.7988,40.78],[-3.7986,40.78],[-3.7983,40.78],[-3.798,40.78],[-3.7978,40.7799],[-3.7976,40.7799],[-3.7975,40.7799],[-3.7973,40.7799],[-3.7973,40.78],[-3.7972,40.78],[-3.7971,40.7801],[-3.7969,40.7801],[-3.7969,40.7801],[-3.7969,40.7801],[-3.7968,40.78],[-3.7968,40.78],[-3.7967,40.7799],[-3.7967,40.7799],[-3.7967,40.7798],[-3.7965,40.7797],[-3.7965,40.7797],[-3.7961,40.7796],[-3.7956,40.7796],[-3.7955,40.7796],[-3.7954,40.7797],[-3.7952,40.7797],[-3.7951,40.7798],[-3.795,40.7798],[-3.7948,40.7798],[-3.7948,40.7798],[-3.7948,40.7798],[-3.7948,40.7798],[-3.7947,40.7798],[-3.7945,40.7798],[-3.7945,40.7798],[-3.7943,40.7799],[-3.7941,40.7799],[-3.7939,40.7799],[-3.7939,40.7799],[-3.7939,40.7799],[-3.7939,40.7799],[-3.7937,40.7799],[-3.7936,40.7799],[-3.7936,40.7799],[-3.7933,40.78],[-3.7929,40.7801],[-3.7926,40.7802],[-3.7923,40.7803],[-3.7921,40.7804],[-3.7918,40.7805],[-3.7917,40.7806],[-3.7917,40.7806],[-3.7916,40.7807],[-3.7916,40.7807],[-3.7914,40.7807],[-3.7913,40.7807],[-3.7913,40.7807],[-3.7913,40.7807],[-3.7912,40.7807],[-3.7906,40.7808],[-3.7902,40.7808],[-3.7902,40.7808],[-3.7899,40.7808],[-3.7896,40.7808],[-3.7895,40.7808],[-3.7893,40.7809],[-3.7887,40.781],[-3.7882,40.7811],[-3.7882,40.7811],[-3.7882,40.7811],[-3.7878,40.7811],[-3.7877,40.781],[-3.7877,40.781],[-3.7877,40.781],[-3.7877,40.781],[-3.7877,40.781],[-3.7877,40.781],[-3.7876,40.781],[-3.7875,40.781],[-3.7875,40.781],[-3.7872,40.7809],[-3.7869,40.7809],[-3.7865,40.7808],[-3.786,40.7809],[-3.7855,40.781],[-3.7855,40.781],[-3.7855,40.781],[-3.7854,40.781],[-3.7851,40.781],[-3.7847,40.781],[-3.7847,40.781],[-3.7844,40.781],[-3.7842,40.781],[-3.7842,40.781],[-3.784,40.781],[-3.7839,40.7809],[-3.7837,40.7809],[-3.7836,40.7809],[-3.7836,40.7809],[-3.7833,40.7809],[-3.7831,40.7809],[-3.7831,40.7809],[-3.7827,40.7809],[-3.7824,40.781],[-3.7824,40.781],[-3.782,40.7811],[-3.7818,40.7812],[-3.7815,40.7813],[-3.7814,40.7813],[-3.7814,40.7813],[-3.7811,40.7814],[-3.7811,40.7814],[-3.7811,40.7815],[-3.7809,40.7815],[-3.7808,40.7816],[-3.7807,40.7816],[-3.7806,40.7816],[-3.7804,40.7817],[-3.7801,40.7818],[-3.7801,40.7818],[-3.7801,40.7818],[-3.7799,40.7818],[-3.7797,40.7818],[-3.7796,40.7817],[-3.7795,40.7817],[-3.7794,40.7817],[-3.7794,40.7817],[-3.7794,40.7817],[-3.7794,40.7816],[-3.7793,40.7816],[-3.7793,40.7816],[-3.7792,40.7815],[-3.7789,40.7813],[-3.7787,40.7812],[-3.7786,40.7811],[-3.7785,40.7811],[-3.7783,40.7811],[-3.7782,40.7811],[-3.778,40.7812],[-3.7778,40.7812],[-3.7778,40.7812],[-3.7778,40.7812],[-3.7776,40.7812],[-3.7774,40.7812],[-3.7773,40.7811],[-3.7771,40.7811],[-3.7769,40.7811],[-3.7766,40.7812],[-3.776,40.7813],[-3.776,40.7813],[-3.7753,40.7815],[-3.7753,40.7815],[-3.7753,40.7815],[-3.7751,40.7815],[-3.7751,40.7815],[-3.7749,40.7815],[-3.7745,40.7814],[-3.7745,40.7814],[-3.7745,40.7814],[-3.7745,40.7815],[-3.7745,40.7817],[-3.7744,40.7818],[-3.7743,40.782],[-3.7743,40.7822],[-3.7743,40.7823],[-3.7742,40.7824],[-3.7742,40.7825],[-3.7741,40.7826],[-3.7741,40.7826],[-3.7741,40.7827],[-3.774,40.7829],[-3.7739,40.783],[-3.7738,40.7831],[-3.7738,40.7832],[-3.7737,40.7833],[-3.7736,40.7834],[-3.7736,40.7834],[-3.7735,40.7835],[-3.7735,40.7836],[-3.7734,40.7837],[-3.7734,40.7838],[-3.7733,40.7839],[-3.7733,40.7839],[-3.7732,40.7841],[-3.7731,40.7842],[-3.773,40.7844],[-3.7729,40.7845],[-3.7729,40.7846],[-3.7728,40.7846],[-3.7728,40.7847],[-3.7727,40.7848],[-3.7727,40.7849],[-3.7726,40.7849],[-3.7726,40.785],[-3.7726,40.785],[-3.7726,40.7851],[-3.7726,40.7851],[-3.7727,40.7851],[-3.7727,40.7852],[-3.7727,40.7852],[-3.7727,40.7853],[-3.7727,40.7853],[-3.7727,40.7853],[-3.7728,40.7854],[-3.7728,40.7855],[-3.7729,40.7856],[-3.7729,40.7856],[-3.773,40.7858],[-3.7731,40.7859],[-3.7731,40.7861],[-3.7732,40.7861],[-3.7732,40.7863],[-3.7733,40.7864],[-3.7733,40.7865],[-3.7734,40.7866],[-3.7735,40.7867],[-3.7735,40.7869],[-3.7736,40.787],[-3.7737,40.7871],[-3.7737,40.7872],[-3.7738,40.7873],[-3.7738,40.7874],[-3.7738,40.7874],[-3.7739,40.7875],[-3.7739,40.7875],[-3.774,40.7875],[-3.774,40.7876],[-3.774,40.7876],[-3.774,40.7876],[-3.774,40.7876],[-3.7745,40.7876],[-3.775,40.7876],[-3.7753,40.7876],[-3.7753,40.7876],[-3.7756,40.7876],[-3.7762,40.7875],[-3.7765,40.7876],[-3.7768,40.7876],[-3.7772,40.7876],[-3.7772,40.7877],[-3.7775,40.7877],[-3.7778,40.7878],[-3.7781,40.7878],[-3.7782,40.7878],[-3.7785,40.7878],[-3.7791,40.7879],[-3.7793,40.7879],[-3.7795,40.7879],[-3.7797,40.7879],[-3.78,40.788],[-3.7802,40.788],[-3.7804,40.788],[-3.7805,40.7879],[-3.7806,40.7879],[-3.7807,40.7878],[-3.7808,40.7877],[-3.7809,40.7876],[-3.7809,40.7875],[-3.781,40.7875],[-3.7815,40.7876],[-3.7817,40.7876],[-3.7819,40.7876],[-3.782,40.7869],[-3.7818,40.7868],[-3.7814,40.7869],[-3.781,40.7867],[-3.7808,40.7867],[-3.7807,40.7866],[-3.7805,40.7866],[-3.7803,40.7864],[-3.7802,40.7864],[-3.7798,40.7862],[-3.7797,40.7862],[-3.7794,40.7861],[-3.7797,40.7852],[-3.7821,40.7851],[-3.7826,40.7849],[-3.7831,40.7835],[-3.7832,40.7834],[-3.7833,40.7834],[-3.7834,40.7833],[-3.7834,40.7833],[-3.7834,40.7833],[-3.7835,40.7833],[-3.7835,40.7833],[-3.7835,40.7833],[-3.7836,40.7832],[-3.7837,40.7832],[-3.7837,40.7832],[-3.7838,40.7831],[-3.7839,40.7831],[-3.7841,40.7831],[-3.7847,40.7832],[-3.7847,40.7832],[-3.7855,40.7832],[-3.7857,40.7833],[-3.7858,40.7833],[-3.786,40.7833],[-3.786,40.7833],[-3.7861,40.7833],[-3.7863,40.7834],[-3.7865,40.7833],[-3.7866,40.7832],[-3.7868,40.7831],[-3.7868,40.783],[-3.7873,40.782],[-3.7873,40.782],[-3.789,40.7816],[-3.789,40.7818],[-3.7891,40.782],[-3.7891,40.7822],[-3.7888,40.7822],[-3.7887,40.7822],[-3.7883,40.7822],[-3.7879,40.7823],[-3.7879,40.7823],[-3.7877,40.7824],[-3.7875,40.7825],[-3.7873,40.7827],[-3.7873,40.7828],[-3.7872,40.7829],[-3.7871,40.7831],[-3.7869,40.7832],[-3.7868,40.7833],[-3.7868,40.7834],[-3.7868,40.7834],[-3.7865,40.7837],[-3.7863,40.7841],[-3.7862,40.7843],[-3.786,40.7846],[-3.7859,40.785],[-3.7859,40.785],[-3.7859,40.7852],[-3.7859,40.7852],[-3.786,40.7853],[-3.7861,40.7854],[-3.7861,40.7855],[-3.7865,40.7856],[-3.7865,40.7856],[-3.7868,40.7855],[-3.787,40.7853],[-3.7871,40.7851],[-3.7874,40.785],[-3.7874,40.785],[-3.7877,40.785],[-3.788,40.785],[-3.7884,40.7851],[-3.7887,40.7852],[-3.789,40.785],[-3.7893,40.7847],[-3.7895,40.7846],[-3.7898,40.7844],[-3.7901,40.784],[-3.7902,40.7838],[-3.7902,40.7837],[-3.7903,40.7835],[-3.7904,40.7833],[-3.7908,40.783],[-3.7911,40.7829],[-3.7913,40.7829],[-3.7916,40.7829],[-3.7918,40.7829],[-3.7919,40.7831],[-3.7921,40.7832],[-3.7921,40.7833],[-3.7923,40.7835],[-3.7925,40.7835],[-3.7925,40.7835],[-3.7927,40.7835],[-3.7928,40.7836],[-3.7929,40.7837],[-3.793,40.7838],[-3.7928,40.784],[-3.7928,40.7841],[-3.7929,40.7845],[-3.793,40.7847],[-3.7932,40.785],[-3.7934,40.7851],[-3.7935,40.7854],[-3.7935,40.7857],[-3.7935,40.7859],[-3.7941,40.7865],[-3.7945,40.7871],[-3.7948,40.7878],[-3.7948,40.7882],[-3.7948,40.7885],[-3.7947,40.7887],[-3.7944,40.7889],[-3.7943,40.789],[-3.7941,40.7891],[-3.794,40.7892],[-3.7939,40.7894],[-3.7939,40.7896],[-3.794,40.7898],[-3.7941,40.79],[-3.7942,40.7902],[-3.7932,40.7905],[-3.7933,40.7906],[-3.7933,40.7907],[-3.7934,40.7907],[-3.7941,40.7912],[-3.7947,40.7917],[-3.7951,40.792],[-3.7952,40.7921],[-3.7953,40.7921],[-3.7954,40.7921],[-3.7955,40.7921],[-3.7955,40.7921],[-3.7957,40.7921],[-3.7959,40.7922],[-3.7962,40.7926],[-3.7965,40.7931],[-3.7965,40.7931],[-3.7964,40.7932],[-3.7964,40.7932],[-3.7963,40.7932],[-3.7961,40.7932],[-3.7959,40.7932],[-3.7957,40.7935],[-3.7956,40.7938],[-3.7956,40.7939],[-3.7956,40.794],[-3.7956,40.7941],[-3.7956,40.7942],[-3.7956,40.7943],[-3.7957,40.7945],[-3.7957,40.7946],[-3.7958,40.7948],[-3.7959,40.7949],[-3.7962,40.7949],[-3.7964,40.795],[-3.7967,40.7949],[-3.797,40.7949],[-3.7971,40.7952],[-3.7971,40.7956],[-3.7972,40.7959],[-3.7972,40.796],[-3.7967,40.7961],[-3.7962,40.7962],[-3.7961,40.7963],[-3.796,40.7966],[-3.796,40.7968],[-3.796,40.7969],[-3.7959,40.7969],[-3.7959,40.797],[-3.7958,40.797],[-3.7957,40.7971],[-3.7957,40.7971],[-3.7956,40.7972],[-3.7956,40.7973],[-3.7956,40.7974],[-3.7955,40.7976],[-3.7955,40.7977],[-3.7955,40.7978],[-3.7956,40.7979],[-3.7962,40.798],[-3.7967,40.7982],[-3.7961,40.799],[-3.7955,40.7998],[-3.7955,40.7999],[-3.7954,40.7999],[-3.7954,40.8],[-3.7954,40.8001],[-3.7954,40.8002],[-3.7953,40.8004],[-3.7953,40.8005],[-3.7952,40.8006],[-3.7951,40.8007],[-3.7949,40.8009],[-3.7948,40.8009],[-3.7946,40.801],[-3.7945,40.8011],[-3.7944,40.8011],[-3.7943,40.8012],[-3.7942,40.8013],[-3.794,40.8015],[-3.7939,40.8016]]]},"geometry_name":"GEOMETRY1","properties":{"CD_TIPO_ZONA":"B3","DS_TIPO_ZONA":"B3: Parque Comarcal Agropecuario a regenerar.","NM_AREA_M":null,"NM_AREA_HA":null}},{"type":"Feature","id":"IDEM_MA_PR_CA_MANZANARES.30","geometry":{"type":"Polygon","coordinates":[[[-3.8975,40.7178],[-3.8975,40.7179],[-3.8975,40.7179],[-3.8976,40.718],[-3.8977,40.7181],[-3.8975,40.7182],[-3.8974,40.7182],[-3.8975,40.7183],[-3.8975,40.7184],[-3.8975,40.7185],[-3.8976,40.7185],[-3.8976,40.7187],[-3.8977,40.7187],[-3.8977,40.7188],[-3.8978,40.7189],[-3.8978,40.7189],[-3.8979,40.7189],[-3.8981,40.7189],[-3.8983,40.7188],[-3.8984,40.7188],[-3.8986,40.7188],[-3.8986,40.7188],[-3.8986,40.7186],[-3.8986,40.7185],[-3.8986,40.7183],[-3.8984,40.718],[-3.8984,40.7179],[-3.8983,40.7179],[-3.8982,40.7176],[-3.8981,40.7174],[-3.8981,40.7173],[-3.898,40.7173],[-3.8979,40.7172],[-3.8979,40.7171],[-3.8978,40.717],[-3.8978,40.7168],[-3.8977,40.7168],[-3.8977,40.7167],[-3.8977,40.7167],[-3.8976,40.7166],[-3.8975,40.7166],[-3.8975,40.7165],[-3.8974,40.7165],[-3.8973,40.7165],[-3.8973,40.7165],[-3.8971,40.7165],[-3.8969,40.7164],[-3.8966,40.7164],[-3.8966,40.7166],[-3.8967,40.7168],[-3.8967,40.7169],[-3.8967,40.717],[-3.8967,40.7172],[-3.8968,40.7174],[-3.8968,40.7174],[-3.8969,40.7177],[-3.8971,40.7177],[-3.8974,40.7176],[-3.8975,40.7178]]]},"geometry_name":"GEOMETRY1","properties":{"CD_TIPO_ZONA":"P","DS_TIPO_ZONA":"P: Áreas a ordenar por Planeamiento Urbanistico.","NM_AREA_M":null,"NM_AREA_HA":null}},{"type":"Feature","id":"IDEM_MA_PR_CA_MANZANARES.31","geometry":{"type":"Polygon","coordinates":[[[-3.9543,40.6809],[-3.9543,40.6809],[-3.9543,40.6809],[-3.9542,40.6809],[-3.954,40.6809],[-3.9538,40.6809],[-3.9538,40.6809],[-3.9536,40.6809],[-3.9535,40.6809],[-3.9533,40.681],[-3.9532,40.681],[-3.953,40.681],[-3.9527,40.681],[-3.9525,40.6811],[-3.9523,40.6811],[-3.9518,40.6812],[-3.9518,40.6812],[-3.9514,40.6813],[-3.9513,40.6813],[-3.951,40.6814],[-3.951,40.6814],[-3.9508,40.6815],[-3.9507,40.6815],[-3.9505,40.6815],[-3.9504,40.6816],[-3.9501,40.6817],[-3.9499,40.6817],[-3.9495,40.6819],[-3.9493,40.682],[-3.9492,40.6821],[-3.9489,40.6822],[-3.9491,40.6825],[-3.9494,40.6828],[-3.9498,40.6827],[-3.95,40.6827],[-3.9502,40.6826],[-3.9504,40.6826],[-3.9506,40.6825],[-3.9508,40.6825],[-3.9509,40.6825],[-3.9512,40.6824],[-3.9515,40.6823],[-3.9515,40.6823],[-3.9519,40.6822],[-3.9522,40.6821],[-3.9526,40.682],[-3.953,40.6819],[-3.953,40.6819],[-3.9531,40.6819],[-3.9532,40.6819],[-3.9533,40.6819],[-3.9533,40.6819],[-3.9534,40.6818],[-3.9534,40.6818],[-3.9538,40.6818],[-3.9538,40.6818],[-3.9539,40.6818],[-3.9539,40.6818],[-3.9541,40.6818],[-3.9541,40.6818],[-3.9541,40.6818],[-3.9541,40.6818],[-3.9542,40.6818],[-3.9543,40.6818],[-3.9543,40.6818],[-3.9545,40.6819],[-3.9546,40.6819],[-3.9547,40.682],[-3.9547,40.682],[-3.9547,40.682],[-3.9547,40.682],[-3.9547,40.682],[-3.9548,40.6821],[-3.9549,40.6822],[-3.9548,40.6822],[-3.9548,40.6821],[-3.9548,40.6821],[-3.9547,40.682],[-3.9547,40.6819],[-3.9546,40.6818],[-3.9546,40.6818],[-3.9546,40.6817],[-3.9545,40.6816],[-3.9545,40.6816],[-3.9545,40.6816],[-3.9545,40.6815],[-3.9544,40.6813],[-3.9543,40.6812],[-3.9543,40.6812],[-3.9543,40.6812],[-3.9543,40.6811],[-3.9543,40.681],[-3.9543,40.681],[-3.9543,40.681],[-3.9543,40.681],[-3.9543,40.681],[-3.9543,40.6809],[-3.9543,40.6809],[-3.9543,40.6809],[-3.9543,40.6809]]]},"geometry_name":"GEOMETRY1","properties":{"CD_TIPO_ZONA":"P","DS_TIPO_ZONA":"P: Áreas a ordenar por Planeamiento Urbanistico.","NM_AREA_M":null,"NM_AREA_HA":null}},{"type":"Feature","id":"IDEM_MA_PR_CA_MANZANARES.32","geometry":{"type":"Polygon","coordinates":[[[-3.7938,40.7159],[-3.7937,40.7162],[-3.7936,40.7167],[-3.7936,40.7171],[-3.7935,40.7175],[-3.7934,40.7178],[-3.7934,40.7179],[-3.7934,40.7179],[-3.7935,40.7176],[-3.7936,40.7169],[-3.7938,40.7163],[-3.7939,40.7157],[-3.7941,40.715],[-3.7943,40.7144],[-3.7945,40.7137],[-3.7946,40.7131],[-3.7947,40.7127],[-3.7948,40.7124],[-3.7949,40.7121],[-3.7951,40.7118],[-3.7952,40.7116],[-3.7954,40.7113],[-3.7956,40.711],[-3.7958,40.7107],[-3.7961,40.7104],[-3.7963,40.7101],[-3.7969,40.7098],[-3.7975,40.7095],[-3.7981,40.7092],[-3.7989,40.7087],[-3.7998,40.7083],[-3.8005,40.708],[-3.8011,40.7076],[-3.8017,40.7072],[-3.8022,40.7069],[-3.8027,40.7066],[-3.8032,40.7062],[-3.8037,40.7059],[-3.8042,40.7055],[-3.8046,40.7051],[-3.805,40.7047],[-3.8054,40.7043],[-3.806,40.7038],[-3.8065,40.7033],[-3.807,40.7028],[-3.8075,40.7023],[-3.8077,40.7025],[-3.8079,40.7028],[-3.8081,40.7029],[-3.8085,40.7034],[-3.8088,40.7038],[-3.8088,40.7039],[-3.8089,40.704],[-3.809,40.704],[-3.809,40.7041],[-3.8091,40.7041],[-3.8093,40.7041],[-3.8094,40.7042],[-3.8094,40.7043],[-3.8095,40.7043],[-3.8096,40.7044],[-3.8097,40.7043],[-3.8098,40.7043],[-3.81,40.7043],[-3.8102,40.7042],[-3.8103,40.7042],[-3.8105,40.7042],[-3.8106,40.7041],[-3.8108,40.7041],[-3.8109,40.704],[-3.811,40.7041],[-3.811,40.7041],[-3.8111,40.7041],[-3.8111,40.7042],[-3.8111,40.7042],[-3.811,40.7043],[-3.8109,40.7043],[-3.8108,40.7044],[-3.8107,40.7045],[-3.8106,40.7046],[-3.8105,40.7047],[-3.8104,40.7048],[-3.8103,40.7049],[-3.8102,40.705],[-3.8102,40.705],[-3.8101,40.7051],[-3.8102,40.7052],[-3.8103,40.7053],[-3.8104,40.7055],[-3.8104,40.7055],[-3.8105,40.7056],[-3.8106,40.7056],[-3.8106,40.7057],[-3.8106,40.7057],[-3.8106,40.7058],[-3.8106,40.7058],[-3.8105,40.7059],[-3.8105,40.706],[-3.8105,40.7061],[-3.8106,40.7061],[-3.8106,40.7062],[-3.8107,40.7062],[-3.8108,40.7062],[-3.8109,40.7062],[-3.8112,40.7061],[-3.8115,40.7061],[-3.812,40.706],[-3.8126,40.7059],[-3.8128,40.7059],[-3.813,40.7059],[-3.8132,40.7058],[-3.8134,40.7058],[-3.8137,40.7057],[-3.8139,40.7056],[-3.8141,40.7055],[-3.8143,40.7053],[-3.8145,40.7052],[-3.8146,40.7051],[-3.8148,40.705],[-3.8149,40.705],[-3.815,40.705],[-3.8152,40.705],[-3.8155,40.705],[-3.8158,40.7051],[-3.816,40.7052],[-3.8165,40.7054],[-3.8169,40.7055],[-3.8172,40.7056],[-3.8175,40.7057],[-3.8178,40.7059],[-3.818,40.706],[-3.8181,40.7061],[-3.8183,40.7062],[-3.8184,40.7064],[-3.8185,40.7063],[-3.8186,40.7063],[-3.8187,40.7062],[-3.8188,40.7061],[-3.8189,40.706],[-3.819,40.706],[-3.8191,40.706],[-3.8192,40.7059],[-3.8192,40.7058],[-3.8193,40.7058],[-3.8193,40.7056],[-3.8193,40.7055],[-3.8193,40.7053],[-3.8195,40.705],[-3.8197,40.7047],[-3.8198,40.7045],[-3.8199,40.7043],[-3.82,40.7041],[-3.8201,40.7039],[-3.8201,40.7036],[-3.8201,40.7034],[-3.82,40.7032],[-3.82,40.703],[-3.8199,40.7028],[-3.8198,40.7027],[-3.8197,40.7025],[-3.8196,40.7024],[-3.8195,40.7022],[-3.8194,40.7021],[-3.8193,40.702],[-3.8192,40.7019],[-3.8192,40.7018],[-3.8191,40.7016],[-3.8191,40.7015],[-3.8191,40.7013],[-3.8191,40.7012],[-3.8192,40.7011],[-3.8192,40.7009],[-3.8193,40.7008],[-3.8194,40.7007],[-3.8196,40.7006],[-3.8197,40.7005],[-3.8198,40.7004],[-3.82,40.7003],[-3.8201,40.7002],[-3.8202,40.7001],[-3.8202,40.6999],[-3.8203,40.6998],[-3.8203,40.6997],[-3.8204,40.6994],[-3.8205,40.6991],[-3.8206,40.6988],[-3.8207,40.6988],[-3.8207,40.6987],[-3.8207,40.6986],[-3.8207,40.6985],[-3.8206,40.6985],[-3.8206,40.6984],[-3.8205,40.6983],[-3.8204,40.6982],[-3.8204,40.6981],[-3.8204,40.698],[-3.8204,40.6979],[-3.8202,40.6973],[-3.82,40.6968],[-3.8203,40.6961],[-3.8203,40.696],[-3.8202,40.6959],[-3.8202,40.6958],[-3.8201,40.6956],[-3.8203,40.6957],[-3.8205,40.6957],[-3.8209,40.6957],[-3.8212,40.6958],[-3.8216,40.6958],[-3.822,40.6958],[-3.8223,40.6959],[-3.8224,40.6959],[-3.8225,40.696],[-3.8226,40.696],[-3.8226,40.6961],[-3.8227,40.6962],[-3.8228,40.6963],[-3.8229,40.6963],[-3.8231,40.6964],[-3.8232,40.6964],[-3.8234,40.6963],[-3.8236,40.6964],[-3.8238,40.6964],[-3.824,40.6963],[-3.8241,40.6963],[-3.8243,40.6963],[-3.8244,40.6962],[-3.8246,40.6963],[-3.8248,40.6963],[-3.8249,40.6963],[-3.8251,40.6964],[-3.8253,40.6964],[-3.8254,40.6965],[-3.8256,40.6965],[-3.8257,40.6965],[-3.8258,40.6965],[-3.8259,40.6965],[-3.826,40.6965],[-3.8261,40.6966],[-3.8263,40.6966],[-3.8264,40.6966],[-3.8265,40.6967],[-3.8267,40.6967],[-3.8269,40.6968],[-3.8271,40.6969],[-3.8272,40.6969],[-3.8274,40.6969],[-3.8275,40.6969],[-3.8276,40.697],[-3.8277,40.697],[-3.8279,40.6971],[-3.828,40.6971],[-3.8282,40.697],[-3.8284,40.697],[-3.8285,40.697],[-3.8287,40.697],[-3.8288,40.697],[-3.8289,40.697],[-3.8291,40.697],[-3.8294,40.697],[-3.8296,40.6969],[-3.8299,40.6969],[-3.8302,40.697],[-3.8307,40.697],[-3.8311,40.6971],[-3.8316,40.6971],[-3.8319,40.6971],[-3.8322,40.6972],[-3.8325,40.6973],[-3.8328,40.6974],[-3.8332,40.6974],[-3.8336,40.6973],[-3.834,40.6974],[-3.8342,40.6973],[-3.8343,40.6973],[-3.8345,40.6974],[-3.8347,40.6974],[-3.8348,40.6974],[-3.835,40.6975],[-3.8352,40.6975],[-3.8353,40.6975],[-3.8354,40.6975],[-3.8355,40.6976],[-3.8355,40.6976],[-3.8356,40.6976],[-3.8357,40.6976],[-3.8358,40.6976],[-3.8359,40.6976],[-3.836,40.6977],[-3.836,40.6977],[-3.8361,40.6978],[-3.8362,40.6978],[-3.8363,40.6979],[-3.8363,40.6978],[-3.8364,40.6978],[-3.8364,40.6978],[-3.8365,40.6978],[-3.8366,40.6978],[-3.8368,40.6979],[-3.8369,40.6979],[-3.837,40.698],[-3.8371,40.6981],[-3.8372,40.6981],[-3.8373,40.6982],[-3.8376,40.6982],[-3.8379,40.6982],[-3.8382,40.6983],[-3.8384,40.6983],[-3.8385,40.6983],[-3.8386,40.6984],[-3.8388,40.6984],[-3.8388,40.6985],[-3.8389,40.6985],[-3.839,40.6985],[-3.839,40.6985],[-3.8391,40.6985],[-3.8392,40.6986],[-3.8393,40.6985],[-3.8394,40.6985],[-3.8394,40.6985],[-3.8395,40.6985],[-3.8396,40.6985],[-3.8396,40.6985],[-3.8396,40.6985],[-3.8397,40.6985],[-3.8397,40.6986],[-3.8398,40.6987],[-3.8398,40.6987],[-3.8399,40.6987],[-3.84,40.6987],[-3.8402,40.6988],[-3.8403,40.6988],[-3.8403,40.6989],[-3.8404,40.699],[-3.8405,40.699],[-3.8406,40.699],[-3.8407,40.699],[-3.8412,40.6991],[-3.8418,40.6992],[-3.8422,40.6992],[-3.8426,40.6993],[-3.8429,40.6993],[-3.8431,40.6993],[-3.8438,40.6993],[-3.8445,40.6993],[-3.8454,40.6994],[-3.8463,40.6994],[-3.8465,40.6994],[-3.8467,40.6995],[-3.8469,40.6995],[-3.8471,40.6996],[-3.8472,40.6997],[-3.8475,40.6998],[-3.8478,40.7],[-3.8479,40.7001],[-3.8481,40.7001],[-3.8483,40.7002],[-3.8486,40.7003],[-3.8489,40.7003],[-3.8492,40.7004],[-3.8494,40.7005],[-3.8495,40.7005],[-3.8496,40.7006],[-3.8497,40.7006],[-3.8498,40.7007],[-3.8499,40.7007],[-3.85,40.7007],[-3.8503,40.7007],[-3.8505,40.7007],[-3.8508,40.7007],[-3.851,40.7007],[-3.8513,40.7008],[-3.8515,40.7008],[-3.852,40.7009],[-3.8524,40.7009],[-3.8526,40.7009],[-3.8527,40.7009],[-3.8529,40.701],[-3.853,40.701],[-3.8532,40.7011],[-3.8533,40.7012],[-3.8535,40.7012],[-3.8537,40.7013],[-3.8538,40.7013],[-3.854,40.7013],[-3.8542,40.7013],[-3.8545,40.7012],[-3.8547,40.7012],[-3.8549,40.7012],[-3.8552,40.7011],[-3.8554,40.7011],[-3.8556,40.7012],[-3.8557,40.7012],[-3.8558,40.7013],[-3.8559,40.7013],[-3.856,40.7013],[-3.8562,40.7013],[-3.8563,40.7014],[-3.8565,40.7014],[-3.8566,40.7015],[-3.857,40.7016],[-3.8574,40.7016],[-3.8576,40.7016],[-3.8578,40.7016],[-3.858,40.7017],[-3.8582,40.7017],[-3.8584,40.7017],[-3.8586,40.7017],[-3.8588,40.7017],[-3.859,40.7018],[-3.8596,40.7019],[-3.8603,40.7021],[-3.8608,40.7022],[-3.8612,40.7023],[-3.8613,40.7022],[-3.8614,40.7022],[-3.8615,40.7022],[-3.8617,40.7022],[-3.8618,40.7022],[-3.8619,40.7022],[-3.862,40.7023],[-3.8622,40.7023],[-3.8623,40.7024],[-3.8625,40.7024],[-3.8627,40.7024],[-3.8629,40.7024],[-3.863,40.7024],[-3.8632,40.7023],[-3.8633,40.7023],[-3.8634,40.7023],[-3.8636,40.7023],[-3.8637,40.7024],[-3.8642,40.7024],[-3.8647,40.7024],[-3.8653,40.7025],[-3.8659,40.7026],[-3.8661,40.7026],[-3.8663,40.7027],[-3.8664,40.7028],[-3.8666,40.7029],[-3.8667,40.703],[-3.8669,40.7031],[-3.867,40.7032],[-3.8672,40.7032],[-3.8674,40.7033],[-3.8676,40.7034],[-3.8678,40.7035],[-3.868,40.7036],[-3.8682,40.7036],[-3.8684,40.7036],[-3.8687,40.7037],[-3.869,40.7037],[-3.8693,40.7037],[-3.8694,40.7035],[-3.8694,40.7033],[-3.8693,40.7031],[-3.8693,40.703],[-3.8692,40.7028],[-3.8692,40.7027],[-3.8692,40.7027],[-3.8693,40.7026],[-3.8693,40.7026],[-3.8694,40.7025],[-3.8696,40.7025],[-3.8698,40.7026],[-3.8699,40.7026],[-3.8701,40.7027],[-3.8702,40.7027],[-3.8702,40.7027],[-3.8703,40.7027],[-3.8703,40.7027],[-3.8704,40.7028],[-3.8704,40.7028],[-3.8705,40.7028],[-3.8706,40.7028],[-3.8707,40.7029],[-3.8708,40.7029],[-3.8709,40.703],[-3.871,40.703],[-3.8711,40.7031],[-3.8712,40.7032],[-3.8713,40.7033],[-3.8713,40.7033],[-3.8714,40.7034],[-3.8715,40.7034],[-3.8716,40.7034],[-3.8717,40.7034],[-3.8718,40.7033],[-3.8719,40.7033],[-3.8721,40.7033],[-3.8722,40.7034],[-3.8723,40.7034],[-3.8725,40.7036],[-3.8727,40.7037],[-3.8728,40.7038],[-3.8729,40.7039],[-3.8729,40.7039],[-3.873,40.704],[-3.873,40.704],[-3.8734,40.7042],[-3.8739,40.7044],[-3.8743,40.7045],[-3.8748,40.7046],[-3.8751,40.7047],[-3.8753,40.7047],[-3.8756,40.7048],[-3.8764,40.7047],[-3.8772,40.7047],[-3.8773,40.7047],[-3.8775,40.7046],[-3.8776,40.7046],[-3.8777,40.7045],[-3.8778,40.7044],[-3.878,40.7043],[-3.8782,40.7042],[-3.8784,40.7041],[-3.8786,40.704],[-3.8788,40.704],[-3.8791,40.704],[-3.8795,40.7041],[-3.8798,40.7041],[-3.8799,40.7041],[-3.88,40.7041],[-3.88,40.7042],[-3.8802,40.7042],[-3.8803,40.7042],[-3.8804,40.7042],[-3.8805,40.7043],[-3.8806,40.7043],[-3.8807,40.7043],[-3.8808,40.7043],[-3.8809,40.7043],[-3.8812,40.7044],[-3.8816,40.7045],[-3.8819,40.7045],[-3.8822,40.7045],[-3.8823,40.7045],[-3.8825,40.7045],[-3.8826,40.7045],[-3.8829,40.7046],[-3.8831,40.7046],[-3.8833,40.7047],[-3.8835,40.7047],[-3.8839,40.7047],[-3.8842,40.7047],[-3.8844,40.7047],[-3.8845,40.7047],[-3.8846,40.7047],[-3.8848,40.7048],[-3.8849,40.7049],[-3.8851,40.7049],[-3.8852,40.7049],[-3.8854,40.7049],[-3.8856,40.7049],[-3.8858,40.7048],[-3.8861,40.7048],[-3.8864,40.7048],[-3.8865,40.7048],[-3.8865,40.7048],[-3.8866,40.7048],[-3.8867,40.7048],[-3.8868,40.7048],[-3.8869,40.7048],[-3.8869,40.7047],[-3.887,40.7048],[-3.887,40.7048],[-3.8871,40.7047],[-3.8871,40.7047],[-3.8874,40.7046],[-3.8877,40.7045],[-3.8878,40.7045],[-3.888,40.7045],[-3.8881,40.7045],[-3.8882,40.7046],[-3.8883,40.7046],[-3.8883,40.7046],[-3.8884,40.7046],[-3.8884,40.7046],[-3.8886,40.7045],[-3.8887,40.7045],[-3.8889,40.7045],[-3.889,40.7045],[-3.8892,40.7045],[-3.8894,40.7045],[-3.8896,40.7045],[-3.8898,40.7045],[-3.8899,40.7045],[-3.89,40.7045],[-3.8901,40.7045],[-3.8903,40.7045],[-3.8904,40.7044],[-3.8905,40.7044],[-3.8906,40.7044],[-3.8908,40.7044],[-3.8908,40.7043],[-3.8909,40.7043],[-3.891,40.7043],[-3.8911,40.7042],[-3.8912,40.7042],[-3.8913,40.7043],[-3.8914,40.7043],[-3.8915,40.7044],[-3.8916,40.7044],[-3.8916,40.7045],[-3.8917,40.7048],[-3.8918,40.7051],[-3.8921,40.7057],[-3.8924,40.7063],[-3.8928,40.707],[-3.8931,40.7077],[-3.8933,40.7081],[-3.8935,40.7085],[-3.8936,40.7089],[-3.8938,40.7094],[-3.8935,40.7126],[-3.8933,40.7138],[-3.8936,40.7139],[-3.8938,40.7139],[-3.8939,40.714],[-3.894,40.7141],[-3.894,40.7142],[-3.894,40.7143],[-3.8942,40.7143],[-3.8943,40.7144],[-3.8945,40.7143],[-3.8946,40.7144],[-3.8948,40.7144],[-3.8948,40.7145],[-3.8949,40.7146],[-3.8951,40.7147],[-3.8952,40.7147],[-3.8953,40.7147],[-3.8955,40.7146],[-3.8958,40.7146],[-3.896,40.7145],[-3.8962,40.7144],[-3.8964,40.7143],[-3.8966,40.7142],[-3.8969,40.714],[-3.8972,40.7139],[-3.8975,40.7137],[-3.8978,40.7136],[-3.8981,40.7134],[-3.8983,40.7132],[-3.8985,40.7132],[-3.8988,40.7131],[-3.899,40.713],[-3.8992,40.7129],[-3.8994,40.7129],[-3.8995,40.7129],[-3.8997,40.7129],[-3.8999,40.713],[-3.9,40.7132],[-3.9,40.7133],[-3.9001,40.7134],[-3.9003,40.7134],[-3.9005,40.7134],[-3.9007,40.7133],[-3.9009,40.7132],[-3.901,40.7132],[-3.9012,40.7131],[-3.9013,40.7131],[-3.9015,40.7132],[-3.9017,40.7131],[-3.9019,40.7131],[-3.9021,40.713],[-3.9022,40.713],[-3.9024,40.713],[-3.9027,40.7129],[-3.9031,40.7129],[-3.9032,40.7129],[-3.9034,40.7129],[-3.9035,40.713],[-3.9036,40.713],[-3.9037,40.7132],[-3.9039,40.7133],[-3.9042,40.7134],[-3.9045,40.7134],[-3.9047,40.7134],[-3.9048,40.7133],[-3.9049,40.7132],[-3.905,40.7132],[-3.9052,40.7131],[-3.9054,40.7131],[-3.9056,40.7131],[-3.9058,40.7131],[-3.9059,40.7131],[-3.9061,40.7132],[-3.9064,40.7132],[-3.9067,40.7131],[-3.9072,40.7128],[-3.9077,40.7125],[-3.9082,40.7122],[-3.9087,40.7119],[-3.9093,40.7114],[-3.9099,40.7108],[-3.9105,40.7102],[-3.9109,40.7099],[-3.9113,40.7096],[-3.9118,40.7094],[-3.9122,40.7091],[-3.9126,40.7088],[-3.9131,40.7085],[-3.9133,40.7084],[-3.9134,40.7083],[-3.9136,40.7082],[-3.9138,40.708],[-3.9139,40.7079],[-3.9144,40.7077],[-3.9148,40.7075],[-3.9153,40.7072],[-3.9161,40.7069],[-3.9168,40.7065],[-3.9176,40.7061],[-3.9184,40.7058],[-3.919,40.7055],[-3.9196,40.7052],[-3.92,40.7049],[-3.9203,40.7046],[-3.9206,40.7043],[-3.921,40.704],[-3.9213,40.7037],[-3.9216,40.7034],[-3.9219,40.7031],[-3.9223,40.7029],[-3.9226,40.7028],[-3.923,40.7027],[-3.9234,40.7026],[-3.9237,40.7025],[-3.9241,40.7023],[-3.9245,40.7022],[-3.9249,40.7021],[-3.9252,40.702],[-3.9255,40.7019],[-3.9259,40.7018],[-3.9262,40.7017],[-3.9263,40.7017],[-3.9265,40.7016],[-3.9266,40.7016],[-3.9267,40.7016],[-3.9268,40.7016],[-3.9268,40.7016],[-3.9269,40.7015],[-3.9269,40.7015],[-3.927,40.7014],[-3.927,40.7014],[-3.927,40.7013],[-3.927,40.7013],[-3.927,40.7012],[-3.927,40.7011],[-3.9269,40.701],[-3.9269,40.7009],[-3.9269,40.7008],[-3.9269,40.7007],[-3.9268,40.7007],[-3.9268,40.7006],[-3.9268,40.7005],[-3.9268,40.7005],[-3.9267,40.7004],[-3.9267,40.7003],[-3.9266,40.7003],[-3.9265,40.7002],[-3.9264,40.7001],[-3.9263,40.7001],[-3.9261,40.7],[-3.926,40.7],[-3.9259,40.6999],[-3.9257,40.6999],[-3.9256,40.6999],[-3.9255,40.6999],[-3.9253,40.6998],[-3.9252,40.6999],[-3.9251,40.6999],[-3.9249,40.7],[-3.9248,40.7],[-3.9242,40.7002],[-3.9236,40.7003],[-3.9235,40.7003],[-3.9233,40.7003],[-3.9232,40.7003],[-3.923,40.7003],[-3.9228,40.7003],[-3.9227,40.7003],[-3.9225,40.7003],[-3.9224,40.7003],[-3.9224,40.7002],[-3.9223,40.7002],[-3.9222,40.7002],[-3.9221,40.7001],[-3.922,40.7001],[-3.9219,40.6999],[-3.9219,40.6998],[-3.9218,40.6996],[-3.9217,40.6995],[-3.9217,40.6993],[-3.9218,40.6992],[-3.9218,40.699],[-3.9218,40.6989],[-3.9218,40.6987],[-3.9218,40.6986],[-3.9218,40.6985],[-3.9218,40.6985],[-3.9219,40.6984],[-3.9219,40.6983],[-3.922,40.6983],[-3.9221,40.6982],[-3.9221,40.6982],[-3.9222,40.6981],[-3.9222,40.6981],[-3.9222,40.6981],[-3.9222,40.698],[-3.9222,40.698],[-3.9222,40.698],[-3.9222,40.6979],[-3.9222,40.6977],[-3.9222,40.6975],[-3.9223,40.6974],[-3.9226,40.6971],[-3.9228,40.6968],[-3.9231,40.6964],[-3.9235,40.696],[-3.9237,40.6958],[-3.9238,40.6956],[-3.9241,40.6954],[-3.9243,40.6952],[-3.925,40.6947],[-3.9256,40.6942],[-3.9259,40.694],[-3.9262,40.6939],[-3.9265,40.6938],[-3.9267,40.6938],[-3.9269,40.6938],[-3.9271,40.6937],[-3.9274,40.6935],[-3.9277,40.6933],[-3.9278,40.6932],[-3.9279,40.6931],[-3.9281,40.693],[-3.9282,40.6929],[-3.9284,40.6929],[-3.9286,40.6929],[-3.9289,40.6928],[-3.929,40.6928],[-3.9292,40.6928],[-3.9294,40.6927],[-3.9296,40.6926],[-3.9298,40.6926],[-3.93,40.6926],[-3.9303,40.6926],[-3.9305,40.6927],[-3.9307,40.6927],[-3.9309,40.6927],[-3.9309,40.6928],[-3.931,40.6928],[-3.9311,40.6929],[-3.9312,40.6929],[-3.9313,40.693],[-3.9313,40.6931],[-3.9315,40.6932],[-3.9316,40.6933],[-3.9318,40.6932],[-3.932,40.6932],[-3.9322,40.6932],[-3.9325,40.6932],[-3.9327,40.6933],[-3.933,40.6935],[-3.9331,40.6936],[-3.9333,40.6937],[-3.9334,40.6939],[-3.9335,40.694],[-3.9337,40.6939],[-3.9339,40.6938],[-3.934,40.6938],[-3.9341,40.6937],[-3.9343,40.6937],[-3.9345,40.6938],[-3.9347,40.6939],[-3.9349,40.694],[-3.9351,40.694],[-3.9352,40.6941],[-3.9355,40.6942],[-3.9357,40.6942],[-3.9358,40.6942],[-3.9359,40.6942],[-3.936,40.6942],[-3.9361,40.6941],[-3.9363,40.6941],[-3.9364,40.6942],[-3.9365,40.6943],[-3.9366,40.6944],[-3.9368,40.6945],[-3.937,40.6946],[-3.9373,40.6947],[-3.9375,40.6948],[-3.9377,40.6949],[-3.9378,40.695],[-3.938,40.6951],[-3.9381,40.6953],[-3.9383,40.6954],[-3.9384,40.6956],[-3.9385,40.6957],[-3.9388,40.6955],[-3.9391,40.6953],[-3.9395,40.695],[-3.9399,40.6947],[-3.9402,40.6945],[-3.9406,40.6942],[-3.9408,40.694],[-3.941,40.6938],[-3.9413,40.6937],[-3.9415,40.6935],[-3.9418,40.6933],[-3.942,40.6931],[-3.9423,40.693],[-3.9423,40.6929],[-3.9424,40.6929],[-3.9425,40.6928],[-3.9426,40.6928],[-3.9428,40.6927],[-3.9429,40.6927],[-3.943,40.6927],[-3.9431,40.6926],[-3.9432,40.6926],[-3.9434,40.6926],[-3.9435,40.6926],[-3.9437,40.6925],[-3.9438,40.6925],[-3.944,40.6925],[-3.9441,40.6924],[-3.9443,40.6923],[-3.9444,40.6923],[-3.9446,40.6922],[-3.9447,40.6922],[-3.9449,40.6921],[-3.945,40.692],[-3.9451,40.6919],[-3.9454,40.6916],[-3.9457,40.6913],[-3.9461,40.6911],[-3.9464,40.6908],[-3.9467,40.6905],[-3.9471,40.6902],[-3.9474,40.69],[-3.9486,40.6895],[-3.9498,40.6891],[-3.9502,40.6889],[-3.9506,40.6887],[-3.951,40.6886],[-3.9514,40.6884],[-3.9515,40.6884],[-3.9516,40.6883],[-3.9517,40.6883],[-3.9518,40.6882],[-3.9519,40.6882],[-3.9521,40.6881],[-3.9521,40.6881],[-3.9521,40.688],[-3.9522,40.6879],[-3.9522,40.6878],[-3.9522,40.6878],[-3.9523,40.6877],[-3.9523,40.6876],[-3.9523,40.6875],[-3.9523,40.6875],[-3.9523,40.6874],[-3.9523,40.6873],[-3.9523,40.6872],[-3.9524,40.6871],[-3.9524,40.6871],[-3.9525,40.687],[-3.9525,40.6869],[-3.9526,40.6869],[-3.9527,40.6868],[-3.9528,40.6868],[-3.9529,40.6867],[-3.953,40.6866],[-3.9532,40.6865],[-3.9534,40.6864],[-3.9536,40.6863],[-3.9538,40.6862],[-3.9539,40.6861],[-3.954,40.6859],[-3.9541,40.6858],[-3.9542,40.6856],[-3.9543,40.6855],[-3.9544,40.6853],[-3.9545,40.6852],[-3.9546,40.685],[-3.9547,40.6849],[-3.9547,40.6847],[-3.9548,40.6845],[-3.9548,40.6844],[-3.9549,40.6842],[-3.9548,40.6841],[-3.9548,40.684],[-3.9548,40.6839],[-3.9548,40.6839],[-3.9548,40.6838],[-3.9548,40.6837],[-3.9549,40.6836],[-3.955,40.6833],[-3.9552,40.683],[-3.955,40.6826],[-3.9549,40.6822],[-3.9549,40.6822],[-3.9548,40.6821],[-3.9547,40.682],[-3.9547,40.682],[-3.9547,40.682],[-3.9547,40.682],[-3.9547,40.682],[-3.9546,40.6819],[-3.9545,40.6819],[-3.9543,40.6818],[-3.9543,40.6818],[-3.9542,40.6818],[-3.9541,40.6818],[-3.9541,40.6818],[-3.9541,40.6818],[-3.9541,40.6818],[-3.9539,40.6818],[-3.9539,40.6818],[-3.9538,40.6818],[-3.9538,40.6818],[-3.9534,40.6818],[-3.9534,40.6818],[-3.9533,40.6819],[-3.9533,40.6819],[-3.9532,40.6819],[-3.9531,40.6819],[-3.953,40.6819],[-3.953,40.6819],[-3.9526,40.682],[-3.9522,40.6821],[-3.9519,40.6822],[-3.9515,40.6823],[-3.9515,40.6823],[-3.9512,40.6824],[-3.9509,40.6825],[-3.9508,40.6825],[-3.9506,40.6825],[-3.9504,40.6826],[-3.9502,40.6826],[-3.95,40.6827],[-3.9498,40.6827],[-3.9494,40.6828],[-3.9491,40.6825],[-3.9489,40.6822],[-3.9492,40.6821],[-3.9493,40.682],[-3.9495,40.6819],[-3.9499,40.6817],[-3.9501,40.6817],[-3.9504,40.6816],[-3.9505,40.6815],[-3.9507,40.6815],[-3.9508,40.6815],[-3.951,40.6814],[-3.951,40.6814],[-3.9513,40.6813],[-3.9514,40.6813],[-3.9518,40.6812],[-3.9518,40.6812],[-3.9523,40.6811],[-3.9525,40.6811],[-3.9527,40.681],[-3.953,40.681],[-3.9532,40.681],[-3.9533,40.681],[-3.9535,40.6809],[-3.9536,40.6809],[-3.9538,40.6809],[-3.9538,40.6809],[-3.954,40.6809],[-3.9542,40.6809],[-3.9543,40.6809],[-3.9543,40.6809],[-3.9543,40.6809],[-3.9543,40.6809],[-3.9543,40.6809],[-3.9543,40.6808],[-3.9543,40.6806],[-3.9544,40.6805],[-3.9544,40.6804],[-3.9544,40.6803],[-3.9545,40.6802],[-3.9546,40.6801],[-3.9547,40.6799],[-3.9548,40.6798],[-3.9549,40.6796],[-3.955,40.6795],[-3.9551,40.6794],[-3.9553,40.6792],[-3.9554,40.6791],[-3.9558,40.6787],[-3.9562,40.6782],[-3.9566,40.6778],[-3.9566,40.6776],[-3.957,40.6771],[-3.9575,40.6765],[-3.958,40.676],[-3.9585,40.6754],[-3.9591,40.6749],[-3.9591,40.6748],[-3.9592,40.6747],[-3.9593,40.6746],[-3.9594,40.6746],[-3.9594,40.6745],[-3.9595,40.6744],[-3.9596,40.6743],[-3.9597,40.6743],[-3.9597,40.6743],[-3.9598,40.6743],[-3.9599,40.6742],[-3.9599,40.6742],[-3.9604,40.6738],[-3.9608,40.6734],[-3.961,40.6732],[-3.9612,40.6731],[-3.9614,40.6729],[-3.9616,40.6728],[-3.9618,40.6726],[-3.9619,40.6725],[-3.9621,40.6723],[-3.9622,40.6721],[-3.9624,40.672],[-3.9625,40.6718],[-3.9626,40.6716],[-3.9627,40.6714],[-3.9628,40.6713],[-3.9629,40.6711],[-3.963,40.6709],[-3.9631,40.6707],[-3.9631,40.6706],[-3.9632,40.6704],[-3.9632,40.6703],[-3.9632,40.6701],[-3.9632,40.67],[-3.9632,40.6699],[-3.9632,40.6697],[-3.9632,40.6696],[-3.9632,40.6694],[-3.9631,40.6693],[-3.9631,40.6691],[-3.963,40.6687],[-3.963,40.6687],[-3.9631,40.6686],[-3.9632,40.6685],[-3.9632,40.6685],[-3.9633,40.6684],[-3.9634,40.6684],[-3.9634,40.6683],[-3.9635,40.6683],[-3.9636,40.6683],[-3.9637,40.6682],[-3.9638,40.6682],[-3.9639,40.6681],[-3.964,40.668],[-3.964,40.6679],[-3.9641,40.6679],[-3.9642,40.6678],[-3.9642,40.6677],[-3.9643,40.6676],[-3.9643,40.6675],[-3.9644,40.6674],[-3.9645,40.6673],[-3.9645,40.6672],[-3.9646,40.6671],[-3.9647,40.667],[-3.9647,40.667],[-3.9648,40.6669],[-3.9649,40.6669],[-3.965,40.6668],[-3.9651,40.6667],[-3.9652,40.6666],[-3.9654,40.6665],[-3.9655,40.6664],[-3.9656,40.6663],[-3.9656,40.6663],[-3.9658,40.6662],[-3.9659,40.6662],[-3.9659,40.6661],[-3.966,40.6661],[-3.9661,40.6661],[-3.9662,40.6661],[-3.9663,40.666],[-3.9663,40.666],[-3.9664,40.666],[-3.9664,40.666],[-3.9665,40.6659],[-3.9665,40.6659],[-3.9665,40.6658],[-3.9666,40.6658],[-3.9666,40.6657],[-3.9666,40.6657],[-3.9666,40.6656],[-3.9666,40.6656],[-3.9666,40.6655],[-3.9667,40.6655],[-3.9667,40.6655],[-3.9667,40.6654],[-3.9668,40.6654],[-3.9668,40.6654],[-3.9669,40.6654],[-3.9669,40.6653],[-3.967,40.6652],[-3.967,40.6652],[-3.967,40.6651],[-3.9671,40.6651],[-3.9671,40.665],[-3.9672,40.665],[-3.9673,40.6649],[-3.9673,40.6649],[-3.9676,40.6646],[-3.9678,40.6642],[-3.9681,40.6639],[-3.9684,40.6636],[-3.9686,40.6633],[-3.9689,40.6629],[-3.9691,40.6628],[-3.9692,40.6627],[-3.9694,40.6625],[-3.9696,40.6624],[-3.9698,40.6623],[-3.97,40.6621],[-3.9701,40.662],[-3.9703,40.6619],[-3.9705,40.6618],[-3.9707,40.6617],[-3.9709,40.6616],[-3.9711,40.6615],[-3.9713,40.6614],[-3.9714,40.6613],[-3.9715,40.6613],[-3.9716,40.6613],[-3.9717,40.6613],[-3.9718,40.6612],[-3.9719,40.6612],[-3.9719,40.6612],[-3.972,40.6612],[-3.9721,40.6612],[-3.9722,40.6613],[-3.9723,40.6613],[-3.9723,40.6611],[-3.9723,40.661],[-3.9722,40.661],[-3.972,40.6609],[-3.9718,40.6609],[-3.9715,40.6608],[-3.971,40.6607],[-3.9704,40.6606],[-3.97,40.6605],[-3.9697,40.6604],[-3.969,40.6602],[-3.9682,40.6595],[-3.9675,40.6588],[-3.9667,40.6582],[-3.9633,40.658],[-3.9592,40.6583],[-3.9586,40.6583],[-3.9579,40.6582],[-3.9572,40.6582],[-3.9566,40.6581],[-3.9559,40.6581],[-3.9553,40.658],[-3.9549,40.6579],[-3.9546,40.6579],[-3.9542,40.6578],[-3.9539,40.6578],[-3.9535,40.6578],[-3.9532,40.6577],[-3.9528,40.6577],[-3.9526,40.6577],[-3.9524,40.6577],[-3.9514,40.6576],[-3.9503,40.6576],[-3.9492,40.6571],[-3.9482,40.6546],[-3.948,40.6532],[-3.9477,40.6524],[-3.9482,40.6511],[-3.9479,40.6512],[-3.9476,40.6513],[-3.9473,40.6515],[-3.9471,40.6514],[-3.9469,40.6514],[-3.9468,40.6513],[-3.9466,40.6513],[-3.9466,40.6511],[-3.9465,40.651],[-3.9464,40.651],[-3.9463,40.651],[-3.9462,40.651],[-3.9461,40.6511],[-3.9457,40.651],[-3.9454,40.6509],[-3.9452,40.6509],[-3.945,40.6509],[-3.9448,40.6509],[-3.9446,40.6509],[-3.9444,40.6509],[-3.9441,40.6507],[-3.9438,40.6506],[-3.9418,40.6502],[-3.94,40.6498],[-3.9383,40.6495],[-3.9378,40.6493],[-3.9373,40.6492],[-3.9367,40.6491],[-3.9367,40.649],[-3.9367,40.6488],[-3.9367,40.6487],[-3.9367,40.6487],[-3.9366,40.6486],[-3.9366,40.6486],[-3.9362,40.6481],[-3.9359,40.6477],[-3.9359,40.6476],[-3.936,40.6474],[-3.936,40.6474],[-3.936,40.6473],[-3.936,40.6473],[-3.9359,40.6472],[-3.9359,40.6472],[-3.9358,40.6472],[-3.9358,40.6472],[-3.9356,40.6471],[-3.9354,40.647],[-3.9352,40.647],[-3.935,40.647],[-3.9349,40.647],[-3.9349,40.6469],[-3.9348,40.6469],[-3.9347,40.6469],[-3.9346,40.6469],[-3.9345,40.6468],[-3.9344,40.6467],[-3.9342,40.6467],[-3.934,40.6467],[-3.9334,40.6464],[-3.9328,40.6462],[-3.9325,40.6461],[-3.9322,40.6459],[-3.9321,40.6459],[-3.9319,40.6459],[-3.9318,40.6459],[-3.9316,40.6458],[-3.9314,40.6458],[-3.9313,40.6457],[-3.9312,40.6458],[-3.931,40.6458],[-3.9309,40.6458],[-3.9307,40.6459],[-3.9305,40.6459],[-3.9304,40.6459],[-3.93,40.6456],[-3.9295,40.6454],[-3.9291,40.6452],[-3.9287,40.645],[-3.9284,40.6448],[-3.9281,40.6447],[-3.9279,40.6447],[-3.9277,40.6446],[-3.9274,40.6446],[-3.9272,40.6446],[-3.9269,40.6447],[-3.9267,40.6447],[-3.9264,40.6446],[-3.9261,40.6445],[-3.9258,40.6443],[-3.9256,40.6441],[-3.9254,40.6442],[-3.9253,40.6442],[-3.9251,40.6442],[-3.9246,40.6441],[-3.924,40.644],[-3.9238,40.644],[-3.9236,40.644],[-3.9235,40.6439],[-3.9233,40.6438],[-3.9232,40.6438],[-3.9231,40.6437],[-3.9229,40.6435],[-3.9227,40.6434],[-3.9225,40.6433],[-3.9222,40.6432],[-3.922,40.6431],[-3.9218,40.6431],[-3.9217,40.6431],[-3.9215,40.643],[-3.9213,40.6429],[-3.9212,40.6429],[-3.9211,40.6428],[-3.921,40.6427],[-3.9209,40.6426],[-3.9208,40.6424],[-3.9207,40.6422],[-3.9207,40.6421],[-3.9206,40.6419],[-3.9206,40.6417],[-3.9206,40.6416],[-3.9206,40.6416],[-3.9206,40.6415],[-3.9207,40.6415],[-3.9208,40.6415],[-3.9208,40.6414],[-3.9209,40.6414],[-3.9209,40.6413],[-3.9209,40.6413],[-3.9209,40.6412],[-3.9209,40.641],[-3.9208,40.6408],[-3.9208,40.6407],[-3.9207,40.6405],[-3.9206,40.64],[-3.9205,40.6396],[-3.9203,40.6392],[-3.9202,40.6388],[-3.9191,40.6392],[-3.9181,40.6395],[-3.9168,40.64],[-3.9156,40.6405],[-3.9149,40.6408],[-3.9143,40.641],[-3.9138,40.6413],[-3.9134,40.6415],[-3.9129,40.6418],[-3.9102,40.6423],[-3.908,40.643],[-3.9065,40.6437],[-3.905,40.6444],[-3.9036,40.6451],[-3.9022,40.6459],[-3.9013,40.6464],[-3.9005,40.6468],[-3.8997,40.6473],[-3.8987,40.6478],[-3.8978,40.6483],[-3.8969,40.6489],[-3.8962,40.6493],[-3.8955,40.6497],[-3.8949,40.6501],[-3.8942,40.6505],[-3.8936,40.6509],[-3.8921,40.6514],[-3.8906,40.6518],[-3.8893,40.6521],[-3.8881,40.6523],[-3.8871,40.6524],[-3.8862,40.6525],[-3.883,40.652],[-3.8798,40.6516],[-3.8786,40.6519],[-3.8775,40.6523],[-3.8765,40.6527],[-3.8754,40.6531],[-3.8748,40.6545],[-3.8739,40.6571],[-3.8739,40.6572],[-3.8738,40.6572],[-3.8738,40.6573],[-3.8737,40.6573],[-3.8736,40.6574],[-3.8733,40.6576],[-3.873,40.6578],[-3.8728,40.6581],[-3.8725,40.6583],[-3.8704,40.6603],[-3.869,40.6617],[-3.8687,40.6617],[-3.8684,40.6618],[-3.8681,40.6618],[-3.8678,40.6617],[-3.8675,40.6617],[-3.8672,40.6616],[-3.8667,40.6615],[-3.8662,40.6613],[-3.8658,40.6611],[-3.8653,40.6608],[-3.8647,40.6605],[-3.8641,40.6601],[-3.8634,40.6598],[-3.8628,40.6594],[-3.8626,40.6593],[-3.8624,40.6592],[-3.8623,40.659],[-3.8621,40.6589],[-3.8621,40.6587],[-3.8622,40.6585],[-3.8623,40.6584],[-3.8625,40.6582],[-3.8626,40.6581],[-3.8628,40.6579],[-3.8629,40.6577],[-3.863,40.6575],[-3.863,40.6574],[-3.863,40.6573],[-3.8629,40.6572],[-3.8629,40.6571],[-3.8623,40.6571],[-3.8617,40.6572],[-3.8613,40.6572],[-3.8609,40.6573],[-3.8608,40.6573],[-3.8607,40.6573],[-3.8606,40.6573],[-3.8605,40.6574],[-3.8604,40.6574],[-3.8603,40.6575],[-3.8602,40.6576],[-3.8602,40.6578],[-3.8601,40.6579],[-3.86,40.658],[-3.8599,40.6582],[-3.8597,40.6582],[-3.8595,40.6582],[-3.8593,40.6582],[-3.8591,40.6581],[-3.8589,40.6581],[-3.8588,40.658],[-3.8588,40.6579],[-3.8587,40.6577],[-3.8587,40.6576],[-3.8587,40.6575],[-3.8587,40.6573],[-3.8586,40.6572],[-3.8585,40.657],[-3.8584,40.6569],[-3.8583,40.6567],[-3.8582,40.6565],[-3.8581,40.6564],[-3.8581,40.6562],[-3.8581,40.656],[-3.8581,40.6559],[-3.8581,40.6555],[-3.858,40.6556],[-3.8579,40.6556],[-3.8579,40.6555],[-3.8578,40.6555],[-3.8578,40.6554],[-3.8576,40.6551],[-3.8574,40.6548],[-3.8572,40.6545],[-3.857,40.6542],[-3.857,40.6541],[-3.8569,40.654],[-3.8567,40.654],[-3.8569,40.6536],[-3.8571,40.6532],[-3.8572,40.6529],[-3.8574,40.6526],[-3.8576,40.6524],[-3.8576,40.6522],[-3.8576,40.6521],[-3.8576,40.6519],[-3.8576,40.6518],[-3.8576,40.6516],[-3.8575,40.6515],[-3.8575,40.6513],[-3.8574,40.6511],[-3.8574,40.6509],[-3.8573,40.6507],[-3.8572,40.6505],[-3.857,40.6503],[-3.8568,40.65],[-3.8566,40.6496],[-3.8564,40.6493],[-3.8561,40.6488],[-3.8558,40.6484],[-3.8557,40.6483],[-3.8556,40.6483],[-3.8554,40.6482],[-3.8553,40.6482],[-3.8551,40.6482],[-3.855,40.6482],[-3.8548,40.6481],[-3.8547,40.6481],[-3.8545,40.6482],[-3.8544,40.6482],[-3.8542,40.6482],[-3.8539,40.6484],[-3.8536,40.6485],[-3.8532,40.6487],[-3.853,40.6487],[-3.8529,40.6488],[-3.8527,40.6489],[-3.8525,40.6489],[-3.8521,40.6489],[-3.8517,40.6489],[-3.8504,40.6492],[-3.8491,40.6495],[-3.8479,40.6498],[-3.8476,40.6498],[-3.8473,40.6498],[-3.847,40.6499],[-3.8468,40.6499],[-3.8465,40.6499],[-3.8462,40.6498],[-3.8461,40.6497],[-3.846,40.6496],[-3.846,40.6494],[-3.8459,40.6493],[-3.8458,40.6488],[-3.8457,40.6483],[-3.8455,40.6478],[-3.8454,40.6472],[-3.8453,40.6471],[-3.8453,40.6469],[-3.8452,40.6467],[-3.8452,40.6466],[-3.8452,40.6462],[-3.8451,40.6459],[-3.8451,40.6455],[-3.845,40.6451],[-3.845,40.6451],[-3.8451,40.6451],[-3.8452,40.6451],[-3.8454,40.645],[-3.8457,40.645],[-3.8458,40.6449],[-3.8459,40.6449],[-3.846,40.6449],[-3.846,40.6448],[-3.846,40.6448],[-3.8459,40.6447],[-3.8458,40.6446],[-3.8457,40.6445],[-3.8456,40.6445],[-3.8455,40.6445],[-3.8455,40.6444],[-3.8454,40.6443],[-3.8454,40.6442],[-3.8454,40.6442],[-3.8454,40.6441],[-3.8454,40.6441],[-3.8454,40.644],[-3.8454,40.644],[-3.8453,40.6439],[-3.8452,40.6439],[-3.8452,40.6439],[-3.8452,40.6438],[-3.8452,40.6438],[-3.8451,40.6437],[-3.8449,40.6437],[-3.8448,40.6437],[-3.8446,40.6438],[-3.8445,40.6438],[-3.8442,40.6439],[-3.8441,40.6439],[-3.844,40.6439],[-3.8437,40.644],[-3.8435,40.6441],[-3.8432,40.6442],[-3.843,40.6443],[-3.8429,40.6444],[-3.8419,40.6447],[-3.841,40.645],[-3.8409,40.6448],[-3.8408,40.6447],[-3.8407,40.6445],[-3.8406,40.6444],[-3.8406,40.6442],[-3.8405,40.644],[-3.8405,40.6439],[-3.8405,40.6438],[-3.8405,40.6436],[-3.8406,40.6435],[-3.8406,40.6434],[-3.8407,40.6432],[-3.8408,40.643],[-3.841,40.6429],[-3.8412,40.6427],[-3.8414,40.6425],[-3.8417,40.6423],[-3.8419,40.642],[-3.8419,40.6419],[-3.842,40.6419],[-3.842,40.6418],[-3.842,40.6417],[-3.8418,40.6415],[-3.8416,40.6413],[-3.8416,40.6413],[-3.8415,40.6412],[-3.8414,40.6412],[-3.8413,40.6412],[-3.8413,40.6412],[-3.8412,40.6411],[-3.8412,40.6411],[-3.8412,40.6411],[-3.8413,40.641],[-3.8413,40.641],[-3.8414,40.6409],[-3.8414,40.6408],[-3.8416,40.6404],[-3.8418,40.64],[-3.8417,40.6392],[-3.8417,40.6385],[-3.8416,40.6376],[-3.8416,40.6368],[-3.8416,40.636],[-3.8414,40.636],[-3.8413,40.6359],[-3.8412,40.6359],[-3.8409,40.6358],[-3.8406,40.6358],[-3.8404,40.6357],[-3.8401,40.6357],[-3.8399,40.6357],[-3.8398,40.6356],[-3.8396,40.6356],[-3.8394,40.6356],[-3.8392,40.6355],[-3.839,40.6354],[-3.8388,40.6353],[-3.8386,40.6352],[-3.8379,40.6348],[-3.8372,40.6345],[-3.837,40.6344],[-3.8368,40.6344],[-3.8366,40.6343],[-3.8364,40.6342],[-3.8363,40.6341],[-3.8362,40.634],[-3.8361,40.6339],[-3.8359,40.6339],[-3.8358,40.6339],[-3.8356,40.6339],[-3.8355,40.6338],[-3.8353,40.6337],[-3.8351,40.6335],[-3.835,40.6334],[-3.8348,40.6332],[-3.8347,40.633],[-3.8346,40.6329],[-3.8345,40.6328],[-3.8344,40.6326],[-3.8343,40.6326],[-3.8342,40.6325],[-3.8338,40.6324],[-3.8335,40.6322],[-3.8331,40.6321],[-3.8328,40.6319],[-3.8324,40.6317],[-3.8323,40.6315],[-3.8321,40.6312],[-3.832,40.631],[-3.8318,40.6307],[-3.8318,40.6304],[-3.8317,40.63],[-3.8317,40.6295],[-3.8317,40.6291],[-3.8317,40.6286],[-3.8317,40.6285],[-3.8316,40.6283],[-3.8316,40.6282],[-3.8315,40.6281],[-3.8314,40.6278],[-3.8314,40.6276],[-3.8314,40.6273],[-3.8314,40.6271],[-3.8314,40.6269],[-3.8314,40.6267],[-3.8313,40.6264],[-3.8312,40.6262],[-3.8311,40.6257],[-3.831,40.6252],[-3.831,40.6251],[-3.8309,40.625],[-3.8309,40.6249],[-3.8308,40.6248],[-3.8308,40.6247],[-3.8307,40.6243],[-3.8307,40.624],[-3.8307,40.6239],[-3.8306,40.6238],[-3.8306,40.6237],[-3.8304,40.6236],[-3.8302,40.6236],[-3.8301,40.6236],[-3.8299,40.6237],[-3.8297,40.6237],[-3.8296,40.6238],[-3.8296,40.6238],[-3.8296,40.6239],[-3.8296,40.6239],[-3.8297,40.624],[-3.8298,40.6241],[-3.8299,40.6242],[-3.8298,40.6242],[-3.8298,40.6243],[-3.8297,40.6243],[-3.8296,40.6243],[-3.8294,40.6243],[-3.8292,40.6243],[-3.829,40.6242],[-3.8288,40.6242],[-3.8287,40.6241],[-3.8285,40.6241],[-3.8283,40.624],[-3.8281,40.624],[-3.828,40.624],[-3.8265,40.6239],[-3.8262,40.6233],[-3.8259,40.6227],[-3.8255,40.6221],[-3.8254,40.6218],[-3.8253,40.6214],[-3.8251,40.6211],[-3.825,40.6208],[-3.8248,40.6209],[-3.8247,40.6209],[-3.8246,40.6209],[-3.8244,40.6209],[-3.8243,40.6208],[-3.8242,40.6208],[-3.8241,40.6207],[-3.8241,40.6206],[-3.8241,40.6206],[-3.8241,40.6205],[-3.8239,40.6203],[-3.8237,40.6201],[-3.8235,40.62],[-3.8234,40.62],[-3.8233,40.6199],[-3.8232,40.6198],[-3.8231,40.6198],[-3.8229,40.6197],[-3.8228,40.6197],[-3.8227,40.6198],[-3.8224,40.6198],[-3.8221,40.6199],[-3.8219,40.62],[-3.8216,40.62],[-3.8215,40.6201],[-3.8213,40.6202],[-3.8212,40.6204],[-3.8211,40.6205],[-3.8211,40.6207],[-3.8212,40.6209],[-3.8212,40.621],[-3.8213,40.6211],[-3.8214,40.6212],[-3.8217,40.6213],[-3.8221,40.6214],[-3.8222,40.6215],[-3.8223,40.6216],[-3.8224,40.6217],[-3.8225,40.6218],[-3.8226,40.6219],[-3.8226,40.6219],[-3.8227,40.6219],[-3.8227,40.622],[-3.8227,40.6221],[-3.8227,40.6222],[-3.8227,40.6223],[-3.8228,40.6224],[-3.8229,40.6225],[-3.8229,40.6226],[-3.8229,40.6227],[-3.8228,40.6227],[-3.8228,40.6227],[-3.8228,40.6227],[-3.8228,40.6227],[-3.8228,40.6227],[-3.8227,40.6226],[-3.8226,40.6225],[-3.8226,40.6224],[-3.8226,40.6224],[-3.8225,40.6223],[-3.8224,40.6223],[-3.8223,40.6223],[-3.8222,40.6222],[-3.8222,40.6221],[-3.8222,40.6221],[-3.822,40.622],[-3.8219,40.622],[-3.8217,40.622],[-3.8217,40.6221],[-3.8216,40.6221],[-3.8216,40.6222],[-3.8217,40.6222],[-3.8216,40.6223],[-3.8216,40.6223],[-3.8216,40.6223],[-3.8215,40.6223],[-3.8215,40.6222],[-3.8214,40.6222],[-3.8213,40.6221],[-3.8213,40.6221],[-3.8211,40.6221],[-3.821,40.6221],[-3.8209,40.6221],[-3.8208,40.6221],[-3.8207,40.6221],[-3.8205,40.6221],[-3.8204,40.622],[-3.82,40.622],[-3.8199,40.6221],[-3.8198,40.6221],[-3.8198,40.6222],[-3.8198,40.6222],[-3.8197,40.6222],[-3.8197,40.6222],[-3.8197,40.6221],[-3.8196,40.6221],[-3.8196,40.622],[-3.8195,40.6219],[-3.8194,40.6219],[-3.8193,40.6219],[-3.8192,40.622],[-3.8191,40.622],[-3.8189,40.622],[-3.8188,40.622],[-3.8188,40.622],[-3.8187,40.6219],[-3.8186,40.6219],[-3.8186,40.6219],[-3.8185,40.6219],[-3.8185,40.6219],[-3.8184,40.622],[-3.8184,40.622],[-3.8184,40.622],[-3.8184,40.6221],[-3.8185,40.6221],[-3.8186,40.6222],[-3.8186,40.6222],[-3.8187,40.6223],[-3.8187,40.6223],[-3.8187,40.6224],[-3.8187,40.6225],[-3.8186,40.6225],[-3.8186,40.6225],[-3.8185,40.6225],[-3.8184,40.6225],[-3.8183,40.6226],[-3.8182,40.6226],[-3.8181,40.6227],[-3.818,40.6228],[-3.8178,40.623],[-3.8177,40.6232],[-3.8176,40.6233],[-3.8175,40.6234],[-3.8175,40.6235],[-3.8174,40.6235],[-3.8174,40.6235],[-3.8173,40.6234],[-3.8173,40.6234],[-3.8172,40.6234],[-3.8172,40.6234],[-3.8171,40.6234],[-3.8171,40.6235],[-3.817,40.6235],[-3.8169,40.6235],[-3.8168,40.6236],[-3.8168,40.6235],[-3.8168,40.6234],[-3.8168,40.6233],[-3.8168,40.6232],[-3.8168,40.6231],[-3.8168,40.623],[-3.8168,40.623],[-3.8168,40.6229],[-3.8168,40.6228],[-3.8167,40.6227],[-3.8167,40.6226],[-3.8165,40.6225],[-3.8164,40.6224],[-3.8162,40.6223],[-3.816,40.6223],[-3.8159,40.6224],[-3.8158,40.6224],[-3.8157,40.6225],[-3.8156,40.6225],[-3.8155,40.6226],[-3.8155,40.6226],[-3.8154,40.6226],[-3.8152,40.6226],[-3.815,40.6227],[-3.8149,40.6227],[-3.8149,40.6227],[-3.8148,40.6228],[-3.8148,40.6228],[-3.8148,40.6229],[-3.8148,40.623],[-3.8147,40.6231],[-3.8147,40.6233],[-3.8148,40.6234],[-3.8148,40.6235],[-3.8147,40.6236],[-3.8146,40.6237],[-3.8145,40.6237],[-3.8144,40.6238],[-3.8143,40.6238],[-3.8143,40.6239],[-3.8141,40.6235],[-3.814,40.6232],[-3.8139,40.623],[-3.8138,40.6229],[-3.8137,40.6228],[-3.8136,40.6226],[-3.8134,40.6224],[-3.8132,40.6222],[-3.8131,40.6221],[-3.813,40.622],[-3.8128,40.622],[-3.8126,40.6219],[-3.8124,40.6218],[-3.8122,40.6217],[-3.8119,40.6216],[-3.8118,40.6214],[-3.8118,40.6213],[-3.8115,40.6213],[-3.8113,40.6213],[-3.8112,40.6214],[-3.811,40.6214],[-3.8109,40.6215],[-3.8108,40.6215],[-3.8104,40.6216],[-3.8101,40.6216],[-3.8097,40.6217],[-3.8094,40.6217],[-3.809,40.6218],[-3.8087,40.6218],[-3.8087,40.6219],[-3.8087,40.622],[-3.8088,40.6221],[-3.8089,40.6222],[-3.8091,40.6223],[-3.8092,40.6224],[-3.8094,40.6225],[-3.8095,40.6225],[-3.8095,40.6226],[-3.8096,40.6227],[-3.8096,40.6227],[-3.8095,40.6228],[-3.8096,40.6229],[-3.8096,40.623],[-3.8096,40.623],[-3.8097,40.6231],[-3.8098,40.6232],[-3.8099,40.6232],[-3.81,40.6233],[-3.8101,40.6233],[-3.81,40.6233],[-3.8099,40.6234],[-3.8098,40.6234],[-3.8097,40.6235],[-3.8097,40.6236],[-3.8097,40.6236],[-3.8097,40.6237],[-3.8098,40.6237],[-3.8098,40.6237],[-3.81,40.6237],[-3.8101,40.6237],[-3.8103,40.6238],[-3.8104,40.6238],[-3.8105,40.6239],[-3.8106,40.624],[-3.8106,40.6241],[-3.8107,40.6242],[-3.8106,40.6242],[-3.8106,40.6243],[-3.8105,40.6243],[-3.8105,40.6244],[-3.8104,40.6245],[-3.8104,40.6246],[-3.8104,40.6246],[-3.8104,40.6247],[-3.8104,40.6249],[-3.8104,40.6251],[-3.8104,40.6252],[-3.8105,40.6255],[-3.8106,40.6259],[-3.8105,40.6259],[-3.8104,40.6259],[-3.8103,40.6259],[-3.8102,40.6259],[-3.8101,40.6259],[-3.81,40.6259],[-3.8099,40.626],[-3.8098,40.626],[-3.8097,40.6261],[-3.8097,40.6262],[-3.8097,40.6262],[-3.8097,40.6263],[-3.8098,40.6263],[-3.8098,40.6264],[-3.8098,40.6264],[-3.8098,40.6265],[-3.8097,40.6265],[-3.8097,40.6266],[-3.8095,40.6266],[-3.8093,40.6266],[-3.8091,40.6267],[-3.809,40.6267],[-3.809,40.6267],[-3.8089,40.6268],[-3.8089,40.6268],[-3.8089,40.6269],[-3.8089,40.6269],[-3.8088,40.627],[-3.8088,40.627],[-3.8086,40.6271],[-3.8084,40.6272],[-3.8084,40.6273],[-3.8083,40.6274],[-3.8082,40.6274],[-3.8082,40.6275],[-3.8083,40.6275],[-3.8083,40.6276],[-3.8084,40.6276],[-3.8084,40.6276],[-3.8085,40.6277],[-3.8085,40.6278],[-3.8085,40.6278],[-3.8085,40.6279],[-3.8085,40.628],[-3.8085,40.6281],[-3.8085,40.6282],[-3.8084,40.6283],[-3.8085,40.6285],[-3.8085,40.6287],[-3.8086,40.6289],[-3.8087,40.6291],[-3.8088,40.6293],[-3.8089,40.6295],[-3.8089,40.6297],[-3.8089,40.6298],[-3.809,40.6298],[-3.8091,40.6299],[-3.8092,40.63],[-3.8093,40.63],[-3.8094,40.6301],[-3.8095,40.6301],[-3.8096,40.6302],[-3.8098,40.6302],[-3.8099,40.6302],[-3.81,40.6301],[-3.8101,40.6301],[-3.8102,40.6301],[-3.8103,40.63],[-3.8103,40.6299],[-3.8104,40.6299],[-3.8104,40.6298],[-3.8105,40.6298],[-3.8106,40.6298],[-3.8106,40.6298],[-3.8107,40.6299],[-3.8108,40.6299],[-3.8108,40.6299],[-3.8109,40.6299],[-3.8111,40.6298],[-3.8112,40.6298],[-3.8114,40.6297],[-3.8115,40.6297],[-3.8116,40.6296],[-3.8117,40.6296],[-3.8117,40.6295],[-3.8118,40.6295],[-3.8119,40.6296],[-3.8119,40.6296],[-3.812,40.6297],[-3.812,40.6297],[-3.8123,40.6298],[-3.8126,40.6298],[-3.8127,40.6298],[-3.8128,40.6299],[-3.813,40.6299],[-3.8131,40.63],[-3.813,40.6301],[-3.8128,40.6301],[-3.8127,40.6301],[-3.8125,40.6301],[-3.8124,40.6301],[-3.8123,40.6302],[-3.8121,40.6302],[-3.812,40.6303],[-3.8119,40.6304],[-3.8119,40.6305],[-3.8119,40.6305],[-3.8119,40.6305],[-3.8118,40.6306],[-3.8116,40.6306],[-3.8113,40.6306],[-3.8113,40.6306],[-3.8112,40.6306],[-3.8111,40.6306],[-3.8111,40.6306],[-3.811,40.6307],[-3.811,40.6308],[-3.8111,40.6308],[-3.8112,40.6309],[-3.8113,40.631],[-3.8115,40.631],[-3.8115,40.631],[-3.8116,40.6311],[-3.8116,40.6311],[-3.8116,40.6312],[-3.8115,40.6312],[-3.8115,40.6312],[-3.8114,40.6312],[-3.8113,40.6312],[-3.8111,40.6312],[-3.8109,40.6312],[-3.8107,40.6312],[-3.8105,40.6311],[-3.8104,40.6311],[-3.8103,40.6311],[-3.8102,40.6312],[-3.8101,40.6312],[-3.81,40.6313],[-3.8099,40.6314],[-3.8099,40.6314],[-3.8098,40.6315],[-3.8098,40.6316],[-3.8098,40.6316],[-3.8097,40.6316],[-3.8097,40.6316],[-3.8096,40.6315],[-3.8096,40.6315],[-3.8095,40.6314],[-3.8094,40.6314],[-3.8093,40.6313],[-3.8092,40.6313],[-3.8091,40.6313],[-3.809,40.6313],[-3.8089,40.6313],[-3.8087,40.6312],[-3.8086,40.6312],[-3.8085,40.6311],[-3.8083,40.631],[-3.8081,40.631],[-3.8079,40.6309],[-3.8078,40.6307],[-3.8078,40.6307],[-3.8077,40.6307],[-3.8076,40.6306],[-3.8076,40.6306],[-3.8075,40.6306],[-3.8074,40.6307],[-3.8074,40.6307],[-3.8074,40.6311],[-3.8075,40.6314],[-3.8076,40.6318],[-3.8076,40.632],[-3.8077,40.6322],[-3.8078,40.6323],[-3.8079,40.6324],[-3.808,40.6324],[-3.8081,40.6325],[-3.8083,40.6325],[-3.8084,40.6325],[-3.8085,40.6325],[-3.8085,40.6325],[-3.8086,40.6325],[-3.8086,40.6326],[-3.8089,40.6328],[-3.809,40.6329],[-3.809,40.633],[-3.809,40.633],[-3.8089,40.633],[-3.8089,40.633],[-3.8088,40.633],[-3.8086,40.633],[-3.8084,40.6329],[-3.8083,40.6329],[-3.8081,40.6329],[-3.8079,40.6329],[-3.8079,40.6329],[-3.8078,40.6329],[-3.8077,40.6329],[-3.8076,40.6329],[-3.8073,40.6328],[-3.807,40.6327],[-3.8066,40.6326],[-3.8063,40.6325],[-3.8059,40.6325],[-3.8056,40.6325],[-3.8053,40.6324],[-3.8052,40.6325],[-3.8051,40.6325],[-3.805,40.6326],[-3.8049,40.6326],[-3.8049,40.6328],[-3.8049,40.6331],[-3.8049,40.6332],[-3.8049,40.6333],[-3.8049,40.6334],[-3.8049,40.6335],[-3.8049,40.6335],[-3.8048,40.6336],[-3.8047,40.6336],[-3.8045,40.6337],[-3.8044,40.6337],[-3.8042,40.6338],[-3.804,40.6339],[-3.8037,40.6339],[-3.8035,40.634],[-3.8032,40.634],[-3.8031,40.634],[-3.803,40.634],[-3.8029,40.634],[-3.8028,40.6341],[-3.8026,40.6342],[-3.8025,40.6344],[-3.8025,40.6345],[-3.8025,40.6346],[-3.8025,40.6347],[-3.8026,40.6348],[-3.8028,40.6349],[-3.8029,40.635],[-3.8031,40.6351],[-3.8032,40.6352],[-3.8033,40.6353],[-3.8033,40.6356],[-3.8034,40.636],[-3.8035,40.6363],[-3.8036,40.6366],[-3.8037,40.6369],[-3.8038,40.6372],[-3.804,40.6374],[-3.8041,40.6375],[-3.8042,40.6376],[-3.8044,40.6377],[-3.8046,40.6379],[-3.8049,40.6381],[-3.8052,40.6382],[-3.8054,40.6383],[-3.8056,40.6384],[-3.8059,40.6386],[-3.8061,40.6387],[-3.8065,40.6387],[-3.8068,40.6387],[-3.8073,40.6387],[-3.8078,40.6387],[-3.8079,40.6387],[-3.808,40.6387],[-3.8081,40.6387],[-3.8082,40.6387],[-3.8084,40.6385],[-3.8086,40.6384],[-3.8086,40.6384],[-3.8087,40.6384],[-3.8088,40.6384],[-3.8088,40.6385],[-3.8088,40.6386],[-3.8088,40.6387],[-3.8088,40.6388],[-3.8087,40.639],[-3.8087,40.6392],[-3.8086,40.6393],[-3.8086,40.6394],[-3.8087,40.6396],[-3.8087,40.6397],[-3.8087,40.6398],[-3.8086,40.6398],[-3.8086,40.6399],[-3.8085,40.6399],[-3.8084,40.6399],[-3.8083,40.64],[-3.8082,40.64],[-3.8082,40.6402],[-3.8082,40.6403],[-3.8083,40.6404],[-3.8083,40.6405],[-3.8084,40.6406],[-3.8085,40.6407],[-3.8085,40.6407],[-3.8087,40.6408],[-3.8088,40.6408],[-3.8089,40.6408],[-3.8089,40.6409],[-3.8089,40.6409],[-3.8089,40.641],[-3.8089,40.6411],[-3.8088,40.6412],[-3.8087,40.6412],[-3.8086,40.6413],[-3.8086,40.6414],[-3.8086,40.6414],[-3.8086,40.6415],[-3.8087,40.6415],[-3.8087,40.6417],[-3.8087,40.6418],[-3.8088,40.6419],[-3.8089,40.642],[-3.809,40.6421],[-3.809,40.6422],[-3.8091,40.6424],[-3.8092,40.6424],[-3.8093,40.6425],[-3.8094,40.6426],[-3.8094,40.6426],[-3.8095,40.6427],[-3.8095,40.6427],[-3.8095,40.6428],[-3.8095,40.6428],[-3.8094,40.6431],[-3.8094,40.6433],[-3.8093,40.6436],[-3.8093,40.6438],[-3.8094,40.6441],[-3.8095,40.6444],[-3.8095,40.6447],[-3.8096,40.6451],[-3.8096,40.6453],[-3.8096,40.6455],[-3.8095,40.646],[-3.8096,40.6461],[-3.8097,40.6462],[-3.8098,40.6464],[-3.8098,40.6465],[-3.8097,40.6467],[-3.8098,40.6469],[-3.8098,40.647],[-3.8098,40.6472],[-3.8098,40.6473],[-3.8099,40.6474],[-3.81,40.6475],[-3.8101,40.6475],[-3.8102,40.6478],[-3.8102,40.6481],[-3.8103,40.6483],[-3.8104,40.6485],[-3.8104,40.6486],[-3.8104,40.6487],[-3.8103,40.6488],[-3.8103,40.6489],[-3.8102,40.649],[-3.8102,40.6492],[-3.8099,40.6494],[-3.8096,40.6496],[-3.8093,40.6498],[-3.8091,40.65],[-3.809,40.6502],[-3.8089,40.6504],[-3.8088,40.6506],[-3.8087,40.6507],[-3.8087,40.6509],[-3.8087,40.651],[-3.8087,40.6512],[-3.8087,40.6514],[-3.8088,40.6517],[-3.8088,40.652],[-3.8087,40.6521],[-3.8087,40.6523],[-3.8086,40.6524],[-3.8084,40.6526],[-3.8083,40.6527],[-3.8078,40.6533],[-3.8073,40.6538],[-3.8069,40.6542],[-3.8066,40.6546],[-3.8066,40.6547],[-3.8066,40.6548],[-3.8065,40.6548],[-3.8065,40.6549],[-3.8062,40.6549],[-3.8059,40.6548],[-3.8056,40.6547],[-3.8055,40.6546],[-3.8054,40.6545],[-3.8054,40.6544],[-3.8053,40.6543],[-3.8053,40.6542],[-3.8046,40.6542],[-3.804,40.6542],[-3.8038,40.6541],[-3.8037,40.654],[-3.8036,40.654],[-3.8035,40.6539],[-3.8034,40.6538],[-3.8034,40.6537],[-3.8033,40.6536],[-3.8033,40.6536],[-3.8033,40.6535],[-3.8032,40.6535],[-3.8032,40.6534],[-3.8032,40.6534],[-3.8032,40.6533],[-3.8033,40.6533],[-3.8033,40.6533],[-3.8035,40.6532],[-3.8037,40.6531],[-3.8038,40.653],[-3.804,40.6529],[-3.8043,40.6528],[-3.8046,40.6527],[-3.8049,40.6526],[-3.8052,40.6525],[-3.8053,40.6523],[-3.8053,40.6521],[-3.8054,40.6518],[-3.8055,40.6515],[-3.8056,40.6512],[-3.8057,40.6509],[-3.8059,40.6503],[-3.806,40.6497],[-3.806,40.6492],[-3.8061,40.6491],[-3.8061,40.649],[-3.8062,40.6489],[-3.8061,40.6488],[-3.8061,40.6488],[-3.8061,40.6487],[-3.806,40.6486],[-3.8061,40.6485],[-3.8061,40.6483],[-3.806,40.6482],[-3.806,40.6481],[-3.8059,40.648],[-3.8059,40.6479],[-3.8058,40.6478],[-3.8059,40.6476],[-3.8061,40.6474],[-3.8062,40.6472],[-3.8062,40.647],[-3.8061,40.6469],[-3.8061,40.6467],[-3.806,40.6466],[-3.8058,40.6465],[-3.8057,40.6463],[-3.8055,40.6463],[-3.8055,40.6461],[-3.8055,40.6459],[-3.8055,40.6457],[-3.8055,40.6455],[-3.8056,40.6454],[-3.8056,40.6453],[-3.8056,40.6452],[-3.8056,40.6451],[-3.8055,40.645],[-3.8054,40.6446],[-3.8052,40.6442],[-3.8051,40.6437],[-3.8052,40.6436],[-3.8053,40.6435],[-3.8054,40.6434],[-3.8055,40.6433],[-3.8056,40.6433],[-3.8056,40.6432],[-3.8057,40.6432],[-3.8057,40.643],[-3.8057,40.6429],[-3.8057,40.6428],[-3.8057,40.6427],[-3.8056,40.6426],[-3.8055,40.6424],[-3.8054,40.6423],[-3.8054,40.6422],[-3.8053,40.642],[-3.8052,40.6419],[-3.8051,40.6418],[-3.805,40.6417],[-3.8048,40.6415],[-3.8046,40.6414],[-3.8045,40.6413],[-3.8043,40.6411],[-3.8041,40.641],[-3.8039,40.6407],[-3.8036,40.6404],[-3.8033,40.6402],[-3.8029,40.64],[-3.8025,40.6399],[-3.8021,40.6397],[-3.8018,40.6395],[-3.8014,40.6393],[-3.8012,40.6393],[-3.8011,40.6393],[-3.8009,40.6392],[-3.8007,40.6392],[-3.8005,40.6392],[-3.8003,40.6393],[-3.8002,40.6393],[-3.8001,40.6393],[-3.7999,40.6393],[-3.7998,40.6392],[-3.7996,40.6391],[-3.7995,40.639],[-3.7994,40.639],[-3.7994,40.6389],[-3.7994,40.6388],[-3.7994,40.6388],[-3.7992,40.6384],[-3.7991,40.6379],[-3.7989,40.6375],[-3.7984,40.6375],[-3.798,40.6374],[-3.7976,40.6374],[-3.7972,40.6374],[-3.7968,40.6375],[-3.7967,40.6375],[-3.7965,40.6375],[-3.7964,40.6375],[-3.7964,40.6374],[-3.7963,40.6374],[-3.7963,40.6373],[-3.7962,40.6373],[-3.7962,40.6373],[-3.7961,40.6373],[-3.796,40.6373],[-3.7959,40.6373],[-3.7958,40.6372],[-3.7956,40.6372],[-3.7955,40.6372],[-3.7954,40.6372],[-3.7953,40.6372],[-3.7952,40.6372],[-3.7951,40.6371],[-3.7951,40.6371],[-3.7951,40.637],[-3.795,40.637],[-3.7948,40.6369],[-3.7947,40.6369],[-3.7945,40.6368],[-3.7944,40.6369],[-3.7943,40.6369],[-3.7942,40.637],[-3.7942,40.637],[-3.7941,40.6371],[-3.7941,40.6372],[-3.794,40.6372],[-3.7939,40.6373],[-3.7938,40.6373],[-3.7938,40.6373],[-3.7935,40.6372],[-3.7932,40.6371],[-3.7931,40.6371],[-3.793,40.637],[-3.7928,40.637],[-3.7927,40.637],[-3.7926,40.637],[-3.7925,40.6369],[-3.7924,40.6369],[-3.7923,40.6368],[-3.7922,40.6366],[-3.7922,40.6364],[-3.7922,40.6362],[-3.7921,40.6358],[-3.7921,40.6354],[-3.7921,40.6351],[-3.7921,40.6349],[-3.7921,40.6347],[-3.7921,40.6346],[-3.7921,40.6344],[-3.792,40.6338],[-3.792,40.6333],[-3.792,40.633],[-3.7921,40.6328],[-3.7922,40.6325],[-3.7923,40.6325],[-3.7925,40.6325],[-3.7927,40.6325],[-3.7928,40.6325],[-3.793,40.6326],[-3.7934,40.6322],[-3.7935,40.6321],[-3.7936,40.632],[-3.7937,40.6319],[-3.7938,40.6318],[-3.7938,40.6317],[-3.7939,40.6316],[-3.7939,40.6314],[-3.7938,40.6312],[-3.7938,40.631],[-3.7938,40.6308],[-3.7939,40.6306],[-3.794,40.6304],[-3.794,40.6303],[-3.7942,40.6302],[-3.7943,40.6301],[-3.7944,40.6301],[-3.7946,40.63],[-3.7947,40.63],[-3.7949,40.6299],[-3.7951,40.6298],[-3.7953,40.6296],[-3.7955,40.6295],[-3.7956,40.6293],[-3.7957,40.6292],[-3.7957,40.6292],[-3.7957,40.6291],[-3.7957,40.629],[-3.7956,40.6289],[-3.7957,40.6288],[-3.7958,40.6287],[-3.7958,40.6287],[-3.7959,40.6287],[-3.796,40.6286],[-3.7962,40.6286],[-3.7963,40.6287],[-3.7965,40.6288],[-3.7967,40.6288],[-3.797,40.6288],[-3.7972,40.6288],[-3.7974,40.6289],[-3.7976,40.6289],[-3.7978,40.629],[-3.798,40.6289],[-3.7982,40.6289],[-3.7985,40.6289],[-3.7987,40.6288],[-3.7989,40.6287],[-3.7992,40.6286],[-3.7994,40.6285],[-3.7995,40.6284],[-3.7996,40.6283],[-3.7997,40.6283],[-3.7999,40.6282],[-3.7999,40.6282],[-3.8,40.6281],[-3.8001,40.6281],[-3.8002,40.6281],[-3.8003,40.6281],[-3.8004,40.6281],[-3.8004,40.628],[-3.8005,40.628],[-3.8005,40.6279],[-3.8005,40.6277],[-3.8006,40.6274],[-3.8006,40.627],[-3.8006,40.6268],[-3.8005,40.6266],[-3.8004,40.6265],[-3.8003,40.6263],[-3.8002,40.6262],[-3.8002,40.626],[-3.8002,40.6259],[-3.8002,40.6258],[-3.8002,40.6256],[-3.8002,40.6255],[-3.8003,40.6254],[-3.8003,40.6253],[-3.8004,40.6252],[-3.8004,40.6251],[-3.8003,40.625],[-3.8003,40.6249],[-3.8003,40.6248],[-3.8006,40.6246],[-3.8009,40.6243],[-3.8012,40.624],[-3.8015,40.6237],[-3.8015,40.6236],[-3.8015,40.6235],[-3.8015,40.6235],[-3.8016,40.6234],[-3.8017,40.6234],[-3.8019,40.6233],[-3.8021,40.6232],[-3.8022,40.6231],[-3.8023,40.623],[-3.8023,40.6229],[-3.8024,40.6228],[-3.8024,40.6226],[-3.8025,40.6224],[-3.8026,40.6221],[-3.8028,40.6218],[-3.8029,40.6214],[-3.8031,40.6209],[-3.8032,40.6206],[-3.8034,40.6202],[-3.8034,40.62],[-3.8034,40.6198],[-3.8034,40.6197],[-3.8034,40.6197],[-3.8033,40.6196],[-3.8033,40.6196],[-3.8032,40.6196],[-3.8031,40.6196],[-3.803,40.6196],[-3.8029,40.6197],[-3.8026,40.6196],[-3.8024,40.6196],[-3.8022,40.6196],[-3.802,40.6197],[-3.8018,40.6197],[-3.8017,40.6197],[-3.8015,40.6196],[-3.8013,40.6194],[-3.8012,40.6192],[-3.8011,40.6189],[-3.801,40.6187],[-3.8009,40.6185],[-3.8008,40.6182],[-3.8008,40.6181],[-3.8007,40.618],[-3.8007,40.6178],[-3.8006,40.6177],[-3.8005,40.6176],[-3.8004,40.6175],[-3.8002,40.6175],[-3.7995,40.6174],[-3.7988,40.6173],[-3.7981,40.6172],[-3.7978,40.6173],[-3.7975,40.6174],[-3.7972,40.6175],[-3.7969,40.6176],[-3.7966,40.6177],[-3.7963,40.6178],[-3.796,40.6179],[-3.7958,40.618],[-3.7956,40.618],[-3.7953,40.6181],[-3.7951,40.6181],[-3.7948,40.6181],[-3.7945,40.618],[-3.7941,40.618],[-3.7938,40.6179],[-3.7939,40.6177],[-3.7939,40.6175],[-3.794,40.6174],[-3.7941,40.6172],[-3.7943,40.6171],[-3.7944,40.6171],[-3.7945,40.617],[-3.7947,40.617],[-3.7948,40.6169],[-3.7948,40.6168],[-3.7949,40.6167],[-3.7949,40.6166],[-3.7949,40.6166],[-3.795,40.6166],[-3.795,40.6166],[-3.7951,40.6166],[-3.7953,40.6165],[-3.7954,40.6165],[-3.7955,40.6164],[-3.7956,40.6163],[-3.7956,40.6162],[-3.7957,40.6161],[-3.7957,40.616],[-3.7955,40.6158],[-3.7954,40.6156],[-3.7952,40.6154],[-3.7951,40.6152],[-3.7951,40.6151],[-3.795,40.6149],[-3.795,40.6147],[-3.795,40.6145],[-3.7951,40.6144],[-3.7951,40.6142],[-3.7952,40.614],[-3.7951,40.614],[-3.7949,40.6141],[-3.7948,40.6141],[-3.7946,40.6142],[-3.7946,40.6143],[-3.7945,40.6145],[-3.7944,40.6146],[-3.7943,40.6148],[-3.7941,40.6149],[-3.794,40.6151],[-3.7938,40.6152],[-3.7936,40.6153],[-3.7934,40.6154],[-3.7932,40.6155],[-3.7931,40.6156],[-3.793,40.6157],[-3.7928,40.6158],[-3.7926,40.6159],[-3.7924,40.616],[-3.7922,40.6161],[-3.7921,40.6162],[-3.7921,40.6162],[-3.792,40.6163],[-3.792,40.6164],[-3.7919,40.6166],[-3.7918,40.6169],[-3.7917,40.6171],[-3.7914,40.6175],[-3.7911,40.6179],[-3.7909,40.6181],[-3.7908,40.6182],[-3.7906,40.6183],[-3.7904,40.6184],[-3.7902,40.6185],[-3.7901,40.6186],[-3.79,40.6187],[-3.7899,40.6188],[-3.7898,40.619],[-3.7896,40.6191],[-3.7895,40.6192],[-3.7893,40.6193],[-3.7892,40.6194],[-3.789,40.6195],[-3.7889,40.6196],[-3.7887,40.6197],[-3.7885,40.6198],[-3.7884,40.6199],[-3.7883,40.6199],[-3.7882,40.62],[-3.7882,40.62],[-3.7881,40.62],[-3.788,40.62],[-3.7881,40.6202],[-3.7881,40.6203],[-3.7881,40.6205],[-3.7881,40.6207],[-3.788,40.6209],[-3.7879,40.6212],[-3.7878,40.6214],[-3.7876,40.6216],[-3.7875,40.6217],[-3.7873,40.6219],[-3.7872,40.622],[-3.7871,40.6221],[-3.7871,40.6222],[-3.787,40.6223],[-3.787,40.6224],[-3.7871,40.6225],[-3.7872,40.6226],[-3.7873,40.6227],[-3.7873,40.6228],[-3.7873,40.623],[-3.7873,40.6231],[-3.7873,40.6232],[-3.7873,40.6234],[-3.7872,40.6235],[-3.7873,40.6237],[-3.7873,40.6239],[-3.7873,40.6241],[-3.7873,40.6243],[-3.7872,40.6245],[-3.7871,40.6247],[-3.787,40.6249],[-3.7869,40.625],[-3.7868,40.6251],[-3.7869,40.6253],[-3.7866,40.6259],[-3.7862,40.6265],[-3.7862,40.6266],[-3.7859,40.6272],[-3.7856,40.6277],[-3.785,40.6283],[-3.7849,40.6284],[-3.7848,40.6287],[-3.7845,40.6291],[-3.784,40.6298],[-3.7832,40.6309],[-3.783,40.631],[-3.7825,40.6315],[-3.7822,40.6319],[-3.7815,40.6324],[-3.7808,40.633],[-3.7807,40.633],[-3.7806,40.6332],[-3.7806,40.6333],[-3.7804,40.6335],[-3.7804,40.6337],[-3.7803,40.6339],[-3.7802,40.6341],[-3.7801,40.6342],[-3.7801,40.6348],[-3.78,40.6351],[-3.7799,40.6353],[-3.7797,40.6356],[-3.7797,40.6358],[-3.7797,40.6358],[-3.7796,40.6361],[-3.7795,40.6366],[-3.7794,40.637],[-3.7793,40.6375],[-3.7793,40.6378],[-3.7793,40.6381],[-3.7793,40.6386],[-3.7794,40.639],[-3.7795,40.6393],[-3.7798,40.6396],[-3.7798,40.6398],[-3.7799,40.6398],[-3.78,40.64],[-3.7801,40.6401],[-3.7806,40.64],[-3.7811,40.6399],[-3.7813,40.6399],[-3.7815,40.6399],[-3.7817,40.6399],[-3.782,40.6399],[-3.7822,40.6399],[-3.7824,40.6399],[-3.7826,40.64],[-3.7828,40.64],[-3.783,40.64],[-3.7832,40.64],[-3.7834,40.64],[-3.7835,40.6401],[-3.7837,40.6401],[-3.7838,40.6401],[-3.784,40.6401],[-3.7842,40.6402],[-3.7843,40.6402],[-3.7845,40.6402],[-3.7846,40.6403],[-3.7848,40.6404],[-3.7849,40.6404],[-3.7851,40.6405],[-3.7852,40.6406],[-3.7853,40.6406],[-3.7855,40.6407],[-3.7856,40.6408],[-3.7858,40.641],[-3.7859,40.6411],[-3.7861,40.6413],[-3.7863,40.6415],[-3.7864,40.6417],[-3.7866,40.6419],[-3.7867,40.642],[-3.7868,40.6422],[-3.787,40.6424],[-3.7871,40.6426],[-3.7872,40.6429],[-3.7874,40.6431],[-3.7876,40.6434],[-3.7877,40.6436],[-3.7879,40.6439],[-3.7881,40.6441],[-3.7882,40.6442],[-3.7883,40.6444],[-3.7883,40.6445],[-3.7884,40.6446],[-3.7885,40.6447],[-3.7886,40.6448],[-3.7887,40.6448],[-3.7888,40.6448],[-3.7888,40.6449],[-3.7889,40.6449],[-3.7889,40.6449],[-3.789,40.6449],[-3.7893,40.645],[-3.7896,40.6451],[-3.7899,40.6452],[-3.7902,40.6453],[-3.7904,40.6454],[-3.7906,40.6455],[-3.7908,40.6455],[-3.7909,40.6456],[-3.7911,40.6457],[-3.7913,40.6458],[-3.7915,40.6459],[-3.7916,40.6461],[-3.7918,40.6462],[-3.7919,40.6463],[-3.7921,40.6465],[-3.7923,40.6466],[-3.7924,40.6468],[-3.7926,40.6469],[-3.7927,40.6471],[-3.7929,40.6473],[-3.793,40.6474],[-3.7931,40.6476],[-3.7933,40.6478],[-3.7934,40.648],[-3.7935,40.6483],[-3.7936,40.6485],[-3.7937,40.6488],[-3.7938,40.649],[-3.7939,40.6493],[-3.7942,40.6499],[-3.7944,40.6506],[-3.7946,40.6512],[-3.7949,40.6519],[-3.795,40.6522],[-3.7951,40.6525],[-3.7953,40.6528],[-3.7954,40.6531],[-3.7956,40.6534],[-3.7957,40.6537],[-3.7959,40.654],[-3.7961,40.6543],[-3.7964,40.6548],[-3.7967,40.6553],[-3.797,40.6557],[-3.7974,40.6562],[-3.7977,40.6566],[-3.7981,40.6571],[-3.7984,40.6575],[-3.7993,40.6587],[-3.8002,40.6599],[-3.8004,40.6602],[-3.8006,40.6604],[-3.8008,40.6607],[-3.8009,40.6609],[-3.8011,40.6611],[-3.8013,40.6613],[-3.8015,40.6615],[-3.8017,40.6617],[-3.8019,40.6619],[-3.8021,40.662],[-3.8023,40.6622],[-3.8026,40.6626],[-3.803,40.6629],[-3.8033,40.6633],[-3.8037,40.6636],[-3.804,40.664],[-3.8043,40.6642],[-3.8046,40.6644],[-3.8048,40.6646],[-3.8052,40.6648],[-3.8056,40.6649],[-3.8057,40.665],[-3.8058,40.6651],[-3.8059,40.6652],[-3.8059,40.6653],[-3.806,40.6654],[-3.806,40.6655],[-3.8061,40.6656],[-3.8061,40.6657],[-3.8061,40.6657],[-3.8061,40.6658],[-3.8061,40.6659],[-3.8061,40.666],[-3.8061,40.666],[-3.8061,40.6661],[-3.8061,40.6662],[-3.8062,40.6662],[-3.8062,40.6663],[-3.8063,40.6664],[-3.8063,40.6664],[-3.8064,40.6665],[-3.8065,40.6666],[-3.8066,40.6666],[-3.8067,40.6667],[-3.8068,40.6668],[-3.8069,40.6669],[-3.807,40.667],[-3.8071,40.6671],[-3.8072,40.6672],[-3.8073,40.6673],[-3.8074,40.6675],[-3.8074,40.6676],[-3.8075,40.6677],[-3.8075,40.6678],[-3.8076,40.668],[-3.8077,40.6681],[-3.8078,40.6683],[-3.8078,40.6684],[-3.8079,40.6686],[-3.8079,40.6688],[-3.8079,40.6689],[-3.808,40.6691],[-3.808,40.6692],[-3.808,40.6694],[-3.808,40.6695],[-3.808,40.6697],[-3.808,40.6699],[-3.808,40.67],[-3.8079,40.6702],[-3.8079,40.6703],[-3.8079,40.6705],[-3.8078,40.6707],[-3.8077,40.6709],[-3.8077,40.6711],[-3.8076,40.6713],[-3.8075,40.6715],[-3.8074,40.6717],[-3.8073,40.6719],[-3.8071,40.672],[-3.807,40.6722],[-3.8069,40.6724],[-3.8067,40.6726],[-3.8066,40.6728],[-3.8056,40.6741],[-3.8046,40.6754],[-3.8036,40.6768],[-3.8035,40.677],[-3.8034,40.6772],[-3.8033,40.6774],[-3.8032,40.6777],[-3.8031,40.6779],[-3.8031,40.6781],[-3.803,40.6783],[-3.8029,40.6785],[-3.8029,40.6788],[-3.8028,40.679],[-3.8028,40.6792],[-3.8028,40.6795],[-3.8028,40.6796],[-3.8028,40.6798],[-3.8028,40.68],[-3.8028,40.6802],[-3.8028,40.6804],[-3.8028,40.6806],[-3.8028,40.6808],[-3.8028,40.681],[-3.8029,40.6812],[-3.8029,40.6814],[-3.803,40.6815],[-3.8031,40.6817],[-3.8031,40.6819],[-3.8032,40.6821],[-3.8033,40.6823],[-3.8033,40.6825],[-3.8034,40.6827],[-3.8035,40.6829],[-3.8036,40.6831],[-3.8037,40.6833],[-3.8038,40.6835],[-3.8039,40.6837],[-3.8041,40.6839],[-3.8043,40.6842],[-3.8044,40.6844],[-3.8046,40.6846],[-3.8048,40.6848],[-3.8049,40.6851],[-3.8051,40.6853],[-3.8053,40.6855],[-3.8055,40.6857],[-3.8057,40.686],[-3.8059,40.6863],[-3.8062,40.6865],[-3.8064,40.6868],[-3.8066,40.6871],[-3.8069,40.6873],[-3.8071,40.6876],[-3.8074,40.6878],[-3.8076,40.6881],[-3.8079,40.6884],[-3.8081,40.6886],[-3.8083,40.6889],[-3.8085,40.6892],[-3.8087,40.6894],[-3.809,40.6897],[-3.8092,40.6899],[-3.8093,40.6901],[-3.8095,40.6903],[-3.8097,40.6905],[-3.8099,40.6907],[-3.8101,40.6909],[-3.8102,40.6912],[-3.8103,40.6913],[-3.8104,40.6915],[-3.8105,40.6916],[-3.8106,40.6918],[-3.8106,40.692],[-3.8107,40.6922],[-3.8108,40.6923],[-3.8108,40.6925],[-3.8108,40.6927],[-3.8109,40.6928],[-3.8109,40.693],[-3.8109,40.6932],[-3.8109,40.6934],[-3.8109,40.6936],[-3.8109,40.6937],[-3.8108,40.6943],[-3.8107,40.6948],[-3.8106,40.6954],[-3.8105,40.6959],[-3.8104,40.6964],[-3.8103,40.697],[-3.8101,40.6975],[-3.81,40.698],[-3.8099,40.6983],[-3.8099,40.6985],[-3.8098,40.6987],[-3.8097,40.6989],[-3.8097,40.6992],[-3.8096,40.6994],[-3.8095,40.6996],[-3.8094,40.6998],[-3.8093,40.7],[-3.8092,40.7002],[-3.809,40.7004],[-3.8089,40.7007],[-3.8088,40.7009],[-3.8086,40.7011],[-3.8083,40.7014],[-3.8081,40.7017],[-3.8078,40.702],[-3.8075,40.7023],[-3.8072,40.7026],[-3.8069,40.7029],[-3.8066,40.7032],[-3.8062,40.7035],[-3.8059,40.7038],[-3.8056,40.7041],[-3.8052,40.7044],[-3.805,40.7047],[-3.8048,40.7049],[-3.8045,40.7051],[-3.8043,40.7054],[-3.804,40.7056],[-3.8037,40.7058],[-3.8035,40.706],[-3.8032,40.7062],[-3.8029,40.7064],[-3.8026,40.7067],[-3.8023,40.7069],[-3.802,40.707],[-3.8017,40.7072],[-3.8014,40.7074],[-3.801,40.7077],[-3.8005,40.7079],[-3.8001,40.7081],[-3.7997,40.7084],[-3.7992,40.7086],[-3.7988,40.7088],[-3.7983,40.709],[-3.7979,40.7092],[-3.7976,40.7094],[-3.7972,40.7096],[-3.7969,40.7098],[-3.7966,40.7099],[-3.7963,40.7101],[-3.7961,40.7103],[-3.796,40.7105],[-3.7958,40.7106],[-3.7957,40.7108],[-3.7956,40.711],[-3.7954,40.7112],[-3.7953,40.7114],[-3.7952,40.7116],[-3.7951,40.7117],[-3.795,40.7119],[-3.7949,40.7121],[-3.7948,40.7122],[-3.7948,40.7124],[-3.7947,40.7125],[-3.7947,40.7127],[-3.7946,40.7129],[-3.7945,40.7132],[-3.7945,40.7136],[-3.7944,40.7139],[-3.7943,40.7143],[-3.7942,40.7147],[-3.7941,40.715],[-3.794,40.7154],[-3.7938,40.7158],[-3.7938,40.7159]]]},"geometry_name":"GEOMETRY1","properties":{"CD_TIPO_ZONA":"B2","DS_TIPO_ZONA":"B2: Parque Comarcal Agropecuario Productor.","NM_AREA_M":null,"NM_AREA_HA":null}},{"type":"Feature","id":"IDEM_MA_PR_CA_MANZANARES.33","geometry":{"type":"Polygon","coordinates":[[[-3.9798,40.7845],[-3.9798,40.7845],[-3.9804,40.7847],[-3.9807,40.7848],[-3.9814,40.785],[-3.9829,40.7855],[-3.9843,40.7859],[-3.9855,40.7858],[-3.9871,40.7857],[-3.9878,40.7856],[-3.9879,40.7856],[-3.9882,40.7856],[-3.9886,40.7856],[-3.9898,40.7855],[-3.9901,40.7855],[-3.9902,40.7855],[-3.9903,40.7854],[-3.9905,40.7852],[-3.9907,40.7851],[-3.9912,40.7848],[-3.9912,40.7848],[-3.9913,40.7846],[-3.9917,40.7843],[-3.9918,40.7843],[-3.9922,40.784],[-3.9925,40.7837],[-3.993,40.7834],[-3.9934,40.7828],[-3.9933,40.7828],[-3.9931,40.7829],[-3.9929,40.783],[-3.9929,40.7833],[-3.9928,40.7833],[-3.9924,40.7832],[-3.9921,40.7833],[-3.9918,40.7833],[-3.9914,40.7833],[-3.9912,40.7833],[-3.991,40.7834],[-3.9908,40.7835],[-3.9907,40.7836],[-3.9906,40.7836],[-3.9903,40.7838],[-3.9903,40.7839],[-3.9904,40.7839],[-3.9905,40.7839],[-3.9907,40.7839],[-3.9909,40.7839],[-3.991,40.784],[-3.9912,40.7841],[-3.9914,40.7841],[-3.9914,40.7842],[-3.9913,40.7842],[-3.9909,40.7842],[-3.9906,40.7842],[-3.9905,40.7843],[-3.9905,40.7843],[-3.9903,40.7843],[-3.9903,40.7843],[-3.9899,40.7842],[-3.9875,40.7844],[-3.9855,40.7845],[-3.9846,40.7845],[-3.9842,40.7844],[-3.9824,40.7839],[-3.9818,40.7837],[-3.9818,40.7837],[-3.9817,40.7837],[-3.9811,40.7835],[-3.9789,40.7828],[-3.9787,40.7829],[-3.9786,40.783],[-3.9786,40.783],[-3.9784,40.7834],[-3.9779,40.7843],[-3.9785,40.7844],[-3.9792,40.7844],[-3.9798,40.7845]]]},"geometry_name":"GEOMETRY1","properties":{"CD_TIPO_ZONA":"A1","DS_TIPO_ZONA":"A1: Reserva Natural Integral.","NM_AREA_M":null,"NM_AREA_HA":null}},{"type":"Feature","id":"IDEM_MA_PR_CA_MANZANARES.25","geometry":{"type":"Polygon","coordinates":[[[-3.8792,40.73],[-3.8794,40.7301],[-3.8796,40.7301],[-3.8797,40.7302],[-3.8801,40.7306],[-3.8802,40.7306],[-3.8803,40.7307],[-3.8803,40.7307],[-3.8803,40.7307],[-3.8808,40.7309],[-3.8811,40.7309],[-3.8811,40.7308],[-3.881,40.7306],[-3.8809,40.7304],[-3.8808,40.7302],[-3.8806,40.7298],[-3.8804,40.7298],[-3.8804,40.7297],[-3.8804,40.7296],[-3.8804,40.7295],[-3.8804,40.7294],[-3.8804,40.7293],[-3.8804,40.7291],[-3.8804,40.729],[-3.8804,40.7287],[-3.8803,40.7285],[-3.8803,40.7284],[-3.8802,40.7283],[-3.8802,40.7282],[-3.8802,40.7282],[-3.8801,40.7281],[-3.8801,40.728],[-3.88,40.7279],[-3.88,40.7277],[-3.88,40.7276],[-3.88,40.7275],[-3.88,40.7273],[-3.88,40.7271],[-3.88,40.727],[-3.8799,40.7268],[-3.8798,40.7265],[-3.8786,40.7265],[-3.8778,40.7265],[-3.877,40.7265],[-3.8768,40.7265],[-3.8766,40.7265],[-3.8765,40.7265],[-3.8765,40.7264],[-3.8765,40.7263],[-3.8764,40.7262],[-3.8764,40.7262],[-3.8764,40.726],[-3.8764,40.7257],[-3.8764,40.7254],[-3.8764,40.7252],[-3.8764,40.7251],[-3.8764,40.725],[-3.8764,40.7249],[-3.8764,40.7248],[-3.8764,40.7247],[-3.8764,40.7246],[-3.8763,40.7245],[-3.8763,40.7245],[-3.8762,40.7244],[-3.8762,40.7244],[-3.8761,40.7244],[-3.876,40.7244],[-3.8757,40.7244],[-3.8754,40.7244],[-3.8752,40.7243],[-3.875,40.7243],[-3.8748,40.7242],[-3.8747,40.7242],[-3.8746,40.7242],[-3.8745,40.7243],[-3.8744,40.7243],[-3.8743,40.7243],[-3.8741,40.7243],[-3.874,40.7243],[-3.8739,40.7243],[-3.8737,40.7243],[-3.8735,40.7243],[-3.8731,40.7244],[-3.8727,40.7245],[-3.8726,40.7245],[-3.8724,40.7246],[-3.8721,40.7247],[-3.8717,40.7248],[-3.8711,40.7249],[-3.8709,40.725],[-3.8708,40.7251],[-3.8705,40.7252],[-3.8704,40.7253],[-3.8704,40.7255],[-3.8704,40.7256],[-3.8704,40.7257],[-3.8704,40.7258],[-3.8705,40.7259],[-3.8705,40.726],[-3.8705,40.7262],[-3.8706,40.7262],[-3.8707,40.7262],[-3.8708,40.7263],[-3.8709,40.7264],[-3.871,40.7265],[-3.8711,40.7266],[-3.8711,40.7266],[-3.8712,40.7267],[-3.8713,40.7268],[-3.8715,40.7269],[-3.8716,40.727],[-3.8718,40.7271],[-3.8719,40.7271],[-3.8721,40.7272],[-3.8723,40.7273],[-3.8724,40.7274],[-3.8725,40.7275],[-3.8726,40.7277],[-3.8727,40.7277],[-3.8727,40.7277],[-3.8728,40.7277],[-3.8729,40.7277],[-3.873,40.7277],[-3.8731,40.7278],[-3.8731,40.7279],[-3.8732,40.7279],[-3.8732,40.728],[-3.8733,40.728],[-3.8734,40.7281],[-3.8734,40.7281],[-3.8735,40.7282],[-3.8736,40.7282],[-3.8737,40.7283],[-3.8739,40.7285],[-3.8742,40.7286],[-3.8744,40.7287],[-3.8746,40.7287],[-3.8749,40.7289],[-3.8752,40.729],[-3.8753,40.7291],[-3.8755,40.7292],[-3.8756,40.7293],[-3.8756,40.7293],[-3.8758,40.7295],[-3.8759,40.7296],[-3.8761,40.7297],[-3.8761,40.7297],[-3.8762,40.7296],[-3.8764,40.7295],[-3.8764,40.7295],[-3.8765,40.7294],[-3.8767,40.7294],[-3.8769,40.7294],[-3.877,40.7294],[-3.8771,40.7295],[-3.8773,40.7295],[-3.8774,40.7296],[-3.8775,40.7296],[-3.8776,40.7297],[-3.8777,40.7298],[-3.8778,40.7299],[-3.878,40.73],[-3.8782,40.7302],[-3.8783,40.7302],[-3.8784,40.7302],[-3.8785,40.7301],[-3.8787,40.73],[-3.8788,40.73],[-3.8788,40.73],[-3.879,40.73],[-3.8792,40.73]]]},"geometry_name":"GEOMETRY1","properties":{"CD_TIPO_ZONA":"P","DS_TIPO_ZONA":"P: Áreas a ordenar por Planeamiento Urbanistico.","NM_AREA_M":null,"NM_AREA_HA":null}},{"type":"Feature","id":"IDEM_MA_PR_CA_MANZANARES.42","geometry":{"type":"Polygon","coordinates":[[[-3.8394,40.7894],[-3.8393,40.7894],[-3.8393,40.7894],[-3.8394,40.7896],[-3.8394,40.7898],[-3.8395,40.79],[-3.8395,40.7901],[-3.8396,40.7905],[-3.8397,40.791],[-3.8398,40.7915],[-3.8398,40.7916],[-3.8399,40.7916],[-3.8399,40.7917],[-3.8398,40.7919],[-3.8397,40.792],[-3.8397,40.7921],[-3.8397,40.7922],[-3.8397,40.7923],[-3.8397,40.7924],[-3.8398,40.7924],[-3.8399,40.7926],[-3.8399,40.7927],[-3.8399,40.793],[-3.8399,40.7933],[-3.8398,40.7934],[-3.8398,40.7935],[-3.8398,40.7936],[-3.8398,40.7937],[-3.8398,40.7938],[-3.8398,40.794],[-3.8399,40.7941],[-3.8401,40.7941],[-3.8403,40.7941],[-3.8402,40.7938],[-3.8401,40.7937],[-3.8401,40.7936],[-3.8401,40.7933],[-3.8402,40.7933],[-3.8402,40.7931],[-3.8402,40.793],[-3.8403,40.793],[-3.8403,40.7928],[-3.8402,40.7927],[-3.84,40.7925],[-3.8399,40.7923],[-3.8399,40.7922],[-3.84,40.7921],[-3.84,40.7919],[-3.84,40.7918],[-3.84,40.7917],[-3.84,40.7916],[-3.8401,40.7915],[-3.8401,40.7914],[-3.8401,40.7912],[-3.84,40.7911],[-3.8398,40.7907],[-3.8397,40.7902],[-3.8396,40.7901],[-3.8395,40.7899],[-3.8395,40.7898],[-3.8394,40.7897],[-3.8394,40.7895],[-3.8394,40.7894],[-3.8394,40.7894]]]},"geometry_name":"GEOMETRY1","properties":{"CD_TIPO_ZONA":"A2","DS_TIPO_ZONA":"A2: Reserva Natural Educativa.","NM_AREA_M":null,"NM_AREA_HA":null}},{"type":"Feature","id":"IDEM_MA_PR_CA_MANZANARES.43","geometry":{"type":"Polygon","coordinates":[[[-3.8375,40.7942],[-3.838,40.7945],[-3.8385,40.7948],[-3.8386,40.7948],[-3.8385,40.7948],[-3.8383,40.7947],[-3.8381,40.7945],[-3.8379,40.7944],[-3.8377,40.7943],[-3.8375,40.7942]]]},"geometry_name":"GEOMETRY1","properties":{"CD_TIPO_ZONA":"A2","DS_TIPO_ZONA":"A2: Reserva Natural Educativa.","NM_AREA_M":null,"NM_AREA_HA":null}},{"type":"Feature","id":"IDEM_MA_PR_CA_MANZANARES.44","geometry":{"type":"Polygon","coordinates":[[[-3.7988,40.8492],[-3.7988,40.8494],[-3.7989,40.8494],[-3.7992,40.8495],[-3.7994,40.8495],[-3.7997,40.8495],[-3.7998,40.8494],[-3.8001,40.8492],[-3.8001,40.8492],[-3.8002,40.8491],[-3.8005,40.8489],[-3.8005,40.8489],[-3.8007,40.8488],[-3.8009,40.8486],[-3.8009,40.8486],[-3.8012,40.8484],[-3.8014,40.8482],[-3.8016,40.8482],[-3.8018,40.848],[-3.802,40.848],[-3.8021,40.848],[-3.8024,40.848],[-3.8028,40.8482],[-3.8029,40.8482],[-3.8031,40.8483],[-3.8031,40.8483],[-3.8031,40.8484],[-3.8032,40.8484],[-3.8034,40.8487],[-3.8035,40.8487],[-3.8037,40.8488],[-3.8041,40.8488],[-3.8043,40.8488],[-3.8046,40.8488],[-3.8047,40.8488],[-3.8049,40.8489],[-3.8052,40.849],[-3.8055,40.849],[-3.8056,40.849],[-3.8058,40.849],[-3.8059,40.849],[-3.8059,40.849],[-3.806,40.849],[-3.8061,40.849],[-3.8062,40.8489],[-3.8063,40.8489],[-3.8064,40.8489],[-3.8065,40.8489],[-3.8067,40.8488],[-3.8069,40.8487],[-3.807,40.8486],[-3.8071,40.8486],[-3.8072,40.8486],[-3.8074,40.8485],[-3.8074,40.8484],[-3.8077,40.8482],[-3.8078,40.8482],[-3.8079,40.8482],[-3.808,40.8482],[-3.8083,40.8481],[-3.8083,40.8481],[-3.8083,40.848],[-3.8084,40.848],[-3.8086,40.8479],[-3.8086,40.8479],[-3.8087,40.8477],[-3.8088,40.8476],[-3.8089,40.8475],[-3.809,40.8474],[-3.809,40.8473],[-3.809,40.8473],[-3.8091,40.8473],[-3.8091,40.8473],[-3.8092,40.8472],[-3.8092,40.8472],[-3.8094,40.847],[-3.8095,40.847],[-3.8098,40.8468],[-3.8099,40.8467],[-3.81,40.8467],[-3.8102,40.8465],[-3.8103,40.8465],[-3.8105,40.8464],[-3.8108,40.8461],[-3.8108,40.8461],[-3.8111,40.8459],[-3.8114,40.8457],[-3.8115,40.8457],[-3.8117,40.8456],[-3.8117,40.8455],[-3.8119,40.8454],[-3.812,40.8453],[-3.8123,40.8451],[-3.8125,40.8449],[-3.8127,40.8447],[-3.8128,40.8445],[-3.8128,40.8444],[-3.8129,40.8444],[-3.813,40.8443],[-3.8133,40.844],[-3.8133,40.844],[-3.8133,40.844],[-3.8135,40.8438],[-3.8137,40.8436],[-3.8138,40.8435],[-3.8139,40.8434],[-3.8142,40.8432],[-3.8143,40.8431],[-3.8144,40.8429],[-3.8146,40.8427],[-3.8147,40.8426],[-3.8147,40.8425],[-3.815,40.8422],[-3.815,40.8422],[-3.8154,40.8419],[-3.8154,40.8414],[-3.8154,40.841],[-3.8157,40.8409],[-3.8159,40.8408],[-3.8159,40.8406],[-3.816,40.8405],[-3.816,40.8405],[-3.816,40.8405],[-3.816,40.8398],[-3.8166,40.8392],[-3.8168,40.8383],[-3.8176,40.8375],[-3.8192,40.8368],[-3.8193,40.8367],[-3.8193,40.8364],[-3.8195,40.8358],[-3.8196,40.8356],[-3.8201,40.8352],[-3.8207,40.8348],[-3.821,40.8347],[-3.8212,40.8342],[-3.822,40.8341],[-3.8225,40.8339],[-3.823,40.8339],[-3.8235,40.8339],[-3.8239,40.8336],[-3.8247,40.8336],[-3.8259,40.8335],[-3.8264,40.8333],[-3.8267,40.8333],[-3.8267,40.8333],[-3.8268,40.8333],[-3.827,40.8333],[-3.8271,40.8332],[-3.8272,40.8332],[-3.8275,40.8332],[-3.8276,40.8331],[-3.8277,40.833],[-3.8279,40.8328],[-3.8279,40.8327],[-3.8282,40.8326],[-3.8282,40.8326],[-3.8284,40.8324],[-3.8285,40.8324],[-3.8287,40.8322],[-3.8288,40.8321],[-3.8289,40.832],[-3.8289,40.832],[-3.829,40.8319],[-3.8291,40.8319],[-3.8291,40.8318],[-3.8292,40.8317],[-3.8294,40.8316],[-3.8296,40.8315],[-3.8296,40.8315],[-3.8298,40.8314],[-3.8298,40.8313],[-3.8299,40.8313],[-3.8301,40.8311],[-3.8302,40.831],[-3.8302,40.831],[-3.8302,40.831],[-3.8309,40.8297],[-3.8313,40.829],[-3.8314,40.8288],[-3.8314,40.8288],[-3.8315,40.8284],[-3.8315,40.828],[-3.8312,40.828],[-3.8302,40.8279],[-3.8299,40.8278],[-3.8287,40.8276],[-3.8277,40.8272],[-3.8267,40.8266],[-3.8265,40.8263],[-3.8259,40.826],[-3.8251,40.8256],[-3.8072,40.8143],[-3.8072,40.8143],[-3.807,40.8139],[-3.8068,40.8135],[-3.8069,40.8129],[-3.8069,40.8124],[-3.8074,40.8111],[-3.8071,40.8107],[-3.8066,40.8103],[-3.8065,40.81],[-3.8067,40.8094],[-3.8066,40.8081],[-3.8069,40.8079],[-3.807,40.8072],[-3.807,40.8071],[-3.8065,40.8049],[-3.8058,40.8032],[-3.805,40.8029],[-3.8043,40.8012],[-3.8047,40.8011],[-3.8095,40.8027],[-3.8099,40.8019],[-3.8104,40.8013],[-3.811,40.801],[-3.8115,40.8006],[-3.8128,40.8001],[-3.8143,40.7998],[-3.8145,40.8],[-3.815,40.8003],[-3.8155,40.8006],[-3.816,40.801],[-3.8165,40.8014],[-3.8166,40.8014],[-3.8168,40.8017],[-3.8174,40.8024],[-3.8177,40.8026],[-3.818,40.8028],[-3.8182,40.8029],[-3.8184,40.803],[-3.82,40.8035],[-3.8204,40.8036],[-3.8208,40.8038],[-3.8202,40.8033],[-3.819,40.8025],[-3.8187,40.8018],[-3.8186,40.801],[-3.8188,40.7999],[-3.819,40.7993],[-3.8191,40.7992],[-3.8192,40.7991],[-3.8198,40.799],[-3.8205,40.7989],[-3.8209,40.7992],[-3.8216,40.7995],[-3.8221,40.7998],[-3.8223,40.7999],[-3.8225,40.8004],[-3.8235,40.8012],[-3.8252,40.8018],[-3.8258,40.8017],[-3.8252,40.8004],[-3.8251,40.7992],[-3.8273,40.7981],[-3.8348,40.7989],[-3.8346,40.7985],[-3.834,40.7977],[-3.8328,40.7962],[-3.8323,40.7955],[-3.8315,40.7946],[-3.8309,40.7939],[-3.8302,40.7931],[-3.8302,40.7914],[-3.8302,40.7904],[-3.8302,40.7904],[-3.8301,40.7904],[-3.8301,40.7904],[-3.8301,40.7905],[-3.8299,40.7904],[-3.8296,40.7903],[-3.8294,40.7905],[-3.8292,40.7906],[-3.829,40.7907],[-3.8288,40.7907],[-3.8286,40.7908],[-3.8284,40.7908],[-3.8283,40.7909],[-3.8281,40.791],[-3.828,40.791],[-3.8278,40.7911],[-3.8278,40.7912],[-3.8278,40.7913],[-3.8277,40.7914],[-3.8276,40.7914],[-3.8275,40.7914],[-3.8272,40.7916],[-3.8269,40.7917],[-3.8267,40.7918],[-3.8266,40.7918],[-3.8265,40.7919],[-3.8265,40.792],[-3.8264,40.7921],[-3.8263,40.7922],[-3.8262,40.7923],[-3.8261,40.7923],[-3.826,40.7924],[-3.8259,40.7924],[-3.8255,40.7923],[-3.8251,40.7922],[-3.8249,40.7923],[-3.8248,40.7923],[-3.8247,40.7923],[-3.8241,40.7922],[-3.8236,40.792],[-3.8235,40.792],[-3.8234,40.792],[-3.8233,40.792],[-3.8232,40.7919],[-3.8231,40.7918],[-3.823,40.7916],[-3.8228,40.7917],[-3.8227,40.7917],[-3.8223,40.7917],[-3.8219,40.7917],[-3.8214,40.7916],[-3.821,40.7915],[-3.8205,40.7914],[-3.8201,40.7914],[-3.8197,40.7915],[-3.8193,40.7915],[-3.8191,40.7914],[-3.8189,40.7914],[-3.8187,40.7914],[-3.8184,40.7913],[-3.818,40.7912],[-3.8177,40.791],[-3.8177,40.7909],[-3.8176,40.7908],[-3.8176,40.7907],[-3.8175,40.7906],[-3.8173,40.7905],[-3.8171,40.7904],[-3.817,40.7905],[-3.8169,40.7906],[-3.8168,40.7907],[-3.8166,40.7907],[-3.8165,40.7907],[-3.8163,40.7908],[-3.8161,40.7908],[-3.8159,40.7907],[-3.8157,40.7907],[-3.8154,40.7907],[-3.8151,40.7907],[-3.8149,40.7907],[-3.8148,40.7907],[-3.8145,40.7906],[-3.8142,40.7906],[-3.8138,40.7905],[-3.8134,40.7905],[-3.8127,40.7902],[-3.812,40.7899],[-3.8118,40.7898],[-3.8115,40.7897],[-3.8113,40.7896],[-3.811,40.7896],[-3.8106,40.7895],[-3.8103,40.7894],[-3.8099,40.7894],[-3.8096,40.7894],[-3.8093,40.7893],[-3.809,40.7893],[-3.8087,40.7893],[-3.8084,40.7894],[-3.8081,40.7894],[-3.8077,40.7895],[-3.8067,40.7896],[-3.8056,40.7897],[-3.8053,40.7897],[-3.8048,40.7899],[-3.8044,40.79],[-3.8039,40.79],[-3.8035,40.7902],[-3.803,40.7903],[-3.8026,40.7904],[-3.8024,40.7904],[-3.8023,40.7905],[-3.8021,40.7905],[-3.802,40.7905],[-3.802,40.7905],[-3.8022,40.7906],[-3.8024,40.7907],[-3.8025,40.7908],[-3.8027,40.7909],[-3.8028,40.7911],[-3.8029,40.7912],[-3.803,40.7914],[-3.803,40.7914],[-3.803,40.7914],[-3.803,40.7914],[-3.803,40.7915],[-3.8029,40.7914],[-3.8029,40.7914],[-3.8028,40.7913],[-3.8027,40.7913],[-3.8026,40.7913],[-3.8025,40.7913],[-3.8024,40.7914],[-3.8023,40.7915],[-3.8023,40.7917],[-3.8022,40.7917],[-3.8022,40.7917],[-3.802,40.7919],[-3.8019,40.7921],[-3.8019,40.7922],[-3.8019,40.7923],[-3.8019,40.7924],[-3.8019,40.7924],[-3.8019,40.7925],[-3.8019,40.7925],[-3.802,40.7925],[-3.802,40.7926],[-3.8021,40.7926],[-3.8021,40.7926],[-3.8021,40.7926],[-3.8021,40.7927],[-3.802,40.7927],[-3.802,40.7927],[-3.8019,40.7927],[-3.8019,40.7926],[-3.8018,40.7926],[-3.8016,40.7925],[-3.8015,40.7925],[-3.8014,40.7924],[-3.8012,40.7923],[-3.801,40.7923],[-3.8008,40.7922],[-3.8006,40.7922],[-3.8004,40.7922],[-3.8002,40.7922],[-3.8,40.7922],[-3.7999,40.7923],[-3.7997,40.7923],[-3.7996,40.7924],[-3.7994,40.7925],[-3.7991,40.7926],[-3.7989,40.7927],[-3.7987,40.7929],[-3.7986,40.793],[-3.7984,40.7931],[-3.7982,40.7932],[-3.798,40.7933],[-3.7977,40.7933],[-3.7976,40.7933],[-3.7974,40.7934],[-3.7973,40.7934],[-3.7973,40.7934],[-3.7972,40.7934],[-3.7971,40.7933],[-3.7971,40.7933],[-3.797,40.7933],[-3.7969,40.7933],[-3.7969,40.7933],[-3.797,40.7934],[-3.797,40.7935],[-3.797,40.7936],[-3.797,40.7936],[-3.7972,40.7939],[-3.7973,40.7942],[-3.7974,40.7943],[-3.7974,40.7945],[-3.7974,40.7946],[-3.7975,40.7948],[-3.7976,40.7949],[-3.7977,40.7951],[-3.7977,40.7952],[-3.7977,40.7954],[-3.7977,40.7956],[-3.7976,40.796],[-3.7976,40.7963],[-3.7976,40.7967],[-3.7976,40.7969],[-3.7977,40.797],[-3.7977,40.7972],[-3.7978,40.7973],[-3.7979,40.7974],[-3.7981,40.7977],[-3.7982,40.798],[-3.7983,40.7983],[-3.7984,40.7986],[-3.7985,40.7987],[-3.7986,40.7988],[-3.7986,40.7991],[-3.7986,40.7994],[-3.7986,40.7998],[-3.7986,40.8001],[-3.7985,40.8003],[-3.7984,40.8005],[-3.7984,40.8008],[-3.7982,40.8009],[-3.7981,40.8011],[-3.798,40.8012],[-3.7979,40.8012],[-3.7978,40.8013],[-3.7977,40.8013],[-3.7976,40.8013],[-3.7974,40.8013],[-3.7973,40.8014],[-3.7968,40.8015],[-3.7963,40.8016],[-3.7961,40.8016],[-3.7959,40.8016],[-3.7958,40.8015],[-3.7956,40.8015],[-3.7953,40.8015],[-3.795,40.8015],[-3.7947,40.8015],[-3.7944,40.8015],[-3.7942,40.8015],[-3.794,40.8016],[-3.7939,40.8016],[-3.794,40.8015],[-3.7942,40.8013],[-3.7943,40.8012],[-3.7944,40.8011],[-3.7945,40.8011],[-3.7946,40.801],[-3.7948,40.8009],[-3.7949,40.8009],[-3.7951,40.8007],[-3.7952,40.8006],[-3.7953,40.8005],[-3.7953,40.8004],[-3.7954,40.8002],[-3.7954,40.8001],[-3.7954,40.8],[-3.7954,40.7999],[-3.7955,40.7999],[-3.7955,40.7998],[-3.7961,40.799],[-3.7967,40.7982],[-3.7962,40.798],[-3.7956,40.7979],[-3.7955,40.7978],[-3.7955,40.7977],[-3.7955,40.7976],[-3.7956,40.7974],[-3.7956,40.7973],[-3.7956,40.7972],[-3.7957,40.7971],[-3.7957,40.7971],[-3.7958,40.797],[-3.7959,40.797],[-3.7959,40.7969],[-3.796,40.7969],[-3.796,40.7968],[-3.796,40.7966],[-3.7961,40.7963],[-3.7962,40.7962],[-3.7967,40.7961],[-3.7972,40.796],[-3.7972,40.7959],[-3.7971,40.7956],[-3.7971,40.7952],[-3.797,40.7949],[-3.7967,40.7949],[-3.7964,40.795],[-3.7962,40.7949],[-3.7959,40.7949],[-3.7958,40.7948],[-3.7957,40.7946],[-3.7957,40.7945],[-3.7956,40.7943],[-3.7956,40.7942],[-3.7956,40.7941],[-3.7956,40.794],[-3.7956,40.7939],[-3.7956,40.7938],[-3.7957,40.7935],[-3.7959,40.7932],[-3.7961,40.7932],[-3.7963,40.7932],[-3.7964,40.7932],[-3.7964,40.7932],[-3.7965,40.7931],[-3.7965,40.7931],[-3.7962,40.7926],[-3.7959,40.7922],[-3.7957,40.7921],[-3.7955,40.7921],[-3.7955,40.7921],[-3.7954,40.7921],[-3.7953,40.7921],[-3.7952,40.7921],[-3.7951,40.792],[-3.7947,40.7917],[-3.7941,40.7912],[-3.7934,40.7907],[-3.7933,40.7907],[-3.7933,40.7906],[-3.7932,40.7905],[-3.7942,40.7902],[-3.7941,40.79],[-3.794,40.7898],[-3.7939,40.7896],[-3.7939,40.7894],[-3.7936,40.7895],[-3.7934,40.7896],[-3.7931,40.7896],[-3.7926,40.7898],[-3.7921,40.7899],[-3.7917,40.7901],[-3.791,40.7904],[-3.7903,40.7906],[-3.79,40.7907],[-3.7897,40.7908],[-3.7894,40.7909],[-3.7892,40.7909],[-3.789,40.791],[-3.7881,40.7914],[-3.7872,40.7917],[-3.787,40.7918],[-3.7868,40.792],[-3.7866,40.7921],[-3.7864,40.7921],[-3.7861,40.7922],[-3.7855,40.7923],[-3.7849,40.7925],[-3.7848,40.7926],[-3.7847,40.7926],[-3.7847,40.7927],[-3.7847,40.7928],[-3.7847,40.7928],[-3.7846,40.7929],[-3.7844,40.7929],[-3.7843,40.793],[-3.7842,40.793],[-3.7842,40.793],[-3.7841,40.7931],[-3.7841,40.7932],[-3.784,40.7933],[-3.784,40.7933],[-3.784,40.7934],[-3.7837,40.7937],[-3.7834,40.794],[-3.783,40.7943],[-3.7827,40.7945],[-3.7822,40.7947],[-3.7818,40.7949],[-3.7817,40.7951],[-3.7815,40.7952],[-3.7814,40.7954],[-3.7811,40.7958],[-3.7808,40.796],[-3.7805,40.7962],[-3.7803,40.7964],[-3.78,40.7967],[-3.7798,40.7971],[-3.7795,40.7974],[-3.7791,40.7977],[-3.7785,40.7983],[-3.7779,40.7988],[-3.7776,40.799],[-3.7773,40.7992],[-3.777,40.7994],[-3.7767,40.7996],[-3.7763,40.7998],[-3.7759,40.8],[-3.7755,40.8001],[-3.7752,40.8002],[-3.7752,40.8002],[-3.7752,40.8003],[-3.7752,40.8005],[-3.7752,40.8006],[-3.7752,40.8008],[-3.7752,40.8013],[-3.7752,40.8016],[-3.7752,40.8017],[-3.7752,40.8017],[-3.7752,40.8018],[-3.7753,40.8019],[-3.7753,40.802],[-3.7754,40.8022],[-3.7755,40.8024],[-3.7755,40.8024],[-3.7756,40.8028],[-3.7757,40.8028],[-3.7763,40.803],[-3.777,40.8032],[-3.7772,40.8033],[-3.7774,40.8034],[-3.7778,40.8035],[-3.778,40.8036],[-3.7781,40.8036],[-3.7782,40.8037],[-3.7783,40.8038],[-3.7785,40.804],[-3.7787,40.8041],[-3.7788,40.8042],[-3.779,40.8043],[-3.779,40.8044],[-3.7792,40.8046],[-3.7794,40.8047],[-3.7796,40.8049],[-3.7797,40.8049],[-3.7799,40.8051],[-3.78,40.8052],[-3.7802,40.8052],[-3.7802,40.8053],[-3.7803,40.8053],[-3.7803,40.8054],[-3.7803,40.8054],[-3.7803,40.8055],[-3.7802,40.8056],[-3.7798,40.8057],[-3.7794,40.8058],[-3.7795,40.8059],[-3.7796,40.8061],[-3.7796,40.8063],[-3.7799,40.8066],[-3.7796,40.8066],[-3.7797,40.8068],[-3.7798,40.807],[-3.7792,40.8072],[-3.7793,40.8075],[-3.7793,40.8075],[-3.7793,40.8075],[-3.7795,40.8074],[-3.7797,40.8074],[-3.78,40.8072],[-3.7803,40.8071],[-3.7804,40.807],[-3.7806,40.8069],[-3.7809,40.8068],[-3.7813,40.8066],[-3.7817,40.8065],[-3.7819,40.8065],[-3.7822,40.8064],[-3.7823,40.8064],[-3.7825,40.8063],[-3.7825,40.8063],[-3.7826,40.8063],[-3.7828,40.8063],[-3.7829,40.8063],[-3.783,40.8063],[-3.7831,40.8063],[-3.7833,40.8064],[-3.7834,40.8064],[-3.7835,40.8064],[-3.7838,40.8064],[-3.7839,40.8065],[-3.784,40.8065],[-3.7841,40.8065],[-3.7842,40.8066],[-3.7843,40.8066],[-3.7844,40.8065],[-3.7846,40.8066],[-3.7848,40.8066],[-3.7849,40.8066],[-3.7852,40.8066],[-3.7852,40.8068],[-3.7851,40.8072],[-3.7851,40.8073],[-3.785,40.8079],[-3.785,40.8082],[-3.7849,40.8082],[-3.7848,40.8088],[-3.7847,40.809],[-3.7847,40.8091],[-3.7845,40.8093],[-3.7842,40.8095],[-3.784,40.8096],[-3.7837,40.8099],[-3.7834,40.8101],[-3.7831,40.8103],[-3.7828,40.8104],[-3.7824,40.8104],[-3.7823,40.8105],[-3.782,40.8106],[-3.7815,40.8111],[-3.7815,40.8111],[-3.7817,40.8115],[-3.7819,40.8117],[-3.7821,40.8119],[-3.7822,40.8129],[-3.7823,40.813],[-3.7827,40.8133],[-3.7829,40.8135],[-3.7832,40.8138],[-3.7835,40.8142],[-3.7836,40.8144],[-3.7838,40.8145],[-3.784,40.8146],[-3.7844,40.815],[-3.7848,40.8153],[-3.7851,40.8155],[-3.7856,40.8157],[-3.7861,40.8159],[-3.7865,40.8161],[-3.7868,40.8163],[-3.788,40.8167],[-3.7892,40.8172],[-3.7892,40.8172],[-3.7897,40.8174],[-3.7899,40.8174],[-3.7901,40.8175],[-3.7904,40.8176],[-3.7918,40.8183],[-3.7929,40.8188],[-3.7937,40.819],[-3.7947,40.8193],[-3.7951,40.8194],[-3.7956,40.8195],[-3.796,40.8196],[-3.7965,40.8199],[-3.7972,40.8202],[-3.7979,40.8206],[-3.7983,40.8209],[-3.7983,40.8209],[-3.7985,40.8213],[-3.7987,40.8215],[-3.7987,40.8218],[-3.7988,40.822],[-3.7989,40.822],[-3.799,40.8221],[-3.7991,40.8223],[-3.7993,40.8224],[-3.7998,40.8225],[-3.7999,40.8226],[-3.7999,40.8226],[-3.7993,40.8229],[-3.7991,40.8231],[-3.7991,40.8231],[-3.799,40.8234],[-3.7991,40.8236],[-3.7992,40.8239],[-3.7992,40.8241],[-3.7992,40.8241],[-3.7991,40.8243],[-3.7991,40.8243],[-3.7993,40.8244],[-3.7994,40.8246],[-3.7995,40.8248],[-3.7995,40.8248],[-3.7994,40.8249],[-3.7992,40.8248],[-3.7986,40.8248],[-3.7984,40.8249],[-3.7984,40.8249],[-3.7985,40.825],[-3.7987,40.8253],[-3.7988,40.8254],[-3.7987,40.8257],[-3.7987,40.8257],[-3.7983,40.8257],[-3.7974,40.8256],[-3.7967,40.8254],[-3.7961,40.825],[-3.7956,40.8246],[-3.7955,40.8245],[-3.7951,40.8242],[-3.7949,40.824],[-3.795,40.8236],[-3.795,40.823],[-3.7951,40.8226],[-3.7951,40.8223],[-3.7949,40.8219],[-3.7946,40.8216],[-3.7941,40.8215],[-3.7935,40.8215],[-3.7928,40.8217],[-3.7924,40.8216],[-3.792,40.8214],[-3.7917,40.8212],[-3.7912,40.8209],[-3.7912,40.8209],[-3.7911,40.8209],[-3.7911,40.8209],[-3.7911,40.8209],[-3.791,40.8209],[-3.7909,40.8209],[-3.7908,40.8208],[-3.7907,40.8208],[-3.7907,40.8208],[-3.7907,40.8208],[-3.7906,40.8208],[-3.7906,40.8208],[-3.7905,40.8208],[-3.7905,40.8208],[-3.7904,40.8208],[-3.7903,40.8207],[-3.7901,40.8206],[-3.7899,40.8205],[-3.7899,40.8205],[-3.7898,40.8204],[-3.7896,40.8204],[-3.7894,40.8203],[-3.7894,40.8203],[-3.7893,40.8202],[-3.7892,40.8202],[-3.7891,40.8202],[-3.7889,40.8201],[-3.7887,40.82],[-3.7885,40.82],[-3.7883,40.8199],[-3.7882,40.8199],[-3.7881,40.8198],[-3.788,40.8198],[-3.788,40.8199],[-3.7879,40.8199],[-3.7878,40.8199],[-3.7876,40.82],[-3.7876,40.82],[-3.7876,40.82],[-3.7875,40.82],[-3.7873,40.82],[-3.7872,40.82],[-3.7871,40.82],[-3.787,40.82],[-3.7868,40.8199],[-3.7867,40.8199],[-3.7865,40.8199],[-3.7864,40.8198],[-3.7863,40.8198],[-3.786,40.8197],[-3.7856,40.8197],[-3.7856,40.8196],[-3.7856,40.8197],[-3.7856,40.8198],[-3.7856,40.8201],[-3.7856,40.8203],[-3.7855,40.8204],[-3.7855,40.8205],[-3.7854,40.8207],[-3.7854,40.821],[-3.7853,40.821],[-3.7853,40.821],[-3.7853,40.8211],[-3.7852,40.8211],[-3.7852,40.8211],[-3.7852,40.8212],[-3.7851,40.8212],[-3.7851,40.8212],[-3.7851,40.8212],[-3.785,40.8213],[-3.785,40.8213],[-3.7849,40.8214],[-3.7849,40.8214],[-3.7848,40.8214],[-3.7847,40.8215],[-3.7846,40.8215],[-3.7846,40.8215],[-3.7845,40.8215],[-3.7845,40.8214],[-3.7844,40.8213],[-3.7843,40.8212],[-3.7842,40.8211],[-3.7841,40.821],[-3.7839,40.8209],[-3.7838,40.8208],[-3.7837,40.8207],[-3.7836,40.8207],[-3.7836,40.8207],[-3.7835,40.8207],[-3.7833,40.8205],[-3.7832,40.8204],[-3.7832,40.8202],[-3.7831,40.8199],[-3.783,40.8197],[-3.7829,40.8195],[-3.7828,40.8192],[-3.7826,40.819],[-3.7824,40.8189],[-3.7822,40.8187],[-3.7821,40.8186],[-3.782,40.8184],[-3.7819,40.8182],[-3.7818,40.8182],[-3.7813,40.8179],[-3.7809,40.8177],[-3.7805,40.8175],[-3.7805,40.8174],[-3.7803,40.8173],[-3.78,40.8172],[-3.7798,40.8171],[-3.7798,40.8171],[-3.7797,40.817],[-3.7795,40.8169],[-3.7794,40.8169],[-3.7791,40.8167],[-3.7786,40.8166],[-3.7782,40.8165],[-3.7782,40.8165],[-3.7779,40.8164],[-3.7777,40.8163],[-3.7774,40.8162],[-3.777,40.816],[-3.7768,40.816],[-3.7767,40.8159],[-3.7766,40.8159],[-3.7765,40.8158],[-3.7765,40.8158],[-3.7763,40.8157],[-3.776,40.8156],[-3.7757,40.8155],[-3.7756,40.8155],[-3.7755,40.8155],[-3.7751,40.8154],[-3.7749,40.8154],[-3.7748,40.8154],[-3.7744,40.8154],[-3.7743,40.8154],[-3.774,40.8153],[-3.7738,40.8152],[-3.7736,40.8152],[-3.7735,40.8152],[-3.7733,40.8151],[-3.7732,40.8153],[-3.7731,40.8153],[-3.7729,40.8155],[-3.7726,40.8155],[-3.7722,40.8155],[-3.7715,40.8155],[-3.7712,40.8155],[-3.7711,40.8155],[-3.7709,40.8156],[-3.7708,40.8157],[-3.7705,40.8157],[-3.7703,40.8158],[-3.7702,40.8158],[-3.7701,40.8158],[-3.7699,40.8159],[-3.7696,40.8163],[-3.7693,40.8167],[-3.7692,40.8168],[-3.769,40.817],[-3.7688,40.8171],[-3.7687,40.8172],[-3.7686,40.8174],[-3.7682,40.8179],[-3.7676,40.8186],[-3.7672,40.8191],[-3.7668,40.8194],[-3.7666,40.8195],[-3.7664,40.8197],[-3.7663,40.8199],[-3.7663,40.82],[-3.7659,40.8203],[-3.7656,40.8205],[-3.7655,40.8206],[-3.7653,40.8206],[-3.7652,40.8208],[-3.7652,40.8208],[-3.7652,40.8209],[-3.7652,40.8209],[-3.7652,40.821],[-3.765,40.8211],[-3.7649,40.8212],[-3.7648,40.8214],[-3.7647,40.8216],[-3.7646,40.8217],[-3.7643,40.8218],[-3.7642,40.8219],[-3.7639,40.822],[-3.7638,40.822],[-3.7635,40.822],[-3.7633,40.8219],[-3.7632,40.822],[-3.7631,40.8219],[-3.7631,40.8218],[-3.763,40.8216],[-3.7629,40.8214],[-3.7628,40.8213],[-3.7627,40.8212],[-3.7627,40.8212],[-3.7625,40.8213],[-3.7625,40.8213],[-3.7622,40.8214],[-3.7619,40.8216],[-3.7619,40.8216],[-3.7618,40.8216],[-3.7615,40.8217],[-3.7612,40.8217],[-3.7614,40.8218],[-3.7617,40.822],[-3.7622,40.8223],[-3.7623,40.8224],[-3.7624,40.8225],[-3.7626,40.8226],[-3.7627,40.8227],[-3.7627,40.8227],[-3.7629,40.8228],[-3.7632,40.8229],[-3.7633,40.823],[-3.7634,40.8231],[-3.7636,40.8231],[-3.7637,40.8232],[-3.7639,40.8233],[-3.7641,40.8234],[-3.7642,40.8235],[-3.7643,40.8235],[-3.7645,40.8236],[-3.7646,40.8237],[-3.7648,40.8237],[-3.7651,40.8239],[-3.7654,40.824],[-3.7655,40.8241],[-3.7656,40.8241],[-3.7658,40.8242],[-3.7659,40.8243],[-3.7661,40.8243],[-3.7661,40.8243],[-3.7661,40.8243],[-3.7662,40.8244],[-3.7664,40.8245],[-3.7667,40.8246],[-3.7669,40.8246],[-3.7671,40.8247],[-3.7672,40.8248],[-3.7673,40.8248],[-3.7675,40.8249],[-3.7676,40.8249],[-3.7678,40.825],[-3.768,40.8251],[-3.7681,40.8251],[-3.7683,40.8252],[-3.7684,40.8253],[-3.7685,40.8253],[-3.7687,40.8254],[-3.7688,40.8254],[-3.769,40.8254],[-3.7693,40.8254],[-3.7694,40.8254],[-3.7699,40.8254],[-3.7701,40.8254],[-3.7703,40.8254],[-3.7708,40.8254],[-3.7714,40.8254],[-3.7718,40.8254],[-3.7723,40.8255],[-3.7725,40.8255],[-3.7728,40.8255],[-3.773,40.8255],[-3.7732,40.8255],[-3.7733,40.8255],[-3.7735,40.8255],[-3.7735,40.8255],[-3.7736,40.8257],[-3.7736,40.8257],[-3.7736,40.8257],[-3.7737,40.8258],[-3.7737,40.8259],[-3.7737,40.8259],[-3.7738,40.8261],[-3.7738,40.8261],[-3.7738,40.8263],[-3.7738,40.8264],[-3.7738,40.8265],[-3.7739,40.8266],[-3.7739,40.8266],[-3.774,40.8267],[-3.7741,40.8268],[-3.7741,40.8269],[-3.7742,40.827],[-3.7743,40.8271],[-3.7744,40.8272],[-3.7744,40.8273],[-3.7745,40.8274],[-3.7746,40.8275],[-3.7747,40.8276],[-3.7747,40.8277],[-3.7748,40.8277],[-3.7748,40.8277],[-3.7749,40.8278],[-3.7749,40.8278],[-3.7749,40.8279],[-3.775,40.8279],[-3.775,40.8279],[-3.775,40.8279],[-3.7751,40.828],[-3.7752,40.8281],[-3.7753,40.8282],[-3.7753,40.8282],[-3.7754,40.8282],[-3.7754,40.8282],[-3.7754,40.8282],[-3.7755,40.8282],[-3.7755,40.8283],[-3.7756,40.8283],[-3.7756,40.8283],[-3.7756,40.8283],[-3.7757,40.8283],[-3.7757,40.8283],[-3.7757,40.8284],[-3.7758,40.8284],[-3.7758,40.8284],[-3.7758,40.8284],[-3.7759,40.8285],[-3.776,40.8285],[-3.776,40.8285],[-3.7761,40.8285],[-3.7761,40.8285],[-3.7761,40.8285],[-3.7762,40.8286],[-3.7762,40.8286],[-3.7762,40.8286],[-3.7763,40.8286],[-3.7764,40.8287],[-3.7764,40.8288],[-3.7765,40.8288],[-3.7765,40.8289],[-3.7765,40.829],[-3.7766,40.8291],[-3.7766,40.8291],[-3.7766,40.8291],[-3.7766,40.8291],[-3.7767,40.8292],[-3.7767,40.8292],[-3.7767,40.8292],[-3.7768,40.8292],[-3.7768,40.8292],[-3.7769,40.8292],[-3.777,40.8293],[-3.7771,40.8293],[-3.7771,40.8293],[-3.7771,40.8293],[-3.7772,40.8293],[-3.7774,40.8293],[-3.7775,40.8293],[-3.7776,40.8293],[-3.7776,40.8294],[-3.7777,40.8294],[-3.7779,40.8294],[-3.7779,40.8295],[-3.7779,40.8295],[-3.778,40.8295],[-3.778,40.8295],[-3.7781,40.8296],[-3.7782,40.8297],[-3.7782,40.8297],[-3.7782,40.8298],[-3.7782,40.8298],[-3.7782,40.8299],[-3.7782,40.8301],[-3.7782,40.8301],[-3.7782,40.8302],[-3.7783,40.8303],[-3.7783,40.8303],[-3.7783,40.8304],[-3.7784,40.8304],[-3.7784,40.8304],[-3.7785,40.8305],[-3.7786,40.8305],[-3.7786,40.8306],[-3.7786,40.8306],[-3.7788,40.8306],[-3.7789,40.8306],[-3.7789,40.8307],[-3.779,40.8307],[-3.779,40.8307],[-3.7791,40.8307],[-3.7791,40.8307],[-3.7792,40.8307],[-3.7792,40.8307],[-3.7793,40.8307],[-3.7794,40.8308],[-3.7795,40.8308],[-3.7795,40.8308],[-3.7796,40.8308],[-3.7796,40.8308],[-3.7796,40.8308],[-3.7797,40.8308],[-3.7797,40.8308],[-3.7797,40.8309],[-3.7798,40.8309],[-3.7798,40.8309],[-3.7798,40.831],[-3.7798,40.831],[-3.7799,40.831],[-3.7799,40.8311],[-3.7798,40.8311],[-3.7798,40.8311],[-3.7798,40.8312],[-3.7798,40.8312],[-3.7798,40.8312],[-3.7797,40.8312],[-3.7797,40.8313],[-3.7797,40.8313],[-3.7796,40.8313],[-3.7796,40.8313],[-3.7796,40.8313],[-3.7796,40.8314],[-3.7797,40.8314],[-3.7797,40.8314],[-3.7797,40.8315],[-3.7798,40.8315],[-3.7799,40.8316],[-3.7799,40.8316],[-3.7799,40.8317],[-3.7799,40.8317],[-3.7799,40.8318],[-3.7799,40.8318],[-3.7799,40.8319],[-3.7799,40.832],[-3.7799,40.832],[-3.7799,40.832],[-3.7798,40.832],[-3.7798,40.8321],[-3.7798,40.8322],[-3.7798,40.8323],[-3.7798,40.8323],[-3.7798,40.8324],[-3.7798,40.8325],[-3.7798,40.8325],[-3.7798,40.8325],[-3.7799,40.8325],[-3.7799,40.8326],[-3.7799,40.8326],[-3.78,40.8326],[-3.7801,40.8326],[-3.7803,40.8326],[-3.7804,40.8326],[-3.7805,40.8326],[-3.7805,40.8326],[-3.7806,40.8327],[-3.7806,40.8327],[-3.7807,40.8327],[-3.7807,40.8327],[-3.7808,40.8327],[-3.7808,40.8328],[-3.7808,40.8328],[-3.7808,40.8329],[-3.7808,40.8329],[-3.7808,40.833],[-3.7807,40.8331],[-3.7807,40.8332],[-3.7807,40.8334],[-3.7806,40.8335],[-3.7806,40.8336],[-3.7806,40.8336],[-3.7806,40.8336],[-3.7806,40.8337],[-3.7806,40.8338],[-3.7807,40.8338],[-3.7807,40.8338],[-3.7807,40.8339],[-3.7808,40.834],[-3.7809,40.834],[-3.7809,40.8341],[-3.7809,40.8341],[-3.7809,40.8341],[-3.7809,40.8341],[-3.781,40.8341],[-3.781,40.8341],[-3.7811,40.8342],[-3.7811,40.8342],[-3.7812,40.8343],[-3.7813,40.8343],[-3.7814,40.8344],[-3.7815,40.8345],[-3.7815,40.8345],[-3.7815,40.8345],[-3.7815,40.8345],[-3.7815,40.8346],[-3.7816,40.8346],[-3.7816,40.8347],[-3.7816,40.8347],[-3.7816,40.8347],[-3.7816,40.8348],[-3.7816,40.8349],[-3.7816,40.8349],[-3.7816,40.835],[-3.7816,40.835],[-3.7816,40.835],[-3.7816,40.8351],[-3.7817,40.8351],[-3.7818,40.8351],[-3.7818,40.8352],[-3.7818,40.8352],[-3.7819,40.8353],[-3.7819,40.8354],[-3.782,40.8354],[-3.782,40.8355],[-3.782,40.8355],[-3.7821,40.8356],[-3.7821,40.8356],[-3.7821,40.8357],[-3.7821,40.8358],[-3.7821,40.8358],[-3.7822,40.8359],[-3.7822,40.836],[-3.7823,40.836],[-3.7823,40.836],[-3.7824,40.8361],[-3.7824,40.8361],[-3.7825,40.8361],[-3.7826,40.8362],[-3.7827,40.8362],[-3.7827,40.8363],[-3.7828,40.8363],[-3.7828,40.8363],[-3.7829,40.8364],[-3.7829,40.8364],[-3.7829,40.8365],[-3.7829,40.8365],[-3.7829,40.8366],[-3.7829,40.8366],[-3.783,40.8367],[-3.7831,40.8367],[-3.7831,40.8368],[-3.7832,40.8368],[-3.7833,40.8369],[-3.7834,40.8369],[-3.7835,40.8369],[-3.7835,40.837],[-3.7835,40.837],[-3.7842,40.8371],[-3.7843,40.8371],[-3.7845,40.8371],[-3.7845,40.8371],[-3.7846,40.8371],[-3.7847,40.8371],[-3.7847,40.8371],[-3.7847,40.8371],[-3.7847,40.8372],[-3.7847,40.8372],[-3.7847,40.8372],[-3.7847,40.8373],[-3.7847,40.8374],[-3.7847,40.8374],[-3.7847,40.8374],[-3.7847,40.8375],[-3.7847,40.8376],[-3.7848,40.8376],[-3.7848,40.8377],[-3.7848,40.8377],[-3.7849,40.8378],[-3.785,40.8378],[-3.7851,40.8379],[-3.7852,40.838],[-3.7852,40.838],[-3.7853,40.8381],[-3.7854,40.8381],[-3.7854,40.8382],[-3.7854,40.8382],[-3.7855,40.8382],[-3.7855,40.8383],[-3.7855,40.8383],[-3.7855,40.8383],[-3.7855,40.8383],[-3.7856,40.8384],[-3.7856,40.8384],[-3.7856,40.8385],[-3.7856,40.8385],[-3.7856,40.8385],[-3.7855,40.8385],[-3.7855,40.8386],[-3.7854,40.8387],[-3.7854,40.8387],[-3.7853,40.8387],[-3.7852,40.8388],[-3.7852,40.8389],[-3.7851,40.839],[-3.7851,40.8391],[-3.785,40.8392],[-3.785,40.8393],[-3.785,40.8393],[-3.785,40.8394],[-3.785,40.8394],[-3.785,40.8395],[-3.785,40.8395],[-3.785,40.8396],[-3.785,40.8396],[-3.785,40.8397],[-3.785,40.8399],[-3.7851,40.84],[-3.7851,40.8401],[-3.7851,40.8401],[-3.7851,40.8401],[-3.7851,40.8401],[-3.785,40.8402],[-3.785,40.8403],[-3.785,40.8403],[-3.785,40.8404],[-3.785,40.8405],[-3.7851,40.8405],[-3.7851,40.8406],[-3.7851,40.8407],[-3.7852,40.8407],[-3.7852,40.8407],[-3.7853,40.8408],[-3.7853,40.8408],[-3.7853,40.8408],[-3.7854,40.8408],[-3.7854,40.8408],[-3.7854,40.8408],[-3.7855,40.8408],[-3.7855,40.8408],[-3.7855,40.8408],[-3.7855,40.8408],[-3.7855,40.8409],[-3.7855,40.8409],[-3.7855,40.8409],[-3.7856,40.8409],[-3.7856,40.841],[-3.7856,40.841],[-3.7856,40.841],[-3.7856,40.8411],[-3.7857,40.8411],[-3.7857,40.8411],[-3.7857,40.8412],[-3.7857,40.8413],[-3.7857,40.8413],[-3.7857,40.8414],[-3.7858,40.8414],[-3.7858,40.8415],[-3.7858,40.8415],[-3.7858,40.8415],[-3.7859,40.8415],[-3.7859,40.8416],[-3.7859,40.8416],[-3.786,40.8416],[-3.786,40.8416],[-3.7861,40.8416],[-3.7861,40.8416],[-3.7861,40.8416],[-3.7861,40.8416],[-3.7862,40.8416],[-3.7862,40.8416],[-3.7862,40.8416],[-3.7862,40.8416],[-3.7863,40.8416],[-3.7863,40.8416],[-3.7863,40.8417],[-3.7864,40.8417],[-3.7864,40.8417],[-3.7864,40.8418],[-3.7864,40.8418],[-3.7863,40.8419],[-3.7863,40.8421],[-3.7862,40.8422],[-3.7862,40.8422],[-3.7862,40.8423],[-3.7862,40.8425],[-3.7862,40.8426],[-3.7863,40.8427],[-3.7863,40.8428],[-3.7863,40.8428],[-3.7863,40.8429],[-3.7863,40.843],[-3.7863,40.843],[-3.7863,40.8431],[-3.7864,40.8431],[-3.7864,40.8431],[-3.7864,40.8432],[-3.7864,40.8432],[-3.7864,40.8432],[-3.7864,40.8432],[-3.7865,40.8432],[-3.7865,40.8432],[-3.7866,40.8432],[-3.7866,40.8433],[-3.7866,40.8433],[-3.7867,40.8433],[-3.7867,40.8433],[-3.7868,40.8433],[-3.7868,40.8433],[-3.7868,40.8434],[-3.7868,40.8434],[-3.7867,40.8434],[-3.7867,40.8434],[-3.7867,40.8435],[-3.7866,40.8435],[-3.7865,40.8435],[-3.7865,40.8436],[-3.7864,40.8436],[-3.7864,40.8436],[-3.7864,40.8436],[-3.7864,40.8437],[-3.7864,40.8437],[-3.7865,40.8438],[-3.7865,40.8438],[-3.7866,40.8439],[-3.7866,40.844],[-3.7867,40.844],[-3.7867,40.8441],[-3.7868,40.8441],[-3.7869,40.8442],[-3.787,40.8443],[-3.7871,40.8443],[-3.7872,40.8443],[-3.7875,40.8445],[-3.7879,40.8447],[-3.7884,40.8449],[-3.7888,40.8451],[-3.7893,40.8454],[-3.7894,40.8455],[-3.7895,40.8455],[-3.7896,40.8455],[-3.7896,40.8456],[-3.7896,40.8456],[-3.7895,40.846],[-3.7895,40.8462],[-3.7894,40.8465],[-3.7897,40.8466],[-3.7908,40.8467],[-3.7914,40.8469],[-3.7916,40.8469],[-3.7918,40.8469],[-3.7925,40.8469],[-3.7926,40.8469],[-3.793,40.8469],[-3.7933,40.8469],[-3.7937,40.8468],[-3.7944,40.8468],[-3.7948,40.8468],[-3.7953,40.8468],[-3.7956,40.8467],[-3.7962,40.8467],[-3.7962,40.8467],[-3.7963,40.8468],[-3.7965,40.8471],[-3.7968,40.8474],[-3.7971,40.8477],[-3.7972,40.8479],[-3.7975,40.8482],[-3.7979,40.8487],[-3.7979,40.8487],[-3.798,40.8488],[-3.7982,40.849],[-3.7982,40.849],[-3.7986,40.849],[-3.7988,40.8492]]]},"geometry_name":"GEOMETRY1","properties":{"CD_TIPO_ZONA":"A2","DS_TIPO_ZONA":"A2: Reserva Natural Educativa.","NM_AREA_M":null,"NM_AREA_HA":null}},{"type":"Feature","id":"IDEM_MA_PR_CA_MANZANARES.45","geometry":{"type":"Polygon","coordinates":[[[-3.9344,40.8466],[-3.9345,40.8465],[-3.9349,40.8451],[-3.935,40.8449],[-3.9351,40.8447],[-3.9353,40.8443],[-3.9355,40.8442],[-3.9356,40.844],[-3.9362,40.8434],[-3.9364,40.8433],[-3.9369,40.843],[-3.9376,40.8424],[-3.9378,40.8424],[-3.9379,40.8423],[-3.9382,40.8422],[-3.9385,40.8421],[-3.939,40.842],[-3.9394,40.8419],[-3.94,40.8418],[-3.9405,40.8417],[-3.941,40.8416],[-3.9416,40.8415],[-3.9418,40.8414],[-3.942,40.8414],[-3.9422,40.8413],[-3.9424,40.8413],[-3.9425,40.8413],[-3.9429,40.8412],[-3.9428,40.8411],[-3.9427,40.8409],[-3.9426,40.8408],[-3.9424,40.8406],[-3.9422,40.8404],[-3.9421,40.8402],[-3.942,40.8401],[-3.942,40.84],[-3.9419,40.8398],[-3.9416,40.8396],[-3.9415,40.8395],[-3.9414,40.8394],[-3.9414,40.8392],[-3.9413,40.839],[-3.9413,40.8389],[-3.9413,40.8388],[-3.9412,40.8386],[-3.9411,40.8385],[-3.9411,40.8384],[-3.9413,40.838],[-3.9413,40.8379],[-3.9412,40.8378],[-3.9412,40.8376],[-3.9411,40.8375],[-3.9411,40.8374],[-3.941,40.8372],[-3.9409,40.8371],[-3.9408,40.837],[-3.9407,40.8368],[-3.9406,40.8367],[-3.9406,40.8366],[-3.9405,40.8364],[-3.9405,40.8363],[-3.9404,40.8363],[-3.9402,40.8362],[-3.9401,40.8362],[-3.9398,40.836],[-3.9397,40.836],[-3.9395,40.8359],[-3.9393,40.8359],[-3.9392,40.8359],[-3.9392,40.8359],[-3.9391,40.8356],[-3.9353,40.8366],[-3.9344,40.8466]]]},"geometry_name":"GEOMETRY1","properties":{"CD_TIPO_ZONA":"A1","DS_TIPO_ZONA":"A1: Reserva Natural Integral.","NM_AREA_M":null,"NM_AREA_HA":null}},{"type":"Feature","id":"IDEM_MA_PR_CA_MANZANARES.46","geometry":{"type":"Polygon","coordinates":[[[-3.6084,40.598],[-3.6084,40.5981],[-3.6081,40.5978],[-3.6079,40.5979],[-3.6081,40.5982],[-3.6078,40.5982],[-3.607,40.5983],[-3.6067,40.5983],[-3.6064,40.5983],[-3.6058,40.5984],[-3.6047,40.5985],[-3.6038,40.5986],[-3.6031,40.5986],[-3.6029,40.5986],[-3.6027,40.5987],[-3.6026,40.5987],[-3.6026,40.5987],[-3.6022,40.5986],[-3.602,40.5986],[-3.6017,40.5986],[-3.6012,40.5985],[-3.6009,40.5984],[-3.6,40.5983],[-3.5996,40.5983],[-3.5988,40.5982],[-3.5981,40.5981],[-3.5978,40.598],[-3.5971,40.598],[-3.5969,40.5979],[-3.5966,40.5979],[-3.5965,40.5979],[-3.5964,40.5979],[-3.5962,40.5978],[-3.5958,40.5978],[-3.5955,40.5978],[-3.5955,40.5978],[-3.5952,40.598],[-3.5952,40.598],[-3.5952,40.598],[-3.5952,40.5981],[-3.5952,40.5981],[-3.5952,40.5981],[-3.5952,40.5981],[-3.5951,40.5982],[-3.595,40.5984],[-3.5949,40.5986],[-3.5948,40.5987],[-3.5947,40.5987],[-3.5946,40.5987],[-3.5945,40.5986],[-3.5943,40.5984],[-3.5943,40.5983],[-3.5943,40.5982],[-3.5942,40.5981],[-3.594,40.598],[-3.594,40.598],[-3.5939,40.5979],[-3.5937,40.5978],[-3.5934,40.5975],[-3.5933,40.5975],[-3.5928,40.5973],[-3.5925,40.5975],[-3.5921,40.5976],[-3.5916,40.5973],[-3.5917,40.597],[-3.5915,40.5969],[-3.5912,40.5967],[-3.5908,40.5964],[-3.5904,40.5961],[-3.5904,40.5961],[-3.59,40.596],[-3.5897,40.596],[-3.5896,40.596],[-3.5894,40.596],[-3.5891,40.5961],[-3.5889,40.5962],[-3.5889,40.5963],[-3.5889,40.5963],[-3.5888,40.5963],[-3.5887,40.5963],[-3.5884,40.5964],[-3.5879,40.5966],[-3.5875,40.5967],[-3.5874,40.5968],[-3.5873,40.5972],[-3.588,40.5973],[-3.5882,40.5973],[-3.5885,40.5973],[-3.5889,40.5974],[-3.589,40.5974],[-3.5893,40.5975],[-3.5895,40.5975],[-3.5897,40.5976],[-3.5898,40.5977],[-3.59,40.5978],[-3.5901,40.5979],[-3.5903,40.5981],[-3.5903,40.5982],[-3.5904,40.5983],[-3.5905,40.5984],[-3.5905,40.5985],[-3.5906,40.5987],[-3.5906,40.5988],[-3.5907,40.599],[-3.5907,40.5992],[-3.5906,40.5995],[-3.5906,40.5999],[-3.5905,40.6003],[-3.5905,40.6005],[-3.5904,40.6007],[-3.5904,40.6008],[-3.5904,40.6012],[-3.5904,40.6014],[-3.5904,40.6017],[-3.5905,40.6019],[-3.5905,40.6019],[-3.5906,40.6021],[-3.5906,40.6022],[-3.5907,40.6023],[-3.5908,40.6025],[-3.5908,40.6025],[-3.591,40.6027],[-3.5912,40.6029],[-3.5914,40.603],[-3.5916,40.6032],[-3.5917,40.6033],[-3.5921,40.6034],[-3.5923,40.6035],[-3.5923,40.6035],[-3.5924,40.6036],[-3.5925,40.6036],[-3.5926,40.6036],[-3.5927,40.6037],[-3.5929,40.6037],[-3.5931,40.6037],[-3.5932,40.6038],[-3.5934,40.6038],[-3.5935,40.6039],[-3.5937,40.6039],[-3.594,40.604],[-3.594,40.6041],[-3.5941,40.6041],[-3.5944,40.6043],[-3.5946,40.6045],[-3.5948,40.6046],[-3.595,40.6049],[-3.595,40.6049],[-3.5952,40.6051],[-3.5953,40.6054],[-3.5955,40.6057],[-3.5956,40.6059],[-3.5958,40.6063],[-3.5961,40.6068],[-3.5963,40.6073],[-3.5964,40.6075],[-3.5965,40.6079],[-3.5965,40.6079],[-3.5965,40.6079],[-3.5966,40.6082],[-3.5969,40.6088],[-3.5972,40.6095],[-3.5974,40.61],[-3.5976,40.6107],[-3.5978,40.6111],[-3.5979,40.6115],[-3.598,40.6118],[-3.5982,40.6122],[-3.5984,40.6126],[-3.5986,40.6131],[-3.5987,40.6135],[-3.5988,40.6137],[-3.5988,40.6138],[-3.5989,40.6139],[-3.5991,40.6145],[-3.5991,40.6145],[-3.5994,40.6148],[-3.5997,40.6151],[-3.5997,40.6151],[-3.5996,40.6153],[-3.5996,40.6154],[-3.5995,40.6156],[-3.5996,40.6159],[-3.5996,40.6159],[-3.6,40.6157],[-3.6007,40.6151],[-3.6009,40.615],[-3.6011,40.6149],[-3.6016,40.615],[-3.6019,40.615],[-3.6025,40.6149],[-3.603,40.6149],[-3.6038,40.6148],[-3.6042,40.6149],[-3.6045,40.6149],[-3.6047,40.615],[-3.6051,40.615],[-3.6051,40.615],[-3.6053,40.6151],[-3.6055,40.6151],[-3.6056,40.6151],[-3.6057,40.6151],[-3.6058,40.6151],[-3.6059,40.6151],[-3.6064,40.6149],[-3.6068,40.6149],[-3.6068,40.6149],[-3.6068,40.6149],[-3.6068,40.6149],[-3.6071,40.615],[-3.6073,40.615],[-3.6076,40.615],[-3.6077,40.615],[-3.6078,40.615],[-3.6079,40.615],[-3.6079,40.615],[-3.6079,40.615],[-3.608,40.615],[-3.6081,40.6149],[-3.6083,40.6148],[-3.6086,40.6147],[-3.6087,40.6146],[-3.6091,40.6145],[-3.6092,40.6144],[-3.6092,40.6144],[-3.6092,40.6144],[-3.6095,40.6143],[-3.61,40.6142],[-3.6101,40.6141],[-3.6103,40.6141],[-3.6108,40.6139],[-3.611,40.6138],[-3.6112,40.6138],[-3.6112,40.6138],[-3.6114,40.6138],[-3.6114,40.6138],[-3.6116,40.6138],[-3.6119,40.6139],[-3.612,40.6139],[-3.6124,40.6137],[-3.6128,40.6136],[-3.613,40.6136],[-3.6134,40.6135],[-3.6135,40.6135],[-3.6137,40.6134],[-3.6139,40.6132],[-3.6143,40.613],[-3.6143,40.613],[-3.6144,40.6129],[-3.6146,40.6128],[-3.6148,40.6127],[-3.6148,40.6127],[-3.6149,40.6126],[-3.615,40.6126],[-3.615,40.6125],[-3.6151,40.6125],[-3.6151,40.6125],[-3.6151,40.6124],[-3.6151,40.6124],[-3.6153,40.6124],[-3.6154,40.6123],[-3.6155,40.6122],[-3.6156,40.6121],[-3.6158,40.612],[-3.6158,40.6119],[-3.616,40.6118],[-3.6161,40.6117],[-3.6163,40.6116],[-3.6164,40.6115],[-3.6166,40.6114],[-3.6167,40.6114],[-3.6167,40.6113],[-3.6169,40.6112],[-3.6169,40.6112],[-3.6171,40.6111],[-3.6173,40.611],[-3.6173,40.611],[-3.6173,40.611],[-3.6175,40.6109],[-3.6177,40.6109],[-3.6179,40.6108],[-3.6179,40.6108],[-3.6179,40.6108],[-3.6179,40.6107],[-3.6179,40.6105],[-3.6179,40.6102],[-3.618,40.6098],[-3.6181,40.6094],[-3.6183,40.609],[-3.6175,40.608],[-3.6168,40.607],[-3.6169,40.6067],[-3.617,40.6065],[-3.617,40.6063],[-3.6171,40.606],[-3.6171,40.6058],[-3.617,40.6054],[-3.617,40.6051],[-3.6169,40.6047],[-3.6167,40.6044],[-3.6166,40.604],[-3.6164,40.6035],[-3.6161,40.603],[-3.6166,40.6021],[-3.6164,40.6015],[-3.6153,40.6007],[-3.6144,40.6006],[-3.6137,40.6002],[-3.6131,40.5999],[-3.6117,40.5995],[-3.6106,40.5988],[-3.6088,40.5984],[-3.6085,40.5981],[-3.6085,40.5981],[-3.6084,40.598]]]},"geometry_name":"GEOMETRY1","properties":{"CD_TIPO_ZONA":"A1","DS_TIPO_ZONA":"A1: Reserva Natural Integral.","NM_AREA_M":null,"NM_AREA_HA":null}},{"type":"Feature","id":"IDEM_MA_PR_CA_MANZANARES.47","geometry":{"type":"Polygon","coordinates":[[[-3.8575,40.636],[-3.8576,40.636],[-3.8576,40.636],[-3.8579,40.636],[-3.8582,40.636],[-3.8586,40.6361],[-3.8591,40.6361],[-3.8593,40.6362],[-3.8595,40.6362],[-3.8596,40.6362],[-3.8599,40.6362],[-3.8601,40.6362],[-3.8604,40.6362],[-3.8605,40.6362],[-3.8607,40.6362],[-3.8608,40.6363],[-3.8609,40.6364],[-3.8611,40.6365],[-3.8613,40.6365],[-3.8615,40.6366],[-3.8617,40.6366],[-3.8619,40.6367],[-3.8621,40.6366],[-3.8622,40.6366],[-3.8624,40.6366],[-3.8626,40.6366],[-3.8627,40.6366],[-3.8629,40.6366],[-3.8635,40.6369],[-3.8642,40.6371],[-3.8645,40.6371],[-3.8647,40.6371],[-3.865,40.6372],[-3.8652,40.6372],[-3.8653,40.6372],[-3.8654,40.6372],[-3.8656,40.6373],[-3.8657,40.6373],[-3.8658,40.6374],[-3.866,40.6374],[-3.8662,40.6374],[-3.8663,40.6373],[-3.8665,40.6374],[-3.8666,40.6374],[-3.8667,40.6374],[-3.8668,40.6375],[-3.8669,40.6375],[-3.867,40.6377],[-3.8671,40.6379],[-3.8673,40.638],[-3.8675,40.6382],[-3.8678,40.6385],[-3.8681,40.6388],[-3.8685,40.6392],[-3.8689,40.6396],[-3.8693,40.6399],[-3.8695,40.6399],[-3.8697,40.64],[-3.87,40.64],[-3.8702,40.6401],[-3.8703,40.6402],[-3.8705,40.6403],[-3.8707,40.6404],[-3.8708,40.6405],[-3.8709,40.6406],[-3.871,40.6407],[-3.8712,40.6408],[-3.8714,40.6409],[-3.8716,40.6409],[-3.8718,40.641],[-3.872,40.641],[-3.8722,40.6409],[-3.8724,40.6409],[-3.8727,40.6409],[-3.873,40.6408],[-3.8732,40.6408],[-3.8735,40.6408],[-3.8738,40.6409],[-3.874,40.6408],[-3.8742,40.6408],[-3.8744,40.6408],[-3.8746,40.6408],[-3.8747,40.6409],[-3.8749,40.6409],[-3.8751,40.641],[-3.8753,40.6411],[-3.8754,40.6412],[-3.8757,40.6412],[-3.8759,40.6413],[-3.8761,40.6414],[-3.8762,40.6415],[-3.8764,40.6417],[-3.8765,40.6418],[-3.8767,40.6419],[-3.8768,40.642],[-3.877,40.6421],[-3.8771,40.6422],[-3.8772,40.6423],[-3.8772,40.6423],[-3.8773,40.6424],[-3.8774,40.6425],[-3.8776,40.6426],[-3.8777,40.6427],[-3.878,40.6428],[-3.8783,40.6428],[-3.8785,40.643],[-3.8787,40.6432],[-3.8789,40.6432],[-3.879,40.6432],[-3.8791,40.6432],[-3.8792,40.6432],[-3.8794,40.6432],[-3.8795,40.6432],[-3.8797,40.6431],[-3.8799,40.6431],[-3.88,40.6431],[-3.8802,40.6432],[-3.8803,40.6432],[-3.8804,40.6433],[-3.8806,40.6434],[-3.8807,40.6435],[-3.8811,40.644],[-3.8815,40.6445],[-3.8821,40.6445],[-3.8827,40.6446],[-3.8827,40.6445],[-3.8828,40.6443],[-3.8829,40.6442],[-3.883,40.6442],[-3.8831,40.6441],[-3.8832,40.644],[-3.8834,40.6439],[-3.8836,40.6439],[-3.8838,40.6439],[-3.8842,40.6439],[-3.8845,40.6438],[-3.8848,40.6438],[-3.8851,40.6438],[-3.8854,40.6437],[-3.8858,40.6439],[-3.8863,40.6441],[-3.8867,40.6442],[-3.887,40.6442],[-3.8874,40.6443],[-3.8875,40.6443],[-3.8876,40.6444],[-3.8876,40.6444],[-3.8877,40.6445],[-3.8877,40.6447],[-3.8877,40.6448],[-3.8883,40.6445],[-3.8889,40.6443],[-3.8886,40.6435],[-3.8883,40.6428],[-3.888,40.6422],[-3.8881,40.6419],[-3.8883,40.6402],[-3.8885,40.6385],[-3.8889,40.6382],[-3.8893,40.6379],[-3.8897,40.6376],[-3.8901,40.6373],[-3.8901,40.6372],[-3.8902,40.6372],[-3.8903,40.6371],[-3.8904,40.637],[-3.8905,40.6369],[-3.8906,40.6369],[-3.8907,40.6369],[-3.8908,40.6368],[-3.8909,40.6368],[-3.891,40.6367],[-3.891,40.6366],[-3.8911,40.6365],[-3.8918,40.636],[-3.8925,40.6355],[-3.8927,40.6352],[-3.8931,40.635],[-3.8934,40.6348],[-3.8938,40.6344],[-3.8943,40.634],[-3.8944,40.6338],[-3.8946,40.6335],[-3.8948,40.6333],[-3.895,40.6331],[-3.8951,40.6329],[-3.8953,40.6328],[-3.8955,40.6326],[-3.8957,40.6324],[-3.8959,40.6323],[-3.8962,40.6321],[-3.8964,40.632],[-3.8967,40.6317],[-3.897,40.6313],[-3.8974,40.631],[-3.8978,40.6308],[-3.8982,40.6305],[-3.8985,40.6303],[-3.8987,40.6302],[-3.8983,40.63],[-3.898,40.6298],[-3.8979,40.6297],[-3.8977,40.6295],[-3.8975,40.6293],[-3.8974,40.6294],[-3.8972,40.6295],[-3.897,40.6296],[-3.8968,40.6296],[-3.8966,40.6297],[-3.8964,40.6298],[-3.8962,40.6297],[-3.896,40.6296],[-3.8959,40.6295],[-3.8957,40.6294],[-3.8955,40.6292],[-3.8952,40.629],[-3.895,40.6288],[-3.8949,40.6287],[-3.8948,40.6286],[-3.8948,40.6285],[-3.8947,40.6284],[-3.8947,40.6283],[-3.8946,40.6281],[-3.8946,40.628],[-3.8945,40.6278],[-3.8944,40.6274],[-3.8944,40.6271],[-3.8944,40.6269],[-3.8944,40.6268],[-3.8944,40.6267],[-3.8945,40.6264],[-3.8947,40.626],[-3.8948,40.6258],[-3.895,40.6256],[-3.8954,40.6255],[-3.8959,40.6253],[-3.8961,40.6252],[-3.8963,40.6252],[-3.8965,40.6251],[-3.8966,40.6249],[-3.8965,40.6247],[-3.8965,40.6246],[-3.8968,40.6243],[-3.8972,40.6243],[-3.8971,40.6247],[-3.8971,40.6251],[-3.8972,40.6252],[-3.8975,40.6253],[-3.8976,40.6252],[-3.8978,40.6252],[-3.8979,40.6252],[-3.8981,40.6256],[-3.898,40.6257],[-3.8982,40.6259],[-3.8985,40.626],[-3.8985,40.6256],[-3.8984,40.6252],[-3.8985,40.6249],[-3.8985,40.6247],[-3.8985,40.6246],[-3.8985,40.6244],[-3.8985,40.6242],[-3.8986,40.6238],[-3.8986,40.6234],[-3.8987,40.6223],[-3.8986,40.6217],[-3.8984,40.6212],[-3.8985,40.6211],[-3.8984,40.6209],[-3.8983,40.6207],[-3.8983,40.6205],[-3.8983,40.6203],[-3.8985,40.6203],[-3.899,40.6198],[-3.8998,40.619],[-3.8995,40.6189],[-3.8994,40.6189],[-3.8994,40.6189],[-3.8993,40.6188],[-3.8992,40.6188],[-3.8992,40.6187],[-3.8995,40.6185],[-3.8997,40.6184],[-3.9001,40.618],[-3.9006,40.6177],[-3.9003,40.6175],[-3.9001,40.6172],[-3.8999,40.6171],[-3.8998,40.6169],[-3.8998,40.6169],[-3.8999,40.6168],[-3.9001,40.6167],[-3.9004,40.6166],[-3.9006,40.6165],[-3.9008,40.6163],[-3.901,40.6163],[-3.9011,40.6162],[-3.9012,40.6161],[-3.9013,40.616],[-3.9014,40.6159],[-3.9015,40.6158],[-3.9016,40.6157],[-3.9016,40.6157],[-3.9018,40.6156],[-3.9019,40.6155],[-3.9021,40.6155],[-3.9023,40.6155],[-3.9025,40.6155],[-3.9026,40.6155],[-3.9028,40.6155],[-3.9029,40.6154],[-3.9031,40.6154],[-3.9029,40.6152],[-3.9027,40.615],[-3.9024,40.6148],[-3.9022,40.6147],[-3.902,40.6143],[-3.9018,40.614],[-3.9019,40.6139],[-3.902,40.6139],[-3.9021,40.6139],[-3.9023,40.6139],[-3.9024,40.6139],[-3.9026,40.6139],[-3.9028,40.614],[-3.9029,40.614],[-3.9031,40.6141],[-3.9032,40.6141],[-3.9033,40.6142],[-3.9034,40.6142],[-3.9036,40.6143],[-3.9037,40.6143],[-3.9038,40.6144],[-3.9039,40.6144],[-3.904,40.6144],[-3.9041,40.6145],[-3.9042,40.6146],[-3.9043,40.6148],[-3.9043,40.6149],[-3.9044,40.615],[-3.9044,40.6151],[-3.9044,40.6152],[-3.9045,40.6153],[-3.9046,40.6154],[-3.9047,40.6154],[-3.9048,40.6155],[-3.9049,40.6157],[-3.905,40.6158],[-3.9052,40.616],[-3.9054,40.6162],[-3.9055,40.6162],[-3.9057,40.6162],[-3.9059,40.6162],[-3.906,40.6162],[-3.9061,40.6162],[-3.9063,40.6162],[-3.9065,40.6162],[-3.9066,40.6162],[-3.9067,40.6162],[-3.9072,40.6161],[-3.9077,40.6161],[-3.9081,40.616],[-3.9085,40.6159],[-3.9086,40.6158],[-3.9087,40.6156],[-3.9088,40.6154],[-3.909,40.6154],[-3.9092,40.6155],[-3.9092,40.6155],[-3.9092,40.6156],[-3.9093,40.6156],[-3.9093,40.6156],[-3.9094,40.6156],[-3.9095,40.6156],[-3.9096,40.6156],[-3.9097,40.6155],[-3.9097,40.6154],[-3.9097,40.6152],[-3.9098,40.6151],[-3.9099,40.615],[-3.9099,40.6149],[-3.91,40.6148],[-3.9101,40.6148],[-3.9102,40.6148],[-3.9103,40.6148],[-3.9105,40.6149],[-3.9106,40.6149],[-3.9107,40.615],[-3.9107,40.6152],[-3.9107,40.6153],[-3.9107,40.6155],[-3.9105,40.6156],[-3.9104,40.6158],[-3.9103,40.6159],[-3.9103,40.616],[-3.9103,40.6161],[-3.9103,40.6161],[-3.9103,40.6161],[-3.9104,40.6161],[-3.9104,40.6161],[-3.9109,40.6161],[-3.9114,40.6162],[-3.9117,40.6163],[-3.912,40.6165],[-3.9124,40.6166],[-3.9128,40.6168],[-3.9133,40.6168],[-3.9137,40.6168],[-3.9138,40.6169],[-3.9139,40.617],[-3.914,40.617],[-3.9141,40.6171],[-3.9142,40.6171],[-3.9144,40.617],[-3.9145,40.617],[-3.9146,40.617],[-3.9147,40.617],[-3.9148,40.6169],[-3.915,40.6168],[-3.9151,40.6168],[-3.9153,40.6168],[-3.9156,40.6167],[-3.9158,40.6167],[-3.9159,40.6167],[-3.9161,40.6167],[-3.9163,40.6167],[-3.9164,40.6166],[-3.9166,40.6166],[-3.9168,40.6165],[-3.917,40.6165],[-3.9171,40.6165],[-3.9173,40.6165],[-3.9174,40.6165],[-3.9175,40.6164],[-3.9177,40.6165],[-3.9178,40.6165],[-3.9179,40.6165],[-3.9188,40.6164],[-3.9192,40.6164],[-3.9197,40.6163],[-3.9204,40.6162],[-3.9206,40.6162],[-3.9207,40.6164],[-3.9208,40.6166],[-3.9209,40.6168],[-3.921,40.617],[-3.9211,40.6172],[-3.9211,40.6174],[-3.9211,40.6176],[-3.9211,40.6177],[-3.9211,40.6179],[-3.9211,40.6181],[-3.9211,40.6182],[-3.9211,40.6182],[-3.9211,40.6183],[-3.9211,40.6183],[-3.9211,40.6184],[-3.9211,40.6184],[-3.9211,40.6185],[-3.9212,40.6185],[-3.9212,40.6186],[-3.9211,40.6187],[-3.9211,40.6188],[-3.921,40.619],[-3.9209,40.6191],[-3.9209,40.6192],[-3.9208,40.6193],[-3.9207,40.6195],[-3.9206,40.6196],[-3.9205,40.6198],[-3.9206,40.6199],[-3.9206,40.62],[-3.9206,40.6201],[-3.9207,40.6202],[-3.9207,40.6203],[-3.9208,40.6204],[-3.9208,40.6205],[-3.9209,40.6205],[-3.9209,40.6204],[-3.921,40.6204],[-3.9211,40.6204],[-3.9213,40.6203],[-3.9215,40.6203],[-3.9217,40.6203],[-3.9219,40.6204],[-3.9223,40.6203],[-3.9227,40.6203],[-3.9231,40.6203],[-3.9235,40.6203],[-3.924,40.6204],[-3.9245,40.6204],[-3.9251,40.6205],[-3.9258,40.6206],[-3.9266,40.6206],[-3.9273,40.6206],[-3.9276,40.6208],[-3.9279,40.6209],[-3.9282,40.6209],[-3.9285,40.6209],[-3.9288,40.621],[-3.9289,40.621],[-3.9291,40.6211],[-3.9293,40.6211],[-3.9295,40.6212],[-3.9298,40.6212],[-3.93,40.6213],[-3.9303,40.6213],[-3.9305,40.6214],[-3.9307,40.6214],[-3.9309,40.6214],[-3.9311,40.6214],[-3.9313,40.6214],[-3.9315,40.6215],[-3.9318,40.6216],[-3.932,40.6218],[-3.9322,40.6219],[-3.9324,40.6221],[-3.9328,40.6225],[-3.9333,40.6229],[-3.9335,40.6231],[-3.9336,40.6233],[-3.9341,40.6239],[-3.9346,40.6244],[-3.9351,40.6246],[-3.9357,40.6248],[-3.9362,40.625],[-3.9367,40.6252],[-3.937,40.6253],[-3.9373,40.6254],[-3.9374,40.6255],[-3.9376,40.6255],[-3.9379,40.6255],[-3.9382,40.6256],[-3.9386,40.6256],[-3.9389,40.6257],[-3.9392,40.6257],[-3.9396,40.6259],[-3.94,40.626],[-3.9404,40.6261],[-3.9406,40.6263],[-3.9409,40.6264],[-3.9412,40.6264],[-3.9414,40.6265],[-3.9417,40.6266],[-3.9419,40.6266],[-3.9421,40.6267],[-3.9423,40.6268],[-3.9425,40.6269],[-3.9426,40.627],[-3.9427,40.6271],[-3.9428,40.6271],[-3.9429,40.6272],[-3.943,40.6273],[-3.9431,40.6273],[-3.9432,40.6274],[-3.9432,40.6275],[-3.9432,40.6276],[-3.9432,40.6277],[-3.9432,40.6278],[-3.9433,40.6278],[-3.9433,40.6279],[-3.9436,40.6282],[-3.9439,40.6285],[-3.9441,40.6288],[-3.9444,40.6291],[-3.9446,40.6295],[-3.9448,40.6297],[-3.945,40.63],[-3.9452,40.6302],[-3.9455,40.6305],[-3.9458,40.6307],[-3.9459,40.6309],[-3.946,40.6309],[-3.9461,40.631],[-3.9463,40.6311],[-3.9466,40.6311],[-3.9469,40.6312],[-3.947,40.6312],[-3.9472,40.6312],[-3.9473,40.6313],[-3.9482,40.6316],[-3.949,40.632],[-3.9492,40.632],[-3.9493,40.6321],[-3.9495,40.6322],[-3.9496,40.6323],[-3.9497,40.6324],[-3.9499,40.6326],[-3.95,40.6327],[-3.9501,40.6329],[-3.9504,40.633],[-3.9507,40.6332],[-3.951,40.6333],[-3.9512,40.6335],[-3.9513,40.6336],[-3.9517,40.6339],[-3.952,40.6341],[-3.9523,40.6344],[-3.9527,40.6346],[-3.9528,40.6347],[-3.9529,40.6349],[-3.9531,40.635],[-3.9532,40.6351],[-3.9533,40.6351],[-3.9535,40.6352],[-3.9536,40.6352],[-3.9538,40.6352],[-3.9541,40.6352],[-3.9543,40.6352],[-3.9546,40.6351],[-3.9548,40.6351],[-3.955,40.6351],[-3.9552,40.635],[-3.9554,40.635],[-3.9556,40.6351],[-3.9557,40.6351],[-3.9559,40.6351],[-3.9561,40.6352],[-3.9564,40.635],[-3.9566,40.6347],[-3.9579,40.6331],[-3.9581,40.6329],[-3.958,40.6325],[-3.9579,40.6321],[-3.958,40.6314],[-3.9581,40.6307],[-3.9581,40.6299],[-3.9581,40.6295],[-3.9581,40.6292],[-3.9582,40.6282],[-3.9584,40.6273],[-3.9584,40.6271],[-3.9584,40.6268],[-3.9584,40.6255],[-3.9585,40.6241],[-3.9587,40.6237],[-3.9592,40.6221],[-3.9596,40.6205],[-3.9598,40.6198],[-3.96,40.6191],[-3.9588,40.6172],[-3.9588,40.6165],[-3.9588,40.6158],[-3.9589,40.6149],[-3.959,40.6139],[-3.9591,40.6123],[-3.9592,40.6106],[-3.9592,40.609],[-3.9592,40.6075],[-3.9591,40.6066],[-3.9591,40.6057],[-3.9591,40.6047],[-3.959,40.6029],[-3.959,40.6023],[-3.9591,40.6017],[-3.9582,40.6012],[-3.9574,40.6007],[-3.9567,40.6003],[-3.9561,40.6],[-3.9554,40.5995],[-3.9547,40.5989],[-3.9543,40.5986],[-3.9539,40.5983],[-3.9536,40.5979],[-3.9534,40.5978],[-3.9533,40.5977],[-3.9532,40.5976],[-3.9531,40.5974],[-3.9529,40.5973],[-3.9528,40.5972],[-3.952,40.5971],[-3.9512,40.5969],[-3.9504,40.5967],[-3.9497,40.5965],[-3.9487,40.5963],[-3.9494,40.5949],[-3.9501,40.5936],[-3.9504,40.5932],[-3.9506,40.5928],[-3.9508,40.5923],[-3.951,40.5919],[-3.9512,40.5915],[-3.9507,40.5914],[-3.9503,40.5912],[-3.9504,40.591],[-3.9504,40.5908],[-3.9506,40.5906],[-3.9503,40.5906],[-3.95,40.5905],[-3.9501,40.5902],[-3.9503,40.5898],[-3.9505,40.5895],[-3.95,40.5895],[-3.9496,40.5895],[-3.9491,40.5895],[-3.9487,40.5896],[-3.9486,40.5896],[-3.9485,40.5897],[-3.9484,40.5897],[-3.9483,40.5898],[-3.948,40.5897],[-3.9478,40.5897],[-3.9477,40.5898],[-3.9476,40.5899],[-3.9475,40.5901],[-3.9474,40.5902],[-3.9475,40.5905],[-3.9475,40.5907],[-3.9474,40.5909],[-3.9474,40.5911],[-3.9472,40.5911],[-3.947,40.5911],[-3.9468,40.591],[-3.9468,40.5911],[-3.9467,40.5911],[-3.9466,40.5911],[-3.9465,40.591],[-3.9465,40.5908],[-3.9465,40.5907],[-3.9465,40.5906],[-3.9464,40.5905],[-3.9463,40.5906],[-3.9462,40.5906],[-3.9461,40.5905],[-3.946,40.5904],[-3.9459,40.5902],[-3.9458,40.5902],[-3.9457,40.5901],[-3.9455,40.5902],[-3.9454,40.5903],[-3.9453,40.5902],[-3.9452,40.59],[-3.9452,40.5899],[-3.9451,40.5899],[-3.9449,40.5899],[-3.9448,40.5899],[-3.9447,40.5899],[-3.9445,40.59],[-3.9444,40.59],[-3.9442,40.5901],[-3.944,40.5901],[-3.9438,40.5901],[-3.9436,40.5901],[-3.9435,40.59],[-3.9434,40.59],[-3.9434,40.5899],[-3.9433,40.5898],[-3.9434,40.5898],[-3.9434,40.5897],[-3.9435,40.5895],[-3.9436,40.5894],[-3.9436,40.5893],[-3.9437,40.5891],[-3.9437,40.589],[-3.9437,40.5889],[-3.9436,40.5888],[-3.9435,40.5887],[-3.9433,40.5885],[-3.9432,40.5884],[-3.9431,40.5883],[-3.9429,40.5882],[-3.9428,40.5881],[-3.9428,40.5878],[-3.9428,40.5875],[-3.9432,40.5874],[-3.9435,40.5874],[-3.9439,40.5873],[-3.944,40.5874],[-3.9441,40.5875],[-3.9442,40.5876],[-3.9444,40.588],[-3.9446,40.5881],[-3.9447,40.5882],[-3.9448,40.5884],[-3.9448,40.5884],[-3.9448,40.5885],[-3.9448,40.5885],[-3.945,40.5886],[-3.9451,40.5887],[-3.9452,40.5887],[-3.9453,40.5887],[-3.9454,40.5887],[-3.9455,40.5886],[-3.9455,40.5886],[-3.9456,40.5885],[-3.9456,40.5884],[-3.9455,40.5883],[-3.9458,40.5879],[-3.946,40.5874],[-3.9456,40.5872],[-3.9458,40.5868],[-3.9443,40.5862],[-3.9432,40.5854],[-3.9438,40.5851],[-3.9438,40.5851],[-3.9447,40.5844],[-3.9446,40.5841],[-3.9452,40.5841],[-3.9452,40.5835],[-3.9453,40.5832],[-3.9454,40.583],[-3.9454,40.5828],[-3.9454,40.5826],[-3.9454,40.5824],[-3.9453,40.5822],[-3.9452,40.5821],[-3.9451,40.582],[-3.945,40.5819],[-3.9448,40.5818],[-3.945,40.5816],[-3.9452,40.5813],[-3.9454,40.5812],[-3.9455,40.5811],[-3.9456,40.581],[-3.9458,40.5809],[-3.9458,40.5808],[-3.9459,40.5806],[-3.9461,40.5805],[-3.9462,40.5804],[-3.9463,40.5803],[-3.9464,40.5803],[-3.9462,40.5801],[-3.946,40.58],[-3.9458,40.5799],[-3.9456,40.5797],[-3.9453,40.5796],[-3.9451,40.5795],[-3.9449,40.5794],[-3.9447,40.5792],[-3.9444,40.5791],[-3.9442,40.5791],[-3.944,40.579],[-3.9438,40.5789],[-3.9436,40.5788],[-3.9433,40.5788],[-3.9431,40.5787],[-3.9429,40.5787],[-3.9427,40.5786],[-3.9425,40.5786],[-3.9422,40.5786],[-3.942,40.5786],[-3.9418,40.5785],[-3.9415,40.5785],[-3.9413,40.5785],[-3.9411,40.5785],[-3.941,40.5789],[-3.9408,40.5793],[-3.9407,40.5797],[-3.9405,40.5801],[-3.9401,40.5801],[-3.9396,40.5801],[-3.9393,40.5801],[-3.939,40.5801],[-3.9388,40.5802],[-3.9386,40.5803],[-3.9385,40.5804],[-3.9383,40.5805],[-3.9382,40.5807],[-3.938,40.5808],[-3.9379,40.581],[-3.9379,40.5811],[-3.9378,40.5812],[-3.9371,40.5813],[-3.9364,40.5814],[-3.9357,40.5815],[-3.9356,40.5815],[-3.9354,40.5816],[-3.9353,40.5816],[-3.9351,40.5817],[-3.935,40.5818],[-3.9347,40.5819],[-3.9344,40.5821],[-3.9341,40.5822],[-3.9337,40.5828],[-3.9334,40.5834],[-3.9333,40.5833],[-3.9332,40.5833],[-3.9331,40.5834],[-3.9331,40.5834],[-3.9331,40.5835],[-3.9329,40.5837],[-3.9327,40.5839],[-3.9326,40.584],[-3.9313,40.5839],[-3.9297,40.5838],[-3.9282,40.5838],[-3.9277,40.5846],[-3.9271,40.5855],[-3.9266,40.5864],[-3.9253,40.5884],[-3.9249,40.5884],[-3.9245,40.5884],[-3.9241,40.5884],[-3.9237,40.5884],[-3.9232,40.5886],[-3.9226,40.5888],[-3.9222,40.5888],[-3.9217,40.5887],[-3.9213,40.5887],[-3.9207,40.5886],[-3.9201,40.5885],[-3.9188,40.5884],[-3.9175,40.5883],[-3.9171,40.5883],[-3.9168,40.5882],[-3.9164,40.5882],[-3.916,40.5882],[-3.916,40.5882],[-3.916,40.5883],[-3.9158,40.5885],[-3.9157,40.5887],[-3.9157,40.5889],[-3.9156,40.5892],[-3.9156,40.5894],[-3.9155,40.5897],[-3.9155,40.59],[-3.9154,40.5903],[-3.9154,40.5906],[-3.9154,40.5908],[-3.9154,40.5911],[-3.9154,40.5913],[-3.9155,40.5918],[-3.9157,40.5922],[-3.9155,40.5922],[-3.9154,40.5922],[-3.9149,40.5921],[-3.9145,40.5921],[-3.9119,40.5917],[-3.9115,40.5916],[-3.9111,40.5915],[-3.9096,40.591],[-3.9091,40.5909],[-3.9086,40.5909],[-3.9083,40.5909],[-3.908,40.5909],[-3.908,40.5909],[-3.9079,40.5908],[-3.9078,40.5908],[-3.9077,40.5908],[-3.9076,40.5908],[-3.9075,40.5908],[-3.9074,40.5908],[-3.9073,40.5907],[-3.9072,40.5907],[-3.9071,40.5907],[-3.907,40.5907],[-3.9069,40.5908],[-3.9067,40.5908],[-3.9066,40.5908],[-3.9064,40.5908],[-3.9063,40.5908],[-3.9062,40.5908],[-3.9061,40.5907],[-3.9061,40.5906],[-3.9061,40.5906],[-3.906,40.5905],[-3.9059,40.5904],[-3.9058,40.5903],[-3.9057,40.5903],[-3.9056,40.5903],[-3.9055,40.5902],[-3.9053,40.5903],[-3.9052,40.5903],[-3.9051,40.5904],[-3.905,40.5904],[-3.905,40.5904],[-3.9049,40.5904],[-3.9048,40.5903],[-3.9047,40.5902],[-3.9047,40.5901],[-3.9046,40.5901],[-3.9046,40.5901],[-3.904,40.59],[-3.9035,40.5899],[-3.9032,40.5898],[-3.9028,40.5898],[-3.9025,40.5897],[-3.9023,40.5897],[-3.9022,40.5897],[-3.902,40.5897],[-3.9019,40.5897],[-3.9017,40.5896],[-3.9016,40.5896],[-3.9015,40.5896],[-3.9015,40.5897],[-3.9014,40.5897],[-3.9011,40.5898],[-3.9009,40.5899],[-3.9006,40.59],[-3.9005,40.5901],[-3.9004,40.5901],[-3.9002,40.5901],[-3.9001,40.5901],[-3.8999,40.59],[-3.8997,40.59],[-3.8995,40.5899],[-3.8994,40.5899],[-3.8993,40.5898],[-3.8992,40.5898],[-3.8992,40.5897],[-3.8991,40.5897],[-3.8991,40.5896],[-3.8991,40.5895],[-3.899,40.5895],[-3.8989,40.5894],[-3.8988,40.5895],[-3.8988,40.5895],[-3.8987,40.5895],[-3.8987,40.5894],[-3.8986,40.5894],[-3.8983,40.5892],[-3.8979,40.589],[-3.8978,40.5889],[-3.8976,40.5888],[-3.8975,40.5888],[-3.8974,40.5887],[-3.8973,40.5887],[-3.8971,40.5888],[-3.897,40.5888],[-3.8968,40.5889],[-3.8966,40.589],[-3.8964,40.5892],[-3.8962,40.5893],[-3.896,40.5895],[-3.8959,40.5895],[-3.8958,40.5896],[-3.8956,40.5897],[-3.8955,40.5898],[-3.8954,40.5899],[-3.8953,40.59],[-3.8952,40.5901],[-3.8951,40.5902],[-3.8951,40.5903],[-3.8951,40.5903],[-3.8951,40.5904],[-3.8951,40.5904],[-3.8951,40.5904],[-3.8952,40.5904],[-3.8952,40.5905],[-3.8952,40.5906],[-3.8951,40.5906],[-3.8951,40.5907],[-3.895,40.5907],[-3.8948,40.591],[-3.8947,40.5913],[-3.8946,40.5913],[-3.8945,40.5914],[-3.8944,40.5915],[-3.8943,40.5915],[-3.8942,40.5915],[-3.8941,40.5915],[-3.894,40.5915],[-3.894,40.5916],[-3.8939,40.5916],[-3.8939,40.5917],[-3.8939,40.5917],[-3.8939,40.5919],[-3.894,40.592],[-3.894,40.5922],[-3.8939,40.5923],[-3.894,40.5924],[-3.894,40.5926],[-3.894,40.5927],[-3.894,40.5928],[-3.8939,40.5929],[-3.8938,40.593],[-3.8937,40.5931],[-3.8935,40.5932],[-3.8933,40.5932],[-3.8928,40.5933],[-3.8923,40.5934],[-3.8922,40.5936],[-3.8921,40.5938],[-3.892,40.5939],[-3.8919,40.5939],[-3.8919,40.594],[-3.8918,40.5941],[-3.8917,40.5942],[-3.8916,40.5943],[-3.8914,40.5944],[-3.8914,40.5944],[-3.8914,40.5945],[-3.8914,40.5946],[-3.8914,40.5947],[-3.8912,40.5948],[-3.891,40.5949],[-3.8908,40.595],[-3.8906,40.5951],[-3.8903,40.5952],[-3.8901,40.5953],[-3.89,40.5955],[-3.8898,40.5956],[-3.8896,40.5956],[-3.8894,40.5957],[-3.8893,40.5958],[-3.8891,40.5959],[-3.889,40.596],[-3.8888,40.5961],[-3.8886,40.5962],[-3.8884,40.5962],[-3.8879,40.5962],[-3.8875,40.5962],[-3.8874,40.5962],[-3.8873,40.5962],[-3.8872,40.5963],[-3.8871,40.5963],[-3.8869,40.5965],[-3.8866,40.5967],[-3.8865,40.5968],[-3.8864,40.5969],[-3.8862,40.597],[-3.8861,40.5971],[-3.886,40.5972],[-3.886,40.5973],[-3.886,40.5975],[-3.886,40.5978],[-3.886,40.5981],[-3.886,40.5983],[-3.886,40.5984],[-3.8859,40.5985],[-3.886,40.5986],[-3.886,40.5988],[-3.8861,40.5989],[-3.8861,40.599],[-3.8861,40.5991],[-3.8861,40.5993],[-3.8861,40.5994],[-3.886,40.5995],[-3.886,40.5996],[-3.8859,40.5997],[-3.8858,40.5998],[-3.8857,40.5999],[-3.8856,40.5999],[-3.8856,40.6],[-3.8855,40.6],[-3.8855,40.6001],[-3.8855,40.6001],[-3.8855,40.6002],[-3.8855,40.6003],[-3.8855,40.6004],[-3.8854,40.6005],[-3.8854,40.6006],[-3.8853,40.6007],[-3.8851,40.6007],[-3.8849,40.6008],[-3.8848,40.6009],[-3.8847,40.601],[-3.8846,40.601],[-3.8845,40.6011],[-3.8844,40.6011],[-3.8843,40.6011],[-3.8841,40.6011],[-3.8839,40.6012],[-3.8838,40.6013],[-3.8836,40.6013],[-3.8836,40.6014],[-3.8836,40.6015],[-3.8835,40.6016],[-3.8834,40.6016],[-3.8833,40.6017],[-3.883,40.6018],[-3.8827,40.6019],[-3.8825,40.602],[-3.8822,40.6021],[-3.8821,40.6021],[-3.8819,40.6022],[-3.8817,40.6022],[-3.8816,40.6023],[-3.8815,40.6023],[-3.8814,40.6023],[-3.8813,40.6024],[-3.8811,40.6023],[-3.881,40.6023],[-3.881,40.6023],[-3.8809,40.6023],[-3.8808,40.6023],[-3.8807,40.6023],[-3.8807,40.6023],[-3.8805,40.6023],[-3.8802,40.6023],[-3.8802,40.6023],[-3.8801,40.6023],[-3.8801,40.6022],[-3.8799,40.6021],[-3.8797,40.6019],[-3.8794,40.6017],[-3.8791,40.6015],[-3.8788,40.6012],[-3.8785,40.601],[-3.8786,40.6012],[-3.8787,40.6015],[-3.8787,40.6016],[-3.8787,40.6018],[-3.8787,40.6019],[-3.8787,40.6021],[-3.8786,40.6022],[-3.8784,40.6028],[-3.8782,40.6034],[-3.8779,40.6039],[-3.8778,40.6042],[-3.8777,40.6045],[-3.8776,40.6047],[-3.8775,40.6049],[-3.8773,40.6051],[-3.8772,40.6053],[-3.877,40.6056],[-3.8769,40.6058],[-3.8768,40.6061],[-3.8767,40.6064],[-3.8764,40.6067],[-3.8762,40.607],[-3.8759,40.6074],[-3.8757,40.6079],[-3.8752,40.6089],[-3.8746,40.6098],[-3.8741,40.6098],[-3.8736,40.6098],[-3.8731,40.6097],[-3.8726,40.6096],[-3.8714,40.6095],[-3.8702,40.6093],[-3.8698,40.6093],[-3.8695,40.6092],[-3.8689,40.6091],[-3.8683,40.609],[-3.8678,40.6089],[-3.8676,40.6089],[-3.8675,40.609],[-3.8672,40.6089],[-3.8669,40.6089],[-3.8667,40.6089],[-3.8664,40.6088],[-3.8662,40.6088],[-3.866,40.6088],[-3.8658,40.6088],[-3.8656,40.6087],[-3.8655,40.6087],[-3.8654,40.6087],[-3.8653,40.6086],[-3.8651,40.6086],[-3.865,40.6086],[-3.8649,40.6087],[-3.8647,40.6087],[-3.8645,40.6087],[-3.8645,40.6086],[-3.8645,40.6086],[-3.8644,40.6086],[-3.8644,40.6086],[-3.8643,40.6086],[-3.8643,40.6087],[-3.8643,40.6087],[-3.8645,40.6088],[-3.8647,40.6088],[-3.8649,40.6088],[-3.8651,40.6088],[-3.8653,40.6089],[-3.8656,40.6089],[-3.8658,40.6089],[-3.8659,40.609],[-3.8661,40.6091],[-3.8662,40.6092],[-3.8663,40.6093],[-3.8666,40.6097],[-3.8668,40.6101],[-3.8668,40.6102],[-3.8668,40.6103],[-3.8668,40.6104],[-3.8669,40.6105],[-3.867,40.6106],[-3.867,40.6108],[-3.8671,40.611],[-3.8671,40.6113],[-3.867,40.6114],[-3.867,40.6115],[-3.867,40.6116],[-3.867,40.6117],[-3.8671,40.6118],[-3.8671,40.6119],[-3.8671,40.6121],[-3.8671,40.6122],[-3.867,40.6123],[-3.867,40.6123],[-3.867,40.6124],[-3.867,40.6127],[-3.8671,40.6129],[-3.8671,40.613],[-3.8672,40.613],[-3.8672,40.6131],[-3.8671,40.6132],[-3.8671,40.6132],[-3.8671,40.6134],[-3.867,40.6136],[-3.867,40.6138],[-3.867,40.6139],[-3.8671,40.6143],[-3.8672,40.6146],[-3.8672,40.6147],[-3.8671,40.6148],[-3.867,40.6149],[-3.867,40.615],[-3.8669,40.6151],[-3.8669,40.6152],[-3.867,40.6153],[-3.867,40.6154],[-3.8671,40.6154],[-3.8671,40.6155],[-3.8672,40.6156],[-3.8672,40.6157],[-3.8672,40.6158],[-3.8671,40.6159],[-3.8671,40.616],[-3.867,40.616],[-3.867,40.6162],[-3.8669,40.6163],[-3.8668,40.6163],[-3.8667,40.6164],[-3.8667,40.6164],[-3.8666,40.6165],[-3.8666,40.6166],[-3.8667,40.6167],[-3.8667,40.6168],[-3.8668,40.6169],[-3.8669,40.6171],[-3.8669,40.6173],[-3.8669,40.6174],[-3.8669,40.6175],[-3.867,40.6176],[-3.867,40.6177],[-3.8671,40.6178],[-3.8673,40.6179],[-3.8676,40.618],[-3.8676,40.6181],[-3.8676,40.6181],[-3.8677,40.6182],[-3.8677,40.6183],[-3.8677,40.6183],[-3.8677,40.6184],[-3.8677,40.6185],[-3.8676,40.6185],[-3.8675,40.6186],[-3.8673,40.6189],[-3.8672,40.6192],[-3.8671,40.6194],[-3.867,40.6195],[-3.867,40.6197],[-3.867,40.6198],[-3.867,40.62],[-3.867,40.6201],[-3.867,40.6202],[-3.867,40.6202],[-3.867,40.6203],[-3.867,40.6204],[-3.8671,40.6205],[-3.8671,40.6209],[-3.8672,40.621],[-3.8673,40.6211],[-3.8674,40.6212],[-3.8675,40.6212],[-3.8675,40.6213],[-3.8676,40.6214],[-3.8676,40.6215],[-3.8677,40.6215],[-3.8678,40.6215],[-3.8679,40.6216],[-3.8679,40.6217],[-3.8679,40.6217],[-3.8679,40.6218],[-3.8679,40.6219],[-3.868,40.622],[-3.868,40.622],[-3.8681,40.6221],[-3.8682,40.6221],[-3.8683,40.6222],[-3.8684,40.6222],[-3.8684,40.6222],[-3.8685,40.6223],[-3.8685,40.6224],[-3.8685,40.6225],[-3.8686,40.6226],[-3.8687,40.6226],[-3.8688,40.6227],[-3.869,40.6228],[-3.8692,40.6229],[-3.8694,40.6229],[-3.8696,40.6229],[-3.87,40.6231],[-3.8704,40.6232],[-3.8706,40.6233],[-3.8708,40.6234],[-3.871,40.6234],[-3.8711,40.6234],[-3.8713,40.6235],[-3.8714,40.6235],[-3.8716,40.6235],[-3.8717,40.6236],[-3.8717,40.6237],[-3.8718,40.6238],[-3.8718,40.6239],[-3.8718,40.624],[-3.8719,40.624],[-3.8719,40.6241],[-3.8719,40.6242],[-3.8719,40.6242],[-3.8719,40.6243],[-3.8717,40.6243],[-3.8716,40.6244],[-3.8715,40.6245],[-3.8716,40.6246],[-3.8716,40.6248],[-3.8715,40.625],[-3.8713,40.6252],[-3.8711,40.6254],[-3.8709,40.6257],[-3.8708,40.6258],[-3.8708,40.626],[-3.8708,40.6261],[-3.8708,40.6262],[-3.8709,40.6264],[-3.8709,40.6265],[-3.8711,40.6266],[-3.8712,40.6268],[-3.8715,40.6268],[-3.8717,40.6268],[-3.8718,40.6268],[-3.8719,40.6268],[-3.872,40.6268],[-3.8721,40.6269],[-3.8722,40.627],[-3.8722,40.627],[-3.8723,40.6271],[-3.8723,40.6272],[-3.8723,40.6273],[-3.8723,40.6274],[-3.8723,40.6275],[-3.8723,40.6276],[-3.8723,40.6277],[-3.8722,40.6277],[-3.8723,40.6278],[-3.8724,40.6279],[-3.8724,40.628],[-3.8725,40.6281],[-3.8725,40.6282],[-3.8726,40.6283],[-3.8726,40.6284],[-3.8726,40.6285],[-3.8726,40.6286],[-3.8726,40.6287],[-3.8727,40.6287],[-3.8727,40.6288],[-3.8728,40.6288],[-3.8729,40.629],[-3.8729,40.6292],[-3.873,40.6293],[-3.8731,40.6294],[-3.8732,40.6294],[-3.8733,40.6294],[-3.8734,40.6295],[-3.8735,40.6296],[-3.8736,40.6297],[-3.8737,40.6297],[-3.8737,40.6298],[-3.8737,40.6299],[-3.8738,40.6299],[-3.8738,40.6299],[-3.8739,40.63],[-3.874,40.63],[-3.874,40.63],[-3.874,40.63],[-3.874,40.63],[-3.874,40.6301],[-3.8737,40.6302],[-3.8734,40.6302],[-3.8731,40.6303],[-3.8724,40.6304],[-3.8718,40.6304],[-3.8711,40.6305],[-3.871,40.6304],[-3.8709,40.6304],[-3.8708,40.6304],[-3.8707,40.6304],[-3.8706,40.6305],[-3.8706,40.6305],[-3.8705,40.6306],[-3.8705,40.6307],[-3.8705,40.6309],[-3.8704,40.6311],[-3.8704,40.6313],[-3.8704,40.6314],[-3.8703,40.6314],[-3.8702,40.6314],[-3.8701,40.6314],[-3.8701,40.6314],[-3.8697,40.6315],[-3.8693,40.6316],[-3.8689,40.6317],[-3.8685,40.6318],[-3.8678,40.6319],[-3.8671,40.632],[-3.8663,40.6322],[-3.8656,40.6323],[-3.8644,40.6326],[-3.8631,40.6329],[-3.8628,40.6328],[-3.8624,40.6328],[-3.8619,40.6327],[-3.8613,40.6327],[-3.8611,40.6327],[-3.8609,40.6327],[-3.8607,40.6327],[-3.8606,40.6327],[-3.8605,40.6327],[-3.8603,40.6328],[-3.8601,40.6328],[-3.8589,40.6332],[-3.8578,40.6335],[-3.8567,40.6338],[-3.8566,40.6339],[-3.8566,40.6339],[-3.8566,40.634],[-3.8566,40.6341],[-3.8566,40.6341],[-3.8567,40.6342],[-3.8568,40.6342],[-3.8569,40.6343],[-3.857,40.6344],[-3.8571,40.6345],[-3.8571,40.6347],[-3.857,40.6349],[-3.857,40.6351],[-3.857,40.6352],[-3.857,40.6353],[-3.8571,40.6354],[-3.8571,40.6355],[-3.8573,40.6356],[-3.8574,40.6357],[-3.8575,40.6358],[-3.8575,40.6358],[-3.8576,40.6358],[-3.8576,40.6359],[-3.8575,40.636]],[[-3.8984,40.6081],[-3.8982,40.6081],[-3.8979,40.6081],[-3.8977,40.6081],[-3.8976,40.6081],[-3.8974,40.6081],[-3.8973,40.6081],[-3.8972,40.608],[-3.897,40.6079],[-3.8969,40.6078],[-3.8968,40.6077],[-3.8968,40.6075],[-3.8967,40.6074],[-3.8967,40.6072],[-3.8967,40.6071],[-3.8967,40.607],[-3.8966,40.6068],[-3.8965,40.6067],[-3.8964,40.6065],[-3.8963,40.6064],[-3.8963,40.6062],[-3.8964,40.606],[-3.8964,40.606],[-3.8964,40.6059],[-3.8964,40.6058],[-3.8964,40.6057],[-3.8963,40.6056],[-3.8963,40.6055],[-3.8963,40.6055],[-3.8964,40.6054],[-3.8964,40.6053],[-3.8964,40.6053],[-3.8965,40.6052],[-3.8965,40.6051],[-3.8965,40.605],[-3.8965,40.6049],[-3.8965,40.6048],[-3.8964,40.6048],[-3.8964,40.6047],[-3.8964,40.6047],[-3.8964,40.6046],[-3.8965,40.6045],[-3.8965,40.6045],[-3.8966,40.6044],[-3.8966,40.6044],[-3.8966,40.6043],[-3.8967,40.6042],[-3.8968,40.6042],[-3.8968,40.6041],[-3.8968,40.6041],[-3.8969,40.6039],[-3.8969,40.6038],[-3.8969,40.6037],[-3.8969,40.6035],[-3.8969,40.6035],[-3.8969,40.6034],[-3.897,40.6033],[-3.897,40.6032],[-3.8971,40.6032],[-3.8971,40.6031],[-3.8972,40.6031],[-3.8973,40.6031],[-3.8974,40.6031],[-3.8975,40.6031],[-3.8977,40.6031],[-3.8978,40.6031],[-3.8978,40.6031],[-3.8979,40.6032],[-3.898,40.6032],[-3.898,40.6032],[-3.8981,40.6032],[-3.8981,40.6031],[-3.8981,40.6031],[-3.8981,40.6031],[-3.8981,40.603],[-3.898,40.603],[-3.898,40.6029],[-3.898,40.6029],[-3.8981,40.6028],[-3.8981,40.6028],[-3.898,40.6028],[-3.898,40.6027],[-3.8979,40.6027],[-3.8979,40.6027],[-3.8978,40.6027],[-3.8978,40.6027],[-3.8977,40.6027],[-3.8977,40.6026],[-3.8977,40.6026],[-3.8977,40.6024],[-3.8976,40.6023],[-3.8976,40.6022],[-3.8976,40.6021],[-3.8976,40.602],[-3.8976,40.6019],[-3.8977,40.6018],[-3.8977,40.6017],[-3.8978,40.6016],[-3.898,40.6014],[-3.8981,40.6013],[-3.8983,40.6012],[-3.8985,40.6011],[-3.8986,40.601],[-3.8986,40.601],[-3.8987,40.6009],[-3.8988,40.6009],[-3.8989,40.6008],[-3.899,40.6008],[-3.8991,40.6008],[-3.8992,40.6008],[-3.8993,40.6008],[-3.8994,40.6008],[-3.8995,40.6008],[-3.8995,40.6009],[-3.8996,40.6009],[-3.8997,40.6012],[-3.8999,40.6014],[-3.9,40.6015],[-3.9002,40.6016],[-3.9004,40.6017],[-3.9005,40.6017],[-3.9009,40.6017],[-3.9012,40.6016],[-3.9014,40.6016],[-3.9015,40.6016],[-3.9017,40.6016],[-3.9018,40.6016],[-3.902,40.6016],[-3.9021,40.6017],[-3.9022,40.6017],[-3.9024,40.6018],[-3.9025,40.6019],[-3.9026,40.6019],[-3.9028,40.602],[-3.9029,40.602],[-3.9031,40.602],[-3.9032,40.602],[-3.9034,40.602],[-3.9035,40.602],[-3.9036,40.602],[-3.9037,40.602],[-3.9038,40.6019],[-3.9038,40.6018],[-3.9039,40.6016],[-3.9041,40.6016],[-3.9043,40.6015],[-3.9044,40.6015],[-3.9045,40.6014],[-3.9046,40.6014],[-3.9046,40.6013],[-3.9046,40.6013],[-3.9046,40.6012],[-3.9047,40.6012],[-3.9047,40.6011],[-3.9047,40.601],[-3.9048,40.6009],[-3.9049,40.601],[-3.905,40.601],[-3.9051,40.601],[-3.9052,40.6011],[-3.9053,40.6012],[-3.9054,40.6012],[-3.9055,40.6012],[-3.9056,40.6013],[-3.9057,40.6013],[-3.9058,40.6013],[-3.9059,40.6013],[-3.9061,40.6013],[-3.9063,40.6013],[-3.9064,40.6013],[-3.9065,40.6013],[-3.9069,40.6014],[-3.9073,40.6014],[-3.9074,40.6014],[-3.9076,40.6014],[-3.9076,40.6012],[-3.9077,40.6011],[-3.9077,40.601],[-3.9078,40.6008],[-3.9084,40.6005],[-3.9087,40.6003],[-3.9091,40.6001],[-3.9094,40.5999],[-3.9097,40.5998],[-3.9099,40.6],[-3.9101,40.6001],[-3.9104,40.6003],[-3.9104,40.6004],[-3.9104,40.6004],[-3.9105,40.6005],[-3.9106,40.6005],[-3.9107,40.6006],[-3.9111,40.6006],[-3.9116,40.6007],[-3.9118,40.6006],[-3.9121,40.6006],[-3.9123,40.6007],[-3.9125,40.6007],[-3.9127,40.6007],[-3.9128,40.6008],[-3.9127,40.601],[-3.9126,40.6012],[-3.9125,40.6012],[-3.9124,40.6013],[-3.9123,40.6014],[-3.9123,40.6015],[-3.9123,40.6016],[-3.9123,40.6017],[-3.9117,40.602],[-3.9112,40.6024],[-3.9108,40.6026],[-3.9104,40.6029],[-3.9102,40.6031],[-3.9094,40.6034],[-3.9087,40.6037],[-3.908,40.6041],[-3.9074,40.6043],[-3.9069,40.6046],[-3.9065,40.6048],[-3.9061,40.6049],[-3.9057,40.6051],[-3.9053,40.6052],[-3.9049,40.6053],[-3.9047,40.6054],[-3.9045,40.6054],[-3.9043,40.6054],[-3.9041,40.6055],[-3.9036,40.6058],[-3.903,40.6062],[-3.9026,40.6064],[-3.9023,40.6065],[-3.9018,40.6068],[-3.9013,40.607],[-3.9014,40.6072],[-3.9014,40.6074],[-3.9015,40.6076],[-3.9013,40.6076],[-3.9011,40.6076],[-3.9009,40.6077],[-3.9007,40.6077],[-3.9004,40.6078],[-3.9002,40.608],[-3.9001,40.608],[-3.9,40.608],[-3.8999,40.608],[-3.8998,40.608],[-3.8997,40.608],[-3.8997,40.6081],[-3.8995,40.6081],[-3.8993,40.6081],[-3.8992,40.6081],[-3.8991,40.6081],[-3.899,40.6081],[-3.8989,40.6082],[-3.8989,40.6082],[-3.8987,40.6082],[-3.8984,40.6081]],[[-3.9372,40.6176],[-3.9371,40.6176],[-3.9369,40.6176],[-3.9367,40.6176],[-3.9366,40.6174],[-3.9364,40.6173],[-3.9361,40.6171],[-3.9358,40.617],[-3.9356,40.6169],[-3.9354,40.6169],[-3.9352,40.6168],[-3.935,40.6166],[-3.9348,40.6166],[-3.9347,40.6165],[-3.9345,40.6164],[-3.9343,40.6164],[-3.9341,40.6163],[-3.9339,40.6162],[-3.9336,40.6162],[-3.9333,40.6161],[-3.9332,40.616],[-3.9332,40.616],[-3.9328,40.6158],[-3.9324,40.6158],[-3.9325,40.615],[-3.9326,40.6146],[-3.9327,40.6142],[-3.9316,40.6143],[-3.9305,40.6145],[-3.9299,40.6146],[-3.9293,40.6148],[-3.9287,40.6149],[-3.9289,40.6139],[-3.929,40.6128],[-3.9291,40.6126],[-3.9291,40.6124],[-3.9291,40.6122],[-3.9292,40.6119],[-3.9293,40.6119],[-3.9294,40.6119],[-3.9295,40.6119],[-3.9296,40.6119],[-3.9296,40.6119],[-3.9297,40.6119],[-3.9307,40.6116],[-3.9318,40.6115],[-3.9319,40.6114],[-3.9321,40.6113],[-3.9328,40.6108],[-3.9332,40.6105],[-3.9337,40.6101],[-3.9343,40.6097],[-3.9349,40.6093],[-3.9354,40.6089],[-3.9358,40.6086],[-3.936,40.6082],[-3.9361,40.6078],[-3.9362,40.6075],[-3.9363,40.6073],[-3.9361,40.6071],[-3.9358,40.6068],[-3.9358,40.6067],[-3.9357,40.6066],[-3.9355,40.6064],[-3.9353,40.6062],[-3.9353,40.606],[-3.9354,40.6057],[-3.9356,40.6054],[-3.936,40.6053],[-3.9362,40.6053],[-3.9364,40.6052],[-3.9366,40.605],[-3.9367,40.6047],[-3.9366,40.6044],[-3.9365,40.6042],[-3.9361,40.6041],[-3.9358,40.604],[-3.9356,40.6038],[-3.9355,40.6036],[-3.9352,40.6033],[-3.935,40.603],[-3.9349,40.603],[-3.9347,40.603],[-3.9346,40.6031],[-3.9345,40.6031],[-3.9344,40.6032],[-3.9342,40.6032],[-3.9339,40.6031],[-3.9336,40.6029],[-3.9335,40.6029],[-3.9333,40.6029],[-3.9333,40.6028],[-3.9332,40.6027],[-3.9326,40.6028],[-3.932,40.6028],[-3.9314,40.6029],[-3.9309,40.603],[-3.9304,40.6032],[-3.9299,40.6032],[-3.9297,40.6033],[-3.9295,40.6034],[-3.9297,40.6031],[-3.93,40.6029],[-3.9302,40.6025],[-3.9303,40.6022],[-3.9305,40.6021],[-3.9306,40.6021],[-3.9306,40.602],[-3.9307,40.6018],[-3.9307,40.6016],[-3.9307,40.6014],[-3.9308,40.6006],[-3.931,40.5999],[-3.9311,40.5992],[-3.9317,40.5993],[-3.9322,40.5993],[-3.9329,40.5993],[-3.9337,40.5993],[-3.934,40.5992],[-3.9343,40.5992],[-3.9345,40.5992],[-3.9348,40.5992],[-3.935,40.5992],[-3.9353,40.5993],[-3.9363,40.5993],[-3.9369,40.5993],[-3.9375,40.5993],[-3.9386,40.5993],[-3.9398,40.5993],[-3.9403,40.5993],[-3.9409,40.5994],[-3.9413,40.5994],[-3.9417,40.5994],[-3.9422,40.5995],[-3.9428,40.5996],[-3.9433,40.5996],[-3.9438,40.5997],[-3.9442,40.5998],[-3.9446,40.5998],[-3.945,40.6],[-3.9452,40.5989],[-3.9454,40.5978],[-3.9465,40.5978],[-3.9469,40.5978],[-3.9474,40.5978],[-3.948,40.5978],[-3.9486,40.5977],[-3.9489,40.5978],[-3.9493,40.5978],[-3.9499,40.5978],[-3.9506,40.5978],[-3.9516,40.5978],[-3.9523,40.5978],[-3.9527,40.5978],[-3.9521,40.5984],[-3.9515,40.599],[-3.9512,40.5994],[-3.9508,40.5999],[-3.9505,40.6004],[-3.9505,40.6008],[-3.9504,40.6012],[-3.9501,40.6016],[-3.9498,40.6021],[-3.9495,40.6028],[-3.9492,40.6035],[-3.949,40.6042],[-3.9487,40.605],[-3.9484,40.6057],[-3.9482,40.6061],[-3.948,40.6064],[-3.9476,40.6073],[-3.9471,40.6081],[-3.947,40.609],[-3.9469,40.6098],[-3.9467,40.6108],[-3.9458,40.6119],[-3.9449,40.6129],[-3.9445,40.6139],[-3.9442,40.6148],[-3.9432,40.6166],[-3.9429,40.617],[-3.9427,40.6173],[-3.9425,40.6177],[-3.9399,40.6179],[-3.9386,40.618],[-3.938,40.6178],[-3.9374,40.6177],[-3.9372,40.6176]]]},"geometry_name":"GEOMETRY1","properties":{"CD_TIPO_ZONA":"B1","DS_TIPO_ZONA":"B1: Parque Comarcal Agropecuario Protector.","NM_AREA_M":null,"NM_AREA_HA":null}},{"type":"Feature","id":"IDEM_MA_PR_CA_MANZANARES.48","geometry":{"type":"Polygon","coordinates":[[[-3.8936,40.7153],[-3.8945,40.7161],[-3.8955,40.7169],[-3.8975,40.7186],[-3.8976,40.719],[-3.8982,40.7211],[-3.8984,40.7216],[-3.8986,40.7231],[-3.8986,40.7234],[-3.8987,40.7233],[-3.8988,40.7233],[-3.8989,40.7232],[-3.899,40.7232],[-3.899,40.7231],[-3.8991,40.7231],[-3.8992,40.723],[-3.8993,40.723],[-3.8994,40.723],[-3.8996,40.7229],[-3.8997,40.7229],[-3.8998,40.7229],[-3.8999,40.7229],[-3.9001,40.7229],[-3.9003,40.7229],[-3.9007,40.7228],[-3.9011,40.7228],[-3.9014,40.7228],[-3.9018,40.7228],[-3.9021,40.7228],[-3.9023,40.7228],[-3.9025,40.7228],[-3.9027,40.7228],[-3.903,40.7228],[-3.9032,40.7228],[-3.9035,40.7228],[-3.9037,40.7228],[-3.904,40.7228],[-3.9042,40.7228],[-3.9045,40.7228],[-3.9046,40.7228],[-3.9047,40.7228],[-3.9048,40.7229],[-3.905,40.7229],[-3.9051,40.7229],[-3.9052,40.7229],[-3.9053,40.7229],[-3.9054,40.723],[-3.9056,40.723],[-3.9059,40.723],[-3.9061,40.723],[-3.9063,40.723],[-3.9064,40.723],[-3.9066,40.723],[-3.9068,40.723],[-3.9069,40.723],[-3.9071,40.723],[-3.9072,40.723],[-3.9074,40.723],[-3.9075,40.723],[-3.9077,40.723],[-3.9078,40.7231],[-3.908,40.7231],[-3.9081,40.7232],[-3.9083,40.7232],[-3.9085,40.7233],[-3.9087,40.7234],[-3.9089,40.7235],[-3.9091,40.7237],[-3.9093,40.7238],[-3.9095,40.724],[-3.9097,40.7241],[-3.9098,40.7242],[-3.9099,40.7243],[-3.91,40.7243],[-3.9101,40.7244],[-3.9102,40.7245],[-3.9103,40.7246],[-3.9103,40.7246],[-3.9104,40.7247],[-3.9104,40.7248],[-3.9104,40.7248],[-3.9104,40.7249],[-3.9105,40.7249],[-3.9105,40.725],[-3.9105,40.725],[-3.9106,40.725],[-3.9106,40.7251],[-3.9107,40.7251],[-3.9107,40.7251],[-3.9108,40.7251],[-3.9108,40.7252],[-3.9111,40.7253],[-3.9113,40.7254],[-3.9116,40.7256],[-3.9119,40.7257],[-3.9122,40.7259],[-3.9124,40.726],[-3.9126,40.7261],[-3.9129,40.7262],[-3.9131,40.7264],[-3.9133,40.7265],[-3.9134,40.7266],[-3.9134,40.7266],[-3.9135,40.7267],[-3.9136,40.7268],[-3.9137,40.7269],[-3.9138,40.7269],[-3.9139,40.727],[-3.914,40.727],[-3.9141,40.7271],[-3.9141,40.7271],[-3.9142,40.7271],[-3.9143,40.7272],[-3.9144,40.7272],[-3.9145,40.7273],[-3.9146,40.7273],[-3.9147,40.7274],[-3.9148,40.7274],[-3.9148,40.7275],[-3.9149,40.7276],[-3.915,40.7277],[-3.9151,40.7277],[-3.9152,40.7278],[-3.9153,40.7279],[-3.9154,40.7279],[-3.9155,40.728],[-3.9156,40.728],[-3.9157,40.7281],[-3.9158,40.7281],[-3.9159,40.7281],[-3.916,40.7282],[-3.9163,40.7283],[-3.9166,40.7283],[-3.9169,40.7284],[-3.9172,40.7285],[-3.9173,40.7285],[-3.9173,40.7285],[-3.9174,40.7285],[-3.9174,40.7285],[-3.9175,40.7285],[-3.9175,40.7285],[-3.9176,40.7285],[-3.9176,40.7285],[-3.9177,40.7285],[-3.9177,40.7284],[-3.9178,40.7284],[-3.9179,40.7284],[-3.9181,40.7284],[-3.9182,40.7284],[-3.9183,40.7283],[-3.9184,40.7283],[-3.9185,40.7283],[-3.9186,40.7283],[-3.9187,40.7284],[-3.9187,40.7284],[-3.9188,40.7284],[-3.9189,40.7284],[-3.9189,40.7284],[-3.919,40.7285],[-3.919,40.7285],[-3.9191,40.7285],[-3.9191,40.7286],[-3.9193,40.7286],[-3.9194,40.7287],[-3.9195,40.7287],[-3.9196,40.7288],[-3.9198,40.7288],[-3.9199,40.7289],[-3.92,40.7289],[-3.92,40.7289],[-3.92,40.7289],[-3.92,40.7289],[-3.9201,40.729],[-3.9202,40.729],[-3.9203,40.729],[-3.9203,40.7291],[-3.9204,40.7291],[-3.9205,40.7292],[-3.9205,40.7292],[-3.9206,40.7292],[-3.9206,40.7293],[-3.9206,40.7293],[-3.9207,40.7294],[-3.9207,40.7294],[-3.9207,40.7295],[-3.9208,40.7295],[-3.9208,40.7296],[-3.9209,40.7296],[-3.9209,40.7297],[-3.921,40.7297],[-3.921,40.7297],[-3.9211,40.7297],[-3.9212,40.7298],[-3.9212,40.7298],[-3.9214,40.7298],[-3.9215,40.7298],[-3.9216,40.7298],[-3.9217,40.7298],[-3.9218,40.7298],[-3.922,40.7298],[-3.9222,40.7298],[-3.9225,40.7298],[-3.9226,40.7299],[-3.9227,40.7299],[-3.9228,40.73],[-3.9229,40.7301],[-3.923,40.7301],[-3.9231,40.7302],[-3.9232,40.7302],[-3.9233,40.7302],[-3.9235,40.7303],[-3.9236,40.7303],[-3.9237,40.7303],[-3.9239,40.7304],[-3.924,40.7304],[-3.9242,40.7304],[-3.9244,40.7305],[-3.9245,40.7305],[-3.9247,40.7306],[-3.9249,40.7307],[-3.9251,40.7307],[-3.9253,40.7308],[-3.9255,40.7308],[-3.9256,40.7309],[-3.9258,40.7309],[-3.926,40.731],[-3.9261,40.7311],[-3.9265,40.7312],[-3.9268,40.7313],[-3.9271,40.7314],[-3.9275,40.7315],[-3.9279,40.7317],[-3.928,40.7317],[-3.9281,40.7317],[-3.9282,40.7318],[-3.9284,40.7318],[-3.9285,40.7319],[-3.9286,40.732],[-3.9287,40.732],[-3.9288,40.7321],[-3.9289,40.7321],[-3.9289,40.7321],[-3.929,40.7322],[-3.929,40.7322],[-3.9291,40.7322],[-3.9291,40.7322],[-3.9292,40.7323],[-3.9293,40.7323],[-3.9294,40.7323],[-3.9295,40.7323],[-3.9296,40.7323],[-3.9298,40.7323],[-3.9299,40.7323],[-3.9301,40.7323],[-3.9303,40.7323],[-3.9304,40.7323],[-3.9306,40.7323],[-3.9307,40.7323],[-3.9307,40.7323],[-3.9308,40.7324],[-3.9309,40.7324],[-3.931,40.7324],[-3.9311,40.7325],[-3.9311,40.7325],[-3.9312,40.7326],[-3.9313,40.7326],[-3.9314,40.7327],[-3.9315,40.7327],[-3.9315,40.7327],[-3.9316,40.7328],[-3.9317,40.7328],[-3.9318,40.7328],[-3.9319,40.7328],[-3.932,40.7328],[-3.932,40.7328],[-3.9321,40.7328],[-3.9322,40.7328],[-3.9322,40.7328],[-3.9324,40.7328],[-3.9325,40.7327],[-3.9327,40.7327],[-3.9328,40.7327],[-3.9329,40.7327],[-3.9331,40.7326],[-3.9332,40.7326],[-3.9334,40.7327],[-3.9336,40.7327],[-3.9338,40.7327],[-3.934,40.7327],[-3.9342,40.7328],[-3.9344,40.7328],[-3.9345,40.7328],[-3.9347,40.7328],[-3.9349,40.7328],[-3.9351,40.7328],[-3.9353,40.7328],[-3.9356,40.7328],[-3.9359,40.7327],[-3.9362,40.7327],[-3.9367,40.7326],[-3.9372,40.7326],[-3.9376,40.7325],[-3.9379,40.7325],[-3.9382,40.7325],[-3.9384,40.7325],[-3.9387,40.7325],[-3.9389,40.7326],[-3.9391,40.7326],[-3.9394,40.7326],[-3.9396,40.7327],[-3.9397,40.7327],[-3.9399,40.7327],[-3.94,40.7328],[-3.9402,40.7328],[-3.9402,40.7328],[-3.9402,40.7327],[-3.9406,40.7327],[-3.9406,40.7327],[-3.9406,40.7327],[-3.9409,40.7326],[-3.9412,40.7325],[-3.9414,40.7325],[-3.9415,40.7325],[-3.9417,40.7324],[-3.9418,40.7324],[-3.9418,40.7323],[-3.9418,40.7323],[-3.9418,40.7323],[-3.9418,40.7323],[-3.9418,40.7322],[-3.9418,40.7322],[-3.9418,40.7322],[-3.9418,40.7322],[-3.9418,40.7322],[-3.9417,40.7321],[-3.9417,40.7321],[-3.9417,40.7321],[-3.9417,40.7321],[-3.9417,40.7321],[-3.9417,40.7321],[-3.9416,40.7321],[-3.9416,40.732],[-3.9416,40.732],[-3.9415,40.732],[-3.9415,40.732],[-3.9415,40.732],[-3.9414,40.732],[-3.9414,40.7319],[-3.9414,40.7319],[-3.9414,40.7319],[-3.9414,40.7319],[-3.9414,40.7319],[-3.9414,40.7319],[-3.9414,40.7319],[-3.9414,40.7319],[-3.9413,40.7319],[-3.9413,40.7319],[-3.9413,40.7318],[-3.9413,40.7318],[-3.9413,40.7318],[-3.9413,40.7318],[-3.9413,40.7318],[-3.9413,40.7318],[-3.9413,40.7318],[-3.9413,40.7318],[-3.9413,40.7318],[-3.9413,40.7317],[-3.9413,40.7317],[-3.9413,40.7317],[-3.9413,40.7317],[-3.9413,40.7317],[-3.9413,40.7317],[-3.9413,40.7317],[-3.9413,40.7317],[-3.9413,40.7316],[-3.9413,40.7316],[-3.9413,40.7316],[-3.9413,40.7316],[-3.9413,40.7316],[-3.9413,40.7316],[-3.9413,40.7316],[-3.9414,40.7315],[-3.9414,40.7315],[-3.9414,40.7314],[-3.9415,40.7313],[-3.9415,40.7312],[-3.9415,40.7312],[-3.9415,40.7311],[-3.9415,40.7311],[-3.9415,40.7311],[-3.9415,40.731],[-3.9415,40.7309],[-3.9415,40.7309],[-3.9415,40.7308],[-3.9415,40.7308],[-3.9415,40.7308],[-3.9415,40.7308],[-3.9415,40.7307],[-3.9415,40.7307],[-3.9415,40.7307],[-3.9414,40.7306],[-3.9414,40.7305],[-3.9414,40.7305],[-3.9413,40.7304],[-3.9413,40.7304],[-3.9413,40.7304],[-3.9413,40.7304],[-3.9413,40.7304],[-3.9413,40.7304],[-3.9412,40.7303],[-3.9412,40.7303],[-3.9412,40.7303],[-3.9412,40.7303],[-3.9411,40.7302],[-3.9411,40.7302],[-3.9411,40.7302],[-3.9411,40.7302],[-3.941,40.7301],[-3.941,40.7301],[-3.9408,40.7299],[-3.9406,40.7298],[-3.9404,40.7296],[-3.9403,40.7295],[-3.9402,40.7294],[-3.9401,40.7293],[-3.94,40.7292],[-3.94,40.7292],[-3.9399,40.7291],[-3.9398,40.729],[-3.9398,40.7289],[-3.9397,40.7289],[-3.9397,40.7289],[-3.9397,40.7289],[-3.9396,40.7288],[-3.9395,40.7287],[-3.9395,40.7287],[-3.9395,40.7287],[-3.9394,40.7287],[-3.9393,40.7286],[-3.9392,40.7286],[-3.9391,40.7285],[-3.939,40.7285],[-3.9389,40.7284],[-3.9388,40.7284],[-3.9388,40.7284],[-3.9388,40.7284],[-3.9388,40.7284],[-3.9387,40.7284],[-3.9387,40.7284],[-3.9387,40.7284],[-3.9386,40.7284],[-3.9386,40.7284],[-3.9386,40.7284],[-3.9385,40.7284],[-3.9385,40.7284],[-3.9384,40.7284],[-3.9383,40.7284],[-3.9383,40.7284],[-3.9383,40.7284],[-3.9383,40.7284],[-3.9382,40.7284],[-3.9381,40.7284],[-3.938,40.7284],[-3.9379,40.7284],[-3.9378,40.7283],[-3.9378,40.7283],[-3.9377,40.7283],[-3.9374,40.7282],[-3.9374,40.7282],[-3.9374,40.7281],[-3.9373,40.7281],[-3.9372,40.7281],[-3.9371,40.728],[-3.9371,40.728],[-3.937,40.728],[-3.9369,40.7279],[-3.9368,40.7279],[-3.9368,40.7279],[-3.9367,40.7278],[-3.9367,40.7278],[-3.9366,40.7278],[-3.9365,40.7277],[-3.9364,40.7277],[-3.9364,40.7277],[-3.9362,40.7276],[-3.9359,40.7274],[-3.9356,40.7273],[-3.9354,40.7271],[-3.9352,40.727],[-3.935,40.7269],[-3.9348,40.7267],[-3.9347,40.7266],[-3.9347,40.7266],[-3.9346,40.7265],[-3.9346,40.7265],[-3.9346,40.7265],[-3.9345,40.7264],[-3.9345,40.7264],[-3.9345,40.7264],[-3.9343,40.7263],[-3.9342,40.7261],[-3.9341,40.7261],[-3.9341,40.7261],[-3.9341,40.7261],[-3.934,40.726],[-3.934,40.726],[-3.9339,40.726],[-3.9339,40.7259],[-3.9339,40.7259],[-3.9337,40.7258],[-3.9335,40.7257],[-3.9333,40.7255],[-3.9331,40.7253],[-3.9329,40.7252],[-3.9327,40.7251],[-3.9326,40.7251],[-3.9326,40.7251],[-3.9326,40.7251],[-3.9324,40.725],[-3.9323,40.725],[-3.9323,40.725],[-3.9323,40.725],[-3.9321,40.7249],[-3.932,40.7249],[-3.932,40.7249],[-3.9318,40.7248],[-3.9316,40.7247],[-3.9314,40.7247],[-3.9314,40.7247],[-3.9314,40.7247],[-3.9313,40.7246],[-3.9311,40.7245],[-3.931,40.7245],[-3.9309,40.7244],[-3.9307,40.7243],[-3.9306,40.7242],[-3.9305,40.7241],[-3.9304,40.7241],[-3.9303,40.724],[-3.9301,40.7239],[-3.93,40.7239],[-3.93,40.7239],[-3.9299,40.7238],[-3.9298,40.7238],[-3.9297,40.7237],[-3.9295,40.7237],[-3.9294,40.7236],[-3.9292,40.7236],[-3.9291,40.7236],[-3.929,40.7235],[-3.929,40.7235],[-3.9289,40.7234],[-3.9287,40.7234],[-3.9286,40.7233],[-3.9285,40.7232],[-3.9284,40.7232],[-3.9282,40.7231],[-3.9281,40.723],[-3.9279,40.723],[-3.9278,40.7229],[-3.9276,40.7228],[-3.9275,40.7227],[-3.9274,40.7226],[-3.9273,40.7226],[-3.9272,40.7225],[-3.9271,40.7225],[-3.9271,40.7224],[-3.927,40.7224],[-3.9269,40.7223],[-3.9268,40.7223],[-3.9267,40.7222],[-3.9266,40.7222],[-3.9266,40.7222],[-3.9265,40.7222],[-3.9264,40.7222],[-3.9264,40.7222],[-3.9264,40.7222],[-3.9263,40.7222],[-3.9263,40.7222],[-3.9263,40.7222],[-3.9263,40.7222],[-3.9262,40.7222],[-3.926,40.7222],[-3.9259,40.7222],[-3.9258,40.7221],[-3.9258,40.7221],[-3.9256,40.7221],[-3.9255,40.7221],[-3.9254,40.722],[-3.9253,40.722],[-3.9251,40.7219],[-3.925,40.7219],[-3.925,40.7219],[-3.925,40.7219],[-3.925,40.7219],[-3.9249,40.7218],[-3.9249,40.7218],[-3.9249,40.7218],[-3.9248,40.7218],[-3.9248,40.7218],[-3.9247,40.7218],[-3.9247,40.7218],[-3.9246,40.7218],[-3.9247,40.722],[-3.9248,40.7222],[-3.9248,40.7224],[-3.9249,40.7226],[-3.925,40.7228],[-3.9251,40.723],[-3.9251,40.7231],[-3.9251,40.7231],[-3.9251,40.7231],[-3.9251,40.7231],[-3.9251,40.7231],[-3.9251,40.7232],[-3.9251,40.7232],[-3.9252,40.7233],[-3.9252,40.7234],[-3.9252,40.7235],[-3.9253,40.7237],[-3.9253,40.7237],[-3.9253,40.7237],[-3.9254,40.7238],[-3.9254,40.7238],[-3.9254,40.724],[-3.9254,40.724],[-3.9254,40.724],[-3.9255,40.7241],[-3.9255,40.7241],[-3.9255,40.7242],[-3.9256,40.7242],[-3.9256,40.7242],[-3.9256,40.7242],[-3.9256,40.7243],[-3.9256,40.7243],[-3.9256,40.7244],[-3.9256,40.7244],[-3.9256,40.7244],[-3.9256,40.7244],[-3.9256,40.7244],[-3.9256,40.7245],[-3.9256,40.7245],[-3.9256,40.7245],[-3.9256,40.7245],[-3.9256,40.7245],[-3.9255,40.7245],[-3.9255,40.7245],[-3.9255,40.7245],[-3.9255,40.7245],[-3.9255,40.7245],[-3.9255,40.7246],[-3.9255,40.7246],[-3.9255,40.7246],[-3.9255,40.7246],[-3.9255,40.7246],[-3.9255,40.7246],[-3.9255,40.7246],[-3.9254,40.7246],[-3.9254,40.7246],[-3.9254,40.7246],[-3.9254,40.7246],[-3.9254,40.7246],[-3.9254,40.7246],[-3.9254,40.7246],[-3.9254,40.7246],[-3.9254,40.7246],[-3.9253,40.7247],[-3.9253,40.7247],[-3.9253,40.7247],[-3.9253,40.7247],[-3.9252,40.7247],[-3.9252,40.7247],[-3.9252,40.7247],[-3.9252,40.7247],[-3.9252,40.7247],[-3.9252,40.7247],[-3.9251,40.7247],[-3.9251,40.7247],[-3.9251,40.7247],[-3.9251,40.7247],[-3.9251,40.7247],[-3.9251,40.7247],[-3.9251,40.7247],[-3.9251,40.7247],[-3.925,40.7246],[-3.925,40.7246],[-3.925,40.7246],[-3.925,40.7246],[-3.925,40.7246],[-3.9249,40.7246],[-3.9248,40.7246],[-3.9248,40.7246],[-3.9247,40.7245],[-3.9247,40.7245],[-3.9246,40.7244],[-3.9246,40.7244],[-3.9245,40.7244],[-3.9245,40.7243],[-3.9245,40.7242],[-3.9244,40.7242],[-3.9244,40.7242],[-3.9244,40.7241],[-3.9244,40.7241],[-3.9243,40.7241],[-3.9243,40.724],[-3.9243,40.724],[-3.9243,40.724],[-3.9243,40.724],[-3.9242,40.7239],[-3.9241,40.7238],[-3.924,40.7237],[-3.9239,40.7237],[-3.9238,40.7236],[-3.9237,40.7235],[-3.9236,40.7235],[-3.9235,40.7234],[-3.9234,40.7234],[-3.9232,40.7233],[-3.9231,40.7233],[-3.923,40.7233],[-3.9229,40.7232],[-3.9227,40.7232],[-3.9226,40.7232],[-3.9225,40.7232],[-3.9224,40.7231],[-3.9222,40.7231],[-3.9221,40.7231],[-3.922,40.7231],[-3.9218,40.7231],[-3.9217,40.7231],[-3.9216,40.7231],[-3.9215,40.7231],[-3.9213,40.7231],[-3.9212,40.7231],[-3.9211,40.7232],[-3.9209,40.7232],[-3.9208,40.7232],[-3.9207,40.7233],[-3.9206,40.7233],[-3.9205,40.7234],[-3.9205,40.7234],[-3.9204,40.7235],[-3.9203,40.7235],[-3.9202,40.7235],[-3.9201,40.7236],[-3.92,40.7236],[-3.9198,40.7236],[-3.9198,40.7236],[-3.9198,40.7236],[-3.9198,40.7236],[-3.9197,40.7236],[-3.9197,40.7236],[-3.9197,40.7236],[-3.9197,40.7236],[-3.9196,40.7236],[-3.9196,40.7236],[-3.9196,40.7236],[-3.9196,40.7236],[-3.9196,40.7236],[-3.9195,40.7236],[-3.9195,40.7236],[-3.9195,40.7236],[-3.9195,40.7236],[-3.9195,40.7236],[-3.9194,40.7235],[-3.9194,40.7235],[-3.9194,40.7235],[-3.9194,40.7234],[-3.9194,40.7234],[-3.9194,40.7234],[-3.9194,40.7233],[-3.9194,40.7233],[-3.9194,40.7233],[-3.9194,40.7232],[-3.9194,40.7232],[-3.9194,40.7232],[-3.9194,40.7231],[-3.9194,40.7231],[-3.9193,40.7231],[-3.9193,40.7231],[-3.9193,40.723],[-3.9193,40.723],[-3.9192,40.723],[-3.9192,40.723],[-3.9192,40.7229],[-3.9192,40.7229],[-3.9191,40.7228],[-3.919,40.7227],[-3.919,40.7227],[-3.9189,40.7227],[-3.9189,40.7227],[-3.9189,40.7227],[-3.9189,40.7227],[-3.9188,40.7226],[-3.9188,40.7226],[-3.9188,40.7226],[-3.9188,40.7226],[-3.9187,40.7225],[-3.9187,40.7225],[-3.9186,40.7224],[-3.9186,40.7223],[-3.9185,40.7222],[-3.9183,40.7221],[-3.9181,40.7219],[-3.918,40.7217],[-3.918,40.7217],[-3.9179,40.7216],[-3.9179,40.7215],[-3.9179,40.7215],[-3.9178,40.7215],[-3.9177,40.7214],[-3.9177,40.7214],[-3.9177,40.7214],[-3.9177,40.7213],[-3.9176,40.7212],[-3.9176,40.7212],[-3.9176,40.7212],[-3.9175,40.7211],[-3.9175,40.721],[-3.9175,40.721],[-3.9175,40.721],[-3.9174,40.7209],[-3.9174,40.7208],[-3.9173,40.7207],[-3.9172,40.7206],[-3.9172,40.7206],[-3.9171,40.7205],[-3.9171,40.7203],[-3.917,40.7202],[-3.917,40.7202],[-3.9169,40.72],[-3.9169,40.7199],[-3.9169,40.7199],[-3.9169,40.7199],[-3.9169,40.7199],[-3.9169,40.7198],[-3.9169,40.7198],[-3.9169,40.7197],[-3.9168,40.7197],[-3.9168,40.7196],[-3.9168,40.7191],[-3.9168,40.7191],[-3.9167,40.7187],[-3.9167,40.7187],[-3.9167,40.7186],[-3.9167,40.7186],[-3.9167,40.7186],[-3.9166,40.7185],[-3.9166,40.7185],[-3.9166,40.7185],[-3.9165,40.7185],[-3.9165,40.7185],[-3.9164,40.7185],[-3.9164,40.7185],[-3.9164,40.7185],[-3.9164,40.7185],[-3.9163,40.7185],[-3.9162,40.7184],[-3.9161,40.7184],[-3.9159,40.7184],[-3.9158,40.7183],[-3.9158,40.7183],[-3.9157,40.7183],[-3.9156,40.7182],[-3.9156,40.7182],[-3.9155,40.7182],[-3.9154,40.7181],[-3.9149,40.718],[-3.9148,40.718],[-3.9147,40.718],[-3.9146,40.7179],[-3.9146,40.7179],[-3.9145,40.7179],[-3.9145,40.7179],[-3.9145,40.7179],[-3.9142,40.7178],[-3.914,40.7177],[-3.9139,40.7177],[-3.9139,40.7177],[-3.9139,40.7177],[-3.9139,40.7177],[-3.9138,40.7177],[-3.9138,40.7177],[-3.9138,40.7177],[-3.9138,40.7177],[-3.9137,40.7177],[-3.9137,40.7177],[-3.9137,40.7177],[-3.9136,40.7177],[-3.9136,40.7177],[-3.9136,40.7177],[-3.9136,40.7177],[-3.9135,40.7177],[-3.9135,40.7177],[-3.9135,40.7177],[-3.9134,40.7177],[-3.9134,40.7177],[-3.9134,40.7177],[-3.9134,40.7177],[-3.9133,40.7177],[-3.9133,40.7177],[-3.9133,40.7177],[-3.9132,40.7177],[-3.9132,40.7177],[-3.9132,40.7177],[-3.9131,40.7177],[-3.9131,40.7177],[-3.9131,40.7177],[-3.913,40.7176],[-3.913,40.7176],[-3.9129,40.7176],[-3.9129,40.7176],[-3.9129,40.7176],[-3.9129,40.7176],[-3.9129,40.7176],[-3.9128,40.7176],[-3.9128,40.7175],[-3.9128,40.7175],[-3.9128,40.7175],[-3.9128,40.7175],[-3.9128,40.7175],[-3.9128,40.7175],[-3.9127,40.7175],[-3.9127,40.7175],[-3.9127,40.7175],[-3.9127,40.7174],[-3.9127,40.7174],[-3.9127,40.7174],[-3.9127,40.7174],[-3.9126,40.7174],[-3.9126,40.7173],[-3.9126,40.7173],[-3.9125,40.7172],[-3.9125,40.717],[-3.9124,40.7168],[-3.9123,40.7167],[-3.9123,40.7165],[-3.9122,40.7164],[-3.9122,40.7164],[-3.9122,40.7163],[-3.9121,40.7163],[-3.9121,40.7162],[-3.9121,40.7162],[-3.9121,40.7161],[-3.9122,40.716],[-3.9122,40.716],[-3.9122,40.7158],[-3.9122,40.7157],[-3.9122,40.7156],[-3.9122,40.7155],[-3.9122,40.7154],[-3.9122,40.7154],[-3.9122,40.7154],[-3.9122,40.7153],[-3.9122,40.7152],[-3.9123,40.7151],[-3.912,40.715],[-3.9118,40.7148],[-3.9115,40.7147],[-3.9113,40.7146],[-3.911,40.7145],[-3.9107,40.7143],[-3.9103,40.7142],[-3.9098,40.7141],[-3.9094,40.7141],[-3.9092,40.714],[-3.909,40.714],[-3.9089,40.714],[-3.9089,40.714],[-3.9087,40.7139],[-3.9085,40.7139],[-3.9083,40.7139],[-3.9082,40.7138],[-3.9081,40.7138],[-3.9079,40.7138],[-3.9077,40.7137],[-3.9075,40.7136],[-3.9074,40.7135],[-3.9072,40.7135],[-3.9071,40.7134],[-3.907,40.7134],[-3.907,40.7134],[-3.9069,40.7134],[-3.9069,40.7133],[-3.9068,40.7133],[-3.9067,40.7132],[-3.9067,40.7132],[-3.9067,40.7131],[-3.9065,40.7133],[-3.9064,40.7133],[-3.9063,40.7134],[-3.9063,40.7134],[-3.9062,40.7135],[-3.9062,40.7135],[-3.906,40.7136],[-3.906,40.7136],[-3.9059,40.7136],[-3.9056,40.7138],[-3.9053,40.7139],[-3.9051,40.7139],[-3.905,40.714],[-3.9047,40.714],[-3.9047,40.714],[-3.9044,40.714],[-3.9039,40.7141],[-3.9036,40.7142],[-3.9033,40.7142],[-3.9032,40.7142],[-3.9027,40.7143],[-3.9027,40.7144],[-3.9026,40.7145],[-3.9026,40.7146],[-3.9026,40.7146],[-3.9026,40.7146],[-3.9026,40.7146],[-3.9026,40.7147],[-3.9026,40.7148],[-3.9026,40.7148],[-3.9026,40.7148],[-3.9026,40.7149],[-3.9027,40.7149],[-3.9027,40.715],[-3.9027,40.7151],[-3.9026,40.7151],[-3.9026,40.7152],[-3.9025,40.7152],[-3.9025,40.7152],[-3.9025,40.7152],[-3.9024,40.7152],[-3.9024,40.7152],[-3.9024,40.7152],[-3.9024,40.7152],[-3.9024,40.7152],[-3.9024,40.7153],[-3.9023,40.7153],[-3.9023,40.7153],[-3.9023,40.7153],[-3.9023,40.7154],[-3.9023,40.7154],[-3.9023,40.7154],[-3.9023,40.7154],[-3.9023,40.7154],[-3.9023,40.7154],[-3.9023,40.7155],[-3.9024,40.7155],[-3.9024,40.7157],[-3.9024,40.7159],[-3.9024,40.7161],[-3.9024,40.7163],[-3.9024,40.7165],[-3.9024,40.7169],[-3.9025,40.717],[-3.9025,40.7173],[-3.9025,40.7174],[-3.9025,40.7175],[-3.9025,40.7175],[-3.9025,40.7175],[-3.9025,40.7177],[-3.9025,40.7178],[-3.9026,40.7179],[-3.9026,40.718],[-3.9026,40.7182],[-3.9028,40.7184],[-3.9028,40.7184],[-3.9029,40.7185],[-3.9029,40.7186],[-3.9031,40.7189],[-3.9031,40.7189],[-3.9032,40.7192],[-3.9033,40.7193],[-3.9033,40.7193],[-3.9033,40.7193],[-3.9033,40.7194],[-3.9033,40.7194],[-3.9033,40.7194],[-3.9033,40.7195],[-3.9033,40.7195],[-3.9033,40.7195],[-3.9033,40.7196],[-3.9033,40.7196],[-3.9034,40.7196],[-3.9034,40.7197],[-3.9034,40.7197],[-3.9034,40.7197],[-3.9035,40.7198],[-3.9035,40.7199],[-3.9034,40.7199],[-3.9034,40.7199],[-3.9034,40.7199],[-3.9033,40.72],[-3.9033,40.72],[-3.9033,40.72],[-3.9032,40.72],[-3.9031,40.72],[-3.903,40.72],[-3.903,40.72],[-3.9029,40.72],[-3.9028,40.72],[-3.9026,40.72],[-3.9024,40.7201],[-3.9024,40.7202],[-3.9021,40.7202],[-3.9016,40.7204],[-3.9016,40.7204],[-3.901,40.7206],[-3.9008,40.7204],[-3.9008,40.7204],[-3.9007,40.7201],[-3.9006,40.72],[-3.9005,40.7198],[-3.9005,40.7198],[-3.9004,40.7195],[-3.9004,40.7195],[-3.9004,40.7194],[-3.9003,40.7193],[-3.9003,40.7192],[-3.9003,40.7192],[-3.9002,40.719],[-3.9001,40.7189],[-3.9,40.7186],[-3.8999,40.7184],[-3.8999,40.7183],[-3.8999,40.7183],[-3.8997,40.718],[-3.8996,40.718],[-3.8995,40.7178],[-3.8991,40.7178],[-3.8991,40.7177],[-3.899,40.7176],[-3.899,40.7176],[-3.899,40.7176],[-3.899,40.7175],[-3.899,40.7175],[-3.8989,40.7174],[-3.8989,40.7173],[-3.8989,40.7173],[-3.8989,40.7173],[-3.8989,40.7172],[-3.8988,40.7171],[-3.8988,40.717],[-3.8987,40.7168],[-3.8984,40.7164],[-3.8983,40.7162],[-3.8983,40.7161],[-3.8982,40.7159],[-3.8982,40.7159],[-3.8982,40.7156],[-3.8981,40.7155],[-3.8981,40.7155],[-3.8981,40.7154],[-3.8981,40.7153],[-3.8981,40.7152],[-3.8981,40.7151],[-3.8981,40.7151],[-3.8969,40.7152],[-3.8965,40.7152],[-3.8963,40.7152],[-3.8956,40.7153],[-3.8956,40.7153],[-3.8953,40.7153],[-3.895,40.7153],[-3.8949,40.7153],[-3.8949,40.7153],[-3.8948,40.7153],[-3.8946,40.7153],[-3.8944,40.7153],[-3.8942,40.7153],[-3.8941,40.7153],[-3.894,40.7153],[-3.8936,40.7153]],[[-3.8975,40.7178],[-3.8974,40.7176],[-3.8971,40.7177],[-3.8969,40.7177],[-3.8968,40.7174],[-3.8968,40.7174],[-3.8967,40.7172],[-3.8967,40.717],[-3.8967,40.7169],[-3.8967,40.7168],[-3.8966,40.7166],[-3.8966,40.7164],[-3.8969,40.7164],[-3.8971,40.7165],[-3.8973,40.7165],[-3.8973,40.7165],[-3.8974,40.7165],[-3.8975,40.7165],[-3.8975,40.7166],[-3.8976,40.7166],[-3.8977,40.7167],[-3.8977,40.7167],[-3.8977,40.7168],[-3.8978,40.7168],[-3.8978,40.717],[-3.8979,40.7171],[-3.8979,40.7172],[-3.898,40.7173],[-3.8981,40.7173],[-3.8981,40.7174],[-3.8982,40.7176],[-3.8983,40.7179],[-3.8984,40.7179],[-3.8984,40.718],[-3.8986,40.7183],[-3.8986,40.7185],[-3.8986,40.7186],[-3.8986,40.7188],[-3.8986,40.7188],[-3.8984,40.7188],[-3.8983,40.7188],[-3.8981,40.7189],[-3.8979,40.7189],[-3.8978,40.7189],[-3.8978,40.7189],[-3.8977,40.7188],[-3.8977,40.7187],[-3.8976,40.7187],[-3.8976,40.7185],[-3.8975,40.7185],[-3.8975,40.7184],[-3.8975,40.7183],[-3.8974,40.7182],[-3.8975,40.7182],[-3.8977,40.7181],[-3.8976,40.718],[-3.8975,40.7179],[-3.8975,40.7179],[-3.8975,40.7178]]]},"geometry_name":"GEOMETRY1","properties":{"CD_TIPO_ZONA":"B1","DS_TIPO_ZONA":"B1: Parque Comarcal Agropecuario Protector.","NM_AREA_M":null,"NM_AREA_HA":null}},{"type":"Feature","id":"IDEM_MA_PR_CA_MANZANARES.49","geometry":{"type":"Polygon","coordinates":[[[-3.9818,40.7438],[-3.9818,40.7438],[-3.9825,40.7445],[-3.9831,40.745],[-3.9833,40.7452],[-3.9833,40.7452],[-3.9833,40.7452],[-3.9833,40.7452],[-3.9831,40.7463],[-3.9831,40.7465],[-3.9832,40.7464],[-3.984,40.7465],[-3.984,40.7466],[-3.9841,40.7466],[-3.9845,40.7467],[-3.9847,40.7467],[-3.9847,40.7467],[-3.9848,40.7469],[-3.9848,40.7469],[-3.9848,40.7469],[-3.9849,40.7472],[-3.9849,40.7472],[-3.985,40.7475],[-3.9851,40.7476],[-3.9851,40.7476],[-3.9851,40.7476],[-3.9852,40.7477],[-3.9852,40.7477],[-3.9852,40.7477],[-3.9852,40.7477],[-3.9853,40.7478],[-3.9853,40.7479],[-3.9854,40.7479],[-3.9854,40.748],[-3.9855,40.748],[-3.9856,40.7481],[-3.9856,40.7481],[-3.9856,40.7481],[-3.9856,40.7482],[-3.9856,40.7482],[-3.9856,40.7482],[-3.9855,40.7483],[-3.9855,40.7483],[-3.9855,40.7483],[-3.9855,40.7484],[-3.9855,40.7485],[-3.9854,40.7486],[-3.9854,40.7487],[-3.9854,40.7488],[-3.9853,40.7488],[-3.9853,40.7489],[-3.9853,40.7489],[-3.9853,40.7489],[-3.9852,40.749],[-3.9851,40.7491],[-3.9851,40.7493],[-3.985,40.7493],[-3.985,40.7494],[-3.985,40.7495],[-3.9849,40.7496],[-3.985,40.7497],[-3.9849,40.7498],[-3.9849,40.7499],[-3.9849,40.7499],[-3.9849,40.7499],[-3.9849,40.75],[-3.9849,40.75],[-3.9849,40.7501],[-3.9849,40.7501],[-3.9849,40.7501],[-3.9849,40.7502],[-3.9849,40.7503],[-3.9849,40.7505],[-3.985,40.7506],[-3.985,40.7507],[-3.985,40.7508],[-3.9852,40.7508],[-3.9852,40.751],[-3.9853,40.751],[-3.9853,40.7511],[-3.9854,40.7511],[-3.9854,40.7512],[-3.9855,40.7512],[-3.9855,40.7513],[-3.9857,40.7515],[-3.9857,40.7515],[-3.9857,40.7515],[-3.9857,40.7516],[-3.9857,40.7516],[-3.9857,40.7517],[-3.9858,40.7517],[-3.9858,40.7517],[-3.9858,40.7517],[-3.9858,40.7518],[-3.9858,40.7518],[-3.9858,40.7519],[-3.9858,40.7519],[-3.9858,40.752],[-3.9859,40.7521],[-3.9859,40.7522],[-3.986,40.7523],[-3.986,40.7524],[-3.9861,40.7525],[-3.9862,40.7525],[-3.9862,40.7526],[-3.9862,40.7526],[-3.9862,40.7526],[-3.9863,40.7527],[-3.9863,40.7528],[-3.9864,40.7529],[-3.9864,40.7529],[-3.9864,40.7529],[-3.9864,40.7529],[-3.9864,40.7529],[-3.9865,40.753],[-3.9865,40.7531],[-3.9865,40.7531],[-3.9866,40.7531],[-3.9866,40.7531],[-3.9866,40.7532],[-3.9866,40.7532],[-3.9866,40.7532],[-3.9866,40.7533],[-3.9867,40.7533],[-3.9867,40.7533],[-3.9867,40.7533],[-3.9867,40.7534],[-3.9867,40.7534],[-3.9867,40.7534],[-3.9867,40.7534],[-3.9866,40.7535],[-3.9862,40.7541],[-3.985,40.7554],[-3.9842,40.7573],[-3.9868,40.7595],[-3.9879,40.7585],[-3.9881,40.7578],[-3.9881,40.7578],[-3.9882,40.7577],[-3.9889,40.7571],[-3.9891,40.7583],[-3.9891,40.7583],[-3.9891,40.7584],[-3.9893,40.7603],[-3.9895,40.7617],[-3.9895,40.7628],[-3.9896,40.7634],[-3.9896,40.7639],[-3.9897,40.7645],[-3.9897,40.7645],[-3.9897,40.7645],[-3.9897,40.7645],[-3.9897,40.7645],[-3.9897,40.7645],[-3.9897,40.7645],[-3.9897,40.7645],[-3.9897,40.7646],[-3.9897,40.7646],[-3.9897,40.7646],[-3.9897,40.7646],[-3.9897,40.7646],[-3.9897,40.7646],[-3.9897,40.7646],[-3.9897,40.7646],[-3.9897,40.7646],[-3.9897,40.7646],[-3.9897,40.7647],[-3.9898,40.7647],[-3.9898,40.7647],[-3.9898,40.7647],[-3.9898,40.7647],[-3.9898,40.7647],[-3.9898,40.7647],[-3.9898,40.7647],[-3.9898,40.7647],[-3.9898,40.7648],[-3.9898,40.7648],[-3.9898,40.7648],[-3.9898,40.7648],[-3.9898,40.7648],[-3.9898,40.7648],[-3.9898,40.7648],[-3.9898,40.7648],[-3.9898,40.7648],[-3.9898,40.7648],[-3.9898,40.7649],[-3.9898,40.7649],[-3.9898,40.7649],[-3.9898,40.7649],[-3.9898,40.7649],[-3.9898,40.7649],[-3.9899,40.7649],[-3.9899,40.7649],[-3.9899,40.7649],[-3.9899,40.765],[-3.9899,40.765],[-3.9899,40.765],[-3.9899,40.765],[-3.9899,40.765],[-3.9899,40.765],[-3.9899,40.765],[-3.9899,40.765],[-3.9899,40.765],[-3.9899,40.765],[-3.9899,40.7651],[-3.9899,40.7651],[-3.9899,40.7651],[-3.9899,40.7651],[-3.9899,40.7651],[-3.99,40.7651],[-3.99,40.7651],[-3.99,40.7651],[-3.99,40.7651],[-3.99,40.7651],[-3.99,40.7652],[-3.99,40.7652],[-3.99,40.7652],[-3.99,40.7652],[-3.99,40.7652],[-3.99,40.7652],[-3.99,40.7652],[-3.99,40.7652],[-3.99,40.7652],[-3.99,40.7652],[-3.99,40.7652],[-3.9901,40.7653],[-3.9901,40.7653],[-3.9901,40.7653],[-3.9901,40.7653],[-3.9901,40.7653],[-3.9901,40.7653],[-3.9901,40.7653],[-3.9901,40.7653],[-3.9902,40.7654],[-3.9902,40.7655],[-3.9902,40.7655],[-3.9902,40.7656],[-3.9902,40.7656],[-3.9902,40.7656],[-3.9902,40.7656],[-3.9902,40.7656],[-3.9903,40.7656],[-3.9903,40.7656],[-3.9903,40.7656],[-3.9903,40.7656],[-3.9903,40.7656],[-3.9903,40.7656],[-3.9903,40.7656],[-3.9903,40.7656],[-3.9903,40.7656],[-3.9904,40.7656],[-3.9904,40.7657],[-3.9904,40.7657],[-3.9904,40.7657],[-3.9904,40.7657],[-3.9904,40.7657],[-3.9904,40.7657],[-3.9904,40.7657],[-3.9904,40.7657],[-3.9904,40.7657],[-3.9905,40.7657],[-3.9905,40.7657],[-3.9905,40.7657],[-3.9905,40.7657],[-3.9905,40.7657],[-3.9905,40.7657],[-3.9906,40.7658],[-3.9906,40.7658],[-3.9906,40.7658],[-3.9906,40.7658],[-3.9907,40.7658],[-3.9907,40.7658],[-3.9907,40.7658],[-3.9907,40.7658],[-3.9908,40.7658],[-3.9908,40.7658],[-3.9908,40.7658],[-3.9908,40.7659],[-3.9908,40.7659],[-3.9909,40.7659],[-3.9909,40.7659],[-3.9909,40.7659],[-3.9909,40.7659],[-3.991,40.7659],[-3.991,40.7659],[-3.991,40.7659],[-3.991,40.7659],[-3.9911,40.7659],[-3.9911,40.7659],[-3.9911,40.7659],[-3.9911,40.7659],[-3.9912,40.766],[-3.9912,40.766],[-3.9912,40.766],[-3.9912,40.766],[-3.9912,40.766],[-3.9913,40.766],[-3.9913,40.766],[-3.9913,40.766],[-3.9913,40.766],[-3.9916,40.7661],[-3.9916,40.7661],[-3.9916,40.7661],[-3.9927,40.7663],[-3.9927,40.7663],[-3.9927,40.7663],[-3.9927,40.7664],[-3.9927,40.7664],[-3.9927,40.7664],[-3.9928,40.7664],[-3.9928,40.7664],[-3.9928,40.7664],[-3.9928,40.7664],[-3.9928,40.7664],[-3.9929,40.7664],[-3.9929,40.7664],[-3.9929,40.7664],[-3.9929,40.7664],[-3.993,40.7664],[-3.993,40.7664],[-3.993,40.7664],[-3.993,40.7664],[-3.993,40.7664],[-3.9931,40.7664],[-3.9931,40.7664],[-3.9931,40.7664],[-3.9931,40.7664],[-3.9932,40.7664],[-3.9932,40.7664],[-3.9932,40.7664],[-3.9932,40.7664],[-3.9932,40.7664],[-3.9933,40.7664],[-3.9933,40.7665],[-3.9933,40.7665],[-3.9933,40.7665],[-3.9934,40.7665],[-3.9934,40.7665],[-3.9934,40.7665],[-3.9934,40.7665],[-3.9934,40.7665],[-3.9935,40.7665],[-3.9935,40.7665],[-3.9935,40.7665],[-3.9935,40.7665],[-3.9936,40.7665],[-3.9936,40.7665],[-3.9936,40.7665],[-3.9936,40.7665],[-3.9936,40.7665],[-3.9937,40.7665],[-3.9937,40.7665],[-3.9937,40.7665],[-3.9937,40.7665],[-3.9938,40.7665],[-3.9938,40.7665],[-3.9938,40.7665],[-3.9938,40.7665],[-3.9938,40.7665],[-3.9939,40.7665],[-3.9939,40.7665],[-3.9939,40.7665],[-3.9939,40.7665],[-3.994,40.7665],[-3.994,40.7665],[-3.994,40.7665],[-3.994,40.7665],[-3.994,40.7665],[-3.9941,40.7665],[-3.9941,40.7665],[-3.9941,40.7665],[-3.9942,40.7666],[-3.9942,40.7666],[-3.9942,40.7666],[-3.9942,40.7666],[-3.9948,40.7666],[-3.9952,40.7671],[-3.9954,40.7673],[-3.9956,40.7676],[-3.9959,40.7678],[-3.9962,40.7681],[-3.9967,40.7682],[-3.9972,40.7682],[-3.9974,40.7682],[-3.9975,40.7681],[-3.9976,40.7678],[-3.9978,40.7675],[-3.9979,40.7673],[-3.9981,40.767],[-3.9984,40.7667],[-3.9986,40.7665],[-3.9988,40.7664],[-3.9991,40.7661],[-3.9993,40.766],[-3.9995,40.7658],[-3.9996,40.7655],[-3.9998,40.7651],[-3.9998,40.7649],[-3.9998,40.7647],[-3.9997,40.7646],[-3.9997,40.7644],[-3.9997,40.764],[-3.9997,40.7638],[-3.9999,40.7634],[-4,40.7632],[-4.0003,40.7631],[-4.0004,40.763],[-4.001,40.7629],[-4.0011,40.7629],[-4.0014,40.7628],[-4.0016,40.7628],[-4.0017,40.7627],[-4.002,40.7625],[-4.0022,40.7623],[-4.0023,40.7622],[-4.0023,40.7621],[-4.0024,40.7617],[-4.0026,40.7613],[-4.0027,40.7611],[-4.0027,40.7609],[-4.0026,40.7606],[-4.0025,40.7604],[-4.0023,40.7601],[-4.0022,40.7599],[-4.0022,40.7598],[-4.0022,40.7597],[-4.0023,40.7594],[-4.0025,40.7592],[-4.0027,40.759],[-4.0029,40.7588],[-4.0032,40.7586],[-4.0033,40.7585],[-4.0036,40.7581],[-4.0036,40.7579],[-4.0037,40.7577],[-4.0036,40.7573],[-4.0036,40.757],[-4.0036,40.7569],[-4.0036,40.7565],[-4.0036,40.756],[-4.0037,40.7557],[-4.0039,40.7551],[-4.004,40.7549],[-4.0041,40.7548],[-4.0041,40.7547],[-4.004,40.7543],[-4.0039,40.7541],[-4.004,40.754],[-4.004,40.754],[-4.0041,40.754],[-4.0042,40.7541],[-4.0044,40.7542],[-4.0046,40.7545],[-4.005,40.7551],[-4.0053,40.7554],[-4.0055,40.7555],[-4.0056,40.7555],[-4.0057,40.7556],[-4.0059,40.7556],[-4.006,40.7555],[-4.0062,40.7555],[-4.0064,40.7554],[-4.0065,40.7553],[-4.0067,40.7552],[-4.0072,40.7551],[-4.0076,40.755],[-4.0078,40.7551],[-4.008,40.755],[-4.0084,40.7548],[-4.0089,40.7546],[-4.0096,40.7543],[-4.01,40.7542],[-4.0105,40.754],[-4.0095,40.7569],[-4.0095,40.7569],[-4.0095,40.7569],[-4.0098,40.7568],[-4.01,40.7567],[-4.0104,40.7566],[-4.0108,40.7565],[-4.0111,40.7564],[-4.0118,40.7562],[-4.0124,40.7558],[-4.0124,40.7558],[-4.0126,40.7556],[-4.013,40.7554],[-4.0133,40.7552],[-4.0134,40.7551],[-4.014,40.7548],[-4.0143,40.7546],[-4.0146,40.7544],[-4.0146,40.7544],[-4.0146,40.7544],[-4.0152,40.754],[-4.0155,40.7539],[-4.0159,40.7536],[-4.016,40.7536],[-4.0164,40.7533],[-4.0167,40.7531],[-4.017,40.7529],[-4.0173,40.7527],[-4.0175,40.7526],[-4.0176,40.7526],[-4.0177,40.7525],[-4.0177,40.7525],[-4.0177,40.7525],[-4.0177,40.7525],[-4.0177,40.7525],[-4.0177,40.7525],[-4.0178,40.7524],[-4.0178,40.7524],[-4.0179,40.7524],[-4.018,40.7524],[-4.018,40.7524],[-4.0181,40.7523],[-4.0181,40.7523],[-4.0181,40.7523],[-4.0181,40.7523],[-4.0182,40.7523],[-4.0182,40.7523],[-4.0182,40.7523],[-4.0181,40.7522],[-4.0181,40.7521],[-4.018,40.752],[-4.0179,40.752],[-4.0179,40.7519],[-4.0178,40.7519],[-4.0178,40.7519],[-4.0178,40.7519],[-4.0177,40.7519],[-4.0177,40.7518],[-4.0177,40.7518],[-4.0176,40.7518],[-4.0176,40.7518],[-4.0175,40.7517],[-4.0175,40.7517],[-4.0175,40.7517],[-4.0175,40.7515],[-4.0174,40.7515],[-4.0174,40.7514],[-4.0174,40.7512],[-4.0174,40.7512],[-4.0174,40.7512],[-4.0174,40.7512],[-4.0174,40.7511],[-4.0174,40.7509],[-4.0174,40.7508],[-4.0174,40.7508],[-4.0174,40.7508],[-4.0174,40.7507],[-4.0174,40.7507],[-4.0174,40.7506],[-4.0174,40.7506],[-4.0174,40.7506],[-4.0174,40.7505],[-4.0174,40.7504],[-4.0175,40.7503],[-4.0175,40.7503],[-4.0175,40.7502],[-4.0175,40.7502],[-4.0175,40.7502],[-4.0176,40.7501],[-4.0176,40.75],[-4.0176,40.75],[-4.0176,40.75],[-4.0177,40.75],[-4.0177,40.7499],[-4.0177,40.7499],[-4.0177,40.7499],[-4.0177,40.7499],[-4.0178,40.7499],[-4.0179,40.7498],[-4.0179,40.7498],[-4.0179,40.7498],[-4.0179,40.7498],[-4.018,40.7498],[-4.018,40.7497],[-4.0181,40.7497],[-4.0182,40.7496],[-4.0183,40.7496],[-4.0185,40.7495],[-4.0187,40.7493],[-4.0188,40.7493],[-4.0188,40.7493],[-4.0188,40.7493],[-4.0188,40.7493],[-4.019,40.7492],[-4.0191,40.7491],[-4.0193,40.749],[-4.0193,40.749],[-4.0193,40.749],[-4.0193,40.749],[-4.0195,40.7489],[-4.0195,40.7489],[-4.0195,40.7489],[-4.0196,40.7487],[-4.0197,40.7486],[-4.0197,40.7486],[-4.0198,40.7485],[-4.02,40.7483],[-4.0202,40.7482],[-4.0204,40.7481],[-4.0207,40.7479],[-4.0209,40.7476],[-4.0209,40.7476],[-4.0211,40.7474],[-4.0211,40.7474],[-4.0211,40.7474],[-4.0211,40.7474],[-4.0213,40.7472],[-4.0213,40.7472],[-4.0215,40.7471],[-4.0216,40.747],[-4.0217,40.7469],[-4.0219,40.7467],[-4.0221,40.7465],[-4.0223,40.7463],[-4.0224,40.7463],[-4.0224,40.7463],[-4.0227,40.7461],[-4.0227,40.7461],[-4.0229,40.7459],[-4.0229,40.7459],[-4.0232,40.7456],[-4.0232,40.7456],[-4.0234,40.7453],[-4.0235,40.7451],[-4.0236,40.745],[-4.0237,40.7447],[-4.0238,40.7446],[-4.0239,40.7444],[-4.024,40.7442],[-4.024,40.7442],[-4.024,40.7442],[-4.024,40.7442],[-4.0241,40.744],[-4.0242,40.7439],[-4.0243,40.7437],[-4.0243,40.7436],[-4.0244,40.7435],[-4.0245,40.7433],[-4.0245,40.7433],[-4.0245,40.7433],[-4.0245,40.7432],[-4.0246,40.743],[-4.0246,40.743],[-4.0246,40.7429],[-4.0247,40.7427],[-4.0247,40.7427],[-4.0248,40.7427],[-4.0248,40.7427],[-4.0248,40.7426],[-4.0249,40.7425],[-4.0252,40.7423],[-4.0255,40.742],[-4.0255,40.742],[-4.0257,40.7418],[-4.0257,40.7418],[-4.0257,40.7418],[-4.0257,40.7418],[-4.0259,40.7416],[-4.0259,40.7416],[-4.0262,40.7414],[-4.0264,40.7411],[-4.0265,40.741],[-4.0266,40.7409],[-4.0267,40.7408],[-4.0268,40.7407],[-4.0268,40.7407],[-4.0269,40.7406],[-4.0269,40.7406],[-4.0269,40.7406],[-4.027,40.7405],[-4.027,40.7403],[-4.027,40.7403],[-4.0271,40.7401],[-4.0272,40.74],[-4.0272,40.7399],[-4.0272,40.7397],[-4.0272,40.7397],[-4.0272,40.7396],[-4.0272,40.7395],[-4.027,40.7391],[-4.027,40.7391],[-4.0268,40.7387],[-4.0266,40.7385],[-4.0266,40.7385],[-4.0264,40.7382],[-4.0263,40.738],[-4.0261,40.7378],[-4.0259,40.7376],[-4.0257,40.7375],[-4.0256,40.7374],[-4.0254,40.7374],[-4.0251,40.7373],[-4.0251,40.7373],[-4.0248,40.7372],[-4.0246,40.7372],[-4.0243,40.7372],[-4.0243,40.7372],[-4.0241,40.7372],[-4.024,40.7372],[-4.024,40.7372],[-4.024,40.7372],[-4.0239,40.7372],[-4.0238,40.7371],[-4.0237,40.7371],[-4.0236,40.7371],[-4.0235,40.7371],[-4.0233,40.7371],[-4.0232,40.737],[-4.0231,40.737],[-4.023,40.737],[-4.0229,40.737],[-4.0229,40.737],[-4.0229,40.737],[-4.0229,40.7369],[-4.0227,40.7369],[-4.0226,40.7368],[-4.0225,40.7367],[-4.0225,40.7367],[-4.0224,40.7366],[-4.0223,40.7365],[-4.0223,40.7364],[-4.0223,40.7364],[-4.0222,40.7363],[-4.0222,40.7362],[-4.0222,40.7359],[-4.0222,40.7356],[-4.0222,40.7355],[-4.0222,40.7354],[-4.0221,40.7352],[-4.022,40.735],[-4.022,40.735],[-4.0219,40.7349],[-4.0219,40.7349],[-4.0218,40.7347],[-4.0217,40.7346],[-4.0217,40.7346],[-4.0216,40.7344],[-4.0215,40.7344],[-4.0215,40.7343],[-4.0214,40.7342],[-4.0212,40.7342],[-4.0211,40.7342],[-4.0211,40.7341],[-4.0209,40.7341],[-4.0209,40.7341],[-4.0209,40.7341],[-4.0207,40.7342],[-4.0206,40.7342],[-4.0206,40.7342],[-4.0206,40.7342],[-4.0205,40.7342],[-4.0204,40.7343],[-4.0203,40.7343],[-4.0201,40.7343],[-4.0201,40.7343],[-4.0201,40.7343],[-4.0201,40.7343],[-4.0199,40.7343],[-4.0199,40.7343],[-4.0196,40.7344],[-4.0194,40.7344],[-4.0194,40.7344],[-4.0192,40.7344],[-4.0189,40.7344],[-4.0188,40.7344],[-4.0188,40.7344],[-4.0188,40.7344],[-4.0186,40.7344],[-4.0183,40.7344],[-4.0182,40.7344],[-4.018,40.7344],[-4.0179,40.7344],[-4.0179,40.7344],[-4.0179,40.7344],[-4.0177,40.7344],[-4.0176,40.7344],[-4.0174,40.7344],[-4.0171,40.7344],[-4.0168,40.7344],[-4.0166,40.7344],[-4.0164,40.7343],[-4.0164,40.7343],[-4.0164,40.7343],[-4.0164,40.7343],[-4.0162,40.7342],[-4.016,40.7342],[-4.016,40.7342],[-4.0158,40.7341],[-4.0156,40.7341],[-4.0156,40.7341],[-4.0156,40.7341],[-4.0156,40.734],[-4.0154,40.734],[-4.0153,40.7339],[-4.0152,40.7339],[-4.0148,40.7338],[-4.0148,40.7338],[-4.0145,40.7337],[-4.0142,40.7337],[-4.0142,40.7337],[-4.0139,40.7337],[-4.0137,40.7337],[-4.0134,40.7337],[-4.0131,40.7338],[-4.0128,40.7339],[-4.0126,40.734],[-4.0123,40.7341],[-4.0122,40.7343],[-4.0122,40.7343],[-4.012,40.7344],[-4.012,40.7345],[-4.0119,40.7346],[-4.0118,40.7347],[-4.0118,40.7347],[-4.0118,40.7347],[-4.0118,40.7347],[-4.0117,40.7348],[-4.0117,40.7348],[-4.0117,40.7348],[-4.0116,40.7349],[-4.0116,40.7349],[-4.0115,40.735],[-4.0114,40.735],[-4.0114,40.735],[-4.0113,40.7351],[-4.0111,40.7352],[-4.011,40.7353],[-4.0109,40.7354],[-4.0108,40.7355],[-4.0108,40.7355],[-4.0109,40.7356],[-4.0109,40.7356],[-4.0109,40.7357],[-4.0109,40.7357],[-4.0109,40.7357],[-4.0109,40.7358],[-4.0109,40.7358],[-4.0109,40.7358],[-4.0109,40.7359],[-4.0109,40.7359],[-4.0109,40.736],[-4.0108,40.736],[-4.0108,40.7361],[-4.0107,40.7362],[-4.0107,40.7364],[-4.0106,40.7365],[-4.0106,40.7367],[-4.0106,40.7368],[-4.0106,40.7368],[-4.0106,40.7369],[-4.0106,40.7369],[-4.0106,40.737],[-4.0106,40.737],[-4.0106,40.7371],[-4.0106,40.7371],[-4.0106,40.7371],[-4.0106,40.7371],[-4.0106,40.7371],[-4.0105,40.7372],[-4.0106,40.7373],[-4.0106,40.7374],[-4.0107,40.7376],[-4.0107,40.7377],[-4.0109,40.7379],[-4.0109,40.7379],[-4.0109,40.7379],[-4.0109,40.7379],[-4.011,40.738],[-4.011,40.738],[-4.011,40.738],[-4.011,40.738],[-4.011,40.738],[-4.011,40.738],[-4.011,40.7381],[-4.0111,40.7381],[-4.0111,40.7382],[-4.0111,40.7382],[-4.0111,40.7382],[-4.0111,40.7382],[-4.0111,40.7382],[-4.0111,40.7383],[-4.0111,40.7383],[-4.011,40.7384],[-4.011,40.7384],[-4.011,40.7385],[-4.0111,40.7386],[-4.0111,40.7387],[-4.0112,40.7388],[-4.0112,40.7388],[-4.0112,40.7389],[-4.0112,40.7389],[-4.0111,40.739],[-4.0111,40.739],[-4.0111,40.7391],[-4.0111,40.7391],[-4.011,40.7391],[-4.011,40.7392],[-4.011,40.7393],[-4.011,40.7393],[-4.0109,40.7394],[-4.0109,40.7394],[-4.0109,40.7395],[-4.0108,40.7396],[-4.0108,40.7397],[-4.0107,40.7397],[-4.0106,40.7398],[-4.0105,40.7399],[-4.0102,40.74],[-4.0102,40.74],[-4.01,40.7401],[-4.0098,40.7402],[-4.0096,40.7404],[-4.0094,40.7407],[-4.0092,40.741],[-4.0091,40.7413],[-4.009,40.7413],[-4.0089,40.7415],[-4.0089,40.7417],[-4.0089,40.7417],[-4.0088,40.7418],[-4.0088,40.7418],[-4.0088,40.7419],[-4.0088,40.7419],[-4.0087,40.7419],[-4.0087,40.742],[-4.0086,40.742],[-4.0086,40.742],[-4.0086,40.742],[-4.0086,40.742],[-4.0085,40.742],[-4.0085,40.7421],[-4.0084,40.7421],[-4.0083,40.7421],[-4.0083,40.7421],[-4.0083,40.7421],[-4.0083,40.7421],[-4.0082,40.7421],[-4.0082,40.7421],[-4.0081,40.7421],[-4.0079,40.7422],[-4.0078,40.7422],[-4.0077,40.7422],[-4.0075,40.7422],[-4.0074,40.7422],[-4.0074,40.7422],[-4.0072,40.7422],[-4.0071,40.7421],[-4.007,40.7421],[-4.0069,40.7421],[-4.0068,40.7421],[-4.0068,40.7421],[-4.0065,40.742],[-4.0062,40.742],[-4.0059,40.742],[-4.0059,40.742],[-4.0055,40.742],[-4.0055,40.742],[-4.0051,40.742],[-4.0049,40.742],[-4.0048,40.742],[-4.0046,40.7421],[-4.0046,40.7421],[-4.0045,40.7421],[-4.0043,40.7421],[-4.0041,40.7422],[-4.004,40.7422],[-4.0039,40.7422],[-4.0039,40.7422],[-4.0038,40.7422],[-4.0035,40.7423],[-4.0033,40.7424],[-4.0033,40.7424],[-4.0031,40.7424],[-4.0031,40.7424],[-4.0028,40.7425],[-4.0028,40.7425],[-4.0025,40.7427],[-4.0024,40.7427],[-4.0022,40.7428],[-4.0022,40.7428],[-4.0021,40.7429],[-4.0021,40.7429],[-4.0021,40.7429],[-4.0019,40.7429],[-4.0016,40.7431],[-4.0016,40.7431],[-4.0014,40.7432],[-4.0011,40.7433],[-4.0009,40.7433],[-4.0008,40.7433],[-4.0006,40.7433],[-4.0004,40.7433],[-4.0004,40.7433],[-4.0004,40.7433],[-4.0004,40.7433],[-4.0003,40.7433],[-4.0001,40.7433],[-3.9999,40.7433],[-3.9998,40.7433],[-3.9996,40.7432],[-3.9996,40.7432],[-3.9994,40.7432],[-3.9993,40.7431],[-3.9991,40.7431],[-3.999,40.743],[-3.9988,40.7429],[-3.9987,40.7429],[-3.9986,40.7428],[-3.9986,40.7428],[-3.9984,40.7427],[-3.9982,40.7427],[-3.998,40.7427],[-3.9977,40.7428],[-3.9975,40.7429],[-3.9973,40.743],[-3.9973,40.743],[-3.9971,40.7431],[-3.9969,40.7431],[-3.9969,40.7432],[-3.9968,40.7432],[-3.9967,40.7434],[-3.9966,40.7435],[-3.9966,40.7435],[-3.9966,40.7436],[-3.9965,40.7437],[-3.9965,40.7437],[-3.9965,40.7437],[-3.9965,40.7437],[-3.9965,40.7437],[-3.9965,40.7438],[-3.9964,40.7439],[-3.9964,40.7439],[-3.9963,40.744],[-3.9963,40.744],[-3.9963,40.744],[-3.9963,40.744],[-3.9962,40.744],[-3.9962,40.7441],[-3.9962,40.7441],[-3.9961,40.7441],[-3.996,40.7442],[-3.996,40.7442],[-3.996,40.7442],[-3.996,40.7442],[-3.9959,40.7442],[-3.9958,40.7442],[-3.9958,40.7442],[-3.9957,40.7443],[-3.9956,40.7443],[-3.9954,40.7444],[-3.9953,40.7445],[-3.9953,40.7445],[-3.9953,40.7445],[-3.9953,40.7445],[-3.9951,40.7446],[-3.9949,40.7446],[-3.9949,40.7447],[-3.9947,40.7447],[-3.9946,40.7447],[-3.9946,40.7447],[-3.9946,40.7447],[-3.9946,40.7448],[-3.9944,40.7448],[-3.9942,40.7449],[-3.9941,40.7449],[-3.9941,40.7449],[-3.9941,40.7449],[-3.994,40.7449],[-3.9939,40.7449],[-3.9938,40.7449],[-3.9938,40.7449],[-3.9937,40.7448],[-3.9937,40.7448],[-3.9937,40.7447],[-3.9937,40.7447],[-3.9937,40.7446],[-3.9937,40.7446],[-3.9937,40.7444],[-3.9938,40.7442],[-3.9939,40.7441],[-3.994,40.744],[-3.994,40.7439],[-3.9941,40.7438],[-3.9941,40.7437],[-3.9941,40.7437],[-3.9941,40.7437],[-3.9942,40.7436],[-3.9942,40.7435],[-3.9943,40.7432],[-3.9943,40.7432],[-3.9943,40.7432],[-3.9944,40.743],[-3.9945,40.7427],[-3.9946,40.7425],[-3.9946,40.7425],[-3.9947,40.7423],[-3.9948,40.7421],[-3.9948,40.7419],[-3.9948,40.7418],[-3.9948,40.7416],[-3.9948,40.7414],[-3.9949,40.7413],[-3.9949,40.7411],[-3.9949,40.741],[-3.995,40.7409],[-3.995,40.7408],[-3.995,40.7408],[-3.995,40.7408],[-3.995,40.7407],[-3.9951,40.7406],[-3.9951,40.7405],[-3.9951,40.7405],[-3.9952,40.7403],[-3.9952,40.7402],[-3.9953,40.7402],[-3.9953,40.7402],[-3.9953,40.7402],[-3.9954,40.7401],[-3.9954,40.7399],[-3.9955,40.7399],[-3.9955,40.7398],[-3.9956,40.7397],[-3.9956,40.7397],[-3.9957,40.7397],[-3.9957,40.7396],[-3.9957,40.7396],[-3.9957,40.7396],[-3.9958,40.7395],[-3.9959,40.7394],[-3.9961,40.7392],[-3.9962,40.7391],[-3.9962,40.7391],[-3.9966,40.7386],[-3.9966,40.7386],[-3.997,40.7381],[-3.997,40.7381],[-3.9971,40.7379],[-3.9972,40.7379],[-3.9972,40.7379],[-3.9974,40.7376],[-3.9976,40.7373],[-3.9977,40.737],[-3.9978,40.7369],[-3.9978,40.7368],[-3.9978,40.7368],[-3.9979,40.7366],[-3.9979,40.7366],[-3.998,40.7365],[-3.998,40.7365],[-3.9981,40.7364],[-3.9981,40.7364],[-3.9982,40.7364],[-3.9982,40.7363],[-3.9983,40.7363],[-3.9984,40.7363],[-3.9984,40.7362],[-3.9987,40.7361],[-3.9987,40.7361],[-3.999,40.736],[-3.9993,40.7358],[-3.9992,40.7357],[-3.9992,40.7356],[-3.9991,40.7355],[-3.9991,40.7355],[-3.9991,40.7355],[-3.9991,40.7355],[-3.9991,40.7355],[-3.9991,40.7354],[-3.9991,40.7353],[-3.9991,40.7352],[-3.9991,40.7352],[-3.9991,40.7351],[-3.9991,40.735],[-3.9991,40.735],[-3.9991,40.735],[-3.9991,40.735],[-3.9991,40.7349],[-3.9991,40.7349],[-3.9992,40.7348],[-3.9992,40.7347],[-3.9992,40.7346],[-3.9993,40.7343],[-3.9993,40.7339],[-3.9993,40.7335],[-3.9993,40.7335],[-3.9993,40.7335],[-3.9993,40.7331],[-3.9993,40.7331],[-3.9993,40.7328],[-3.9993,40.7328],[-3.9993,40.7328],[-3.9993,40.7327],[-3.9993,40.7327],[-3.9993,40.7327],[-3.9993,40.7327],[-3.9993,40.7323],[-3.9993,40.7323],[-3.9993,40.7323],[-3.9993,40.7321],[-3.9993,40.7319],[-3.9993,40.7318],[-3.9993,40.7317],[-3.9993,40.7317],[-3.9993,40.7317],[-3.9993,40.7317],[-3.9993,40.7317],[-3.9993,40.7316],[-3.9993,40.7315],[-3.9994,40.7315],[-3.9994,40.7314],[-3.9994,40.7314],[-3.9994,40.7314],[-3.9994,40.7313],[-3.9994,40.7313],[-3.9994,40.7312],[-3.9994,40.7312],[-3.9994,40.731],[-3.9993,40.731],[-3.9993,40.731],[-3.9991,40.731],[-3.9991,40.731],[-3.999,40.731],[-3.999,40.731],[-3.9989,40.7311],[-3.9989,40.7311],[-3.9989,40.7312],[-3.9989,40.7312],[-3.9988,40.7312],[-3.9988,40.7312],[-3.9988,40.7312],[-3.9988,40.7312],[-3.9988,40.7312],[-3.9987,40.7312],[-3.9987,40.7312],[-3.9987,40.7312],[-3.9986,40.7312],[-3.9986,40.7312],[-3.9986,40.7312],[-3.9986,40.7312],[-3.9986,40.7312],[-3.9985,40.7311],[-3.9985,40.7311],[-3.9985,40.7311],[-3.9984,40.731],[-3.9983,40.731],[-3.9982,40.731],[-3.9982,40.731],[-3.9982,40.731],[-3.9982,40.731],[-3.9982,40.731],[-3.9981,40.731],[-3.998,40.7309],[-3.998,40.7309],[-3.9979,40.7309],[-3.9978,40.7309],[-3.9977,40.7309],[-3.9977,40.7309],[-3.9977,40.7309],[-3.9977,40.7309],[-3.9977,40.7309],[-3.9976,40.7309],[-3.9976,40.7309],[-3.9975,40.7309],[-3.9975,40.7309],[-3.9974,40.7308],[-3.9974,40.7308],[-3.9974,40.7308],[-3.9974,40.7308],[-3.9974,40.7307],[-3.9974,40.7307],[-3.9974,40.7307],[-3.9973,40.7306],[-3.9972,40.7305],[-3.9972,40.7304],[-3.997,40.7303],[-3.997,40.7303],[-3.9968,40.7303],[-3.9967,40.7303],[-3.9967,40.7303],[-3.9967,40.7303],[-3.9967,40.7303],[-3.9967,40.7303],[-3.9966,40.7303],[-3.9966,40.7303],[-3.9965,40.7303],[-3.9965,40.7303],[-3.9964,40.7303],[-3.9963,40.7303],[-3.9962,40.7303],[-3.9961,40.7302],[-3.9961,40.7302],[-3.996,40.7301],[-3.996,40.7301],[-3.996,40.73],[-3.9959,40.7299],[-3.9959,40.7299],[-3.9959,40.7298],[-3.9959,40.7298],[-3.9959,40.7298],[-3.9959,40.7297],[-3.9959,40.7297],[-3.9959,40.7296],[-3.9957,40.7296],[-3.9955,40.7296],[-3.9954,40.7296],[-3.9953,40.7296],[-3.9953,40.7296],[-3.9952,40.7296],[-3.995,40.7295],[-3.9949,40.7295],[-3.9949,40.7295],[-3.9949,40.7295],[-3.9948,40.7295],[-3.9948,40.7295],[-3.9948,40.7295],[-3.9948,40.7295],[-3.9948,40.7295],[-3.9947,40.7295],[-3.9947,40.7295],[-3.9947,40.7295],[-3.9946,40.7295],[-3.9946,40.7294],[-3.9946,40.7294],[-3.9946,40.7294],[-3.9946,40.7294],[-3.9946,40.7294],[-3.9946,40.7294],[-3.9945,40.7293],[-3.9945,40.7293],[-3.9945,40.7293],[-3.9946,40.7292],[-3.9947,40.7291],[-3.9947,40.7291],[-3.9948,40.729],[-3.9948,40.729],[-3.9949,40.729],[-3.995,40.729],[-3.9949,40.7288],[-3.9948,40.7286],[-3.9948,40.7286],[-3.9947,40.7286],[-3.9947,40.7285],[-3.9946,40.7285],[-3.9945,40.7284],[-3.9945,40.7284],[-3.9945,40.7284],[-3.9944,40.7283],[-3.9943,40.7282],[-3.9943,40.7281],[-3.9943,40.7281],[-3.9942,40.728],[-3.9942,40.728],[-3.9942,40.7279],[-3.9942,40.7279],[-3.9942,40.7279],[-3.9942,40.7279],[-3.9941,40.7278],[-3.9939,40.7276],[-3.9939,40.7276],[-3.9936,40.7274],[-3.9935,40.7273],[-3.9934,40.7273],[-3.9932,40.7272],[-3.9929,40.7276],[-3.9926,40.7278],[-3.9923,40.7281],[-3.9918,40.7286],[-3.9914,40.729],[-3.9909,40.7295],[-3.9906,40.7298],[-3.9902,40.7302],[-3.9892,40.7312],[-3.989,40.7314],[-3.9887,40.7317],[-3.9883,40.7322],[-3.9878,40.7327],[-3.9873,40.7331],[-3.9871,40.7336],[-3.9868,40.7341],[-3.9867,40.7344],[-3.9866,40.7345],[-3.9865,40.7347],[-3.9861,40.7353],[-3.9858,40.7359],[-3.9851,40.737],[-3.9846,40.7378],[-3.9841,40.7386],[-3.9837,40.7392],[-3.9834,40.7398],[-3.9824,40.741],[-3.9821,40.7413],[-3.9817,40.7419],[-3.9817,40.7428],[-3.9817,40.7436],[-3.9818,40.7438]],[[-3.9999,40.7452],[-3.9998,40.7451],[-3.9996,40.745],[-3.9996,40.7449],[-3.9995,40.7448],[-3.9994,40.7447],[-3.9993,40.7446],[-3.9993,40.7446],[-3.9994,40.7445],[-3.9995,40.7444],[-3.9998,40.7443],[-3.9999,40.7442],[-4.0001,40.7441],[-4.0004,40.744],[-4.0007,40.7439],[-4.0008,40.7438],[-4.001,40.7437],[-4.0013,40.7436],[-4.0014,40.7436],[-4.0016,40.7435],[-4.0017,40.7435],[-4.002,40.7433],[-4.0023,40.7431],[-4.0024,40.743],[-4.0025,40.7429],[-4.0026,40.7429],[-4.0026,40.7429],[-4.0027,40.7428],[-4.0027,40.7428],[-4.0029,40.7428],[-4.0031,40.7426],[-4.0033,40.7425],[-4.0034,40.7425],[-4.0037,40.7424],[-4.0037,40.7423],[-4.0038,40.7423],[-4.004,40.7423],[-4.0041,40.7423],[-4.0042,40.7425],[-4.0042,40.7425],[-4.0043,40.7427],[-4.0044,40.7428],[-4.0044,40.7428],[-4.0044,40.7429],[-4.0044,40.7429],[-4.0043,40.7431],[-4.0042,40.7431],[-4.0041,40.7432],[-4.004,40.7432],[-4.0038,40.7434],[-4.0036,40.7435],[-4.0034,40.7436],[-4.0032,40.7437],[-4.0031,40.7438],[-4.0029,40.744],[-4.0029,40.744],[-4.0028,40.7441],[-4.0026,40.7442],[-4.0024,40.7443],[-4.0022,40.7443],[-4.0021,40.7444],[-4.0018,40.7445],[-4.0017,40.7445],[-4.0015,40.7446],[-4.0014,40.7446],[-4.0013,40.7447],[-4.0012,40.7448],[-4.001,40.7448],[-4.0009,40.7449],[-4.0006,40.745],[-4.0004,40.7451],[-4.0002,40.7451],[-4.0001,40.7452],[-4,40.7453],[-3.9999,40.7452]]]},"geometry_name":"GEOMETRY1","properties":{"CD_TIPO_ZONA":"A1","DS_TIPO_ZONA":"A1: Reserva Natural Integral.","NM_AREA_M":null,"NM_AREA_HA":null}},{"type":"Feature","id":"IDEM_MA_PR_CA_MANZANARES.50","geometry":{"type":"Polygon","coordinates":[[[-3.8983,40.7509],[-3.8984,40.7509],[-3.8985,40.751],[-3.8987,40.751],[-3.8998,40.751],[-3.8999,40.751],[-3.9,40.751],[-3.9001,40.7511],[-3.9001,40.7511],[-3.9002,40.7511],[-3.9003,40.7512],[-3.9003,40.7512],[-3.9004,40.7512],[-3.9005,40.7513],[-3.9005,40.7513],[-3.9005,40.7514],[-3.9006,40.7514],[-3.9006,40.7515],[-3.9008,40.7517],[-3.9011,40.752],[-3.9011,40.752],[-3.9012,40.7521],[-3.9012,40.7521],[-3.9013,40.7522],[-3.9013,40.7522],[-3.9014,40.7523],[-3.9015,40.7523],[-3.9015,40.7524],[-3.9016,40.7524],[-3.9017,40.7524],[-3.9018,40.7525],[-3.9019,40.7525],[-3.902,40.7525],[-3.9021,40.7525],[-3.9022,40.7526],[-3.9023,40.7526],[-3.9024,40.7526],[-3.9026,40.7526],[-3.9029,40.7526],[-3.903,40.7526],[-3.903,40.7526],[-3.903,40.7525],[-3.9031,40.7524],[-3.9031,40.7524],[-3.9031,40.7523],[-3.9031,40.7522],[-3.9032,40.7521],[-3.9033,40.752],[-3.9034,40.7519],[-3.9035,40.7517],[-3.9034,40.7516],[-3.9033,40.7515],[-3.9031,40.7513],[-3.9029,40.7511],[-3.9028,40.751],[-3.9027,40.7509],[-3.9025,40.7508],[-3.9023,40.7508],[-3.9022,40.751],[-3.902,40.7512],[-3.9019,40.7513],[-3.9015,40.7513],[-3.9013,40.7512],[-3.9009,40.7511],[-3.9004,40.7509],[-3.9,40.7508],[-3.8997,40.7507],[-3.8996,40.7506],[-3.8992,40.7504],[-3.899,40.7503],[-3.8986,40.7502],[-3.8983,40.7502],[-3.898,40.7502],[-3.8977,40.75],[-3.8974,40.7498],[-3.8977,40.7497],[-3.898,40.7496],[-3.8984,40.7495],[-3.899,40.7493],[-3.8995,40.7492],[-3.8998,40.7491],[-3.9008,40.7489],[-3.902,40.7487],[-3.9025,40.7486],[-3.9033,40.7484],[-3.904,40.7482],[-3.9046,40.7481],[-3.905,40.7482],[-3.9056,40.7483],[-3.9062,40.7483],[-3.9068,40.7483],[-3.9075,40.7483],[-3.9076,40.7473],[-3.9078,40.7464],[-3.9079,40.7459],[-3.9079,40.7454],[-3.908,40.7451],[-3.908,40.7449],[-3.9079,40.7446],[-3.9077,40.7443],[-3.9077,40.7442],[-3.9076,40.7438],[-3.9076,40.7433],[-3.9076,40.7428],[-3.9076,40.7422],[-3.9078,40.7418],[-3.9077,40.7414],[-3.9076,40.7412],[-3.9076,40.7412],[-3.9079,40.7408],[-3.9083,40.7404],[-3.9086,40.7401],[-3.9091,40.7396],[-3.9094,40.7391],[-3.9116,40.7394],[-3.9122,40.7396],[-3.9125,40.7401],[-3.9145,40.7412],[-3.915,40.7413],[-3.916,40.7415],[-3.9166,40.7416],[-3.9174,40.7421],[-3.9183,40.7423],[-3.9189,40.7424],[-3.9189,40.7424],[-3.9189,40.7424],[-3.9189,40.7424],[-3.9189,40.7424],[-3.9192,40.7422],[-3.9198,40.7418],[-3.9206,40.7399],[-3.9209,40.739],[-3.9212,40.7385],[-3.9213,40.7379],[-3.9214,40.7373],[-3.9227,40.7378],[-3.9231,40.7379],[-3.9232,40.738],[-3.9238,40.7379],[-3.9241,40.7379],[-3.9247,40.738],[-3.925,40.7379],[-3.9256,40.7379],[-3.9259,40.7378],[-3.9261,40.7378],[-3.9272,40.7378],[-3.9277,40.7378],[-3.9281,40.7378],[-3.9283,40.7379],[-3.9286,40.7379],[-3.9287,40.7382],[-3.9287,40.7384],[-3.929,40.7384],[-3.9304,40.7386],[-3.9307,40.7387],[-3.9312,40.7389],[-3.9324,40.7391],[-3.9332,40.7394],[-3.9342,40.7397],[-3.9348,40.7399],[-3.935,40.74],[-3.9352,40.74],[-3.9354,40.7403],[-3.9355,40.7405],[-3.9356,40.7409],[-3.9356,40.7411],[-3.9358,40.7415],[-3.9357,40.7417],[-3.9357,40.7417],[-3.9357,40.7417],[-3.9358,40.7419],[-3.9358,40.742],[-3.9362,40.7419],[-3.9367,40.7422],[-3.9372,40.7425],[-3.9375,40.7428],[-3.9381,40.7434],[-3.9383,40.7435],[-3.9384,40.7437],[-3.939,40.7441],[-3.9394,40.7445],[-3.9395,40.7446],[-3.9397,40.7448],[-3.9398,40.745],[-3.9399,40.7452],[-3.9401,40.7454],[-3.9402,40.7455],[-3.9403,40.7456],[-3.9403,40.7457],[-3.9403,40.7459],[-3.9404,40.746],[-3.9405,40.7462],[-3.9408,40.7462],[-3.9409,40.7463],[-3.9412,40.7463],[-3.9415,40.7463],[-3.9422,40.7463],[-3.9425,40.7463],[-3.9438,40.7465],[-3.9444,40.7466],[-3.9454,40.7465],[-3.9456,40.7464],[-3.946,40.7462],[-3.9463,40.7461],[-3.9465,40.746],[-3.9468,40.7459],[-3.9472,40.7458],[-3.9474,40.7458],[-3.9481,40.7456],[-3.9486,40.746],[-3.95,40.7462],[-3.9502,40.7462],[-3.9507,40.7463],[-3.9514,40.7465],[-3.9525,40.7468],[-3.9527,40.7467],[-3.9535,40.7464],[-3.9535,40.7464],[-3.9535,40.7459],[-3.9535,40.7453],[-3.9535,40.7453],[-3.9535,40.7453],[-3.9537,40.745],[-3.9539,40.7447],[-3.9541,40.7444],[-3.9544,40.7438],[-3.9546,40.7435],[-3.9549,40.7432],[-3.9551,40.743],[-3.9554,40.7427],[-3.9561,40.7421],[-3.9562,40.7421],[-3.9563,40.7419],[-3.9563,40.7419],[-3.9563,40.7419],[-3.9563,40.7418],[-3.9563,40.7417],[-3.9563,40.7413],[-3.9563,40.7409],[-3.9565,40.7407],[-3.9565,40.7406],[-3.9567,40.7404],[-3.9569,40.7403],[-3.9572,40.74],[-3.9577,40.7397],[-3.9581,40.7396],[-3.9585,40.7395],[-3.9589,40.7394],[-3.9596,40.7392],[-3.9601,40.7392],[-3.9601,40.7392],[-3.9764,40.7461],[-3.9767,40.7462],[-3.9772,40.7462],[-3.9776,40.7461],[-3.978,40.7459],[-3.9782,40.7458],[-3.9783,40.7457],[-3.9785,40.7456],[-3.9787,40.7457],[-3.9789,40.7457],[-3.9789,40.7457],[-3.9789,40.7452],[-3.979,40.745],[-3.9789,40.7447],[-3.9789,40.7444],[-3.9789,40.7443],[-3.9789,40.7441],[-3.979,40.7441],[-3.9793,40.744],[-3.9793,40.744],[-3.9795,40.7439],[-3.9798,40.7438],[-3.9801,40.7439],[-3.9805,40.744],[-3.9808,40.744],[-3.981,40.7439],[-3.9813,40.7438],[-3.9815,40.7438],[-3.9817,40.7437],[-3.9817,40.7437],[-3.9817,40.7437],[-3.9817,40.7437],[-3.9817,40.7437],[-3.9818,40.7438],[-3.9817,40.7436],[-3.9817,40.7428],[-3.9817,40.7419],[-3.9821,40.7413],[-3.9824,40.741],[-3.9834,40.7398],[-3.9837,40.7392],[-3.9841,40.7386],[-3.9846,40.7378],[-3.9851,40.737],[-3.9858,40.7359],[-3.9861,40.7353],[-3.9865,40.7347],[-3.9866,40.7345],[-3.9867,40.7344],[-3.9868,40.7341],[-3.9871,40.7336],[-3.9873,40.7331],[-3.9878,40.7327],[-3.9883,40.7322],[-3.9887,40.7317],[-3.989,40.7314],[-3.9892,40.7312],[-3.9902,40.7302],[-3.9906,40.7298],[-3.9909,40.7295],[-3.9914,40.729],[-3.9918,40.7286],[-3.9923,40.7281],[-3.9926,40.7278],[-3.9929,40.7276],[-3.9932,40.7272],[-3.9934,40.7273],[-3.9934,40.7273],[-3.9933,40.7273],[-3.9932,40.7272],[-3.993,40.7272],[-3.9929,40.7272],[-3.9928,40.7272],[-3.9927,40.7272],[-3.9925,40.7272],[-3.9924,40.7272],[-3.9923,40.7272],[-3.9922,40.7272],[-3.9921,40.7273],[-3.9919,40.7273],[-3.9918,40.7273],[-3.9903,40.7277],[-3.9888,40.7281],[-3.9873,40.7286],[-3.9858,40.729],[-3.9856,40.729],[-3.9854,40.7291],[-3.9851,40.7292],[-3.9849,40.7292],[-3.9847,40.7293],[-3.9846,40.7294],[-3.9844,40.7295],[-3.9841,40.7296],[-3.9838,40.7297],[-3.9835,40.7298],[-3.9833,40.73],[-3.983,40.7301],[-3.9829,40.7301],[-3.9827,40.7302],[-3.9822,40.7307],[-3.9816,40.7311],[-3.9815,40.7311],[-3.9815,40.7311],[-3.9814,40.7312],[-3.9814,40.7312],[-3.9813,40.7313],[-3.9813,40.7313],[-3.9813,40.7314],[-3.9813,40.7314],[-3.9813,40.7314],[-3.9812,40.7314],[-3.9812,40.7315],[-3.9811,40.7316],[-3.9809,40.7316],[-3.9807,40.7317],[-3.9806,40.7318],[-3.9804,40.7318],[-3.9802,40.7319],[-3.9801,40.732],[-3.9799,40.732],[-3.9798,40.7321],[-3.9796,40.7322],[-3.9795,40.7322],[-3.9794,40.7323],[-3.9792,40.7324],[-3.979,40.7324],[-3.9788,40.7325],[-3.9785,40.7326],[-3.9783,40.7327],[-3.9782,40.7327],[-3.9782,40.7327],[-3.9782,40.7327],[-3.9781,40.7327],[-3.9781,40.7327],[-3.978,40.7328],[-3.978,40.7328],[-3.978,40.7328],[-3.978,40.7329],[-3.978,40.7329],[-3.9779,40.7329],[-3.9778,40.733],[-3.9777,40.7331],[-3.9776,40.7331],[-3.9775,40.7331],[-3.9774,40.7332],[-3.9773,40.7332],[-3.9773,40.7332],[-3.9772,40.7332],[-3.9771,40.7332],[-3.977,40.7332],[-3.9769,40.7332],[-3.9769,40.7332],[-3.9768,40.7332],[-3.9767,40.7332],[-3.9766,40.7331],[-3.9766,40.7331],[-3.9765,40.7331],[-3.9765,40.7331],[-3.9765,40.733],[-3.9764,40.733],[-3.9764,40.733],[-3.9763,40.733],[-3.9763,40.733],[-3.976,40.7331],[-3.9757,40.7331],[-3.9756,40.7332],[-3.9755,40.7332],[-3.9754,40.7332],[-3.9753,40.7332],[-3.9752,40.7332],[-3.975,40.7331],[-3.9749,40.7331],[-3.9748,40.7331],[-3.9747,40.733],[-3.9746,40.733],[-3.9745,40.733],[-3.9743,40.733],[-3.9742,40.733],[-3.9742,40.7329],[-3.9741,40.7329],[-3.9741,40.7328],[-3.974,40.7328],[-3.974,40.7327],[-3.9739,40.7327],[-3.9738,40.7326],[-3.9737,40.7326],[-3.9736,40.7326],[-3.9735,40.7326],[-3.9734,40.7325],[-3.9732,40.7325],[-3.9731,40.7325],[-3.973,40.7325],[-3.9729,40.7325],[-3.9728,40.7325],[-3.9727,40.7325],[-3.9726,40.7325],[-3.9725,40.7324],[-3.9724,40.7324],[-3.9721,40.7323],[-3.9718,40.7323],[-3.9716,40.7322],[-3.9713,40.7321],[-3.9712,40.7321],[-3.9711,40.7321],[-3.971,40.7321],[-3.9709,40.7321],[-3.9708,40.732],[-3.9707,40.732],[-3.9705,40.7319],[-3.9704,40.7318],[-3.9703,40.7318],[-3.9701,40.7317],[-3.97,40.7316],[-3.9699,40.7316],[-3.9699,40.7315],[-3.9697,40.7314],[-3.9696,40.7315],[-3.9694,40.7316],[-3.9693,40.7316],[-3.9691,40.7317],[-3.969,40.7318],[-3.9688,40.7318],[-3.9686,40.7319],[-3.9685,40.7319],[-3.9682,40.7319],[-3.968,40.732],[-3.9677,40.7321],[-3.9675,40.7321],[-3.9672,40.7322],[-3.967,40.7323],[-3.9668,40.7323],[-3.9666,40.7324],[-3.9665,40.7324],[-3.9663,40.7324],[-3.9661,40.7325],[-3.966,40.7325],[-3.9657,40.7325],[-3.9654,40.7326],[-3.9652,40.7327],[-3.9649,40.7327],[-3.9649,40.7328],[-3.9648,40.7328],[-3.9647,40.7328],[-3.9646,40.7328],[-3.9645,40.7328],[-3.9644,40.7329],[-3.9644,40.7329],[-3.9643,40.7329],[-3.9638,40.7328],[-3.9633,40.7328],[-3.9628,40.7328],[-3.9624,40.7328],[-3.962,40.7327],[-3.9615,40.7327],[-3.9611,40.7326],[-3.9605,40.7326],[-3.9598,40.7325],[-3.9596,40.7325],[-3.9595,40.7325],[-3.9593,40.7325],[-3.9591,40.7325],[-3.959,40.7325],[-3.959,40.7325],[-3.959,40.7326],[-3.9591,40.7327],[-3.9591,40.7328],[-3.9592,40.7329],[-3.9592,40.7331],[-3.9593,40.7332],[-3.9594,40.7333],[-3.9595,40.7334],[-3.9596,40.7336],[-3.9597,40.7337],[-3.9597,40.7338],[-3.9598,40.734],[-3.9598,40.734],[-3.9598,40.7341],[-3.9599,40.7343],[-3.9599,40.7344],[-3.96,40.7345],[-3.96,40.7347],[-3.96,40.7348],[-3.96,40.7349],[-3.96,40.735],[-3.96,40.735],[-3.9599,40.735],[-3.9599,40.735],[-3.9598,40.735],[-3.9597,40.735],[-3.9597,40.735],[-3.9596,40.735],[-3.9595,40.735],[-3.9594,40.7351],[-3.9593,40.7351],[-3.9592,40.7351],[-3.9592,40.7352],[-3.9591,40.7352],[-3.959,40.7352],[-3.959,40.7353],[-3.9589,40.7354],[-3.9589,40.7354],[-3.9587,40.7356],[-3.9585,40.7358],[-3.9583,40.736],[-3.9582,40.7361],[-3.9581,40.7362],[-3.958,40.7363],[-3.9578,40.7364],[-3.9577,40.7365],[-3.9576,40.7367],[-3.9575,40.7368],[-3.9574,40.7369],[-3.9572,40.737],[-3.9571,40.7371],[-3.9569,40.7372],[-3.9568,40.7373],[-3.9567,40.7374],[-3.9566,40.7374],[-3.9565,40.7375],[-3.9564,40.7376],[-3.9562,40.7376],[-3.9562,40.7376],[-3.9552,40.7377],[-3.9547,40.7378],[-3.9541,40.7378],[-3.953,40.7379],[-3.9526,40.738],[-3.9521,40.738],[-3.9517,40.7381],[-3.9513,40.7382],[-3.9509,40.7382],[-3.9505,40.7383],[-3.9504,40.7383],[-3.95,40.7384],[-3.9499,40.7385],[-3.9498,40.7385],[-3.9497,40.7386],[-3.9496,40.7387],[-3.9495,40.7387],[-3.9494,40.7388],[-3.9492,40.7388],[-3.9491,40.7389],[-3.949,40.7389],[-3.9488,40.739],[-3.9488,40.739],[-3.9487,40.739],[-3.9486,40.739],[-3.9485,40.739],[-3.9483,40.739],[-3.9482,40.739],[-3.9479,40.739],[-3.9477,40.7389],[-3.9474,40.7388],[-3.9472,40.7388],[-3.9471,40.7387],[-3.9469,40.7387],[-3.9466,40.7386],[-3.9458,40.7385],[-3.9451,40.7383],[-3.9449,40.7383],[-3.944,40.7382],[-3.944,40.7382],[-3.9436,40.7381],[-3.9431,40.738],[-3.9426,40.7379],[-3.9421,40.7378],[-3.9417,40.7377],[-3.9412,40.7376],[-3.9413,40.7375],[-3.9413,40.7373],[-3.9413,40.7373],[-3.9413,40.7372],[-3.9414,40.737],[-3.9414,40.7368],[-3.9414,40.7367],[-3.9414,40.7365],[-3.9414,40.7365],[-3.9414,40.7364],[-3.9414,40.7362],[-3.9414,40.7361],[-3.9414,40.7361],[-3.9414,40.7359],[-3.9414,40.7357],[-3.9414,40.7355],[-3.9414,40.7353],[-3.9414,40.7352],[-3.9414,40.7351],[-3.9414,40.735],[-3.9413,40.735],[-3.9413,40.7349],[-3.9413,40.7348],[-3.9412,40.7347],[-3.9411,40.7347],[-3.9411,40.7346],[-3.941,40.7345],[-3.9409,40.7345],[-3.9409,40.7344],[-3.9408,40.7344],[-3.9408,40.7343],[-3.9407,40.7343],[-3.9407,40.7342],[-3.9407,40.7341],[-3.9406,40.7341],[-3.9406,40.734],[-3.9404,40.7339],[-3.9402,40.7338],[-3.94,40.7337],[-3.94,40.7336],[-3.94,40.7336],[-3.9399,40.7335],[-3.9399,40.7334],[-3.9399,40.7334],[-3.9399,40.7334],[-3.9399,40.7333],[-3.9399,40.7332],[-3.9399,40.7332],[-3.9399,40.7331],[-3.9399,40.7331],[-3.94,40.7331],[-3.94,40.733],[-3.94,40.7329],[-3.9401,40.7329],[-3.9401,40.7328],[-3.9402,40.7328],[-3.94,40.7328],[-3.9399,40.7327],[-3.9397,40.7327],[-3.9396,40.7327],[-3.9394,40.7326],[-3.9391,40.7326],[-3.9389,40.7326],[-3.9387,40.7325],[-3.9384,40.7325],[-3.9382,40.7325],[-3.9379,40.7325],[-3.9376,40.7325],[-3.9372,40.7326],[-3.9367,40.7326],[-3.9362,40.7327],[-3.9359,40.7327],[-3.9356,40.7328],[-3.9353,40.7328],[-3.9351,40.7328],[-3.9349,40.7328],[-3.9347,40.7328],[-3.9345,40.7328],[-3.9344,40.7328],[-3.9342,40.7328],[-3.934,40.7327],[-3.9338,40.7327],[-3.9336,40.7327],[-3.9334,40.7327],[-3.9332,40.7326],[-3.9331,40.7326],[-3.9329,40.7327],[-3.9328,40.7327],[-3.9327,40.7327],[-3.9325,40.7327],[-3.9324,40.7328],[-3.9322,40.7328],[-3.9322,40.7328],[-3.9321,40.7328],[-3.932,40.7328],[-3.932,40.7328],[-3.9319,40.7328],[-3.9318,40.7328],[-3.9317,40.7328],[-3.9316,40.7328],[-3.9315,40.7327],[-3.9315,40.7327],[-3.9314,40.7327],[-3.9313,40.7326],[-3.9312,40.7326],[-3.9311,40.7325],[-3.9311,40.7325],[-3.931,40.7324],[-3.9309,40.7324],[-3.9308,40.7324],[-3.9307,40.7323],[-3.9307,40.7323],[-3.9306,40.7323],[-3.9304,40.7323],[-3.9303,40.7323],[-3.9301,40.7323],[-3.9299,40.7323],[-3.9298,40.7323],[-3.9296,40.7323],[-3.9295,40.7323],[-3.9294,40.7323],[-3.9293,40.7323],[-3.9292,40.7323],[-3.9291,40.7322],[-3.9291,40.7322],[-3.929,40.7322],[-3.929,40.7322],[-3.9289,40.7321],[-3.9289,40.7321],[-3.9288,40.7321],[-3.9287,40.732],[-3.9286,40.732],[-3.9285,40.7319],[-3.9284,40.7318],[-3.9282,40.7318],[-3.9281,40.7317],[-3.928,40.7317],[-3.9279,40.7317],[-3.9275,40.7315],[-3.9271,40.7314],[-3.9268,40.7313],[-3.9265,40.7312],[-3.9261,40.7311],[-3.926,40.731],[-3.9258,40.7309],[-3.9256,40.7309],[-3.9255,40.7308],[-3.9253,40.7308],[-3.9251,40.7307],[-3.9249,40.7307],[-3.9247,40.7306],[-3.9245,40.7305],[-3.9244,40.7305],[-3.9242,40.7304],[-3.924,40.7304],[-3.9239,40.7304],[-3.9237,40.7303],[-3.9236,40.7303],[-3.9235,40.7303],[-3.9233,40.7302],[-3.9232,40.7302],[-3.9231,40.7302],[-3.923,40.7301],[-3.9229,40.7301],[-3.9228,40.73],[-3.9227,40.7299],[-3.9226,40.7299],[-3.9225,40.7298],[-3.9222,40.7298],[-3.922,40.7298],[-3.9218,40.7298],[-3.9217,40.7298],[-3.9216,40.7298],[-3.9215,40.7298],[-3.9214,40.7298],[-3.9212,40.7298],[-3.9212,40.7298],[-3.9211,40.7297],[-3.921,40.7297],[-3.921,40.7297],[-3.9209,40.7297],[-3.9209,40.7296],[-3.9208,40.7296],[-3.9208,40.7295],[-3.9207,40.7295],[-3.9207,40.7294],[-3.9207,40.7294],[-3.9206,40.7293],[-3.9206,40.7293],[-3.9206,40.7292],[-3.9205,40.7292],[-3.9205,40.7292],[-3.9204,40.7291],[-3.9203,40.7291],[-3.9203,40.729],[-3.9202,40.729],[-3.9201,40.729],[-3.92,40.7289],[-3.92,40.7289],[-3.92,40.7289],[-3.92,40.7289],[-3.9199,40.7289],[-3.9198,40.7288],[-3.9196,40.7288],[-3.9195,40.7287],[-3.9194,40.7287],[-3.9193,40.7286],[-3.9191,40.7286],[-3.9191,40.7285],[-3.919,40.7285],[-3.919,40.7285],[-3.9189,40.7284],[-3.9189,40.7284],[-3.9188,40.7284],[-3.9187,40.7284],[-3.9187,40.7284],[-3.9186,40.7283],[-3.9185,40.7283],[-3.9184,40.7283],[-3.9183,40.7283],[-3.9182,40.7284],[-3.9181,40.7284],[-3.9179,40.7284],[-3.9178,40.7284],[-3.9177,40.7284],[-3.9177,40.7285],[-3.9176,40.7285],[-3.9176,40.7285],[-3.9175,40.7285],[-3.9175,40.7285],[-3.9174,40.7285],[-3.9174,40.7285],[-3.9173,40.7285],[-3.9173,40.7285],[-3.9172,40.7285],[-3.9169,40.7284],[-3.9166,40.7283],[-3.9163,40.7283],[-3.916,40.7282],[-3.9159,40.7281],[-3.9158,40.7281],[-3.9157,40.7281],[-3.9156,40.728],[-3.9155,40.728],[-3.9154,40.7279],[-3.9153,40.7279],[-3.9152,40.7278],[-3.9151,40.7277],[-3.915,40.7277],[-3.9149,40.7276],[-3.9148,40.7275],[-3.9148,40.7274],[-3.9147,40.7274],[-3.9146,40.7273],[-3.9145,40.7273],[-3.9144,40.7272],[-3.9143,40.7272],[-3.9142,40.7271],[-3.9141,40.7271],[-3.9141,40.7271],[-3.914,40.727],[-3.9139,40.727],[-3.9138,40.7269],[-3.9137,40.7269],[-3.9136,40.7268],[-3.9135,40.7267],[-3.9134,40.7266],[-3.9134,40.7266],[-3.9133,40.7265],[-3.9131,40.7264],[-3.9129,40.7262],[-3.9126,40.7261],[-3.9124,40.726],[-3.9122,40.7259],[-3.9119,40.7257],[-3.9116,40.7256],[-3.9113,40.7254],[-3.9111,40.7253],[-3.9108,40.7252],[-3.9108,40.7251],[-3.9107,40.7251],[-3.9107,40.7251],[-3.9106,40.7251],[-3.9106,40.725],[-3.9105,40.725],[-3.9105,40.725],[-3.9105,40.7249],[-3.9104,40.7249],[-3.9104,40.7248],[-3.9104,40.7248],[-3.9104,40.7247],[-3.9103,40.7246],[-3.9103,40.7246],[-3.9102,40.7245],[-3.9101,40.7244],[-3.91,40.7243],[-3.9099,40.7243],[-3.9098,40.7242],[-3.9097,40.7241],[-3.9095,40.724],[-3.9093,40.7238],[-3.9091,40.7237],[-3.9089,40.7235],[-3.9087,40.7234],[-3.9085,40.7233],[-3.9083,40.7232],[-3.9081,40.7232],[-3.908,40.7231],[-3.9078,40.7231],[-3.9077,40.723],[-3.9075,40.723],[-3.9074,40.723],[-3.9072,40.723],[-3.9071,40.723],[-3.9069,40.723],[-3.9068,40.723],[-3.9066,40.723],[-3.9064,40.723],[-3.9063,40.723],[-3.9061,40.723],[-3.9059,40.723],[-3.9056,40.723],[-3.9054,40.723],[-3.9053,40.7229],[-3.9052,40.7229],[-3.9051,40.7229],[-3.905,40.7229],[-3.9048,40.7229],[-3.9047,40.7228],[-3.9046,40.7228],[-3.9045,40.7228],[-3.9042,40.7228],[-3.904,40.7228],[-3.9037,40.7228],[-3.9035,40.7228],[-3.9032,40.7228],[-3.903,40.7228],[-3.9027,40.7228],[-3.9025,40.7228],[-3.9023,40.7228],[-3.9021,40.7228],[-3.9018,40.7228],[-3.9014,40.7228],[-3.9011,40.7228],[-3.9007,40.7228],[-3.9003,40.7229],[-3.9001,40.7229],[-3.8999,40.7229],[-3.8998,40.7229],[-3.8997,40.7229],[-3.8996,40.7229],[-3.8994,40.723],[-3.8993,40.723],[-3.8992,40.723],[-3.8991,40.7231],[-3.899,40.7231],[-3.899,40.7232],[-3.8989,40.7232],[-3.8988,40.7233],[-3.8987,40.7233],[-3.8986,40.7234],[-3.8986,40.7231],[-3.8984,40.7216],[-3.8982,40.7211],[-3.8976,40.719],[-3.8975,40.7186],[-3.8955,40.7169],[-3.8945,40.7161],[-3.8936,40.7153],[-3.8936,40.7153],[-3.8932,40.7154],[-3.8928,40.7154],[-3.8924,40.7155],[-3.892,40.7155],[-3.8917,40.7157],[-3.8913,40.7158],[-3.8906,40.716],[-3.8899,40.7163],[-3.8891,40.7166],[-3.8884,40.7169],[-3.8877,40.7172],[-3.887,40.7176],[-3.8864,40.7179],[-3.8857,40.7182],[-3.8848,40.7187],[-3.8839,40.7191],[-3.8832,40.7195],[-3.8824,40.7198],[-3.8815,40.7203],[-3.8806,40.7207],[-3.8803,40.7209],[-3.88,40.7211],[-3.8797,40.7214],[-3.8795,40.7216],[-3.8791,40.7221],[-3.8788,40.7225],[-3.8786,40.7227],[-3.8784,40.7229],[-3.8781,40.7232],[-3.8779,40.7234],[-3.8776,40.7236],[-3.8774,40.7237],[-3.8771,40.7238],[-3.8768,40.7239],[-3.8765,40.724],[-3.8762,40.724],[-3.8759,40.724],[-3.8755,40.7241],[-3.8751,40.7241],[-3.8746,40.724],[-3.8741,40.724],[-3.8735,40.724],[-3.873,40.724],[-3.8727,40.724],[-3.8724,40.7241],[-3.8721,40.7241],[-3.8718,40.7242],[-3.8712,40.7244],[-3.8706,40.7246],[-3.8701,40.7248],[-3.8696,40.725],[-3.8694,40.725],[-3.8692,40.7251],[-3.8691,40.7252],[-3.8689,40.7253],[-3.8689,40.7253],[-3.8688,40.7254],[-3.8687,40.7255],[-3.8687,40.7256],[-3.8686,40.7257],[-3.8686,40.7257],[-3.8685,40.7258],[-3.8684,40.7258],[-3.8683,40.7258],[-3.8682,40.7257],[-3.8681,40.7258],[-3.868,40.7258],[-3.8678,40.7259],[-3.8677,40.7258],[-3.8677,40.7258],[-3.8678,40.7259],[-3.8678,40.7259],[-3.8677,40.7259],[-3.8677,40.726],[-3.8676,40.726],[-3.8676,40.726],[-3.8675,40.726],[-3.8675,40.726],[-3.8674,40.7261],[-3.8673,40.7261],[-3.8672,40.7261],[-3.8672,40.7262],[-3.8672,40.7262],[-3.8673,40.7262],[-3.8673,40.7262],[-3.8673,40.7262],[-3.8673,40.7263],[-3.8673,40.7263],[-3.8674,40.7263],[-3.8674,40.7263],[-3.8674,40.7263],[-3.8674,40.7264],[-3.8675,40.7264],[-3.8675,40.7264],[-3.8675,40.7264],[-3.8675,40.7264],[-3.8675,40.7264],[-3.8676,40.7264],[-3.8676,40.7265],[-3.8676,40.7265],[-3.8676,40.7265],[-3.8676,40.7265],[-3.8677,40.7265],[-3.8677,40.7265],[-3.8677,40.7265],[-3.8677,40.7266],[-3.8677,40.7266],[-3.8678,40.7266],[-3.8678,40.7266],[-3.8678,40.7266],[-3.8678,40.7266],[-3.8678,40.7266],[-3.8679,40.7267],[-3.8679,40.7267],[-3.8679,40.7267],[-3.868,40.7267],[-3.868,40.7267],[-3.8681,40.7268],[-3.8681,40.7268],[-3.8681,40.7268],[-3.8682,40.7268],[-3.8682,40.7269],[-3.8683,40.7269],[-3.8686,40.727],[-3.8686,40.727],[-3.8686,40.727],[-3.8686,40.727],[-3.8687,40.727],[-3.8687,40.727],[-3.8687,40.727],[-3.8687,40.727],[-3.8688,40.727],[-3.8688,40.727],[-3.8688,40.727],[-3.8688,40.7271],[-3.8689,40.7271],[-3.8689,40.7271],[-3.8689,40.7271],[-3.8689,40.7271],[-3.869,40.7271],[-3.869,40.7271],[-3.869,40.7271],[-3.869,40.7271],[-3.8691,40.7271],[-3.8691,40.7271],[-3.8691,40.7271],[-3.8692,40.7271],[-3.8692,40.7271],[-3.8692,40.7271],[-3.8692,40.7272],[-3.8693,40.7272],[-3.8693,40.7272],[-3.8693,40.7272],[-3.8693,40.7272],[-3.8694,40.7272],[-3.8694,40.7272],[-3.8694,40.7272],[-3.8694,40.7272],[-3.8695,40.7272],[-3.8695,40.7272],[-3.8695,40.7272],[-3.8696,40.7272],[-3.8696,40.7272],[-3.8696,40.7272],[-3.8696,40.7272],[-3.8696,40.7272],[-3.8697,40.7272],[-3.8697,40.7272],[-3.8697,40.7272],[-3.8697,40.7272],[-3.8697,40.7272],[-3.8697,40.7272],[-3.8697,40.7272],[-3.8697,40.7272],[-3.8698,40.7272],[-3.8698,40.7272],[-3.8698,40.7272],[-3.8698,40.7272],[-3.8698,40.7272],[-3.8698,40.7272],[-3.8698,40.7272],[-3.8699,40.7272],[-3.8699,40.7272],[-3.8699,40.7272],[-3.8699,40.7272],[-3.8699,40.7272],[-3.87,40.7272],[-3.87,40.7272],[-3.8701,40.7272],[-3.8701,40.7272],[-3.8701,40.7272],[-3.8702,40.7272],[-3.8702,40.7272],[-3.8703,40.7272],[-3.8703,40.7272],[-3.8703,40.7272],[-3.8704,40.7272],[-3.8704,40.7272],[-3.8705,40.7272],[-3.8705,40.7272],[-3.8705,40.7272],[-3.8706,40.7272],[-3.8706,40.7272],[-3.8707,40.7272],[-3.8708,40.7272],[-3.8708,40.7272],[-3.8708,40.7272],[-3.8709,40.7272],[-3.8709,40.7272],[-3.8709,40.7272],[-3.8709,40.7272],[-3.8709,40.7272],[-3.8709,40.7272],[-3.8709,40.7272],[-3.8709,40.7272],[-3.8709,40.7272],[-3.871,40.7272],[-3.871,40.7272],[-3.871,40.7272],[-3.871,40.7272],[-3.871,40.7272],[-3.871,40.7273],[-3.871,40.7273],[-3.871,40.7273],[-3.871,40.7273],[-3.8711,40.7273],[-3.8713,40.7274],[-3.8713,40.7274],[-3.8713,40.7275],[-3.8714,40.7275],[-3.8714,40.7275],[-3.8715,40.7275],[-3.8715,40.7276],[-3.8715,40.7276],[-3.8716,40.7276],[-3.8716,40.7276],[-3.8717,40.7276],[-3.8717,40.7277],[-3.8717,40.7277],[-3.8718,40.7277],[-3.8718,40.7277],[-3.8719,40.7277],[-3.8719,40.7278],[-3.872,40.7278],[-3.872,40.7278],[-3.8721,40.7279],[-3.8721,40.7279],[-3.8722,40.7279],[-3.8722,40.7279],[-3.8723,40.728],[-3.8724,40.728],[-3.8724,40.728],[-3.8725,40.7281],[-3.8725,40.7281],[-3.8725,40.7281],[-3.8725,40.7281],[-3.8725,40.7281],[-3.8725,40.7281],[-3.8725,40.7281],[-3.8725,40.7281],[-3.8726,40.7281],[-3.8726,40.7282],[-3.8726,40.7282],[-3.8726,40.7282],[-3.8726,40.7282],[-3.8726,40.7282],[-3.8726,40.7282],[-3.8726,40.7282],[-3.8727,40.7282],[-3.8727,40.7282],[-3.8727,40.7282],[-3.8727,40.7282],[-3.8727,40.7282],[-3.8727,40.7282],[-3.8727,40.7282],[-3.8727,40.7282],[-3.8728,40.7282],[-3.8728,40.7283],[-3.8728,40.7283],[-3.8728,40.7283],[-3.8728,40.7283],[-3.8728,40.7283],[-3.8728,40.7283],[-3.8728,40.7283],[-3.8728,40.7283],[-3.8728,40.7283],[-3.8728,40.7283],[-3.8728,40.7283],[-3.8728,40.7283],[-3.8728,40.7283],[-3.8728,40.7283],[-3.8728,40.7283],[-3.8728,40.7284],[-3.8728,40.7284],[-3.8728,40.7284],[-3.8728,40.7284],[-3.8728,40.7284],[-3.8728,40.7284],[-3.8728,40.7284],[-3.8728,40.7284],[-3.8728,40.7284],[-3.8728,40.7284],[-3.8728,40.7284],[-3.8728,40.7284],[-3.8728,40.7285],[-3.8728,40.7285],[-3.8728,40.7285],[-3.8728,40.7285],[-3.8728,40.7285],[-3.8728,40.7285],[-3.8728,40.7285],[-3.8728,40.7285],[-3.8728,40.7285],[-3.8728,40.7285],[-3.8728,40.7285],[-3.8728,40.7285],[-3.8728,40.7285],[-3.8728,40.7285],[-3.8728,40.7286],[-3.8728,40.7286],[-3.8727,40.7286],[-3.8727,40.7286],[-3.8727,40.7286],[-3.8727,40.7286],[-3.8727,40.7286],[-3.8727,40.7286],[-3.8727,40.7286],[-3.8727,40.7286],[-3.8727,40.7286],[-3.8727,40.7286],[-3.8727,40.7286],[-3.8726,40.7286],[-3.8726,40.7286],[-3.8726,40.7287],[-3.8726,40.7287],[-3.8726,40.7287],[-3.8726,40.7287],[-3.8726,40.7287],[-3.8726,40.7287],[-3.8726,40.7287],[-3.8726,40.7287],[-3.8726,40.7287],[-3.8726,40.7287],[-3.8726,40.7287],[-3.8726,40.7287],[-3.8726,40.7287],[-3.8726,40.7287],[-3.8726,40.7288],[-3.8726,40.7288],[-3.8726,40.7288],[-3.8726,40.7288],[-3.8726,40.7288],[-3.8726,40.7288],[-3.8726,40.7288],[-3.8726,40.7288],[-3.8726,40.7288],[-3.8727,40.7288],[-3.8727,40.7288],[-3.8727,40.7288],[-3.8728,40.7288],[-3.8729,40.7289],[-3.873,40.7289],[-3.873,40.7289],[-3.873,40.7289],[-3.873,40.7289],[-3.873,40.7289],[-3.8731,40.7289],[-3.8731,40.7289],[-3.8731,40.7289],[-3.8731,40.7289],[-3.8732,40.729],[-3.8732,40.729],[-3.8732,40.729],[-3.8732,40.729],[-3.8732,40.729],[-3.8733,40.729],[-3.8733,40.729],[-3.8733,40.729],[-3.8734,40.729],[-3.8734,40.7291],[-3.8735,40.7291],[-3.8736,40.7291],[-3.8736,40.7291],[-3.8737,40.7292],[-3.8738,40.7292],[-3.8738,40.7292],[-3.8739,40.7293],[-3.874,40.7293],[-3.8741,40.7293],[-3.8741,40.7293],[-3.8742,40.7294],[-3.8743,40.7294],[-3.8744,40.7294],[-3.8744,40.7295],[-3.8745,40.7295],[-3.8746,40.7295],[-3.8747,40.7296],[-3.8747,40.7296],[-3.8748,40.7296],[-3.8749,40.7297],[-3.8749,40.7297],[-3.8749,40.7297],[-3.875,40.7297],[-3.875,40.7298],[-3.8751,40.7298],[-3.8751,40.7298],[-3.8751,40.7299],[-3.8752,40.7299],[-3.8752,40.7299],[-3.8752,40.7299],[-3.8753,40.73],[-3.8753,40.73],[-3.8753,40.73],[-3.8754,40.7301],[-3.8754,40.7301],[-3.8754,40.7301],[-3.8755,40.7301],[-3.8755,40.7302],[-3.8755,40.7302],[-3.8756,40.7302],[-3.8756,40.7303],[-3.8756,40.7303],[-3.8757,40.7303],[-3.8757,40.7304],[-3.8757,40.7304],[-3.8757,40.7304],[-3.8758,40.7305],[-3.8758,40.7305],[-3.8758,40.7305],[-3.8759,40.7306],[-3.8759,40.7306],[-3.8759,40.7306],[-3.8759,40.7306],[-3.8759,40.7307],[-3.876,40.7307],[-3.876,40.7307],[-3.876,40.7307],[-3.876,40.7308],[-3.876,40.7308],[-3.8761,40.7308],[-3.8761,40.7309],[-3.8761,40.7309],[-3.8761,40.7309],[-3.8761,40.7309],[-3.8761,40.731],[-3.8762,40.731],[-3.8762,40.731],[-3.8762,40.7311],[-3.8762,40.7311],[-3.8762,40.7311],[-3.8762,40.7312],[-3.8762,40.7312],[-3.8763,40.7312],[-3.8763,40.7313],[-3.8763,40.7313],[-3.8763,40.7314],[-3.8763,40.7314],[-3.8763,40.7314],[-3.8763,40.7315],[-3.8763,40.7315],[-3.8763,40.7315],[-3.8763,40.7316],[-3.8763,40.7316],[-3.8763,40.7316],[-3.8764,40.7317],[-3.8764,40.7317],[-3.8764,40.7317],[-3.8764,40.7318],[-3.8764,40.7318],[-3.8764,40.7319],[-3.8764,40.7319],[-3.8764,40.7319],[-3.8764,40.732],[-3.8764,40.732],[-3.8764,40.732],[-3.8764,40.7321],[-3.8764,40.7321],[-3.8764,40.7321],[-3.8764,40.7322],[-3.8764,40.7322],[-3.8764,40.7323],[-3.8764,40.7323],[-3.8764,40.7323],[-3.8764,40.7324],[-3.8764,40.7324],[-3.8764,40.7324],[-3.8764,40.7325],[-3.8764,40.7325],[-3.8764,40.7325],[-3.8764,40.7326],[-3.8764,40.7326],[-3.8764,40.7327],[-3.8763,40.7327],[-3.8763,40.7327],[-3.8763,40.7328],[-3.8763,40.7328],[-3.8763,40.7328],[-3.8763,40.7329],[-3.8763,40.7329],[-3.8763,40.7329],[-3.8763,40.733],[-3.8763,40.733],[-3.8763,40.733],[-3.8763,40.7331],[-3.8763,40.7331],[-3.8763,40.7331],[-3.8763,40.7331],[-3.8763,40.7332],[-3.8763,40.7332],[-3.8763,40.7332],[-3.8763,40.7332],[-3.8763,40.7333],[-3.8763,40.7333],[-3.8763,40.7333],[-3.8763,40.7334],[-3.8763,40.7334],[-3.8763,40.7334],[-3.8763,40.7334],[-3.8763,40.7335],[-3.8763,40.7335],[-3.8763,40.7335],[-3.8763,40.7336],[-3.8763,40.7336],[-3.8763,40.7336],[-3.8763,40.7336],[-3.8763,40.7337],[-3.8763,40.7337],[-3.8763,40.7337],[-3.8763,40.7337],[-3.8762,40.7338],[-3.8762,40.7338],[-3.8762,40.7338],[-3.8762,40.7339],[-3.8762,40.7339],[-3.8762,40.7339],[-3.8762,40.7339],[-3.8762,40.734],[-3.8762,40.734],[-3.8762,40.734],[-3.8762,40.7341],[-3.8762,40.7341],[-3.8762,40.7341],[-3.8762,40.7341],[-3.8762,40.7342],[-3.8762,40.7342],[-3.8762,40.7342],[-3.8761,40.7343],[-3.8761,40.7343],[-3.8761,40.7343],[-3.8761,40.7344],[-3.8761,40.7344],[-3.8761,40.7344],[-3.8761,40.7344],[-3.8761,40.7345],[-3.8761,40.7345],[-3.8761,40.7345],[-3.8762,40.7346],[-3.8762,40.7346],[-3.8762,40.7346],[-3.8762,40.7346],[-3.8762,40.7347],[-3.8762,40.7347],[-3.8762,40.7347],[-3.8762,40.7348],[-3.8763,40.7348],[-3.8763,40.7348],[-3.8763,40.7348],[-3.8763,40.7349],[-3.8763,40.7349],[-3.8763,40.7349],[-3.8763,40.7349],[-3.8763,40.735],[-3.8764,40.735],[-3.8764,40.735],[-3.8764,40.7351],[-3.8764,40.7351],[-3.8764,40.7351],[-3.8764,40.7352],[-3.8764,40.7352],[-3.8764,40.7352],[-3.8764,40.7352],[-3.8764,40.7353],[-3.8764,40.7353],[-3.8764,40.7353],[-3.8764,40.7354],[-3.8764,40.7354],[-3.8764,40.7355],[-3.8764,40.7355],[-3.8763,40.7356],[-3.8763,40.7356],[-3.8763,40.7356],[-3.8763,40.7357],[-3.8763,40.7357],[-3.8763,40.7358],[-3.8763,40.7358],[-3.8763,40.7358],[-3.8762,40.7358],[-3.8762,40.7358],[-3.8762,40.7358],[-3.8762,40.7359],[-3.8762,40.7359],[-3.8762,40.7359],[-3.8762,40.7359],[-3.8762,40.7359],[-3.8762,40.7359],[-3.8762,40.7359],[-3.8762,40.7359],[-3.8762,40.7359],[-3.8762,40.736],[-3.8762,40.736],[-3.8762,40.736],[-3.8762,40.736],[-3.8762,40.736],[-3.8762,40.736],[-3.8762,40.736],[-3.8761,40.736],[-3.8761,40.7361],[-3.8761,40.7361],[-3.8761,40.7361],[-3.8761,40.7361],[-3.8761,40.7361],[-3.8761,40.7361],[-3.8761,40.7361],[-3.8761,40.7361],[-3.8761,40.7361],[-3.876,40.7362],[-3.876,40.7363],[-3.876,40.7365],[-3.876,40.7366],[-3.8761,40.7366],[-3.8761,40.7367],[-3.8761,40.7368],[-3.8761,40.7369],[-3.8761,40.737],[-3.8762,40.737],[-3.8762,40.737],[-3.8762,40.7371],[-3.8762,40.7371],[-3.8762,40.7371],[-3.8762,40.7372],[-3.8762,40.7372],[-3.8762,40.7373],[-3.8762,40.7373],[-3.8762,40.7373],[-3.8762,40.7374],[-3.8762,40.7374],[-3.8763,40.7375],[-3.8763,40.7375],[-3.8763,40.7375],[-3.8763,40.7376],[-3.8763,40.7376],[-3.8763,40.7377],[-3.8763,40.7377],[-3.8764,40.7378],[-3.8764,40.7379],[-3.8765,40.738],[-3.8765,40.7381],[-3.8765,40.7381],[-3.8766,40.7382],[-3.8766,40.7382],[-3.8766,40.7383],[-3.8766,40.7383],[-3.8766,40.7384],[-3.8767,40.7384],[-3.8767,40.7385],[-3.8767,40.7385],[-3.8767,40.7385],[-3.8767,40.7385],[-3.8767,40.7385],[-3.8767,40.7385],[-3.8767,40.7385],[-3.8767,40.7386],[-3.8767,40.7386],[-3.8767,40.7386],[-3.8767,40.7386],[-3.8767,40.7386],[-3.8767,40.7386],[-3.8767,40.7386],[-3.8767,40.7386],[-3.8768,40.7386],[-3.8768,40.7386],[-3.8768,40.7387],[-3.8768,40.7387],[-3.8768,40.7387],[-3.8768,40.7387],[-3.8768,40.7387],[-3.8769,40.7387],[-3.8769,40.7387],[-3.8769,40.7387],[-3.8769,40.7387],[-3.8769,40.7388],[-3.8769,40.7388],[-3.8769,40.7388],[-3.877,40.7388],[-3.877,40.7388],[-3.8771,40.7389],[-3.8771,40.7389],[-3.8772,40.7389],[-3.8772,40.739],[-3.8773,40.739],[-3.8773,40.739],[-3.8773,40.7391],[-3.8774,40.7391],[-3.8774,40.7391],[-3.8774,40.7391],[-3.8774,40.7391],[-3.8774,40.7391],[-3.8774,40.7391],[-3.8774,40.7391],[-3.8775,40.7391],[-3.8775,40.7391],[-3.8775,40.7391],[-3.8775,40.7391],[-3.8775,40.7391],[-3.8775,40.7391],[-3.8775,40.7391],[-3.8775,40.7391],[-3.8775,40.7391],[-3.8775,40.7391],[-3.8776,40.7391],[-3.8776,40.7391],[-3.8776,40.7392],[-3.8776,40.7392],[-3.8776,40.7392],[-3.8776,40.7392],[-3.8776,40.7392],[-3.8776,40.7392],[-3.8776,40.7392],[-3.8776,40.7392],[-3.8777,40.7392],[-3.8777,40.7392],[-3.8777,40.7392],[-3.8777,40.7392],[-3.8777,40.7392],[-3.8777,40.7392],[-3.8777,40.7392],[-3.8777,40.7392],[-3.8777,40.7392],[-3.8778,40.7392],[-3.8778,40.7392],[-3.8778,40.7392],[-3.8778,40.7392],[-3.8778,40.7392],[-3.8778,40.7393],[-3.8778,40.7393],[-3.8779,40.7393],[-3.8779,40.7393],[-3.8779,40.7393],[-3.8779,40.7393],[-3.8779,40.7393],[-3.8779,40.7393],[-3.8779,40.7393],[-3.8779,40.7393],[-3.878,40.7393],[-3.878,40.7393],[-3.878,40.7393],[-3.878,40.7393],[-3.878,40.7393],[-3.8781,40.7393],[-3.8781,40.7393],[-3.8782,40.7393],[-3.8783,40.7392],[-3.8783,40.7392],[-3.8784,40.7392],[-3.8784,40.7392],[-3.8785,40.7392],[-3.8786,40.7392],[-3.8786,40.7392],[-3.8786,40.7392],[-3.8787,40.7392],[-3.8787,40.7392],[-3.8787,40.7392],[-3.8788,40.7392],[-3.8788,40.7392],[-3.8788,40.7392],[-3.8789,40.7392],[-3.8789,40.7392],[-3.8789,40.7392],[-3.879,40.7392],[-3.879,40.7392],[-3.879,40.7392],[-3.8791,40.7392],[-3.8791,40.7392],[-3.8791,40.7392],[-3.8792,40.7392],[-3.8792,40.7392],[-3.8795,40.7392],[-3.8798,40.7392],[-3.88,40.7392],[-3.88,40.7392],[-3.88,40.7392],[-3.8801,40.7392],[-3.8801,40.7392],[-3.8801,40.7392],[-3.8802,40.7392],[-3.8802,40.7392],[-3.8802,40.7392],[-3.8802,40.7392],[-3.8803,40.7392],[-3.8803,40.7392],[-3.8803,40.7392],[-3.8803,40.7392],[-3.8805,40.7391],[-3.8806,40.7391],[-3.8806,40.7391],[-3.8806,40.7391],[-3.8806,40.7392],[-3.8806,40.7392],[-3.8806,40.7392],[-3.8806,40.7392],[-3.8806,40.7392],[-3.8806,40.7392],[-3.8806,40.7392],[-3.8806,40.7392],[-3.8806,40.7392],[-3.8806,40.7392],[-3.8806,40.7392],[-3.8806,40.7392],[-3.8806,40.7393],[-3.8806,40.7393],[-3.8806,40.7393],[-3.8806,40.7393],[-3.8806,40.7393],[-3.8806,40.7394],[-3.8806,40.7394],[-3.8806,40.7394],[-3.8806,40.7394],[-3.8806,40.7394],[-3.8806,40.7394],[-3.8806,40.7395],[-3.8806,40.7395],[-3.8806,40.7395],[-3.8806,40.7395],[-3.8806,40.7395],[-3.8806,40.7395],[-3.8806,40.7396],[-3.8806,40.7396],[-3.8806,40.7397],[-3.8806,40.7398],[-3.8806,40.7399],[-3.8806,40.7399],[-3.8807,40.7399],[-3.8807,40.74],[-3.8807,40.74],[-3.8807,40.74],[-3.8807,40.74],[-3.8807,40.7401],[-3.8807,40.7401],[-3.8807,40.7401],[-3.8807,40.7401],[-3.8808,40.7401],[-3.8808,40.7401],[-3.8808,40.7401],[-3.8808,40.7402],[-3.8808,40.7402],[-3.8808,40.7402],[-3.8808,40.7402],[-3.8808,40.7402],[-3.8808,40.7402],[-3.8809,40.7402],[-3.8809,40.7402],[-3.8809,40.7402],[-3.8809,40.7402],[-3.8809,40.7403],[-3.8809,40.7403],[-3.8809,40.7403],[-3.881,40.7403],[-3.881,40.7403],[-3.881,40.7403],[-3.881,40.7404],[-3.8811,40.7404],[-3.8811,40.7404],[-3.8811,40.7404],[-3.8811,40.7405],[-3.8812,40.7405],[-3.8812,40.7405],[-3.8812,40.7405],[-3.8813,40.7405],[-3.8813,40.7405],[-3.8813,40.7406],[-3.8813,40.7406],[-3.8813,40.7406],[-3.8813,40.7406],[-3.8813,40.7406],[-3.8813,40.7406],[-3.8813,40.7406],[-3.8813,40.7406],[-3.8813,40.7406],[-3.8813,40.7406],[-3.8813,40.7406],[-3.8813,40.7406],[-3.8814,40.7406],[-3.8814,40.7407],[-3.8814,40.7407],[-3.8814,40.7407],[-3.8814,40.7407],[-3.8814,40.7407],[-3.8814,40.7407],[-3.8814,40.7407],[-3.8814,40.7407],[-3.8815,40.7407],[-3.8815,40.7407],[-3.8815,40.7407],[-3.8815,40.7407],[-3.8815,40.7407],[-3.8815,40.7407],[-3.8815,40.7407],[-3.8815,40.7407],[-3.8816,40.7407],[-3.8816,40.7407],[-3.8816,40.7407],[-3.8816,40.7407],[-3.8816,40.7408],[-3.8816,40.7408],[-3.8816,40.7408],[-3.8816,40.7408],[-3.8816,40.7408],[-3.8817,40.7408],[-3.8817,40.7408],[-3.8817,40.7408],[-3.8817,40.7408],[-3.8817,40.7408],[-3.8817,40.7408],[-3.8817,40.7408],[-3.8817,40.7408],[-3.8817,40.7408],[-3.8817,40.7408],[-3.8818,40.7409],[-3.8818,40.7409],[-3.8818,40.7409],[-3.8818,40.7409],[-3.8819,40.7409],[-3.8819,40.741],[-3.8819,40.741],[-3.882,40.7412],[-3.8822,40.7412],[-3.8823,40.7415],[-3.8824,40.7416],[-3.8828,40.7419],[-3.8829,40.7419],[-3.883,40.7419],[-3.8831,40.7419],[-3.8831,40.742],[-3.8832,40.742],[-3.8833,40.742],[-3.8834,40.742],[-3.8834,40.742],[-3.8835,40.742],[-3.8835,40.742],[-3.8836,40.742],[-3.8836,40.742],[-3.8837,40.742],[-3.8837,40.742],[-3.8838,40.742],[-3.8838,40.742],[-3.8838,40.742],[-3.8839,40.742],[-3.8839,40.7421],[-3.884,40.7421],[-3.884,40.7421],[-3.884,40.7421],[-3.8841,40.7421],[-3.8841,40.7421],[-3.8841,40.7421],[-3.8842,40.7421],[-3.8842,40.7421],[-3.8842,40.7421],[-3.8843,40.7421],[-3.8843,40.7421],[-3.8844,40.7421],[-3.8844,40.7421],[-3.8844,40.7421],[-3.8845,40.7421],[-3.8845,40.7421],[-3.8845,40.7421],[-3.8845,40.7422],[-3.8845,40.7422],[-3.8846,40.7423],[-3.8846,40.7423],[-3.8846,40.7424],[-3.8846,40.7424],[-3.8845,40.7421],[-3.8849,40.7422],[-3.8863,40.742],[-3.8866,40.7419],[-3.8866,40.7419],[-3.8867,40.7419],[-3.8867,40.7419],[-3.8868,40.7418],[-3.8869,40.7418],[-3.887,40.7417],[-3.8872,40.7415],[-3.8877,40.7415],[-3.8878,40.7415],[-3.8879,40.7415],[-3.888,40.7415],[-3.8881,40.7415],[-3.8882,40.7415],[-3.8883,40.7415],[-3.8885,40.7416],[-3.8886,40.7416],[-3.8887,40.7416],[-3.8888,40.7416],[-3.8889,40.7415],[-3.8891,40.7415],[-3.8892,40.7415],[-3.8893,40.7415],[-3.8894,40.7416],[-3.8895,40.7416],[-3.8896,40.7416],[-3.8897,40.7415],[-3.8897,40.7415],[-3.8898,40.7415],[-3.8899,40.7415],[-3.89,40.7415],[-3.8901,40.7415],[-3.8902,40.7415],[-3.8903,40.7414],[-3.8904,40.7414],[-3.8906,40.7413],[-3.8907,40.7413],[-3.8909,40.7413],[-3.891,40.7413],[-3.8911,40.7413],[-3.8913,40.7414],[-3.8914,40.7414],[-3.8915,40.7415],[-3.8915,40.7415],[-3.8916,40.7416],[-3.8916,40.7417],[-3.8916,40.7418],[-3.8916,40.7419],[-3.8916,40.742],[-3.8916,40.7421],[-3.8915,40.7422],[-3.8915,40.7423],[-3.8916,40.7425],[-3.8916,40.7426],[-3.8917,40.7427],[-3.8918,40.7429],[-3.8918,40.7429],[-3.8919,40.743],[-3.8919,40.743],[-3.892,40.7431],[-3.8922,40.7432],[-3.8924,40.7433],[-3.8924,40.7433],[-3.8925,40.7434],[-3.8926,40.7436],[-3.8928,40.7438],[-3.8929,40.7438],[-3.893,40.7439],[-3.893,40.7439],[-3.8931,40.7439],[-3.8933,40.744],[-3.8934,40.7439],[-3.8935,40.7439],[-3.8936,40.7439],[-3.8937,40.7438],[-3.8938,40.7438],[-3.8939,40.7437],[-3.8939,40.7437],[-3.894,40.7437],[-3.8941,40.7437],[-3.8941,40.7437],[-3.8943,40.7436],[-3.8943,40.7436],[-3.8945,40.7436],[-3.8945,40.7436],[-3.8946,40.7436],[-3.8947,40.7436],[-3.8948,40.7437],[-3.8947,40.7437],[-3.8947,40.7437],[-3.8948,40.7437],[-3.8948,40.7438],[-3.8948,40.7438],[-3.8949,40.7438],[-3.8949,40.7439],[-3.8949,40.744],[-3.8949,40.7441],[-3.8949,40.7442],[-3.8949,40.7443],[-3.8948,40.7444],[-3.8948,40.7445],[-3.8948,40.7446],[-3.8948,40.7447],[-3.8948,40.7448],[-3.8948,40.7449],[-3.8948,40.745],[-3.8948,40.7452],[-3.8949,40.7454],[-3.8949,40.7455],[-3.8949,40.7457],[-3.8948,40.7458],[-3.8948,40.746],[-3.8947,40.7461],[-3.8947,40.7463],[-3.8946,40.7464],[-3.8946,40.7466],[-3.8946,40.7467],[-3.8946,40.7469],[-3.8946,40.747],[-3.8946,40.7472],[-3.8947,40.7474],[-3.8947,40.7475],[-3.8947,40.7476],[-3.8947,40.7478],[-3.8948,40.7479],[-3.8948,40.7481],[-3.8948,40.7482],[-3.8948,40.7483],[-3.8947,40.7485],[-3.8946,40.7487],[-3.8945,40.7489],[-3.8945,40.7491],[-3.8944,40.7492],[-3.8944,40.7493],[-3.8943,40.7494],[-3.8943,40.7495],[-3.8943,40.7496],[-3.8943,40.7497],[-3.8943,40.7498],[-3.8943,40.7499],[-3.8943,40.75],[-3.8943,40.75],[-3.8943,40.7501],[-3.8943,40.7501],[-3.8944,40.7501],[-3.8944,40.7502],[-3.8944,40.7502],[-3.8945,40.7502],[-3.8945,40.7502],[-3.8946,40.7502],[-3.8946,40.7502],[-3.8947,40.7503],[-3.8947,40.7503],[-3.8948,40.7503],[-3.8949,40.7503],[-3.8949,40.7503],[-3.895,40.7503],[-3.8951,40.7503],[-3.8952,40.7503],[-3.8953,40.7503],[-3.8954,40.7503],[-3.8954,40.7502],[-3.8956,40.7503],[-3.8958,40.7503],[-3.8959,40.7503],[-3.8961,40.7503],[-3.8963,40.7503],[-3.8965,40.7503],[-3.8967,40.7503],[-3.8969,40.7504],[-3.8971,40.7504],[-3.8973,40.7505],[-3.8974,40.7505],[-3.8976,40.7506],[-3.8976,40.7506],[-3.8978,40.7506],[-3.8981,40.7508],[-3.8981,40.7508],[-3.8982,40.7508],[-3.8983,40.7509]],[[-3.8768,40.7348],[-3.8767,40.7347],[-3.8766,40.7346],[-3.8766,40.7345],[-3.8766,40.7344],[-3.8767,40.7343],[-3.8767,40.7343],[-3.8768,40.7341],[-3.8769,40.734],[-3.877,40.7339],[-3.877,40.7338],[-3.877,40.7337],[-3.877,40.7337],[-3.8772,40.7337],[-3.8774,40.7337],[-3.8777,40.7337],[-3.8779,40.7337],[-3.8782,40.7338],[-3.8785,40.7338],[-3.8786,40.7338],[-3.8788,40.7338],[-3.8789,40.7338],[-3.879,40.7338],[-3.8791,40.7338],[-3.8792,40.7339],[-3.8792,40.7339],[-3.8793,40.7339],[-3.8794,40.7338],[-3.8795,40.7338],[-3.8796,40.734],[-3.8796,40.7342],[-3.8796,40.7345],[-3.8796,40.7345],[-3.8796,40.7346],[-3.8796,40.7346],[-3.8796,40.7347],[-3.8797,40.7347],[-3.8798,40.7347],[-3.8799,40.7347],[-3.88,40.7346],[-3.8802,40.7346],[-3.8802,40.7349],[-3.8801,40.7354],[-3.8801,40.7356],[-3.88,40.7358],[-3.88,40.736],[-3.88,40.7361],[-3.8799,40.7363],[-3.8799,40.7365],[-3.8799,40.7367],[-3.8798,40.737],[-3.8798,40.7372],[-3.8797,40.7374],[-3.8796,40.7377],[-3.8796,40.7379],[-3.8795,40.7381],[-3.8795,40.7384],[-3.8794,40.7387],[-3.8792,40.7387],[-3.879,40.7388],[-3.8788,40.7388],[-3.8787,40.7388],[-3.8785,40.7388],[-3.8784,40.7388],[-3.8783,40.7388],[-3.8782,40.7388],[-3.8781,40.7388],[-3.878,40.7387],[-3.8779,40.7387],[-3.8779,40.7386],[-3.8778,40.7386],[-3.8777,40.7385],[-3.8777,40.7385],[-3.8777,40.7384],[-3.8776,40.7383],[-3.8776,40.7381],[-3.8776,40.7381],[-3.8777,40.7381],[-3.8777,40.738],[-3.8777,40.7379],[-3.8777,40.7379],[-3.8777,40.7378],[-3.8777,40.7378],[-3.8777,40.7377],[-3.8775,40.7376],[-3.8774,40.7375],[-3.8773,40.7375],[-3.8771,40.7374],[-3.877,40.7373],[-3.877,40.7373],[-3.8769,40.7372],[-3.8768,40.7371],[-3.8766,40.737],[-3.8765,40.7369],[-3.8765,40.7366],[-3.8764,40.7364],[-3.8764,40.7363],[-3.8764,40.7362],[-3.8765,40.7361],[-3.8765,40.7361],[-3.8766,40.7359],[-3.8768,40.7357],[-3.8768,40.7356],[-3.8769,40.7355],[-3.8769,40.7354],[-3.8768,40.7352],[-3.8768,40.735],[-3.8768,40.7349],[-3.8768,40.7348]],[[-3.8792,40.73],[-3.879,40.73],[-3.8788,40.73],[-3.8788,40.73],[-3.8787,40.73],[-3.8785,40.7301],[-3.8784,40.7302],[-3.8783,40.7302],[-3.8782,40.7302],[-3.878,40.73],[-3.8778,40.7299],[-3.8777,40.7298],[-3.8776,40.7297],[-3.8775,40.7296],[-3.8774,40.7296],[-3.8773,40.7295],[-3.8771,40.7295],[-3.877,40.7294],[-3.8769,40.7294],[-3.8767,40.7294],[-3.8765,40.7294],[-3.8764,40.7295],[-3.8764,40.7295],[-3.8762,40.7296],[-3.8761,40.7297],[-3.8761,40.7297],[-3.8759,40.7296],[-3.8758,40.7295],[-3.8756,40.7293],[-3.8756,40.7293],[-3.8755,40.7292],[-3.8753,40.7291],[-3.8752,40.729],[-3.8749,40.7289],[-3.8746,40.7287],[-3.8744,40.7287],[-3.8742,40.7286],[-3.8739,40.7285],[-3.8737,40.7283],[-3.8736,40.7282],[-3.8735,40.7282],[-3.8734,40.7281],[-3.8734,40.7281],[-3.8733,40.728],[-3.8732,40.728],[-3.8732,40.7279],[-3.8731,40.7279],[-3.8731,40.7278],[-3.873,40.7277],[-3.8729,40.7277],[-3.8728,40.7277],[-3.8727,40.7277],[-3.8727,40.7277],[-3.8726,40.7277],[-3.8725,40.7275],[-3.8724,40.7274],[-3.8723,40.7273],[-3.8721,40.7272],[-3.8719,40.7271],[-3.8718,40.7271],[-3.8716,40.727],[-3.8715,40.7269],[-3.8713,40.7268],[-3.8712,40.7267],[-3.8711,40.7266],[-3.8711,40.7266],[-3.871,40.7265],[-3.8709,40.7264],[-3.8708,40.7263],[-3.8707,40.7262],[-3.8706,40.7262],[-3.8705,40.7262],[-3.8705,40.726],[-3.8705,40.7259],[-3.8704,40.7258],[-3.8704,40.7257],[-3.8704,40.7256],[-3.8704,40.7255],[-3.8704,40.7253],[-3.8705,40.7252],[-3.8708,40.7251],[-3.8709,40.725],[-3.8711,40.7249],[-3.8717,40.7248],[-3.8721,40.7247],[-3.8724,40.7246],[-3.8726,40.7245],[-3.8727,40.7245],[-3.8731,40.7244],[-3.8735,40.7243],[-3.8737,40.7243],[-3.8739,40.7243],[-3.874,40.7243],[-3.8741,40.7243],[-3.8743,40.7243],[-3.8744,40.7243],[-3.8745,40.7243],[-3.8746,40.7242],[-3.8747,40.7242],[-3.8748,40.7242],[-3.875,40.7243],[-3.8752,40.7243],[-3.8754,40.7244],[-3.8757,40.7244],[-3.876,40.7244],[-3.8761,40.7244],[-3.8762,40.7244],[-3.8762,40.7244],[-3.8763,40.7245],[-3.8763,40.7245],[-3.8764,40.7246],[-3.8764,40.7247],[-3.8764,40.7248],[-3.8764,40.7249],[-3.8764,40.725],[-3.8764,40.7251],[-3.8764,40.7252],[-3.8764,40.7254],[-3.8764,40.7257],[-3.8764,40.726],[-3.8764,40.7262],[-3.8764,40.7262],[-3.8765,40.7263],[-3.8765,40.7264],[-3.8765,40.7265],[-3.8766,40.7265],[-3.8768,40.7265],[-3.877,40.7265],[-3.8778,40.7265],[-3.8786,40.7265],[-3.8798,40.7265],[-3.8799,40.7268],[-3.88,40.727],[-3.88,40.7271],[-3.88,40.7273],[-3.88,40.7275],[-3.88,40.7276],[-3.88,40.7277],[-3.88,40.7279],[-3.8801,40.728],[-3.8801,40.7281],[-3.8802,40.7282],[-3.8802,40.7282],[-3.8802,40.7283],[-3.8803,40.7284],[-3.8803,40.7285],[-3.8804,40.7287],[-3.8804,40.729],[-3.8804,40.7291],[-3.8804,40.7293],[-3.8804,40.7294],[-3.8804,40.7295],[-3.8804,40.7296],[-3.8804,40.7297],[-3.8804,40.7298],[-3.8806,40.7298],[-3.8808,40.7302],[-3.8809,40.7304],[-3.881,40.7306],[-3.8811,40.7308],[-3.8811,40.7309],[-3.8808,40.7309],[-3.8803,40.7307],[-3.8803,40.7307],[-3.8803,40.7307],[-3.8802,40.7306],[-3.8801,40.7306],[-3.8797,40.7302],[-3.8796,40.7301],[-3.8794,40.7301],[-3.8792,40.73]]]},"geometry_name":"GEOMETRY1","properties":{"CD_TIPO_ZONA":"A2","DS_TIPO_ZONA":"A2: Reserva Natural Educativa.","NM_AREA_M":null,"NM_AREA_HA":null}},{"type":"Feature","id":"IDEM_MA_PR_CA_MANZANARES.51","geometry":{"type":"Polygon","coordinates":[[[-3.8384,40.7552],[-3.8384,40.7553],[-3.8383,40.7553],[-3.8382,40.7554],[-3.8381,40.7554],[-3.838,40.7555],[-3.838,40.7555],[-3.838,40.7556],[-3.8381,40.7559],[-3.8382,40.756],[-3.8382,40.7563],[-3.8381,40.7565],[-3.8381,40.7566],[-3.8382,40.7568],[-3.8383,40.7569],[-3.8384,40.757],[-3.8385,40.7573],[-3.8386,40.7575],[-3.8388,40.7578],[-3.8389,40.7581],[-3.839,40.7582],[-3.8391,40.7583],[-3.8391,40.7585],[-3.8392,40.7586],[-3.8392,40.7589],[-3.8408,40.7587],[-3.8452,40.7583],[-3.8457,40.7582],[-3.8492,40.757],[-3.8514,40.7559],[-3.8529,40.7551],[-3.856,40.7552],[-3.8573,40.7548],[-3.858,40.7546],[-3.8581,40.7545],[-3.8581,40.7545],[-3.8569,40.7535],[-3.8558,40.7526],[-3.8548,40.7515],[-3.8548,40.7515],[-3.8549,40.7513],[-3.8549,40.7513],[-3.8549,40.7513],[-3.8549,40.7511],[-3.8553,40.7506],[-3.8553,40.7506],[-3.8553,40.7499],[-3.8545,40.749],[-3.8545,40.749],[-3.8544,40.7489],[-3.8533,40.7483],[-3.8531,40.7478],[-3.8529,40.7475],[-3.8528,40.7468],[-3.8526,40.7458],[-3.8525,40.7452],[-3.8526,40.7446],[-3.8526,40.7446],[-3.8528,40.7443],[-3.8531,40.7435],[-3.8535,40.7428],[-3.8535,40.7428],[-3.8535,40.7428],[-3.8539,40.7414],[-3.854,40.7411],[-3.8543,40.7407],[-3.8543,40.7406],[-3.8544,40.7406],[-3.8544,40.7406],[-3.8545,40.7404],[-3.8551,40.7403],[-3.8557,40.7402],[-3.856,40.7402],[-3.8565,40.7402],[-3.8567,40.7401],[-3.8571,40.74],[-3.8572,40.74],[-3.8576,40.74],[-3.858,40.74],[-3.8585,40.7398],[-3.8587,40.7397],[-3.8589,40.7397],[-3.859,40.7399],[-3.8591,40.74],[-3.8592,40.7401],[-3.8593,40.7402],[-3.8594,40.7404],[-3.8595,40.7405],[-3.8608,40.7392],[-3.8611,40.7389],[-3.8614,40.7388],[-3.8616,40.7387],[-3.8618,40.7387],[-3.8623,40.7388],[-3.8627,40.7388],[-3.8632,40.7388],[-3.8634,40.7388],[-3.8635,40.7389],[-3.8638,40.7391],[-3.864,40.7392],[-3.8642,40.7393],[-3.8644,40.7397],[-3.8655,40.7392],[-3.8664,40.7389],[-3.8675,40.7386],[-3.8679,40.7393],[-3.8681,40.7398],[-3.8686,40.7407],[-3.8692,40.7414],[-3.8699,40.7423],[-3.8702,40.7429],[-3.8702,40.743],[-3.8713,40.7436],[-3.8734,40.7441],[-3.8757,40.744],[-3.8796,40.7438],[-3.8866,40.7439],[-3.8866,40.7439],[-3.8869,40.7424],[-3.8868,40.7421],[-3.8868,40.7421],[-3.8869,40.7418],[-3.8869,40.7418],[-3.8869,40.7418],[-3.8869,40.7418],[-3.8868,40.7418],[-3.8867,40.7419],[-3.8867,40.7419],[-3.8866,40.7419],[-3.8866,40.7419],[-3.8863,40.742],[-3.8849,40.7422],[-3.8845,40.7421],[-3.8846,40.7424],[-3.8846,40.7424],[-3.8846,40.7425],[-3.8846,40.7425],[-3.8846,40.7427],[-3.8846,40.7427],[-3.8846,40.7427],[-3.8843,40.7428],[-3.8834,40.7428],[-3.8834,40.7428],[-3.8834,40.7428],[-3.8832,40.7428],[-3.883,40.7428],[-3.8829,40.7428],[-3.8827,40.7429],[-3.8825,40.7429],[-3.8823,40.7429],[-3.8821,40.7429],[-3.8819,40.7429],[-3.8818,40.7429],[-3.8816,40.7429],[-3.8815,40.7429],[-3.8813,40.7429],[-3.8813,40.7429],[-3.8812,40.7429],[-3.8812,40.7429],[-3.8812,40.7429],[-3.8811,40.7429],[-3.8811,40.7429],[-3.881,40.7429],[-3.881,40.7429],[-3.881,40.7429],[-3.8809,40.7429],[-3.8809,40.7429],[-3.8809,40.7429],[-3.8804,40.7427],[-3.8804,40.7427],[-3.8804,40.7427],[-3.8801,40.7426],[-3.88,40.7426],[-3.88,40.7426],[-3.88,40.7426],[-3.8799,40.7426],[-3.8799,40.7426],[-3.8799,40.7426],[-3.8798,40.7426],[-3.8798,40.7426],[-3.8797,40.7426],[-3.8797,40.7425],[-3.8796,40.7425],[-3.8796,40.7425],[-3.8796,40.7425],[-3.8795,40.7425],[-3.8795,40.7425],[-3.8795,40.7425],[-3.8794,40.7424],[-3.8794,40.7424],[-3.8793,40.7424],[-3.8793,40.7424],[-3.8792,40.7424],[-3.8791,40.7424],[-3.8791,40.7423],[-3.879,40.7423],[-3.879,40.7423],[-3.8789,40.7423],[-3.8789,40.7423],[-3.8786,40.7422],[-3.8785,40.7422],[-3.8785,40.7422],[-3.8785,40.7422],[-3.8785,40.7422],[-3.8784,40.7422],[-3.8784,40.7422],[-3.8783,40.7422],[-3.8782,40.7422],[-3.8779,40.7422],[-3.8779,40.7422],[-3.8777,40.7422],[-3.8776,40.7422],[-3.8775,40.7422],[-3.8772,40.7422],[-3.8771,40.7422],[-3.877,40.7422],[-3.877,40.7422],[-3.877,40.7422],[-3.8767,40.7423],[-3.8766,40.7423],[-3.8763,40.7423],[-3.8761,40.7424],[-3.8759,40.7424],[-3.8757,40.7425],[-3.8754,40.7426],[-3.8752,40.7427],[-3.8751,40.7427],[-3.8751,40.7427],[-3.8749,40.7428],[-3.8747,40.7429],[-3.8746,40.7429],[-3.8745,40.7429],[-3.8744,40.743],[-3.8742,40.743],[-3.8741,40.743],[-3.874,40.743],[-3.874,40.743],[-3.8739,40.743],[-3.8739,40.743],[-3.8739,40.743],[-3.8739,40.743],[-3.8738,40.743],[-3.8738,40.743],[-3.8738,40.743],[-3.8738,40.743],[-3.8738,40.743],[-3.8737,40.7429],[-3.8737,40.7429],[-3.8737,40.7429],[-3.8736,40.7429],[-3.8736,40.7429],[-3.8736,40.7429],[-3.8736,40.7429],[-3.8736,40.7429],[-3.8736,40.7429],[-3.8736,40.7428],[-3.8736,40.7428],[-3.8736,40.7428],[-3.8735,40.7428],[-3.8735,40.7428],[-3.8735,40.7428],[-3.8735,40.7428],[-3.8735,40.7428],[-3.8735,40.7428],[-3.8735,40.7427],[-3.8735,40.7427],[-3.8735,40.7427],[-3.8734,40.7426],[-3.8734,40.7426],[-3.8734,40.7425],[-3.8734,40.7425],[-3.8733,40.7422],[-3.8733,40.7421],[-3.8733,40.7421],[-3.8732,40.7419],[-3.8732,40.7417],[-3.8731,40.7413],[-3.8729,40.7408],[-3.8729,40.7404],[-3.8728,40.7399],[-3.8727,40.7398],[-3.8727,40.7396],[-3.8727,40.7395],[-3.8727,40.7395],[-3.8727,40.7393],[-3.8726,40.7388],[-3.8725,40.7384],[-3.8725,40.7384],[-3.8725,40.7382],[-3.8725,40.7382],[-3.8725,40.7381],[-3.8724,40.7373],[-3.8724,40.7373],[-3.8724,40.737],[-3.8723,40.7367],[-3.8723,40.7365],[-3.8722,40.7363],[-3.8721,40.7363],[-3.872,40.7363],[-3.8719,40.7363],[-3.8718,40.7363],[-3.8717,40.7363],[-3.8717,40.7363],[-3.8717,40.7363],[-3.8716,40.7363],[-3.8715,40.7363],[-3.8713,40.7363],[-3.8711,40.7364],[-3.8708,40.7365],[-3.8706,40.7365],[-3.8705,40.7366],[-3.8702,40.7367],[-3.8702,40.7367],[-3.87,40.7367],[-3.87,40.7368],[-3.8699,40.7368],[-3.8696,40.7369],[-3.8694,40.737],[-3.8693,40.737],[-3.8691,40.7371],[-3.869,40.7371],[-3.8688,40.7372],[-3.8687,40.7372],[-3.8686,40.7372],[-3.8686,40.7372],[-3.8686,40.7372],[-3.8686,40.7372],[-3.8685,40.7372],[-3.8685,40.7372],[-3.8685,40.7372],[-3.8684,40.7372],[-3.8684,40.7372],[-3.8684,40.7372],[-3.8684,40.7372],[-3.8683,40.7373],[-3.8683,40.7373],[-3.8682,40.7373],[-3.8682,40.7373],[-3.8682,40.7373],[-3.8682,40.7373],[-3.8681,40.7373],[-3.868,40.7374],[-3.8679,40.7374],[-3.8678,40.7374],[-3.8677,40.7375],[-3.8676,40.7375],[-3.8675,40.7375],[-3.8675,40.7375],[-3.8675,40.7375],[-3.8669,40.7377],[-3.8667,40.7377],[-3.8663,40.7378],[-3.866,40.7378],[-3.8657,40.7378],[-3.8657,40.7378],[-3.8657,40.7378],[-3.8657,40.7379],[-3.8656,40.7379],[-3.8656,40.7379],[-3.8656,40.7379],[-3.8656,40.7379],[-3.8655,40.7379],[-3.8655,40.7379],[-3.8655,40.7379],[-3.8655,40.7379],[-3.8654,40.7379],[-3.8654,40.7379],[-3.8653,40.7379],[-3.8651,40.738],[-3.865,40.738],[-3.8649,40.738],[-3.8649,40.738],[-3.8648,40.7381],[-3.8648,40.7381],[-3.8647,40.7381],[-3.8647,40.7381],[-3.8647,40.7381],[-3.8646,40.7381],[-3.8645,40.7382],[-3.8643,40.7382],[-3.8642,40.7382],[-3.8642,40.7382],[-3.8642,40.7382],[-3.8642,40.7382],[-3.8642,40.7381],[-3.8642,40.7381],[-3.8642,40.7381],[-3.8642,40.738],[-3.8641,40.738],[-3.8641,40.738],[-3.8641,40.7379],[-3.864,40.7378],[-3.864,40.7377],[-3.8639,40.7376],[-3.8639,40.7375],[-3.8638,40.7373],[-3.8637,40.7372],[-3.8637,40.7371],[-3.8636,40.737],[-3.8636,40.737],[-3.8635,40.737],[-3.8635,40.737],[-3.8634,40.737],[-3.8634,40.737],[-3.8634,40.737],[-3.8633,40.7371],[-3.8633,40.7371],[-3.8632,40.7371],[-3.8632,40.7371],[-3.8631,40.7371],[-3.863,40.7371],[-3.8627,40.7371],[-3.8624,40.7372],[-3.8622,40.7372],[-3.8621,40.7372],[-3.8621,40.7372],[-3.862,40.7372],[-3.862,40.7372],[-3.862,40.7372],[-3.862,40.7372],[-3.862,40.7372],[-3.862,40.7372],[-3.862,40.7372],[-3.862,40.7372],[-3.862,40.7372],[-3.862,40.7372],[-3.862,40.7372],[-3.8619,40.7371],[-3.8619,40.7371],[-3.8619,40.7371],[-3.8619,40.7371],[-3.8619,40.7371],[-3.8619,40.7371],[-3.8619,40.7371],[-3.8619,40.7371],[-3.8619,40.7371],[-3.8618,40.737],[-3.8618,40.737],[-3.8617,40.737],[-3.8616,40.7369],[-3.8616,40.7369],[-3.8616,40.7369],[-3.8616,40.7369],[-3.8615,40.7369],[-3.8615,40.7369],[-3.8615,40.7369],[-3.8615,40.7369],[-3.8615,40.7369],[-3.8614,40.7369],[-3.8613,40.737],[-3.8613,40.737],[-3.8613,40.737],[-3.8613,40.737],[-3.8613,40.737],[-3.8613,40.737],[-3.8613,40.737],[-3.8612,40.737],[-3.8612,40.737],[-3.8612,40.737],[-3.8612,40.737],[-3.8612,40.737],[-3.8611,40.737],[-3.8611,40.737],[-3.8611,40.737],[-3.8611,40.737],[-3.8611,40.7371],[-3.8611,40.7371],[-3.8611,40.7371],[-3.8611,40.7371],[-3.861,40.7371],[-3.861,40.7371],[-3.861,40.7371],[-3.861,40.7371],[-3.861,40.7371],[-3.861,40.7371],[-3.861,40.7371],[-3.8609,40.7371],[-3.8609,40.7371],[-3.8609,40.7371],[-3.8609,40.7371],[-3.8608,40.7371],[-3.8608,40.7371],[-3.8608,40.7371],[-3.8608,40.7371],[-3.8608,40.7371],[-3.8607,40.7372],[-3.8607,40.7372],[-3.8607,40.7372],[-3.8607,40.7372],[-3.8607,40.7372],[-3.8606,40.7372],[-3.8606,40.7372],[-3.8606,40.7372],[-3.8605,40.7372],[-3.8605,40.7372],[-3.8604,40.7371],[-3.8603,40.7371],[-3.8602,40.737],[-3.8602,40.737],[-3.8602,40.737],[-3.8602,40.737],[-3.8602,40.737],[-3.8602,40.7369],[-3.8601,40.7369],[-3.8601,40.7368],[-3.86,40.7368],[-3.86,40.7367],[-3.8599,40.7366],[-3.8598,40.7366],[-3.8597,40.7365],[-3.8597,40.7365],[-3.8597,40.7365],[-3.8597,40.7365],[-3.8597,40.7365],[-3.8597,40.7365],[-3.8597,40.7365],[-3.8597,40.7365],[-3.8597,40.7365],[-3.8597,40.7365],[-3.8597,40.7365],[-3.8596,40.7365],[-3.8596,40.7365],[-3.8596,40.7365],[-3.8596,40.7365],[-3.8596,40.7365],[-3.8596,40.7366],[-3.8596,40.7366],[-3.8596,40.7366],[-3.8596,40.7366],[-3.8596,40.7366],[-3.8596,40.7366],[-3.8596,40.7366],[-3.8595,40.7366],[-3.8595,40.7366],[-3.8594,40.7366],[-3.8593,40.7367],[-3.8593,40.7367],[-3.8592,40.7367],[-3.8592,40.7367],[-3.8592,40.7367],[-3.8592,40.7367],[-3.8592,40.7367],[-3.8592,40.7367],[-3.8591,40.7367],[-3.8591,40.7367],[-3.8591,40.7367],[-3.8591,40.7367],[-3.8589,40.7366],[-3.8589,40.7366],[-3.8589,40.7366],[-3.8589,40.7366],[-3.8588,40.7366],[-3.8588,40.7366],[-3.8588,40.7366],[-3.8588,40.7366],[-3.8588,40.7366],[-3.8587,40.7365],[-3.8587,40.7365],[-3.8587,40.7365],[-3.8586,40.7365],[-3.8585,40.7365],[-3.8584,40.7365],[-3.8584,40.7365],[-3.8583,40.7365],[-3.8583,40.7365],[-3.8583,40.7365],[-3.8582,40.7365],[-3.8582,40.7365],[-3.8581,40.7365],[-3.8581,40.7365],[-3.8581,40.7365],[-3.858,40.7365],[-3.8579,40.7365],[-3.8578,40.7365],[-3.8576,40.7365],[-3.8574,40.7365],[-3.8572,40.7365],[-3.8572,40.7365],[-3.8571,40.7365],[-3.8571,40.7365],[-3.8571,40.7365],[-3.8571,40.7365],[-3.857,40.7365],[-3.857,40.7365],[-3.857,40.7365],[-3.857,40.7365],[-3.8569,40.7366],[-3.8568,40.7366],[-3.8567,40.7366],[-3.8566,40.7367],[-3.8565,40.7367],[-3.8564,40.7368],[-3.8563,40.7369],[-3.8562,40.7369],[-3.8562,40.7369],[-3.8561,40.737],[-3.8561,40.737],[-3.856,40.737],[-3.8559,40.7371],[-3.8558,40.7371],[-3.8558,40.7371],[-3.8554,40.7372],[-3.8549,40.7374],[-3.8546,40.7376],[-3.8544,40.7377],[-3.8543,40.7377],[-3.8542,40.7378],[-3.8541,40.738],[-3.8541,40.738],[-3.854,40.7381],[-3.8539,40.7382],[-3.8538,40.7382],[-3.8538,40.7383],[-3.8537,40.7383],[-3.8537,40.7384],[-3.8537,40.7384],[-3.8537,40.7384],[-3.8537,40.7384],[-3.8537,40.7384],[-3.8537,40.7384],[-3.8536,40.7384],[-3.8536,40.7386],[-3.8536,40.7387],[-3.8535,40.7388],[-3.8535,40.7388],[-3.8535,40.7388],[-3.8535,40.7388],[-3.8535,40.7388],[-3.8535,40.7389],[-3.8535,40.7389],[-3.8535,40.7389],[-3.8535,40.7389],[-3.8535,40.739],[-3.8535,40.739],[-3.8535,40.739],[-3.8535,40.739],[-3.8535,40.7391],[-3.8536,40.7391],[-3.8536,40.7392],[-3.8536,40.7392],[-3.8536,40.7392],[-3.8536,40.7392],[-3.8537,40.7393],[-3.8537,40.7393],[-3.8537,40.7393],[-3.8537,40.7394],[-3.8537,40.7394],[-3.8537,40.7394],[-3.8536,40.7395],[-3.8536,40.7395],[-3.8536,40.7395],[-3.8535,40.7395],[-3.8535,40.7395],[-3.8534,40.7395],[-3.8533,40.7395],[-3.8533,40.7395],[-3.8532,40.7395],[-3.8532,40.7396],[-3.8531,40.7396],[-3.8531,40.7396],[-3.8531,40.7396],[-3.8531,40.7396],[-3.853,40.7397],[-3.853,40.7397],[-3.853,40.7397],[-3.853,40.7398],[-3.8529,40.7398],[-3.8529,40.7398],[-3.8529,40.7398],[-3.8529,40.7398],[-3.8528,40.7398],[-3.8528,40.7398],[-3.8528,40.7398],[-3.8527,40.7398],[-3.8526,40.7398],[-3.8526,40.7398],[-3.8525,40.7398],[-3.8524,40.7398],[-3.8524,40.7399],[-3.8523,40.7399],[-3.8523,40.7399],[-3.8522,40.7399],[-3.8522,40.74],[-3.8522,40.74],[-3.8521,40.7401],[-3.852,40.7401],[-3.852,40.7402],[-3.852,40.7402],[-3.8519,40.7402],[-3.8519,40.7403],[-3.8519,40.7403],[-3.8519,40.7403],[-3.8518,40.7404],[-3.8518,40.7404],[-3.8518,40.7405],[-3.8518,40.7405],[-3.8517,40.7406],[-3.8517,40.7406],[-3.8516,40.7408],[-3.8515,40.7408],[-3.8515,40.741],[-3.8514,40.741],[-3.8513,40.7412],[-3.8512,40.7413],[-3.8511,40.7415],[-3.851,40.7416],[-3.8508,40.742],[-3.8507,40.7421],[-3.8506,40.7423],[-3.8504,40.7424],[-3.8502,40.7425],[-3.8501,40.7426],[-3.85,40.7427],[-3.8498,40.7427],[-3.8497,40.7428],[-3.8496,40.7429],[-3.8495,40.743],[-3.8494,40.7431],[-3.8494,40.7431],[-3.8493,40.7432],[-3.8492,40.7433],[-3.8491,40.7434],[-3.849,40.7434],[-3.8489,40.7435],[-3.8489,40.7436],[-3.8488,40.7437],[-3.8488,40.7438],[-3.8487,40.7438],[-3.8487,40.7439],[-3.8487,40.7439],[-3.8486,40.744],[-3.8485,40.7441],[-3.8484,40.7442],[-3.8484,40.7443],[-3.8484,40.7443],[-3.8483,40.7444],[-3.8482,40.7445],[-3.8482,40.7445],[-3.8482,40.7446],[-3.8481,40.7447],[-3.848,40.7448],[-3.8479,40.7449],[-3.8479,40.745],[-3.8478,40.745],[-3.8477,40.7452],[-3.8476,40.7452],[-3.8476,40.7453],[-3.8475,40.7454],[-3.8474,40.7455],[-3.8474,40.7456],[-3.8474,40.7456],[-3.8473,40.7457],[-3.8473,40.7458],[-3.8472,40.7459],[-3.8472,40.7459],[-3.8471,40.7461],[-3.8471,40.7462],[-3.8471,40.7462],[-3.847,40.7462],[-3.847,40.7463],[-3.8469,40.7464],[-3.8469,40.7465],[-3.8468,40.7467],[-3.8468,40.7467],[-3.8468,40.7468],[-3.8468,40.7468],[-3.8468,40.7468],[-3.8468,40.7469],[-3.8468,40.7469],[-3.8468,40.7469],[-3.8467,40.7469],[-3.8467,40.7469],[-3.8467,40.747],[-3.8467,40.747],[-3.8466,40.747],[-3.8466,40.747],[-3.8466,40.747],[-3.8466,40.7471],[-3.8465,40.7471],[-3.8465,40.7471],[-3.8464,40.7471],[-3.8464,40.7471],[-3.8464,40.7471],[-3.8463,40.7471],[-3.8463,40.7471],[-3.8463,40.7472],[-3.8462,40.7472],[-3.8462,40.7472],[-3.8461,40.7473],[-3.8461,40.7473],[-3.8461,40.7474],[-3.8461,40.7474],[-3.846,40.7475],[-3.8459,40.7477],[-3.8458,40.7478],[-3.8457,40.7479],[-3.8457,40.7479],[-3.8456,40.7481],[-3.8454,40.7484],[-3.8452,40.7487],[-3.8449,40.749],[-3.8447,40.7492],[-3.8443,40.7495],[-3.8441,40.7497],[-3.8439,40.7499],[-3.8437,40.75],[-3.8433,40.7502],[-3.843,40.7505],[-3.8427,40.7507],[-3.8424,40.751],[-3.8422,40.7512],[-3.8419,40.7516],[-3.8418,40.7517],[-3.8416,40.7518],[-3.8414,40.752],[-3.8412,40.7521],[-3.8411,40.7522],[-3.841,40.7522],[-3.841,40.7525],[-3.841,40.7526],[-3.8409,40.7528],[-3.8409,40.7531],[-3.841,40.7534],[-3.841,40.7536],[-3.841,40.7536],[-3.8409,40.7538],[-3.8409,40.7538],[-3.8408,40.7539],[-3.8408,40.7539],[-3.8407,40.754],[-3.8407,40.754],[-3.8405,40.754],[-3.8402,40.7541],[-3.8396,40.7543],[-3.8391,40.7545],[-3.8388,40.7546],[-3.8386,40.7547],[-3.8386,40.7547],[-3.8386,40.7548],[-3.8386,40.7549],[-3.8385,40.755],[-3.8385,40.7551],[-3.8385,40.7551],[-3.8384,40.7552]]]},"geometry_name":"GEOMETRY1","properties":{"CD_TIPO_ZONA":"A1","DS_TIPO_ZONA":"A1: Reserva Natural Integral.","NM_AREA_M":null,"NM_AREA_HA":null}},{"type":"Feature","id":"IDEM_MA_PR_CA_MANZANARES.16","geometry":{"type":"Polygon","coordinates":[[[-3.9372,40.6176],[-3.9374,40.6177],[-3.938,40.6178],[-3.9386,40.618],[-3.9399,40.6179],[-3.9425,40.6177],[-3.9427,40.6173],[-3.9429,40.617],[-3.9432,40.6166],[-3.9442,40.6148],[-3.9445,40.6139],[-3.9449,40.6129],[-3.9458,40.6119],[-3.9467,40.6108],[-3.9469,40.6098],[-3.947,40.609],[-3.9471,40.6081],[-3.9476,40.6073],[-3.948,40.6064],[-3.9482,40.6061],[-3.9484,40.6057],[-3.9487,40.605],[-3.949,40.6042],[-3.9492,40.6035],[-3.9495,40.6028],[-3.9498,40.6021],[-3.9501,40.6016],[-3.9504,40.6012],[-3.9505,40.6008],[-3.9505,40.6004],[-3.9508,40.5999],[-3.9512,40.5994],[-3.9515,40.599],[-3.9521,40.5984],[-3.9527,40.5978],[-3.9523,40.5978],[-3.9516,40.5978],[-3.9506,40.5978],[-3.9499,40.5978],[-3.9493,40.5978],[-3.9489,40.5978],[-3.9486,40.5977],[-3.948,40.5978],[-3.9474,40.5978],[-3.9469,40.5978],[-3.9465,40.5978],[-3.9454,40.5978],[-3.9452,40.5989],[-3.945,40.6],[-3.9446,40.5998],[-3.9442,40.5998],[-3.9438,40.5997],[-3.9433,40.5996],[-3.9428,40.5996],[-3.9422,40.5995],[-3.9417,40.5994],[-3.9413,40.5994],[-3.9409,40.5994],[-3.9403,40.5993],[-3.9398,40.5993],[-3.9386,40.5993],[-3.9375,40.5993],[-3.9369,40.5993],[-3.9363,40.5993],[-3.9353,40.5993],[-3.935,40.5992],[-3.9348,40.5992],[-3.9345,40.5992],[-3.9343,40.5992],[-3.934,40.5992],[-3.9337,40.5993],[-3.9329,40.5993],[-3.9322,40.5993],[-3.9317,40.5993],[-3.9311,40.5992],[-3.931,40.5999],[-3.9308,40.6006],[-3.9307,40.6014],[-3.9307,40.6016],[-3.9307,40.6018],[-3.9306,40.602],[-3.9306,40.6021],[-3.9305,40.6021],[-3.9303,40.6022],[-3.9302,40.6025],[-3.93,40.6029],[-3.9297,40.6031],[-3.9295,40.6034],[-3.9297,40.6033],[-3.9299,40.6032],[-3.9304,40.6032],[-3.9309,40.603],[-3.9314,40.6029],[-3.932,40.6028],[-3.9326,40.6028],[-3.9332,40.6027],[-3.9333,40.6028],[-3.9333,40.6029],[-3.9335,40.6029],[-3.9336,40.6029],[-3.9339,40.6031],[-3.9342,40.6032],[-3.9344,40.6032],[-3.9345,40.6031],[-3.9346,40.6031],[-3.9347,40.603],[-3.9349,40.603],[-3.935,40.603],[-3.9352,40.6033],[-3.9355,40.6036],[-3.9356,40.6038],[-3.9358,40.604],[-3.9361,40.6041],[-3.9365,40.6042],[-3.9366,40.6044],[-3.9367,40.6047],[-3.9366,40.605],[-3.9364,40.6052],[-3.9362,40.6053],[-3.936,40.6053],[-3.9356,40.6054],[-3.9354,40.6057],[-3.9353,40.606],[-3.9353,40.6062],[-3.9355,40.6064],[-3.9357,40.6066],[-3.9358,40.6067],[-3.9358,40.6068],[-3.9361,40.6071],[-3.9363,40.6073],[-3.9362,40.6075],[-3.9361,40.6078],[-3.936,40.6082],[-3.9358,40.6086],[-3.9354,40.6089],[-3.9349,40.6093],[-3.9343,40.6097],[-3.9337,40.6101],[-3.9332,40.6105],[-3.9328,40.6108],[-3.9321,40.6113],[-3.9319,40.6114],[-3.9318,40.6115],[-3.9307,40.6116],[-3.9297,40.6119],[-3.9296,40.6119],[-3.9296,40.6119],[-3.9295,40.6119],[-3.9294,40.6119],[-3.9293,40.6119],[-3.9292,40.6119],[-3.9291,40.6122],[-3.9291,40.6124],[-3.9291,40.6126],[-3.929,40.6128],[-3.9289,40.6139],[-3.9287,40.6149],[-3.9293,40.6148],[-3.9299,40.6146],[-3.9305,40.6145],[-3.9316,40.6143],[-3.9327,40.6142],[-3.9326,40.6146],[-3.9325,40.615],[-3.9324,40.6158],[-3.9328,40.6158],[-3.9332,40.616],[-3.9332,40.616],[-3.9333,40.6161],[-3.9336,40.6162],[-3.9339,40.6162],[-3.9341,40.6163],[-3.9343,40.6164],[-3.9345,40.6164],[-3.9347,40.6165],[-3.9348,40.6166],[-3.935,40.6166],[-3.9352,40.6168],[-3.9354,40.6169],[-3.9356,40.6169],[-3.9358,40.617],[-3.9361,40.6171],[-3.9364,40.6173],[-3.9366,40.6174],[-3.9367,40.6176],[-3.9369,40.6176],[-3.9371,40.6176],[-3.9372,40.6176]]]},"geometry_name":"GEOMETRY1","properties":{"CD_TIPO_ZONA":"P","DS_TIPO_ZONA":"P: Áreas a ordenar por Planeamiento Urbanistico.","NM_AREA_M":null,"NM_AREA_HA":null}},{"type":"Feature","id":"IDEM_MA_PR_CA_MANZANARES.17","geometry":{"type":"Polygon","coordinates":[[[-3.7372,40.6039],[-3.7372,40.6039],[-3.7373,40.6039],[-3.7373,40.604],[-3.7374,40.604],[-3.7375,40.6041],[-3.7375,40.6041],[-3.7375,40.6041],[-3.7376,40.6042],[-3.7376,40.6042],[-3.7376,40.6043],[-3.7377,40.6044],[-3.7377,40.6044],[-3.7378,40.6046],[-3.7379,40.6046],[-3.7379,40.6047],[-3.738,40.6048],[-3.738,40.6049],[-3.7381,40.6049],[-3.7382,40.6049],[-3.7383,40.6049],[-3.7384,40.605],[-3.7385,40.605],[-3.7386,40.605],[-3.7386,40.605],[-3.7387,40.6051],[-3.7388,40.6051],[-3.7389,40.6052],[-3.739,40.6052],[-3.7392,40.6053],[-3.7393,40.6053],[-3.7394,40.6054],[-3.7395,40.6055],[-3.7396,40.6055],[-3.7398,40.6056],[-3.7399,40.6056],[-3.74,40.6057],[-3.7401,40.6057],[-3.7402,40.6058],[-3.7403,40.6059],[-3.7404,40.606],[-3.7405,40.6061],[-3.7406,40.6063],[-3.7408,40.6064],[-3.7409,40.6065],[-3.741,40.6065],[-3.741,40.6066],[-3.7411,40.6066],[-3.7412,40.6067],[-3.7413,40.6067],[-3.7413,40.6068],[-3.7414,40.6068],[-3.7414,40.6069],[-3.7415,40.607],[-3.7415,40.607],[-3.7415,40.6071],[-3.7416,40.6071],[-3.7416,40.6072],[-3.7416,40.6072],[-3.7416,40.6073],[-3.7416,40.6073],[-3.7416,40.6074],[-3.7416,40.6074],[-3.7415,40.6075],[-3.7415,40.6075],[-3.7416,40.6076],[-3.7417,40.6079],[-3.7418,40.6081],[-3.7419,40.6083],[-3.7419,40.6083],[-3.742,40.6083],[-3.7421,40.6084],[-3.7423,40.6085],[-3.7425,40.6085],[-3.7427,40.6086],[-3.7431,40.6088],[-3.7432,40.6088],[-3.7434,40.609],[-3.7434,40.6091],[-3.7434,40.6092],[-3.7436,40.6094],[-3.7438,40.6096],[-3.7439,40.6097],[-3.7442,40.6097],[-3.7444,40.6097],[-3.7444,40.6097],[-3.7447,40.6098],[-3.745,40.6098],[-3.745,40.6098],[-3.7451,40.6099],[-3.7453,40.61],[-3.7454,40.6101],[-3.7455,40.6102],[-3.7456,40.6102],[-3.7458,40.6102],[-3.7459,40.6103],[-3.7462,40.6102],[-3.7462,40.6102],[-3.7465,40.6103],[-3.7467,40.6103],[-3.7468,40.6104],[-3.7471,40.6104],[-3.7475,40.6105],[-3.7477,40.6105],[-3.7487,40.6108],[-3.7491,40.611],[-3.7498,40.611],[-3.7501,40.611],[-3.7502,40.611],[-3.7504,40.6111],[-3.7506,40.6111],[-3.7509,40.6111],[-3.7511,40.6111],[-3.7514,40.611],[-3.7516,40.6109],[-3.752,40.6108],[-3.7521,40.6108],[-3.7522,40.6108],[-3.7525,40.6108],[-3.7527,40.6108],[-3.7527,40.6108],[-3.7528,40.6108],[-3.7528,40.6108],[-3.753,40.6109],[-3.7531,40.611],[-3.7532,40.6111],[-3.7534,40.6112],[-3.7536,40.6113],[-3.7542,40.6114],[-3.7543,40.6114],[-3.7546,40.6116],[-3.7549,40.6117],[-3.755,40.6118],[-3.7554,40.6118],[-3.7558,40.612],[-3.7561,40.6122],[-3.7563,40.6122],[-3.7566,40.6122],[-3.7568,40.6123],[-3.7573,40.6124],[-3.7574,40.6124],[-3.7577,40.6125],[-3.758,40.6126],[-3.7584,40.6127],[-3.7587,40.6127],[-3.7588,40.6129],[-3.7589,40.613],[-3.759,40.6131],[-3.7591,40.6132],[-3.7593,40.6133],[-3.7594,40.6133],[-3.7599,40.6135],[-3.7605,40.6137],[-3.7605,40.6137],[-3.7606,40.6138],[-3.7607,40.6138],[-3.7608,40.614],[-3.7608,40.614],[-3.761,40.6142],[-3.7612,40.6143],[-3.7614,40.6144],[-3.7617,40.6145],[-3.762,40.6146],[-3.7621,40.6146],[-3.7623,40.6146],[-3.7626,40.6145],[-3.7629,40.6144],[-3.7633,40.6143],[-3.7635,40.6143],[-3.7639,40.6143],[-3.7643,40.6142],[-3.7646,40.6142],[-3.7654,40.6143],[-3.7655,40.6144],[-3.7657,40.6144],[-3.7657,40.6144],[-3.7659,40.6144],[-3.7662,40.6145],[-3.7664,40.6146],[-3.7665,40.6146],[-3.7668,40.6146],[-3.767,40.6146],[-3.7674,40.6145],[-3.768,40.6144],[-3.7682,40.6143],[-3.7685,40.6143],[-3.7688,40.6142],[-3.7691,40.6139],[-3.7694,40.6136],[-3.7699,40.6133],[-3.7702,40.6131],[-3.7703,40.6131],[-3.7704,40.613],[-3.7706,40.613],[-3.7708,40.613],[-3.7711,40.6131],[-3.7711,40.6131],[-3.7714,40.6132],[-3.7718,40.6134],[-3.772,40.6136],[-3.7721,40.6138],[-3.7721,40.6139],[-3.7721,40.6141],[-3.7721,40.6142],[-3.7721,40.6143],[-3.7721,40.6144],[-3.772,40.6145],[-3.772,40.6147],[-3.772,40.6149],[-3.772,40.615],[-3.772,40.6152],[-3.7721,40.6153],[-3.7721,40.6155],[-3.7721,40.6157],[-3.7722,40.6158],[-3.7722,40.6159],[-3.7723,40.616],[-3.7723,40.616],[-3.7724,40.6161],[-3.7725,40.6161],[-3.7725,40.6162],[-3.7726,40.6162],[-3.7727,40.6162],[-3.7728,40.6163],[-3.7729,40.6163],[-3.7732,40.6164],[-3.7734,40.6165],[-3.7736,40.6168],[-3.7738,40.6171],[-3.774,40.6175],[-3.774,40.6175],[-3.774,40.6176],[-3.774,40.6177],[-3.7741,40.6179],[-3.7741,40.618],[-3.7741,40.6181],[-3.7741,40.6182],[-3.7741,40.6184],[-3.7741,40.6185],[-3.7741,40.6186],[-3.7741,40.6187],[-3.7742,40.6188],[-3.7742,40.6188],[-3.7743,40.6189],[-3.7744,40.619],[-3.7744,40.6191],[-3.7745,40.6191],[-3.7746,40.6192],[-3.7747,40.6193],[-3.7748,40.6193],[-3.7749,40.6194],[-3.775,40.6195],[-3.7751,40.6195],[-3.7752,40.6196],[-3.7753,40.6196],[-3.7754,40.6197],[-3.7755,40.6197],[-3.7757,40.6198],[-3.7758,40.6198],[-3.776,40.6198],[-3.7761,40.6199],[-3.7762,40.6199],[-3.7764,40.6199],[-3.7765,40.62],[-3.7766,40.6201],[-3.7768,40.6201],[-3.7771,40.6203],[-3.7774,40.6204],[-3.7775,40.6205],[-3.7778,40.6208],[-3.7781,40.6211],[-3.7783,40.6213],[-3.7785,40.6216],[-3.7787,40.6218],[-3.7789,40.622],[-3.779,40.6222],[-3.779,40.6224],[-3.7789,40.6227],[-3.7789,40.6229],[-3.779,40.6232],[-3.7792,40.6237],[-3.7793,40.6238],[-3.7794,40.624],[-3.7797,40.6243],[-3.78,40.6246],[-3.7805,40.625],[-3.7808,40.6252],[-3.7812,40.6255],[-3.7815,40.6257],[-3.7818,40.626],[-3.782,40.6263],[-3.7822,40.6266],[-3.7823,40.6268],[-3.7823,40.6268],[-3.7823,40.627],[-3.7824,40.627],[-3.7825,40.6269],[-3.7825,40.6269],[-3.7826,40.6268],[-3.7826,40.6268],[-3.7827,40.6267],[-3.7828,40.6267],[-3.7829,40.6267],[-3.783,40.6266],[-3.7831,40.6266],[-3.7831,40.6265],[-3.7834,40.6264],[-3.7834,40.6264],[-3.7834,40.6264],[-3.7835,40.6263],[-3.7836,40.6263],[-3.7838,40.6262],[-3.7841,40.6261],[-3.7844,40.6259],[-3.7847,40.6258],[-3.785,40.6256],[-3.7851,40.6255],[-3.7852,40.6255],[-3.7854,40.6254],[-3.7855,40.6253],[-3.7857,40.6252],[-3.7858,40.6252],[-3.786,40.6251],[-3.7861,40.6251],[-3.7863,40.625],[-3.7864,40.625],[-3.7865,40.625],[-3.7866,40.625],[-3.7866,40.6251],[-3.7867,40.6251],[-3.7868,40.6251],[-3.7869,40.625],[-3.787,40.6249],[-3.7871,40.6247],[-3.7872,40.6245],[-3.7873,40.6243],[-3.7873,40.6241],[-3.7873,40.6239],[-3.7873,40.6237],[-3.7872,40.6235],[-3.7873,40.6234],[-3.7873,40.6232],[-3.7873,40.6231],[-3.7873,40.623],[-3.7873,40.6228],[-3.7873,40.6227],[-3.7872,40.6226],[-3.7871,40.6225],[-3.787,40.6224],[-3.787,40.6223],[-3.7871,40.6222],[-3.7871,40.6221],[-3.7872,40.622],[-3.7873,40.6219],[-3.7875,40.6217],[-3.7876,40.6216],[-3.7878,40.6214],[-3.7879,40.6212],[-3.788,40.6209],[-3.7881,40.6207],[-3.7881,40.6205],[-3.7881,40.6203],[-3.7881,40.6202],[-3.788,40.62],[-3.7881,40.62],[-3.7882,40.62],[-3.7882,40.62],[-3.7883,40.6199],[-3.7884,40.6199],[-3.7885,40.6198],[-3.7887,40.6197],[-3.7889,40.6196],[-3.789,40.6195],[-3.7892,40.6194],[-3.7893,40.6193],[-3.7895,40.6192],[-3.7896,40.6191],[-3.7898,40.619],[-3.7899,40.6188],[-3.79,40.6187],[-3.7901,40.6186],[-3.7902,40.6185],[-3.7904,40.6184],[-3.7906,40.6183],[-3.7908,40.6182],[-3.7909,40.6181],[-3.7911,40.6179],[-3.7914,40.6175],[-3.7917,40.6171],[-3.7918,40.6169],[-3.7919,40.6166],[-3.792,40.6164],[-3.792,40.6163],[-3.7921,40.6162],[-3.7921,40.6162],[-3.7922,40.6161],[-3.7924,40.616],[-3.7926,40.6159],[-3.7928,40.6158],[-3.793,40.6157],[-3.7931,40.6156],[-3.7932,40.6155],[-3.7934,40.6154],[-3.7936,40.6153],[-3.7938,40.6152],[-3.794,40.6151],[-3.7941,40.6149],[-3.7943,40.6148],[-3.7944,40.6146],[-3.7945,40.6145],[-3.7946,40.6143],[-3.7946,40.6142],[-3.7948,40.6141],[-3.7949,40.6141],[-3.7951,40.614],[-3.7952,40.614],[-3.7957,40.6139],[-3.7961,40.6139],[-3.7964,40.6137],[-3.7966,40.6136],[-3.7966,40.6135],[-3.7965,40.6134],[-3.7963,40.6132],[-3.7962,40.6131],[-3.796,40.6129],[-3.7959,40.6128],[-3.7958,40.6127],[-3.7956,40.6123],[-3.7953,40.6119],[-3.795,40.6115],[-3.795,40.6114],[-3.795,40.6113],[-3.795,40.6112],[-3.7951,40.6112],[-3.7951,40.6111],[-3.7952,40.611],[-3.7954,40.611],[-3.7955,40.611],[-3.7957,40.611],[-3.7958,40.611],[-3.7959,40.611],[-3.796,40.611],[-3.796,40.611],[-3.7961,40.6109],[-3.7961,40.6109],[-3.7961,40.6109],[-3.7961,40.6107],[-3.7961,40.6106],[-3.7961,40.6105],[-3.7961,40.6105],[-3.7961,40.6104],[-3.7961,40.6102],[-3.796,40.6101],[-3.796,40.61],[-3.7961,40.6098],[-3.7961,40.6097],[-3.7963,40.6097],[-3.7964,40.6097],[-3.7965,40.6097],[-3.7967,40.6097],[-3.797,40.6099],[-3.7973,40.61],[-3.7973,40.6101],[-3.7973,40.6101],[-3.7974,40.6101],[-3.7975,40.6101],[-3.7975,40.6101],[-3.7976,40.61],[-3.7976,40.6097],[-3.7976,40.6093],[-3.7977,40.609],[-3.7976,40.6089],[-3.7976,40.6088],[-3.7976,40.6086],[-3.7977,40.6085],[-3.7977,40.6084],[-3.7979,40.6081],[-3.7981,40.6078],[-3.7982,40.6077],[-3.7982,40.6076],[-3.7982,40.6075],[-3.7984,40.6073],[-3.7985,40.6071],[-3.7987,40.607],[-3.7988,40.6069],[-3.7989,40.6068],[-3.799,40.6067],[-3.799,40.6067],[-3.7992,40.6064],[-3.7995,40.6062],[-3.7997,40.606],[-3.7998,40.6059],[-3.7999,40.6058],[-3.8,40.6057],[-3.8001,40.6056],[-3.8002,40.6055],[-3.8002,40.6054],[-3.8003,40.6052],[-3.8003,40.605],[-3.8003,40.605],[-3.8003,40.6049],[-3.8003,40.6048],[-3.8035,40.599],[-3.8033,40.5989],[-3.8011,40.5989],[-3.7992,40.5985],[-3.7988,40.5987],[-3.7985,40.5989],[-3.7981,40.5991],[-3.7978,40.5993],[-3.7975,40.5996],[-3.7974,40.5996],[-3.7973,40.5997],[-3.7972,40.5997],[-3.7972,40.5998],[-3.7971,40.5998],[-3.797,40.5998],[-3.7969,40.5999],[-3.7968,40.5999],[-3.7959,40.5999],[-3.795,40.5999],[-3.7944,40.5998],[-3.7938,40.5997],[-3.7932,40.5996],[-3.7926,40.5994],[-3.7922,40.5994],[-3.7918,40.5993],[-3.7915,40.5992],[-3.7911,40.5992],[-3.7907,40.5991],[-3.7903,40.599],[-3.7899,40.599],[-3.7892,40.5991],[-3.7887,40.5993],[-3.7883,40.5995],[-3.7878,40.5997],[-3.7873,40.5999],[-3.7869,40.6002],[-3.7864,40.6004],[-3.7851,40.6005],[-3.785,40.6006],[-3.7848,40.6008],[-3.7847,40.6009],[-3.7845,40.6011],[-3.7843,40.6012],[-3.7841,40.6014],[-3.7839,40.6015],[-3.7837,40.6016],[-3.7836,40.6018],[-3.7835,40.6018],[-3.7834,40.6018],[-3.7833,40.6018],[-3.7832,40.6018],[-3.7831,40.6018],[-3.783,40.6018],[-3.7829,40.6017],[-3.7828,40.6017],[-3.7827,40.6017],[-3.7826,40.6016],[-3.7826,40.6016],[-3.7825,40.6015],[-3.7823,40.6014],[-3.7822,40.6013],[-3.7821,40.6012],[-3.7819,40.6011],[-3.7818,40.601],[-3.7817,40.6009],[-3.7799,40.6012],[-3.7789,40.6017],[-3.7782,40.6018],[-3.7778,40.6016],[-3.7773,40.6014],[-3.7768,40.6013],[-3.7763,40.6011],[-3.7758,40.601],[-3.7754,40.6009],[-3.7751,40.6008],[-3.7747,40.6007],[-3.7746,40.6006],[-3.7745,40.6006],[-3.7743,40.6005],[-3.7742,40.6005],[-3.7741,40.6005],[-3.774,40.6005],[-3.7732,40.6004],[-3.7724,40.6002],[-3.7717,40.6001],[-3.7709,40.6],[-3.7701,40.5999],[-3.7693,40.5998],[-3.7691,40.5998],[-3.769,40.5998],[-3.7688,40.5998],[-3.7686,40.5998],[-3.7685,40.5997],[-3.7683,40.5997],[-3.7682,40.5997],[-3.768,40.5996],[-3.7678,40.5996],[-3.7677,40.5995],[-3.7675,40.5994],[-3.7674,40.5994],[-3.7672,40.5992],[-3.767,40.5991],[-3.7668,40.599],[-3.7665,40.5989],[-3.7663,40.5988],[-3.7661,40.5987],[-3.7659,40.5986],[-3.7656,40.5985],[-3.7654,40.5984],[-3.7653,40.5984],[-3.7652,40.5984],[-3.765,40.5984],[-3.7649,40.5984],[-3.7648,40.5984],[-3.7647,40.5984],[-3.7646,40.5984],[-3.7643,40.5983],[-3.764,40.5982],[-3.7637,40.5982],[-3.7634,40.5981],[-3.7631,40.598],[-3.7628,40.598],[-3.7625,40.5979],[-3.7623,40.5978],[-3.762,40.5977],[-3.7618,40.5977],[-3.7616,40.5976],[-3.7613,40.5975],[-3.7611,40.5974],[-3.7609,40.5973],[-3.7607,40.5972],[-3.7605,40.5972],[-3.7604,40.5972],[-3.7602,40.5971],[-3.7601,40.5971],[-3.7599,40.597],[-3.7597,40.597],[-3.7584,40.5961],[-3.7582,40.5961],[-3.7581,40.5961],[-3.7579,40.5961],[-3.7577,40.5961],[-3.7576,40.5961],[-3.7574,40.5961],[-3.7573,40.5961],[-3.7556,40.5955],[-3.7539,40.5949],[-3.7538,40.5948],[-3.7537,40.5948],[-3.7536,40.5948],[-3.7535,40.5948],[-3.7534,40.5948],[-3.7533,40.5947],[-3.7532,40.5947],[-3.753,40.5947],[-3.7529,40.5948],[-3.7528,40.5947],[-3.7526,40.5946],[-3.7524,40.5945],[-3.7523,40.5944],[-3.7512,40.5935],[-3.7501,40.5925],[-3.7492,40.5927],[-3.7457,40.5922],[-3.7453,40.5919],[-3.745,40.5918],[-3.7444,40.5926],[-3.7438,40.5933],[-3.7438,40.5935],[-3.7437,40.5936],[-3.7437,40.5937],[-3.7436,40.5938],[-3.7435,40.5938],[-3.7435,40.5939],[-3.7434,40.594],[-3.7434,40.5941],[-3.7412,40.5965],[-3.7398,40.5979],[-3.7385,40.5994],[-3.7382,40.6003],[-3.7378,40.6013],[-3.7375,40.6023],[-3.7374,40.6027],[-3.7373,40.603],[-3.7372,40.6034],[-3.7372,40.6038],[-3.7372,40.6039],[-3.7372,40.6039],[-3.7372,40.6039],[-3.7372,40.6039],[-3.7372,40.6039]]]},"geometry_name":"GEOMETRY1","properties":{"CD_TIPO_ZONA":"B3","DS_TIPO_ZONA":"B3: Parque Comarcal Agropecuario a regenerar.","NM_AREA_M":null,"NM_AREA_HA":null}},{"type":"Feature","id":"IDEM_MA_PR_CA_MANZANARES.18","geometry":{"type":"Polygon","coordinates":[[[-3.8985,40.6303],[-3.8986,40.6304],[-3.8986,40.6305],[-3.8987,40.6306],[-3.8988,40.6307],[-3.8988,40.6308],[-3.8988,40.6308],[-3.8988,40.6309],[-3.8988,40.631],[-3.8993,40.6309],[-3.8997,40.6308],[-3.9002,40.6306],[-3.9005,40.6306],[-3.9008,40.6305],[-3.901,40.6304],[-3.9009,40.6302],[-3.9013,40.63],[-3.9017,40.6299],[-3.902,40.6297],[-3.9024,40.6295],[-3.9025,40.6295],[-3.9027,40.6295],[-3.9028,40.6295],[-3.9029,40.6296],[-3.9031,40.6296],[-3.9032,40.6297],[-3.9034,40.6298],[-3.9037,40.6297],[-3.904,40.6295],[-3.9043,40.6294],[-3.9043,40.629],[-3.9044,40.6286],[-3.9044,40.6283],[-3.905,40.6281],[-3.9056,40.6279],[-3.9058,40.6279],[-3.906,40.6278],[-3.9062,40.6277],[-3.9065,40.6276],[-3.9066,40.6279],[-3.9066,40.6281],[-3.9067,40.6282],[-3.9067,40.6284],[-3.9067,40.6286],[-3.9067,40.6288],[-3.9066,40.6291],[-3.9071,40.6291],[-3.9075,40.6291],[-3.9079,40.6292],[-3.9082,40.6293],[-3.9084,40.6293],[-3.9087,40.6294],[-3.9088,40.6295],[-3.9088,40.6295],[-3.9089,40.6295],[-3.9093,40.6294],[-3.9096,40.6293],[-3.9096,40.6293],[-3.9097,40.6292],[-3.9097,40.6291],[-3.9098,40.6291],[-3.91,40.629],[-3.9102,40.629],[-3.9104,40.6291],[-3.9106,40.6292],[-3.9108,40.6292],[-3.911,40.6293],[-3.9112,40.6293],[-3.9113,40.6292],[-3.9114,40.6292],[-3.9114,40.6291],[-3.9114,40.629],[-3.9114,40.6289],[-3.9115,40.6289],[-3.9116,40.6289],[-3.9116,40.6288],[-3.9117,40.6288],[-3.9118,40.6288],[-3.9119,40.6289],[-3.912,40.6289],[-3.912,40.6288],[-3.9121,40.6288],[-3.9121,40.6287],[-3.9122,40.6286],[-3.9122,40.6285],[-3.9122,40.6285],[-3.9122,40.6284],[-3.9121,40.6283],[-3.9123,40.6281],[-3.9124,40.6279],[-3.9126,40.6277],[-3.9128,40.6275],[-3.9131,40.6274],[-3.9134,40.6272],[-3.9137,40.627],[-3.914,40.6268],[-3.9143,40.6266],[-3.9145,40.6264],[-3.9147,40.6262],[-3.9148,40.626],[-3.9149,40.6258],[-3.9151,40.6257],[-3.9153,40.6255],[-3.9156,40.6253],[-3.9158,40.6252],[-3.9158,40.6251],[-3.9159,40.6249],[-3.916,40.6248],[-3.9162,40.6246],[-3.9163,40.6245],[-3.9166,40.6242],[-3.9168,40.6241],[-3.9171,40.6239],[-3.9172,40.6237],[-3.9173,40.6236],[-3.9174,40.6234],[-3.9176,40.6232],[-3.9179,40.623],[-3.9182,40.6227],[-3.9185,40.6225],[-3.9187,40.6223],[-3.9189,40.6221],[-3.9194,40.6217],[-3.9199,40.6213],[-3.9203,40.6211],[-3.9204,40.621],[-3.9204,40.6209],[-3.9204,40.6209],[-3.9204,40.6208],[-3.9205,40.6208],[-3.9205,40.6207],[-3.9206,40.6207],[-3.9207,40.6207],[-3.9207,40.6207],[-3.9208,40.6206],[-3.9208,40.6205],[-3.9208,40.6204],[-3.9207,40.6203],[-3.9207,40.6202],[-3.9206,40.6201],[-3.9206,40.62],[-3.9206,40.6199],[-3.9205,40.6198],[-3.9206,40.6196],[-3.9207,40.6195],[-3.9208,40.6193],[-3.9209,40.6192],[-3.9209,40.6191],[-3.921,40.619],[-3.9211,40.6188],[-3.9211,40.6187],[-3.9212,40.6186],[-3.9212,40.6185],[-3.9211,40.6185],[-3.9211,40.6184],[-3.9211,40.6184],[-3.9211,40.6183],[-3.9211,40.6183],[-3.9211,40.6182],[-3.9211,40.6182],[-3.9211,40.6181],[-3.9211,40.6179],[-3.9211,40.6177],[-3.9211,40.6176],[-3.9211,40.6174],[-3.9211,40.6172],[-3.921,40.617],[-3.9209,40.6168],[-3.9208,40.6166],[-3.9207,40.6164],[-3.9206,40.6162],[-3.9204,40.6162],[-3.9197,40.6163],[-3.9192,40.6164],[-3.9188,40.6164],[-3.9179,40.6165],[-3.9178,40.6165],[-3.9177,40.6165],[-3.9175,40.6164],[-3.9174,40.6165],[-3.9173,40.6165],[-3.9171,40.6165],[-3.917,40.6165],[-3.9168,40.6165],[-3.9166,40.6166],[-3.9164,40.6166],[-3.9163,40.6167],[-3.9161,40.6167],[-3.9159,40.6167],[-3.9158,40.6167],[-3.9156,40.6167],[-3.9153,40.6168],[-3.9151,40.6168],[-3.915,40.6168],[-3.9148,40.6169],[-3.9147,40.617],[-3.9146,40.617],[-3.9145,40.617],[-3.9144,40.617],[-3.9142,40.6171],[-3.9141,40.6171],[-3.914,40.617],[-3.9139,40.617],[-3.9138,40.6169],[-3.9137,40.6168],[-3.9133,40.6168],[-3.9128,40.6168],[-3.9124,40.6166],[-3.912,40.6165],[-3.9117,40.6163],[-3.9114,40.6162],[-3.9109,40.6161],[-3.9104,40.6161],[-3.9104,40.6161],[-3.9103,40.6161],[-3.9103,40.6161],[-3.9103,40.6161],[-3.9103,40.616],[-3.9103,40.6159],[-3.9104,40.6158],[-3.9105,40.6156],[-3.9107,40.6155],[-3.9107,40.6153],[-3.9107,40.6152],[-3.9107,40.615],[-3.9106,40.6149],[-3.9105,40.6149],[-3.9103,40.6148],[-3.9102,40.6148],[-3.9101,40.6148],[-3.91,40.6148],[-3.9099,40.6149],[-3.9099,40.615],[-3.9098,40.6151],[-3.9097,40.6152],[-3.9097,40.6154],[-3.9097,40.6155],[-3.9096,40.6156],[-3.9095,40.6156],[-3.9094,40.6156],[-3.9093,40.6156],[-3.9093,40.6156],[-3.9092,40.6156],[-3.9092,40.6155],[-3.9092,40.6155],[-3.909,40.6154],[-3.9088,40.6154],[-3.9087,40.6156],[-3.9086,40.6158],[-3.9085,40.6159],[-3.9081,40.616],[-3.9077,40.6161],[-3.9072,40.6161],[-3.9067,40.6162],[-3.9066,40.6162],[-3.9065,40.6162],[-3.9063,40.6162],[-3.9061,40.6162],[-3.906,40.6162],[-3.9059,40.6162],[-3.9057,40.6162],[-3.9055,40.6162],[-3.9054,40.6162],[-3.9052,40.616],[-3.905,40.6158],[-3.9049,40.6157],[-3.9048,40.6155],[-3.9047,40.6154],[-3.9046,40.6154],[-3.9045,40.6153],[-3.9044,40.6152],[-3.9044,40.6151],[-3.9044,40.615],[-3.9043,40.6149],[-3.9043,40.6148],[-3.9042,40.6146],[-3.9041,40.6145],[-3.904,40.6144],[-3.9039,40.6144],[-3.9038,40.6144],[-3.9037,40.6143],[-3.9036,40.6143],[-3.9034,40.6142],[-3.9033,40.6142],[-3.9032,40.6141],[-3.9031,40.6141],[-3.9029,40.614],[-3.9028,40.614],[-3.9026,40.6139],[-3.9024,40.6139],[-3.9023,40.6139],[-3.9021,40.6139],[-3.902,40.6139],[-3.9019,40.6139],[-3.9018,40.614],[-3.902,40.6143],[-3.9022,40.6147],[-3.9024,40.6148],[-3.9027,40.615],[-3.9029,40.6152],[-3.9031,40.6154],[-3.9029,40.6154],[-3.9028,40.6155],[-3.9026,40.6155],[-3.9025,40.6155],[-3.9023,40.6155],[-3.9021,40.6155],[-3.9019,40.6155],[-3.9018,40.6156],[-3.9016,40.6157],[-3.9016,40.6157],[-3.9015,40.6158],[-3.9014,40.6159],[-3.9013,40.616],[-3.9012,40.6161],[-3.9011,40.6162],[-3.901,40.6163],[-3.9008,40.6163],[-3.9006,40.6165],[-3.9004,40.6166],[-3.9001,40.6167],[-3.8999,40.6168],[-3.8998,40.6169],[-3.8998,40.6169],[-3.8999,40.6171],[-3.9001,40.6172],[-3.9003,40.6175],[-3.9006,40.6177],[-3.9001,40.618],[-3.8997,40.6184],[-3.8995,40.6185],[-3.8992,40.6187],[-3.8992,40.6188],[-3.8993,40.6188],[-3.8994,40.6189],[-3.8994,40.6189],[-3.8995,40.6189],[-3.8998,40.619],[-3.899,40.6198],[-3.8985,40.6203],[-3.8983,40.6203],[-3.8983,40.6205],[-3.8983,40.6207],[-3.8984,40.6209],[-3.8985,40.6211],[-3.8984,40.6212],[-3.8986,40.6217],[-3.8987,40.6223],[-3.8986,40.6234],[-3.8986,40.6238],[-3.8985,40.6242],[-3.8985,40.6244],[-3.8985,40.6246],[-3.8985,40.6247],[-3.8985,40.6249],[-3.8984,40.6252],[-3.8985,40.6256],[-3.8985,40.626],[-3.8982,40.6259],[-3.898,40.6257],[-3.8981,40.6256],[-3.8979,40.6252],[-3.8978,40.6252],[-3.8976,40.6252],[-3.8975,40.6253],[-3.8972,40.6252],[-3.8971,40.6251],[-3.8971,40.6247],[-3.8972,40.6243],[-3.8968,40.6243],[-3.8965,40.6246],[-3.8965,40.6247],[-3.8966,40.6249],[-3.8965,40.6251],[-3.8963,40.6252],[-3.8961,40.6252],[-3.8959,40.6253],[-3.8954,40.6255],[-3.895,40.6256],[-3.8948,40.6258],[-3.8947,40.626],[-3.8945,40.6264],[-3.8944,40.6267],[-3.8944,40.6268],[-3.8944,40.6269],[-3.8944,40.6271],[-3.8944,40.6274],[-3.8945,40.6278],[-3.8946,40.628],[-3.8946,40.6281],[-3.8947,40.6283],[-3.8947,40.6284],[-3.8948,40.6285],[-3.8948,40.6286],[-3.8949,40.6287],[-3.895,40.6288],[-3.8952,40.629],[-3.8955,40.6292],[-3.8957,40.6294],[-3.8959,40.6295],[-3.896,40.6296],[-3.8962,40.6297],[-3.8964,40.6298],[-3.8966,40.6297],[-3.8968,40.6296],[-3.897,40.6296],[-3.8972,40.6295],[-3.8974,40.6294],[-3.8975,40.6293],[-3.8977,40.6295],[-3.8979,40.6297],[-3.898,40.6298],[-3.8983,40.63],[-3.8987,40.6302],[-3.8985,40.6303]]]},"geometry_name":"GEOMETRY1","properties":{"CD_TIPO_ZONA":"P","DS_TIPO_ZONA":"P: Áreas a ordenar por Planeamiento Urbanistico.","NM_AREA_M":null,"NM_AREA_HA":null}},{"type":"Feature","id":"IDEM_MA_PR_CA_MANZANARES.19","geometry":{"type":"Polygon","coordinates":[[[-3.6093,40.6504],[-3.6095,40.6504],[-3.6099,40.6505],[-3.6099,40.6506],[-3.6101,40.6507],[-3.6104,40.6508],[-3.6105,40.6507],[-3.6107,40.6505],[-3.6107,40.6505],[-3.6107,40.6505],[-3.611,40.6504],[-3.6112,40.6503],[-3.6115,40.6502],[-3.6117,40.6502],[-3.6119,40.6501],[-3.612,40.65],[-3.6122,40.6498],[-3.6122,40.6498],[-3.6123,40.6498],[-3.6124,40.6497],[-3.6126,40.6497],[-3.6127,40.6497],[-3.6128,40.6496],[-3.613,40.6496],[-3.613,40.6496],[-3.6131,40.6495],[-3.6131,40.6495],[-3.6132,40.6494],[-3.6133,40.6494],[-3.6134,40.6494],[-3.6136,40.6493],[-3.6136,40.6493],[-3.6137,40.6492],[-3.6138,40.6492],[-3.6139,40.6491],[-3.614,40.6491],[-3.614,40.6491],[-3.6142,40.649],[-3.6143,40.649],[-3.6144,40.6489],[-3.6145,40.6489],[-3.6145,40.6488],[-3.6146,40.6487],[-3.6147,40.6487],[-3.615,40.6485],[-3.6153,40.6484],[-3.6154,40.6483],[-3.6157,40.6482],[-3.6158,40.6481],[-3.616,40.6481],[-3.6161,40.648],[-3.6164,40.6479],[-3.6169,40.6478],[-3.6169,40.6478],[-3.6171,40.6476],[-3.6173,40.6475],[-3.6175,40.6474],[-3.6176,40.6473],[-3.6177,40.6472],[-3.6177,40.6472],[-3.6179,40.647],[-3.618,40.6469],[-3.6182,40.6468],[-3.6184,40.6467],[-3.6185,40.6466],[-3.6188,40.6466],[-3.619,40.6465],[-3.619,40.6464],[-3.6192,40.6463],[-3.6192,40.6463],[-3.6196,40.6461],[-3.6197,40.6461],[-3.6198,40.646],[-3.6198,40.646],[-3.6199,40.646],[-3.6201,40.646],[-3.6202,40.6459],[-3.6206,40.6458],[-3.6207,40.6457],[-3.6208,40.6457],[-3.6209,40.6456],[-3.6211,40.6454],[-3.6213,40.6453],[-3.6214,40.6453],[-3.6216,40.6453],[-3.622,40.6451],[-3.6221,40.6451],[-3.6225,40.6451],[-3.6228,40.645],[-3.6229,40.6449],[-3.623,40.6449],[-3.6231,40.6448],[-3.6232,40.6448],[-3.6234,40.6448],[-3.6235,40.6447],[-3.6235,40.6447],[-3.6236,40.6446],[-3.6237,40.6445],[-3.6237,40.6444],[-3.6238,40.6444],[-3.6238,40.6444],[-3.6242,40.6442],[-3.6242,40.6442],[-3.6243,40.6441],[-3.6244,40.644],[-3.6245,40.6439],[-3.6248,40.6437],[-3.625,40.6436],[-3.625,40.6435],[-3.6252,40.6432],[-3.6253,40.643],[-3.6253,40.6429],[-3.6254,40.6427],[-3.6255,40.6424],[-3.6257,40.6422],[-3.6257,40.6421],[-3.6259,40.6419],[-3.6261,40.6417],[-3.6263,40.6415],[-3.6264,40.6414],[-3.6266,40.6412],[-3.6267,40.6411],[-3.6269,40.641],[-3.6271,40.6408],[-3.6272,40.6407],[-3.6274,40.6406],[-3.6276,40.6404],[-3.6278,40.6403],[-3.6282,40.64],[-3.6283,40.64],[-3.6285,40.64],[-3.6286,40.64],[-3.6288,40.64],[-3.629,40.64],[-3.6292,40.64],[-3.6292,40.6399],[-3.6293,40.6399],[-3.6296,40.6399],[-3.6297,40.6399],[-3.6298,40.6399],[-3.6299,40.6399],[-3.63,40.6398],[-3.6301,40.6398],[-3.6302,40.6398],[-3.6303,40.6397],[-3.6303,40.6397],[-3.6305,40.6397],[-3.6306,40.6396],[-3.6307,40.6396],[-3.6308,40.6396],[-3.6309,40.6395],[-3.6311,40.6394],[-3.6314,40.6393],[-3.6316,40.6393],[-3.6317,40.6392],[-3.6318,40.6392],[-3.6319,40.6392],[-3.6321,40.6391],[-3.6322,40.6391],[-3.6323,40.6391],[-3.6324,40.6391],[-3.6326,40.6391],[-3.6328,40.6391],[-3.633,40.6391],[-3.6332,40.6391],[-3.6333,40.6391],[-3.6335,40.6391],[-3.6337,40.6391],[-3.6339,40.6392],[-3.6341,40.6392],[-3.6343,40.6392],[-3.6345,40.6392],[-3.6346,40.6391],[-3.6348,40.6391],[-3.6348,40.6391],[-3.635,40.6391],[-3.635,40.6391],[-3.6351,40.639],[-3.6352,40.639],[-3.6352,40.639],[-3.6352,40.6389],[-3.6353,40.6389],[-3.6354,40.6389],[-3.6355,40.6389],[-3.6355,40.6389],[-3.6356,40.6388],[-3.6357,40.6388],[-3.6358,40.6388],[-3.6359,40.6388],[-3.636,40.6388],[-3.6361,40.6388],[-3.6362,40.6388],[-3.6363,40.6388],[-3.6363,40.6388],[-3.6365,40.6388],[-3.6366,40.6388],[-3.6366,40.6388],[-3.6366,40.6388],[-3.6367,40.6388],[-3.6368,40.6389],[-3.6369,40.6389],[-3.6369,40.6389],[-3.6369,40.6389],[-3.637,40.6389],[-3.637,40.6389],[-3.6371,40.6389],[-3.6372,40.6389],[-3.6372,40.6389],[-3.6372,40.6389],[-3.6373,40.6389],[-3.6375,40.639],[-3.6376,40.639],[-3.6378,40.639],[-3.6379,40.6391],[-3.638,40.6391],[-3.638,40.6391],[-3.638,40.6391],[-3.6381,40.6391],[-3.6381,40.6391],[-3.6382,40.6391],[-3.6382,40.6391],[-3.6384,40.6391],[-3.6384,40.6391],[-3.6385,40.6391],[-3.6386,40.6391],[-3.6386,40.639],[-3.6386,40.639],[-3.6387,40.639],[-3.6387,40.639],[-3.6387,40.639],[-3.6388,40.639],[-3.6389,40.639],[-3.6389,40.639],[-3.6389,40.639],[-3.6389,40.6391],[-3.639,40.6391],[-3.6391,40.6391],[-3.6391,40.6391],[-3.6392,40.6391],[-3.6393,40.6392],[-3.6394,40.6393],[-3.6395,40.6393],[-3.6395,40.6393],[-3.6396,40.6393],[-3.6396,40.6394],[-3.6397,40.6394],[-3.6399,40.6396],[-3.64,40.6397],[-3.64,40.6397],[-3.6402,40.6398],[-3.6403,40.6399],[-3.6403,40.6399],[-3.6404,40.6399],[-3.6404,40.64],[-3.6404,40.64],[-3.6405,40.64],[-3.6407,40.6401],[-3.6408,40.6401],[-3.6408,40.6402],[-3.6409,40.6402],[-3.6409,40.6402],[-3.6409,40.6403],[-3.641,40.6403],[-3.6411,40.6403],[-3.6412,40.6403],[-3.6413,40.6403],[-3.6414,40.6403],[-3.6414,40.6404],[-3.6415,40.6404],[-3.6415,40.6404],[-3.6416,40.6404],[-3.6417,40.6404],[-3.6418,40.6404],[-3.6418,40.6404],[-3.6418,40.6404],[-3.642,40.6404],[-3.6421,40.6405],[-3.6421,40.6405],[-3.6421,40.6405],[-3.6421,40.6405],[-3.6422,40.6405],[-3.6423,40.6405],[-3.6426,40.6406],[-3.6427,40.6407],[-3.6428,40.6407],[-3.643,40.6408],[-3.6432,40.6408],[-3.6433,40.6409],[-3.6436,40.641],[-3.6437,40.641],[-3.6438,40.641],[-3.6438,40.641],[-3.6439,40.641],[-3.6439,40.6411],[-3.644,40.6411],[-3.644,40.6411],[-3.6441,40.6411],[-3.6442,40.6412],[-3.6442,40.6412],[-3.6443,40.6412],[-3.6444,40.6413],[-3.6444,40.6413],[-3.6444,40.6413],[-3.6444,40.6413],[-3.6445,40.6413],[-3.6445,40.6414],[-3.6445,40.6414],[-3.6446,40.6414],[-3.6447,40.6415],[-3.6447,40.6415],[-3.6447,40.6415],[-3.6448,40.6415],[-3.6448,40.6415],[-3.6449,40.6415],[-3.6449,40.6415],[-3.6449,40.6415],[-3.645,40.6416],[-3.645,40.6416],[-3.6451,40.6417],[-3.6452,40.6417],[-3.6452,40.6418],[-3.6452,40.6418],[-3.6453,40.6418],[-3.6453,40.6419],[-3.6453,40.6419],[-3.6454,40.6419],[-3.6455,40.642],[-3.6456,40.642],[-3.6457,40.642],[-3.6457,40.6421],[-3.6458,40.6421],[-3.6459,40.6421],[-3.6459,40.6421],[-3.6461,40.6421],[-3.6462,40.6422],[-3.6463,40.6422],[-3.6464,40.6423],[-3.6466,40.6424],[-3.6467,40.6424],[-3.6469,40.6425],[-3.647,40.6426],[-3.6471,40.6426],[-3.6472,40.6427],[-3.6474,40.6428],[-3.6474,40.6428],[-3.6475,40.6429],[-3.6476,40.6429],[-3.6478,40.6431],[-3.6479,40.6432],[-3.6479,40.6432],[-3.648,40.6433],[-3.648,40.6434],[-3.648,40.6433],[-3.6481,40.6434],[-3.6482,40.6434],[-3.6483,40.6435],[-3.6483,40.6435],[-3.6483,40.6435],[-3.6484,40.6435],[-3.6485,40.6436],[-3.6487,40.6437],[-3.6488,40.6438],[-3.6489,40.6438],[-3.6489,40.6438],[-3.6489,40.6438],[-3.649,40.6439],[-3.649,40.6439],[-3.6491,40.6439],[-3.6492,40.6439],[-3.6493,40.6439],[-3.6493,40.6439],[-3.6494,40.6439],[-3.6495,40.6439],[-3.6497,40.6438],[-3.6499,40.6438],[-3.65,40.6437],[-3.6501,40.6437],[-3.6503,40.6435],[-3.6503,40.6435],[-3.651,40.6432],[-3.651,40.6432],[-3.6511,40.6432],[-3.6512,40.6432],[-3.6514,40.6432],[-3.6522,40.6433],[-3.6526,40.6433],[-3.6527,40.6433],[-3.6529,40.6432],[-3.6533,40.6433],[-3.6536,40.6434],[-3.6538,40.6434],[-3.654,40.6435],[-3.6544,40.6435],[-3.6547,40.6435],[-3.6549,40.6435],[-3.6551,40.6435],[-3.6553,40.6435],[-3.6556,40.6434],[-3.6558,40.6433],[-3.6559,40.6432],[-3.6559,40.6432],[-3.656,40.6432],[-3.656,40.6431],[-3.6562,40.6429],[-3.658,40.6422],[-3.6583,40.6421],[-3.6585,40.642],[-3.6611,40.6399],[-3.6616,40.6395],[-3.6618,40.6393],[-3.6619,40.6392],[-3.6622,40.6382],[-3.6624,40.6379],[-3.6627,40.6375],[-3.6638,40.6363],[-3.665,40.6348],[-3.6653,40.6343],[-3.6656,40.634],[-3.6661,40.6331],[-3.6669,40.6318],[-3.6671,40.6314],[-3.6676,40.6306],[-3.6677,40.6304],[-3.6683,40.629],[-3.6684,40.6288],[-3.6684,40.6284],[-3.6684,40.6283],[-3.6685,40.6277],[-3.6685,40.6272],[-3.6685,40.6272],[-3.6685,40.627],[-3.6685,40.6269],[-3.6685,40.6261],[-3.6685,40.626],[-3.6685,40.6259],[-3.6684,40.6257],[-3.6684,40.6256],[-3.6683,40.6254],[-3.6682,40.6253],[-3.6682,40.6252],[-3.6678,40.6243],[-3.6671,40.623],[-3.6671,40.6229],[-3.667,40.6227],[-3.667,40.6225],[-3.6669,40.622],[-3.6668,40.6218],[-3.6668,40.6216],[-3.6666,40.62],[-3.6668,40.6196],[-3.6668,40.6196],[-3.6688,40.6186],[-3.6706,40.6178],[-3.6707,40.6177],[-3.6709,40.6176],[-3.671,40.6176],[-3.6711,40.6175],[-3.6713,40.6175],[-3.6714,40.6174],[-3.6716,40.6174],[-3.6717,40.6173],[-3.6732,40.6169],[-3.6734,40.6169],[-3.6737,40.6168],[-3.6737,40.6168],[-3.6744,40.6165],[-3.6747,40.6164],[-3.6751,40.616],[-3.6751,40.6159],[-3.6752,40.6159],[-3.6753,40.6157],[-3.6753,40.6157],[-3.6758,40.6151],[-3.6759,40.6151],[-3.6761,40.6148],[-3.6763,40.6147],[-3.6769,40.6139],[-3.6773,40.6134],[-3.6782,40.6124],[-3.6785,40.6121],[-3.679,40.6114],[-3.6792,40.6112],[-3.6797,40.6109],[-3.6801,40.6107],[-3.6809,40.6104],[-3.6811,40.6103],[-3.6811,40.6103],[-3.6822,40.6098],[-3.6831,40.6095],[-3.6839,40.6092],[-3.6847,40.6088],[-3.6851,40.6086],[-3.6856,40.6083],[-3.6857,40.6082],[-3.686,40.608],[-3.6866,40.6075],[-3.6869,40.6072],[-3.6871,40.6071],[-3.6873,40.6068],[-3.6875,40.6067],[-3.6876,40.6066],[-3.6877,40.6064],[-3.6879,40.6061],[-3.6881,40.6056],[-3.6883,40.6053],[-3.6891,40.604],[-3.6891,40.604],[-3.6891,40.6039],[-3.6876,40.6022],[-3.6876,40.6022],[-3.6875,40.6021],[-3.6873,40.6019],[-3.6871,40.6017],[-3.6869,40.6015],[-3.6867,40.6013],[-3.6865,40.6012],[-3.6864,40.6011],[-3.6863,40.6009],[-3.6861,40.6006],[-3.6859,40.6003],[-3.6857,40.5998],[-3.6854,40.5993],[-3.6852,40.5989],[-3.6848,40.5983],[-3.6844,40.5976],[-3.6841,40.5969],[-3.684,40.5966],[-3.6838,40.5963],[-3.6836,40.596],[-3.6835,40.5959],[-3.6835,40.5957],[-3.6834,40.5956],[-3.6834,40.5955],[-3.6832,40.5953],[-3.6831,40.5951],[-3.6829,40.5949],[-3.6827,40.5946],[-3.6824,40.5945],[-3.6822,40.5943],[-3.6818,40.594],[-3.6815,40.5937],[-3.6812,40.5937],[-3.681,40.5937],[-3.6809,40.5936],[-3.6807,40.5935],[-3.6806,40.5934],[-3.6805,40.5933],[-3.6804,40.5932],[-3.6803,40.593],[-3.6802,40.5928],[-3.6801,40.5926],[-3.6801,40.5925],[-3.68,40.5923],[-3.6799,40.5921],[-3.6798,40.5918],[-3.6798,40.5916],[-3.6798,40.5914],[-3.6797,40.5912],[-3.6797,40.5909],[-3.6796,40.5907],[-3.6795,40.5902],[-3.6793,40.5897],[-3.6792,40.5893],[-3.679,40.5888],[-3.679,40.5885],[-3.6789,40.5881],[-3.6787,40.5874],[-3.6784,40.5867],[-3.6773,40.5873],[-3.6762,40.5878],[-3.6751,40.5884],[-3.6742,40.5888],[-3.6733,40.5893],[-3.6724,40.5897],[-3.6709,40.5904],[-3.6693,40.5912],[-3.6685,40.5916],[-3.6676,40.592],[-3.6672,40.5921],[-3.6671,40.5921],[-3.667,40.5922],[-3.6669,40.5922],[-3.6668,40.5923],[-3.6667,40.5924],[-3.6667,40.5924],[-3.6666,40.5925],[-3.6666,40.5926],[-3.6667,40.5928],[-3.6668,40.5931],[-3.6669,40.5933],[-3.6669,40.5934],[-3.667,40.5935],[-3.667,40.5936],[-3.667,40.5937],[-3.667,40.5939],[-3.667,40.594],[-3.6669,40.5941],[-3.6668,40.5943],[-3.6667,40.5944],[-3.6667,40.5946],[-3.6666,40.5948],[-3.6664,40.5951],[-3.6662,40.5953],[-3.6662,40.5958],[-3.6662,40.5963],[-3.6662,40.5965],[-3.6661,40.5966],[-3.6661,40.5967],[-3.666,40.5968],[-3.6659,40.5969],[-3.6659,40.597],[-3.6659,40.5971],[-3.6659,40.5972],[-3.6658,40.5974],[-3.6657,40.5975],[-3.6656,40.5977],[-3.6655,40.5978],[-3.6654,40.598],[-3.6654,40.5981],[-3.6654,40.5983],[-3.6653,40.5986],[-3.6653,40.5988],[-3.6653,40.5991],[-3.6653,40.5994],[-3.6653,40.5995],[-3.6652,40.5996],[-3.665,40.6001],[-3.6647,40.6005],[-3.6645,40.6009],[-3.6644,40.6013],[-3.6641,40.6017],[-3.6639,40.602],[-3.6637,40.6023],[-3.6635,40.6026],[-3.6633,40.6028],[-3.6632,40.603],[-3.6631,40.6032],[-3.6631,40.6033],[-3.663,40.6035],[-3.6629,40.6037],[-3.6627,40.6039],[-3.6623,40.6041],[-3.662,40.6043],[-3.6617,40.6045],[-3.6615,40.6047],[-3.6615,40.6047],[-3.6615,40.6048],[-3.6615,40.6048],[-3.6615,40.6049],[-3.6615,40.6049],[-3.6616,40.6049],[-3.6617,40.6049],[-3.6618,40.6049],[-3.6619,40.6049],[-3.662,40.6049],[-3.6621,40.605],[-3.6622,40.6051],[-3.6623,40.6051],[-3.6624,40.6052],[-3.6625,40.6054],[-3.6626,40.6054],[-3.6627,40.6055],[-3.6629,40.6056],[-3.663,40.6057],[-3.6631,40.6057],[-3.6632,40.6058],[-3.6633,40.6059],[-3.6633,40.6061],[-3.6633,40.6062],[-3.6633,40.6063],[-3.6632,40.6064],[-3.6631,40.6065],[-3.663,40.6065],[-3.6629,40.6066],[-3.6628,40.6066],[-3.6627,40.6067],[-3.6626,40.6068],[-3.6625,40.6068],[-3.6625,40.6069],[-3.6624,40.6069],[-3.6623,40.607],[-3.6621,40.6071],[-3.6619,40.6072],[-3.6617,40.6073],[-3.6615,40.6074],[-3.6613,40.6074],[-3.6611,40.6075],[-3.6609,40.6075],[-3.6607,40.6076],[-3.66,40.6076],[-3.6592,40.6076],[-3.6584,40.6075],[-3.6581,40.6075],[-3.6577,40.6076],[-3.6574,40.6076],[-3.6564,40.6077],[-3.6554,40.6078],[-3.6542,40.6078],[-3.653,40.6078],[-3.6528,40.6078],[-3.6526,40.6077],[-3.6525,40.6077],[-3.6523,40.6077],[-3.652,40.6078],[-3.651,40.6077],[-3.65,40.6076],[-3.6498,40.6076],[-3.6497,40.6076],[-3.6491,40.6075],[-3.6485,40.6075],[-3.6479,40.6074],[-3.6477,40.6081],[-3.6476,40.6089],[-3.6475,40.609],[-3.6474,40.609],[-3.6473,40.609],[-3.6471,40.609],[-3.647,40.609],[-3.6467,40.609],[-3.6465,40.609],[-3.6463,40.609],[-3.6459,40.6089],[-3.6455,40.6088],[-3.6452,40.6086],[-3.6449,40.6085],[-3.6447,40.6085],[-3.6445,40.6085],[-3.6443,40.6084],[-3.6441,40.6083],[-3.6438,40.6082],[-3.6436,40.6081],[-3.6434,40.6081],[-3.6432,40.6079],[-3.643,40.6078],[-3.6428,40.6076],[-3.6427,40.6074],[-3.6425,40.6072],[-3.6424,40.6071],[-3.6423,40.6069],[-3.6423,40.6068],[-3.6421,40.6064],[-3.6418,40.6061],[-3.6417,40.606],[-3.6417,40.6058],[-3.6416,40.6057],[-3.6413,40.6052],[-3.6409,40.6046],[-3.6407,40.6044],[-3.6405,40.6041],[-3.6403,40.6039],[-3.6401,40.6036],[-3.6401,40.6035],[-3.6401,40.6033],[-3.6402,40.6032],[-3.6402,40.603],[-3.6403,40.6029],[-3.6403,40.6028],[-3.6403,40.6027],[-3.6403,40.6027],[-3.6402,40.6026],[-3.6401,40.6026],[-3.6401,40.6024],[-3.64,40.6023],[-3.6398,40.6022],[-3.6397,40.6021],[-3.6396,40.602],[-3.6394,40.6019],[-3.6392,40.6017],[-3.6391,40.6015],[-3.6389,40.6012],[-3.6387,40.601],[-3.6385,40.6008],[-3.6382,40.6006],[-3.6379,40.6005],[-3.6376,40.6001],[-3.6372,40.5997],[-3.6371,40.5996],[-3.637,40.5995],[-3.6369,40.5994],[-3.6368,40.5992],[-3.6367,40.5991],[-3.6367,40.599],[-3.6366,40.5989],[-3.6364,40.5986],[-3.6361,40.5983],[-3.6359,40.5981],[-3.6357,40.5979],[-3.6355,40.5978],[-3.6354,40.5977],[-3.6353,40.5975],[-3.6352,40.5974],[-3.635,40.5972],[-3.6348,40.5971],[-3.6345,40.5969],[-3.6343,40.5968],[-3.634,40.5968],[-3.6339,40.5967],[-3.6337,40.5965],[-3.6336,40.5964],[-3.6336,40.5963],[-3.6335,40.5961],[-3.6335,40.596],[-3.6335,40.5959],[-3.6336,40.5958],[-3.6336,40.5957],[-3.6337,40.5956],[-3.6338,40.5956],[-3.6339,40.5955],[-3.634,40.5954],[-3.6341,40.5952],[-3.6341,40.5951],[-3.6342,40.595],[-3.6342,40.5948],[-3.6341,40.5947],[-3.6341,40.5946],[-3.634,40.5945],[-3.6339,40.5945],[-3.6339,40.5944],[-3.6338,40.5944],[-3.6337,40.5943],[-3.6336,40.5943],[-3.6336,40.5942],[-3.6335,40.5941],[-3.6335,40.5941],[-3.6334,40.594],[-3.6333,40.594],[-3.6332,40.594],[-3.6327,40.594],[-3.6321,40.5939],[-3.6319,40.5939],[-3.6316,40.5938],[-3.6314,40.5938],[-3.6311,40.5938],[-3.6309,40.5938],[-3.6307,40.5939],[-3.6305,40.5939],[-3.6302,40.5939],[-3.63,40.5939],[-3.6297,40.5939],[-3.6295,40.5939],[-3.6293,40.5938],[-3.6291,40.5937],[-3.6289,40.5936],[-3.6287,40.5935],[-3.6285,40.5934],[-3.6283,40.5933],[-3.6282,40.5932],[-3.628,40.5931],[-3.6278,40.5931],[-3.6276,40.593],[-3.6275,40.593],[-3.6262,40.5925],[-3.625,40.5919],[-3.6237,40.5913],[-3.6232,40.591],[-3.6226,40.5908],[-3.6221,40.5906],[-3.6216,40.5904],[-3.6215,40.5903],[-3.6214,40.5902],[-3.6213,40.5901],[-3.6212,40.59],[-3.6212,40.5899],[-3.6209,40.5891],[-3.6207,40.5883],[-3.6206,40.5882],[-3.6205,40.588],[-3.6204,40.5879],[-3.6203,40.5877],[-3.6201,40.5876],[-3.62,40.5875],[-3.6194,40.5873],[-3.6188,40.5871],[-3.6182,40.5869],[-3.6176,40.5867],[-3.6173,40.5867],[-3.6171,40.5866],[-3.6168,40.5865],[-3.6166,40.5865],[-3.6163,40.5865],[-3.616,40.5865],[-3.6156,40.5864],[-3.6153,40.5864],[-3.615,40.5862],[-3.6147,40.586],[-3.6145,40.5858],[-3.6142,40.5856],[-3.6137,40.5853],[-3.6132,40.5849],[-3.6127,40.5845],[-3.6122,40.584],[-3.6119,40.5839],[-3.6116,40.5838],[-3.6113,40.5837],[-3.6111,40.5836],[-3.6108,40.5835],[-3.6105,40.5833],[-3.6101,40.5831],[-3.6101,40.5831],[-3.61,40.5831],[-3.61,40.5831],[-3.61,40.583],[-3.61,40.583],[-3.61,40.583],[-3.61,40.583],[-3.61,40.583],[-3.61,40.5831],[-3.6097,40.5832],[-3.6096,40.5833],[-3.6095,40.5834],[-3.6094,40.5834],[-3.6093,40.5835],[-3.6091,40.5835],[-3.609,40.5836],[-3.6089,40.5836],[-3.6084,40.5839],[-3.608,40.5841],[-3.6076,40.5844],[-3.6072,40.5846],[-3.6067,40.5849],[-3.6063,40.5852],[-3.6058,40.5863],[-3.6052,40.5874],[-3.6051,40.5876],[-3.605,40.5877],[-3.6049,40.5878],[-3.6048,40.5879],[-3.6047,40.588],[-3.6046,40.5881],[-3.6045,40.5882],[-3.6044,40.5883],[-3.6043,40.5884],[-3.6041,40.5884],[-3.604,40.5885],[-3.6038,40.5886],[-3.6037,40.5886],[-3.6035,40.5887],[-3.6033,40.5887],[-3.603,40.589],[-3.6023,40.5902],[-3.6022,40.5903],[-3.6021,40.5905],[-3.6021,40.5907],[-3.602,40.5908],[-3.6019,40.591],[-3.6019,40.5912],[-3.6019,40.5914],[-3.6018,40.5916],[-3.6018,40.5921],[-3.6018,40.5922],[-3.6018,40.5922],[-3.6019,40.5923],[-3.6019,40.5923],[-3.602,40.5924],[-3.602,40.5924],[-3.6021,40.5925],[-3.6021,40.5925],[-3.6022,40.5925],[-3.6023,40.5926],[-3.6023,40.5926],[-3.6033,40.593],[-3.6042,40.5937],[-3.6048,40.5943],[-3.6049,40.5951],[-3.6047,40.5958],[-3.6053,40.5964],[-3.6069,40.5968],[-3.6072,40.597],[-3.6075,40.5972],[-3.6078,40.5974],[-3.6078,40.5974],[-3.608,40.5976],[-3.6084,40.598],[-3.6085,40.5981],[-3.6085,40.5981],[-3.6088,40.5984],[-3.6106,40.5988],[-3.6117,40.5995],[-3.6131,40.5999],[-3.6137,40.6002],[-3.6144,40.6006],[-3.6153,40.6007],[-3.6164,40.6015],[-3.6166,40.6021],[-3.6161,40.603],[-3.6164,40.6035],[-3.6166,40.604],[-3.6167,40.6044],[-3.6169,40.6047],[-3.617,40.6051],[-3.617,40.6054],[-3.6171,40.6058],[-3.6171,40.606],[-3.617,40.6063],[-3.617,40.6065],[-3.6169,40.6067],[-3.6168,40.607],[-3.6175,40.608],[-3.6183,40.609],[-3.6181,40.6094],[-3.618,40.6098],[-3.6179,40.6102],[-3.6179,40.6105],[-3.6179,40.6107],[-3.6179,40.6108],[-3.6179,40.6108],[-3.618,40.6109],[-3.618,40.611],[-3.618,40.611],[-3.618,40.6111],[-3.618,40.6112],[-3.618,40.6113],[-3.6185,40.6115],[-3.619,40.6117],[-3.6198,40.612],[-3.62,40.6122],[-3.6205,40.6126],[-3.6211,40.6139],[-3.6218,40.6151],[-3.6219,40.6152],[-3.6219,40.6153],[-3.622,40.6154],[-3.6221,40.6155],[-3.6222,40.6156],[-3.6223,40.6157],[-3.6224,40.6158],[-3.6225,40.6159],[-3.6226,40.616],[-3.623,40.6162],[-3.6235,40.6164],[-3.6235,40.6164],[-3.6236,40.6164],[-3.6236,40.6164],[-3.6237,40.6165],[-3.6238,40.6165],[-3.6239,40.6165],[-3.6244,40.6166],[-3.6249,40.6166],[-3.6253,40.6167],[-3.6258,40.6167],[-3.6253,40.6185],[-3.6242,40.6191],[-3.6238,40.6196],[-3.6229,40.6203],[-3.6223,40.6212],[-3.6216,40.6221],[-3.621,40.6226],[-3.6199,40.6235],[-3.6189,40.6241],[-3.6171,40.6255],[-3.6165,40.6257],[-3.6156,40.6261],[-3.6146,40.627],[-3.6137,40.6276],[-3.6136,40.6278],[-3.6126,40.6286],[-3.612,40.6291],[-3.6118,40.6292],[-3.6106,40.6298],[-3.61,40.6301],[-3.609,40.6305],[-3.6082,40.6309],[-3.6061,40.6311],[-3.6059,40.6312],[-3.6056,40.6314],[-3.6052,40.6318],[-3.6048,40.6318],[-3.6047,40.632],[-3.6042,40.6321],[-3.6039,40.6322],[-3.6037,40.6322],[-3.6036,40.6322],[-3.6029,40.6321],[-3.6021,40.6324],[-3.6019,40.6325],[-3.6014,40.6327],[-3.6012,40.6327],[-3.6007,40.6327],[-3.6001,40.6327],[-3.5996,40.6327],[-3.5995,40.6327],[-3.599,40.6327],[-3.5987,40.6326],[-3.5986,40.6327],[-3.5984,40.6329],[-3.5981,40.633],[-3.5971,40.6332],[-3.5967,40.6333],[-3.5963,40.6334],[-3.5961,40.6335],[-3.5959,40.6339],[-3.5959,40.6339],[-3.5958,40.6339],[-3.5955,40.6339],[-3.5952,40.634],[-3.5946,40.6342],[-3.5943,40.6343],[-3.5938,40.6344],[-3.5933,40.6344],[-3.5932,40.6345],[-3.5931,40.6345],[-3.5931,40.6345],[-3.593,40.6346],[-3.5927,40.635],[-3.5926,40.6351],[-3.5926,40.6351],[-3.5925,40.6351],[-3.5924,40.6351],[-3.592,40.6352],[-3.5916,40.6353],[-3.5912,40.6354],[-3.5915,40.6361],[-3.5918,40.6368],[-3.5922,40.6378],[-3.5926,40.6388],[-3.593,40.6396],[-3.5933,40.6404],[-3.5936,40.6412],[-3.5939,40.6419],[-3.5942,40.6427],[-3.5945,40.6434],[-3.5948,40.644],[-3.595,40.6445],[-3.5952,40.645],[-3.5955,40.6456],[-3.5956,40.646],[-3.5958,40.6464],[-3.596,40.6469],[-3.5962,40.6473],[-3.5963,40.6476],[-3.5964,40.6476],[-3.5964,40.6477],[-3.5965,40.6477],[-3.5967,40.6478],[-3.5967,40.6478],[-3.5969,40.6478],[-3.5971,40.6479],[-3.5976,40.6481],[-3.5977,40.6481],[-3.5986,40.6483],[-3.5989,40.6484],[-3.5989,40.6484],[-3.599,40.6485],[-3.5991,40.6485],[-3.5992,40.6485],[-3.5992,40.6485],[-3.5993,40.6486],[-3.5995,40.6486],[-3.5998,40.6487],[-3.6001,40.6488],[-3.6005,40.6489],[-3.6006,40.6489],[-3.6009,40.6491],[-3.6018,40.6493],[-3.6025,40.6495],[-3.6029,40.6497],[-3.6031,40.6497],[-3.6034,40.6497],[-3.6038,40.6498],[-3.6043,40.6498],[-3.6045,40.6499],[-3.6048,40.6499],[-3.6049,40.6499],[-3.605,40.6499],[-3.6059,40.6503],[-3.6067,40.6505],[-3.6076,40.6504],[-3.6078,40.6504],[-3.6083,40.6504],[-3.6088,40.6504],[-3.609,40.6504],[-3.6093,40.6504]]]},"geometry_name":"GEOMETRY1","properties":{"CD_TIPO_ZONA":"B1","DS_TIPO_ZONA":"B1: Parque Comarcal Agropecuario Protector.","NM_AREA_M":null,"NM_AREA_HA":null}},{"type":"Feature","id":"IDEM_MA_PR_CA_MANZANARES.20","geometry":{"type":"Polygon","coordinates":[[[-3.7952,40.614],[-3.7951,40.6142],[-3.7951,40.6144],[-3.795,40.6145],[-3.795,40.6147],[-3.795,40.6149],[-3.7951,40.6151],[-3.7951,40.6152],[-3.7952,40.6154],[-3.7954,40.6156],[-3.7955,40.6158],[-3.7957,40.616],[-3.7957,40.6161],[-3.7956,40.6162],[-3.7956,40.6163],[-3.7955,40.6164],[-3.7954,40.6165],[-3.7953,40.6165],[-3.7951,40.6166],[-3.795,40.6166],[-3.795,40.6166],[-3.7949,40.6166],[-3.7949,40.6166],[-3.7949,40.6167],[-3.7948,40.6168],[-3.7948,40.6169],[-3.7947,40.617],[-3.7945,40.617],[-3.7944,40.6171],[-3.7943,40.6171],[-3.7941,40.6172],[-3.794,40.6174],[-3.7939,40.6175],[-3.7939,40.6177],[-3.7938,40.6179],[-3.7941,40.618],[-3.7945,40.618],[-3.7948,40.6181],[-3.7951,40.6181],[-3.7953,40.6181],[-3.7956,40.618],[-3.7958,40.618],[-3.796,40.6179],[-3.7963,40.6178],[-3.7966,40.6177],[-3.7969,40.6176],[-3.7972,40.6175],[-3.7975,40.6174],[-3.7978,40.6173],[-3.7981,40.6172],[-3.7988,40.6173],[-3.7995,40.6174],[-3.8002,40.6175],[-3.8004,40.6175],[-3.8005,40.6176],[-3.8006,40.6177],[-3.8007,40.6178],[-3.8007,40.618],[-3.8008,40.6181],[-3.8008,40.6182],[-3.8009,40.6185],[-3.801,40.6187],[-3.8011,40.6189],[-3.8012,40.6192],[-3.8013,40.6194],[-3.8015,40.6196],[-3.8017,40.6197],[-3.8018,40.6197],[-3.802,40.6197],[-3.8022,40.6196],[-3.8024,40.6196],[-3.8026,40.6196],[-3.8029,40.6197],[-3.803,40.6196],[-3.8031,40.6196],[-3.8032,40.6196],[-3.8033,40.6196],[-3.8033,40.6196],[-3.8034,40.6197],[-3.8034,40.6197],[-3.8034,40.6198],[-3.8034,40.62],[-3.8034,40.6202],[-3.8032,40.6206],[-3.8031,40.6209],[-3.8029,40.6214],[-3.8028,40.6218],[-3.8026,40.6221],[-3.8025,40.6224],[-3.8024,40.6226],[-3.8024,40.6228],[-3.8023,40.6229],[-3.8023,40.623],[-3.8022,40.6231],[-3.8021,40.6232],[-3.8019,40.6233],[-3.8017,40.6234],[-3.8016,40.6234],[-3.8015,40.6235],[-3.8015,40.6235],[-3.8015,40.6236],[-3.8015,40.6237],[-3.8012,40.624],[-3.8009,40.6243],[-3.8006,40.6246],[-3.8003,40.6248],[-3.8003,40.6249],[-3.8003,40.625],[-3.8004,40.6251],[-3.8004,40.6252],[-3.8003,40.6253],[-3.8003,40.6254],[-3.8002,40.6255],[-3.8002,40.6256],[-3.8002,40.6258],[-3.8002,40.6259],[-3.8002,40.626],[-3.8002,40.6262],[-3.8003,40.6263],[-3.8004,40.6265],[-3.8005,40.6266],[-3.8006,40.6268],[-3.8006,40.627],[-3.8006,40.6274],[-3.8005,40.6277],[-3.8005,40.6279],[-3.8005,40.628],[-3.8004,40.628],[-3.8004,40.6281],[-3.8003,40.6281],[-3.8002,40.6281],[-3.8001,40.6281],[-3.8,40.6281],[-3.7999,40.6282],[-3.7999,40.6282],[-3.7997,40.6283],[-3.7996,40.6283],[-3.7995,40.6284],[-3.7994,40.6285],[-3.7992,40.6286],[-3.7989,40.6287],[-3.7987,40.6288],[-3.7985,40.6289],[-3.7982,40.6289],[-3.798,40.6289],[-3.7978,40.629],[-3.7976,40.6289],[-3.7974,40.6289],[-3.7972,40.6288],[-3.797,40.6288],[-3.7967,40.6288],[-3.7965,40.6288],[-3.7963,40.6287],[-3.7962,40.6286],[-3.796,40.6286],[-3.7959,40.6287],[-3.7958,40.6287],[-3.7958,40.6287],[-3.7957,40.6288],[-3.7956,40.6289],[-3.7957,40.629],[-3.7957,40.6291],[-3.7957,40.6292],[-3.7957,40.6292],[-3.7956,40.6293],[-3.7955,40.6295],[-3.7953,40.6296],[-3.7951,40.6298],[-3.7949,40.6299],[-3.7947,40.63],[-3.7946,40.63],[-3.7944,40.6301],[-3.7943,40.6301],[-3.7942,40.6302],[-3.794,40.6303],[-3.794,40.6304],[-3.7939,40.6306],[-3.7938,40.6308],[-3.7938,40.631],[-3.7938,40.6312],[-3.7939,40.6314],[-3.7939,40.6316],[-3.7938,40.6317],[-3.7938,40.6318],[-3.7937,40.6319],[-3.7936,40.632],[-3.7935,40.6321],[-3.7934,40.6322],[-3.793,40.6326],[-3.7928,40.6325],[-3.7927,40.6325],[-3.7925,40.6325],[-3.7923,40.6325],[-3.7922,40.6325],[-3.7921,40.6328],[-3.792,40.633],[-3.792,40.6333],[-3.792,40.6338],[-3.7921,40.6344],[-3.7921,40.6346],[-3.7921,40.6347],[-3.7921,40.6349],[-3.7921,40.6351],[-3.7921,40.6354],[-3.7921,40.6358],[-3.7922,40.6362],[-3.7922,40.6364],[-3.7922,40.6366],[-3.7923,40.6368],[-3.7924,40.6369],[-3.7925,40.6369],[-3.7926,40.637],[-3.7927,40.637],[-3.7928,40.637],[-3.793,40.637],[-3.7931,40.6371],[-3.7932,40.6371],[-3.7935,40.6372],[-3.7938,40.6373],[-3.7938,40.6373],[-3.7939,40.6373],[-3.794,40.6372],[-3.7941,40.6372],[-3.7941,40.6371],[-3.7942,40.637],[-3.7942,40.637],[-3.7943,40.6369],[-3.7944,40.6369],[-3.7945,40.6368],[-3.7947,40.6369],[-3.7948,40.6369],[-3.795,40.637],[-3.7951,40.637],[-3.7951,40.6371],[-3.7951,40.6371],[-3.7952,40.6372],[-3.7953,40.6372],[-3.7954,40.6372],[-3.7955,40.6372],[-3.7956,40.6372],[-3.7958,40.6372],[-3.7959,40.6373],[-3.796,40.6373],[-3.7961,40.6373],[-3.7962,40.6373],[-3.7962,40.6373],[-3.7963,40.6373],[-3.7963,40.6374],[-3.7964,40.6374],[-3.7964,40.6375],[-3.7965,40.6375],[-3.7967,40.6375],[-3.7968,40.6375],[-3.7972,40.6374],[-3.7976,40.6374],[-3.798,40.6374],[-3.7984,40.6375],[-3.7989,40.6375],[-3.7991,40.6379],[-3.7992,40.6384],[-3.7994,40.6388],[-3.7994,40.6388],[-3.7994,40.6389],[-3.7994,40.639],[-3.7995,40.639],[-3.7996,40.6391],[-3.7998,40.6392],[-3.7999,40.6393],[-3.8001,40.6393],[-3.8002,40.6393],[-3.8003,40.6393],[-3.8005,40.6392],[-3.8007,40.6392],[-3.8009,40.6392],[-3.8011,40.6393],[-3.8012,40.6393],[-3.8014,40.6393],[-3.8018,40.6395],[-3.8021,40.6397],[-3.8025,40.6399],[-3.8029,40.64],[-3.8033,40.6402],[-3.8036,40.6404],[-3.8039,40.6407],[-3.8041,40.641],[-3.8043,40.6411],[-3.8045,40.6413],[-3.8046,40.6414],[-3.8048,40.6415],[-3.805,40.6417],[-3.8051,40.6418],[-3.8052,40.6419],[-3.8053,40.642],[-3.8054,40.6422],[-3.8054,40.6423],[-3.8055,40.6424],[-3.8056,40.6426],[-3.8057,40.6427],[-3.8057,40.6428],[-3.8057,40.6429],[-3.8057,40.643],[-3.8057,40.6432],[-3.8056,40.6432],[-3.8056,40.6433],[-3.8055,40.6433],[-3.8054,40.6434],[-3.8053,40.6435],[-3.8052,40.6436],[-3.8051,40.6437],[-3.8052,40.6442],[-3.8054,40.6446],[-3.8055,40.645],[-3.8056,40.6451],[-3.8056,40.6452],[-3.8056,40.6453],[-3.8056,40.6454],[-3.8055,40.6455],[-3.8055,40.6457],[-3.8055,40.6459],[-3.8055,40.6461],[-3.8055,40.6463],[-3.8057,40.6463],[-3.8058,40.6465],[-3.806,40.6466],[-3.8061,40.6467],[-3.8061,40.6469],[-3.8062,40.647],[-3.8062,40.6472],[-3.8061,40.6474],[-3.8059,40.6476],[-3.8058,40.6478],[-3.8059,40.6479],[-3.8059,40.648],[-3.806,40.6481],[-3.806,40.6482],[-3.8061,40.6483],[-3.8061,40.6485],[-3.806,40.6486],[-3.8061,40.6487],[-3.8061,40.6488],[-3.8061,40.6488],[-3.8062,40.6489],[-3.8061,40.649],[-3.8061,40.6491],[-3.806,40.6492],[-3.806,40.6497],[-3.8059,40.6503],[-3.8057,40.6509],[-3.8056,40.6512],[-3.8055,40.6515],[-3.8054,40.6518],[-3.8053,40.6521],[-3.8053,40.6523],[-3.8052,40.6525],[-3.8049,40.6526],[-3.8046,40.6527],[-3.8043,40.6528],[-3.804,40.6529],[-3.8038,40.653],[-3.8037,40.6531],[-3.8035,40.6532],[-3.8033,40.6533],[-3.8033,40.6533],[-3.8032,40.6533],[-3.8032,40.6534],[-3.8032,40.6534],[-3.8032,40.6535],[-3.8033,40.6535],[-3.8033,40.6536],[-3.8033,40.6536],[-3.8034,40.6537],[-3.8034,40.6538],[-3.8035,40.6539],[-3.8036,40.654],[-3.8037,40.654],[-3.8038,40.6541],[-3.804,40.6542],[-3.8046,40.6542],[-3.8053,40.6542],[-3.8053,40.6543],[-3.8054,40.6544],[-3.8054,40.6545],[-3.8055,40.6546],[-3.8056,40.6547],[-3.8059,40.6548],[-3.8062,40.6549],[-3.8065,40.6549],[-3.8065,40.6548],[-3.8066,40.6548],[-3.8066,40.6547],[-3.8066,40.6546],[-3.8069,40.6542],[-3.8073,40.6538],[-3.8078,40.6533],[-3.8083,40.6527],[-3.8084,40.6526],[-3.8086,40.6524],[-3.8087,40.6523],[-3.8087,40.6521],[-3.8088,40.652],[-3.8088,40.6517],[-3.8087,40.6514],[-3.8087,40.6512],[-3.8087,40.651],[-3.8087,40.6509],[-3.8087,40.6507],[-3.8088,40.6506],[-3.8089,40.6504],[-3.809,40.6502],[-3.8091,40.65],[-3.8093,40.6498],[-3.8096,40.6496],[-3.8099,40.6494],[-3.8102,40.6492],[-3.8102,40.649],[-3.8103,40.6489],[-3.8103,40.6488],[-3.8104,40.6487],[-3.8104,40.6486],[-3.8104,40.6485],[-3.8103,40.6483],[-3.8102,40.6481],[-3.8102,40.6478],[-3.8101,40.6475],[-3.81,40.6475],[-3.8099,40.6474],[-3.8098,40.6473],[-3.8098,40.6472],[-3.8098,40.647],[-3.8098,40.6469],[-3.8097,40.6467],[-3.8098,40.6465],[-3.8098,40.6464],[-3.8097,40.6462],[-3.8096,40.6461],[-3.8095,40.646],[-3.8096,40.6455],[-3.8096,40.6453],[-3.8096,40.6451],[-3.8095,40.6447],[-3.8095,40.6444],[-3.8094,40.6441],[-3.8093,40.6438],[-3.8093,40.6436],[-3.8094,40.6433],[-3.8094,40.6431],[-3.8095,40.6428],[-3.8095,40.6428],[-3.8095,40.6427],[-3.8095,40.6427],[-3.8094,40.6426],[-3.8094,40.6426],[-3.8093,40.6425],[-3.8092,40.6424],[-3.8091,40.6424],[-3.809,40.6422],[-3.809,40.6421],[-3.8089,40.642],[-3.8088,40.6419],[-3.8087,40.6418],[-3.8087,40.6417],[-3.8087,40.6415],[-3.8086,40.6415],[-3.8086,40.6414],[-3.8086,40.6414],[-3.8086,40.6413],[-3.8087,40.6412],[-3.8088,40.6412],[-3.8089,40.6411],[-3.8089,40.641],[-3.8089,40.6409],[-3.8089,40.6409],[-3.8089,40.6408],[-3.8088,40.6408],[-3.8087,40.6408],[-3.8085,40.6407],[-3.8085,40.6407],[-3.8084,40.6406],[-3.8083,40.6405],[-3.8083,40.6404],[-3.8082,40.6403],[-3.8082,40.6402],[-3.8082,40.64],[-3.8083,40.64],[-3.8084,40.6399],[-3.8085,40.6399],[-3.8086,40.6399],[-3.8086,40.6398],[-3.8087,40.6398],[-3.8087,40.6397],[-3.8087,40.6396],[-3.8086,40.6394],[-3.8086,40.6393],[-3.8087,40.6392],[-3.8087,40.639],[-3.8088,40.6388],[-3.8088,40.6387],[-3.8088,40.6386],[-3.8088,40.6385],[-3.8088,40.6384],[-3.8087,40.6384],[-3.8086,40.6384],[-3.8086,40.6384],[-3.8084,40.6385],[-3.8082,40.6387],[-3.8081,40.6387],[-3.808,40.6387],[-3.8079,40.6387],[-3.8078,40.6387],[-3.8073,40.6387],[-3.8068,40.6387],[-3.8065,40.6387],[-3.8061,40.6387],[-3.8059,40.6386],[-3.8056,40.6384],[-3.8054,40.6383],[-3.8052,40.6382],[-3.8049,40.6381],[-3.8046,40.6379],[-3.8044,40.6377],[-3.8042,40.6376],[-3.8041,40.6375],[-3.804,40.6374],[-3.8038,40.6372],[-3.8037,40.6369],[-3.8036,40.6366],[-3.8035,40.6363],[-3.8034,40.636],[-3.8033,40.6356],[-3.8033,40.6353],[-3.8032,40.6352],[-3.8031,40.6351],[-3.8029,40.635],[-3.8028,40.6349],[-3.8026,40.6348],[-3.8025,40.6347],[-3.8025,40.6346],[-3.8025,40.6345],[-3.8025,40.6344],[-3.8026,40.6342],[-3.8028,40.6341],[-3.8029,40.634],[-3.803,40.634],[-3.8031,40.634],[-3.8032,40.634],[-3.8035,40.634],[-3.8037,40.6339],[-3.804,40.6339],[-3.8042,40.6338],[-3.8044,40.6337],[-3.8045,40.6337],[-3.8047,40.6336],[-3.8048,40.6336],[-3.8049,40.6335],[-3.8049,40.6335],[-3.8049,40.6334],[-3.8049,40.6333],[-3.8049,40.6332],[-3.8049,40.6331],[-3.8049,40.6328],[-3.8049,40.6326],[-3.805,40.6326],[-3.8051,40.6325],[-3.8052,40.6325],[-3.8053,40.6324],[-3.8056,40.6325],[-3.8059,40.6325],[-3.8063,40.6325],[-3.8066,40.6326],[-3.807,40.6327],[-3.8073,40.6328],[-3.8076,40.6329],[-3.8077,40.6329],[-3.8078,40.6329],[-3.8079,40.6329],[-3.8079,40.6329],[-3.8081,40.6329],[-3.8083,40.6329],[-3.8084,40.6329],[-3.8086,40.633],[-3.8088,40.633],[-3.8089,40.633],[-3.8089,40.633],[-3.809,40.633],[-3.809,40.633],[-3.809,40.6329],[-3.8089,40.6328],[-3.8086,40.6326],[-3.8086,40.6325],[-3.8085,40.6325],[-3.8085,40.6325],[-3.8084,40.6325],[-3.8083,40.6325],[-3.8081,40.6325],[-3.808,40.6324],[-3.8079,40.6324],[-3.8078,40.6323],[-3.8077,40.6322],[-3.8076,40.632],[-3.8076,40.6318],[-3.8075,40.6314],[-3.8074,40.6311],[-3.8074,40.6307],[-3.8074,40.6307],[-3.8075,40.6306],[-3.8076,40.6306],[-3.8076,40.6306],[-3.8077,40.6307],[-3.8078,40.6307],[-3.8078,40.6307],[-3.8079,40.6309],[-3.8081,40.631],[-3.8083,40.631],[-3.8085,40.6311],[-3.8086,40.6312],[-3.8087,40.6312],[-3.8089,40.6313],[-3.809,40.6313],[-3.8091,40.6313],[-3.8092,40.6313],[-3.8093,40.6313],[-3.8094,40.6314],[-3.8095,40.6314],[-3.8096,40.6315],[-3.8096,40.6315],[-3.8097,40.6316],[-3.8097,40.6316],[-3.8098,40.6316],[-3.8098,40.6316],[-3.8098,40.6315],[-3.8099,40.6314],[-3.8099,40.6314],[-3.81,40.6313],[-3.8101,40.6312],[-3.8102,40.6312],[-3.8103,40.6311],[-3.8104,40.6311],[-3.8105,40.6311],[-3.8107,40.6312],[-3.8109,40.6312],[-3.8111,40.6312],[-3.8113,40.6312],[-3.8114,40.6312],[-3.8115,40.6312],[-3.8115,40.6312],[-3.8116,40.6312],[-3.8116,40.6311],[-3.8116,40.6311],[-3.8115,40.631],[-3.8115,40.631],[-3.8113,40.631],[-3.8112,40.6309],[-3.8111,40.6308],[-3.811,40.6308],[-3.811,40.6307],[-3.8111,40.6306],[-3.8111,40.6306],[-3.8112,40.6306],[-3.8113,40.6306],[-3.8113,40.6306],[-3.8116,40.6306],[-3.8118,40.6306],[-3.8119,40.6305],[-3.8119,40.6305],[-3.8119,40.6305],[-3.8119,40.6304],[-3.812,40.6303],[-3.8121,40.6302],[-3.8123,40.6302],[-3.8124,40.6301],[-3.8125,40.6301],[-3.8127,40.6301],[-3.8128,40.6301],[-3.813,40.6301],[-3.8131,40.63],[-3.813,40.6299],[-3.8128,40.6299],[-3.8127,40.6298],[-3.8126,40.6298],[-3.8123,40.6298],[-3.812,40.6297],[-3.812,40.6297],[-3.8119,40.6296],[-3.8119,40.6296],[-3.8118,40.6295],[-3.8117,40.6295],[-3.8117,40.6296],[-3.8116,40.6296],[-3.8115,40.6297],[-3.8114,40.6297],[-3.8112,40.6298],[-3.8111,40.6298],[-3.8109,40.6299],[-3.8108,40.6299],[-3.8108,40.6299],[-3.8107,40.6299],[-3.8106,40.6298],[-3.8106,40.6298],[-3.8105,40.6298],[-3.8104,40.6298],[-3.8104,40.6299],[-3.8103,40.6299],[-3.8103,40.63],[-3.8102,40.6301],[-3.8101,40.6301],[-3.81,40.6301],[-3.8099,40.6302],[-3.8098,40.6302],[-3.8096,40.6302],[-3.8095,40.6301],[-3.8094,40.6301],[-3.8093,40.63],[-3.8092,40.63],[-3.8091,40.6299],[-3.809,40.6298],[-3.8089,40.6298],[-3.8089,40.6297],[-3.8089,40.6295],[-3.8088,40.6293],[-3.8087,40.6291],[-3.8086,40.6289],[-3.8085,40.6287],[-3.8085,40.6285],[-3.8084,40.6283],[-3.8085,40.6282],[-3.8085,40.6281],[-3.8085,40.628],[-3.8085,40.6279],[-3.8085,40.6278],[-3.8085,40.6278],[-3.8085,40.6277],[-3.8084,40.6276],[-3.8084,40.6276],[-3.8083,40.6276],[-3.8083,40.6275],[-3.8082,40.6275],[-3.8082,40.6274],[-3.8083,40.6274],[-3.8084,40.6273],[-3.8084,40.6272],[-3.8086,40.6271],[-3.8088,40.627],[-3.8088,40.627],[-3.8089,40.6269],[-3.8089,40.6269],[-3.8089,40.6268],[-3.8089,40.6268],[-3.809,40.6267],[-3.809,40.6267],[-3.8091,40.6267],[-3.8093,40.6266],[-3.8095,40.6266],[-3.8097,40.6266],[-3.8097,40.6265],[-3.8098,40.6265],[-3.8098,40.6264],[-3.8098,40.6264],[-3.8098,40.6263],[-3.8097,40.6263],[-3.8097,40.6262],[-3.8097,40.6262],[-3.8097,40.6261],[-3.8098,40.626],[-3.8099,40.626],[-3.81,40.6259],[-3.8101,40.6259],[-3.8102,40.6259],[-3.8103,40.6259],[-3.8104,40.6259],[-3.8105,40.6259],[-3.8106,40.6259],[-3.8105,40.6255],[-3.8104,40.6252],[-3.8104,40.6251],[-3.8104,40.6249],[-3.8104,40.6247],[-3.8104,40.6246],[-3.8104,40.6246],[-3.8104,40.6245],[-3.8105,40.6244],[-3.8105,40.6243],[-3.8106,40.6243],[-3.8106,40.6242],[-3.8107,40.6242],[-3.8106,40.6241],[-3.8106,40.624],[-3.8105,40.6239],[-3.8104,40.6238],[-3.8103,40.6238],[-3.8101,40.6237],[-3.81,40.6237],[-3.8098,40.6237],[-3.8098,40.6237],[-3.8097,40.6237],[-3.8097,40.6236],[-3.8097,40.6236],[-3.8097,40.6235],[-3.8098,40.6234],[-3.8099,40.6234],[-3.81,40.6233],[-3.8101,40.6233],[-3.81,40.6233],[-3.8099,40.6232],[-3.8098,40.6232],[-3.8097,40.6231],[-3.8096,40.623],[-3.8096,40.623],[-3.8096,40.6229],[-3.8095,40.6228],[-3.8096,40.6227],[-3.8096,40.6227],[-3.8095,40.6226],[-3.8095,40.6225],[-3.8094,40.6225],[-3.8092,40.6224],[-3.8091,40.6223],[-3.8089,40.6222],[-3.8088,40.6221],[-3.8087,40.622],[-3.8087,40.6219],[-3.8087,40.6218],[-3.809,40.6218],[-3.8094,40.6217],[-3.8097,40.6217],[-3.8101,40.6216],[-3.8104,40.6216],[-3.8108,40.6215],[-3.8109,40.6215],[-3.811,40.6214],[-3.8112,40.6214],[-3.8113,40.6213],[-3.8115,40.6213],[-3.8118,40.6213],[-3.8118,40.6214],[-3.8119,40.6216],[-3.8122,40.6217],[-3.8124,40.6218],[-3.8126,40.6219],[-3.8128,40.622],[-3.813,40.622],[-3.8131,40.6221],[-3.8132,40.6222],[-3.8134,40.6224],[-3.8136,40.6226],[-3.8137,40.6228],[-3.8138,40.6229],[-3.8139,40.623],[-3.814,40.6232],[-3.8141,40.6235],[-3.8143,40.6239],[-3.8143,40.6238],[-3.8144,40.6238],[-3.8145,40.6237],[-3.8146,40.6237],[-3.8147,40.6236],[-3.8148,40.6235],[-3.8148,40.6234],[-3.8147,40.6233],[-3.8147,40.6231],[-3.8148,40.623],[-3.8148,40.6229],[-3.8148,40.6228],[-3.8148,40.6228],[-3.8149,40.6227],[-3.8149,40.6227],[-3.815,40.6227],[-3.8152,40.6226],[-3.8154,40.6226],[-3.8155,40.6226],[-3.8155,40.6226],[-3.8156,40.6225],[-3.8157,40.6225],[-3.8158,40.6224],[-3.8159,40.6224],[-3.816,40.6223],[-3.8162,40.6223],[-3.8164,40.6224],[-3.8165,40.6225],[-3.8167,40.6226],[-3.8167,40.6227],[-3.8168,40.6228],[-3.8168,40.6229],[-3.8168,40.623],[-3.8168,40.623],[-3.8168,40.6231],[-3.8168,40.6232],[-3.8168,40.6233],[-3.8168,40.6234],[-3.8168,40.6235],[-3.8168,40.6236],[-3.8169,40.6235],[-3.817,40.6235],[-3.8171,40.6235],[-3.8171,40.6234],[-3.8172,40.6234],[-3.8172,40.6234],[-3.8173,40.6234],[-3.8173,40.6234],[-3.8174,40.6235],[-3.8174,40.6235],[-3.8175,40.6235],[-3.8175,40.6234],[-3.8176,40.6233],[-3.8177,40.6232],[-3.8178,40.623],[-3.818,40.6228],[-3.8181,40.6227],[-3.8182,40.6226],[-3.8183,40.6226],[-3.8184,40.6225],[-3.8185,40.6225],[-3.8186,40.6225],[-3.8186,40.6225],[-3.8187,40.6225],[-3.8187,40.6224],[-3.8187,40.6223],[-3.8187,40.6223],[-3.8186,40.6222],[-3.8186,40.6222],[-3.8185,40.6221],[-3.8184,40.6221],[-3.8184,40.622],[-3.8184,40.622],[-3.8184,40.622],[-3.8185,40.6219],[-3.8185,40.6219],[-3.8186,40.6219],[-3.8186,40.6219],[-3.8187,40.6219],[-3.8188,40.622],[-3.8188,40.622],[-3.8189,40.622],[-3.8191,40.622],[-3.8192,40.622],[-3.8193,40.6219],[-3.8194,40.6219],[-3.8195,40.6219],[-3.8196,40.622],[-3.8196,40.6221],[-3.8197,40.6221],[-3.8197,40.6222],[-3.8197,40.6222],[-3.8198,40.6222],[-3.8198,40.6222],[-3.8198,40.6221],[-3.8199,40.6221],[-3.82,40.622],[-3.8204,40.622],[-3.8205,40.6221],[-3.8207,40.6221],[-3.8208,40.6221],[-3.8209,40.6221],[-3.821,40.6221],[-3.8211,40.6221],[-3.8213,40.6221],[-3.8213,40.6221],[-3.8214,40.6222],[-3.8215,40.6222],[-3.8215,40.6223],[-3.8216,40.6223],[-3.8216,40.6223],[-3.8216,40.6223],[-3.8217,40.6222],[-3.8216,40.6222],[-3.8216,40.6221],[-3.8217,40.6221],[-3.8217,40.622],[-3.8219,40.622],[-3.822,40.622],[-3.8222,40.6221],[-3.8222,40.6221],[-3.8222,40.6222],[-3.8223,40.6223],[-3.8224,40.6223],[-3.8225,40.6223],[-3.8226,40.6224],[-3.8226,40.6224],[-3.8226,40.6225],[-3.8227,40.6226],[-3.8228,40.6227],[-3.8228,40.6227],[-3.8228,40.6227],[-3.8228,40.6227],[-3.8228,40.6227],[-3.8229,40.6227],[-3.8229,40.6226],[-3.8229,40.6225],[-3.8228,40.6224],[-3.8227,40.6223],[-3.8227,40.6222],[-3.8227,40.6221],[-3.8227,40.622],[-3.8227,40.6219],[-3.8226,40.6219],[-3.8226,40.6219],[-3.8225,40.6218],[-3.8224,40.6217],[-3.8223,40.6216],[-3.8222,40.6215],[-3.8221,40.6214],[-3.8217,40.6213],[-3.8214,40.6212],[-3.8213,40.6211],[-3.8212,40.621],[-3.8212,40.6209],[-3.8211,40.6207],[-3.8211,40.6205],[-3.8212,40.6204],[-3.8213,40.6202],[-3.8215,40.6201],[-3.8216,40.62],[-3.8219,40.62],[-3.8221,40.6199],[-3.8224,40.6198],[-3.8227,40.6198],[-3.8228,40.6197],[-3.8229,40.6197],[-3.8231,40.6198],[-3.8232,40.6198],[-3.8233,40.6199],[-3.8234,40.62],[-3.8235,40.62],[-3.8237,40.6201],[-3.8239,40.6203],[-3.8241,40.6205],[-3.8241,40.6206],[-3.8241,40.6206],[-3.8241,40.6207],[-3.8242,40.6208],[-3.8243,40.6208],[-3.8244,40.6209],[-3.8246,40.6209],[-3.8247,40.6209],[-3.8248,40.6209],[-3.825,40.6208],[-3.8251,40.6211],[-3.8253,40.6214],[-3.8254,40.6218],[-3.8255,40.6221],[-3.8259,40.6227],[-3.8262,40.6233],[-3.8265,40.6239],[-3.828,40.624],[-3.8281,40.624],[-3.8283,40.624],[-3.8285,40.6241],[-3.8287,40.6241],[-3.8288,40.6242],[-3.829,40.6242],[-3.8292,40.6243],[-3.8294,40.6243],[-3.8296,40.6243],[-3.8297,40.6243],[-3.8298,40.6243],[-3.8298,40.6242],[-3.8299,40.6242],[-3.8298,40.6241],[-3.8297,40.624],[-3.8296,40.6239],[-3.8296,40.6239],[-3.8296,40.6238],[-3.8296,40.6238],[-3.8297,40.6237],[-3.8299,40.6237],[-3.8301,40.6236],[-3.8302,40.6236],[-3.8304,40.6236],[-3.8306,40.6237],[-3.8306,40.6238],[-3.8307,40.6239],[-3.8307,40.624],[-3.8307,40.6243],[-3.8308,40.6247],[-3.8308,40.6248],[-3.8309,40.6249],[-3.8309,40.625],[-3.831,40.6251],[-3.831,40.6252],[-3.8311,40.6257],[-3.8312,40.6262],[-3.8313,40.6264],[-3.8314,40.6267],[-3.8314,40.6269],[-3.8314,40.6271],[-3.8314,40.6273],[-3.8314,40.6276],[-3.8314,40.6278],[-3.8315,40.6281],[-3.8316,40.6282],[-3.8316,40.6283],[-3.8317,40.6285],[-3.8317,40.6286],[-3.8317,40.6291],[-3.8317,40.6295],[-3.8317,40.63],[-3.8318,40.6304],[-3.8318,40.6307],[-3.832,40.631],[-3.8321,40.6312],[-3.8323,40.6315],[-3.8324,40.6317],[-3.8328,40.6319],[-3.8331,40.6321],[-3.8335,40.6322],[-3.8338,40.6324],[-3.8342,40.6325],[-3.8343,40.6326],[-3.8344,40.6326],[-3.8345,40.6328],[-3.8346,40.6329],[-3.8347,40.633],[-3.8348,40.6332],[-3.835,40.6334],[-3.8351,40.6335],[-3.8353,40.6337],[-3.8355,40.6338],[-3.8356,40.6339],[-3.8358,40.6339],[-3.8359,40.6339],[-3.8361,40.6339],[-3.8362,40.634],[-3.8363,40.6341],[-3.8364,40.6342],[-3.8366,40.6343],[-3.8368,40.6344],[-3.837,40.6344],[-3.8372,40.6345],[-3.8379,40.6348],[-3.8386,40.6352],[-3.8388,40.6353],[-3.839,40.6354],[-3.8392,40.6355],[-3.8394,40.6356],[-3.8396,40.6356],[-3.8398,40.6356],[-3.8399,40.6357],[-3.8401,40.6357],[-3.8404,40.6357],[-3.8406,40.6358],[-3.8409,40.6358],[-3.8412,40.6359],[-3.8413,40.6359],[-3.8414,40.636],[-3.8416,40.636],[-3.8416,40.6368],[-3.8416,40.6376],[-3.8417,40.6385],[-3.8417,40.6392],[-3.8418,40.64],[-3.8416,40.6404],[-3.8414,40.6408],[-3.8414,40.6409],[-3.8413,40.641],[-3.8413,40.641],[-3.8412,40.6411],[-3.8412,40.6411],[-3.8412,40.6411],[-3.8413,40.6412],[-3.8413,40.6412],[-3.8414,40.6412],[-3.8415,40.6412],[-3.8416,40.6413],[-3.8416,40.6413],[-3.8418,40.6415],[-3.842,40.6417],[-3.842,40.6418],[-3.842,40.6419],[-3.8419,40.6419],[-3.8419,40.642],[-3.8417,40.6423],[-3.8414,40.6425],[-3.8412,40.6427],[-3.841,40.6429],[-3.8408,40.643],[-3.8407,40.6432],[-3.8406,40.6434],[-3.8406,40.6435],[-3.8405,40.6436],[-3.8405,40.6438],[-3.8405,40.6439],[-3.8405,40.644],[-3.8406,40.6442],[-3.8406,40.6444],[-3.8407,40.6445],[-3.8408,40.6447],[-3.8409,40.6448],[-3.841,40.645],[-3.8419,40.6447],[-3.8429,40.6444],[-3.843,40.6443],[-3.8432,40.6442],[-3.8435,40.6441],[-3.8437,40.644],[-3.844,40.6439],[-3.8441,40.6439],[-3.844,40.6439],[-3.844,40.6438],[-3.844,40.6438],[-3.8439,40.6437],[-3.8443,40.6436],[-3.8444,40.6436],[-3.8446,40.6435],[-3.8448,40.6434],[-3.8449,40.6434],[-3.8451,40.6433],[-3.8453,40.6432],[-3.8454,40.6431],[-3.8456,40.643],[-3.8458,40.6429],[-3.846,40.6427],[-3.8462,40.6426],[-3.8464,40.6424],[-3.8466,40.6422],[-3.8467,40.6421],[-3.8468,40.642],[-3.8469,40.6417],[-3.847,40.6415],[-3.8472,40.6413],[-3.8473,40.641],[-3.8475,40.6408],[-3.8476,40.6408],[-3.8476,40.6407],[-3.8477,40.6406],[-3.8477,40.6405],[-3.8478,40.6404],[-3.8478,40.6402],[-3.8477,40.6401],[-3.8477,40.64],[-3.8478,40.6399],[-3.8479,40.6398],[-3.848,40.6397],[-3.848,40.6396],[-3.8481,40.6394],[-3.8487,40.6391],[-3.8493,40.6388],[-3.85,40.6384],[-3.8505,40.638],[-3.8511,40.6377],[-3.8519,40.6374],[-3.8526,40.6372],[-3.8533,40.637],[-3.8539,40.6369],[-3.8545,40.6367],[-3.8549,40.6366],[-3.8553,40.6365],[-3.8557,40.6364],[-3.8562,40.6364],[-3.8567,40.6363],[-3.857,40.6363],[-3.8573,40.6362],[-3.8574,40.6362],[-3.8574,40.6362],[-3.8575,40.6361],[-3.8575,40.6361],[-3.8575,40.636],[-3.8575,40.636],[-3.8575,40.636],[-3.8576,40.6359],[-3.8576,40.6358],[-3.8575,40.6358],[-3.8575,40.6358],[-3.8574,40.6357],[-3.8573,40.6356],[-3.8571,40.6355],[-3.8571,40.6354],[-3.857,40.6353],[-3.857,40.6352],[-3.857,40.6351],[-3.857,40.6349],[-3.8571,40.6347],[-3.8571,40.6345],[-3.857,40.6344],[-3.8569,40.6343],[-3.8568,40.6342],[-3.8567,40.6342],[-3.8566,40.6341],[-3.8566,40.6341],[-3.8566,40.634],[-3.8566,40.6339],[-3.8566,40.6339],[-3.8567,40.6338],[-3.8578,40.6335],[-3.8589,40.6332],[-3.8601,40.6328],[-3.8603,40.6328],[-3.8605,40.6327],[-3.8606,40.6327],[-3.8607,40.6327],[-3.8609,40.6327],[-3.8611,40.6327],[-3.8613,40.6327],[-3.8619,40.6327],[-3.8624,40.6328],[-3.8628,40.6328],[-3.8631,40.6329],[-3.8644,40.6326],[-3.8656,40.6323],[-3.8663,40.6322],[-3.8671,40.632],[-3.8678,40.6319],[-3.8685,40.6318],[-3.8689,40.6317],[-3.8693,40.6316],[-3.8697,40.6315],[-3.8701,40.6314],[-3.8701,40.6314],[-3.8702,40.6314],[-3.8703,40.6314],[-3.8704,40.6314],[-3.8704,40.6313],[-3.8704,40.6311],[-3.8705,40.6309],[-3.8705,40.6307],[-3.8705,40.6306],[-3.8706,40.6305],[-3.8706,40.6305],[-3.8707,40.6304],[-3.8708,40.6304],[-3.8709,40.6304],[-3.871,40.6304],[-3.8711,40.6305],[-3.8718,40.6304],[-3.8724,40.6304],[-3.8731,40.6303],[-3.8734,40.6302],[-3.8737,40.6302],[-3.874,40.6301],[-3.874,40.63],[-3.874,40.63],[-3.874,40.63],[-3.874,40.63],[-3.8739,40.63],[-3.8738,40.6299],[-3.8738,40.6299],[-3.8737,40.6299],[-3.8737,40.6298],[-3.8737,40.6297],[-3.8736,40.6297],[-3.8735,40.6296],[-3.8734,40.6295],[-3.8733,40.6294],[-3.8732,40.6294],[-3.8731,40.6294],[-3.873,40.6293],[-3.8729,40.6292],[-3.8729,40.629],[-3.8728,40.6288],[-3.8727,40.6288],[-3.8727,40.6287],[-3.8726,40.6287],[-3.8726,40.6286],[-3.8726,40.6285],[-3.8726,40.6284],[-3.8726,40.6283],[-3.8725,40.6282],[-3.8725,40.6281],[-3.8724,40.628],[-3.8724,40.6279],[-3.8723,40.6278],[-3.8722,40.6277],[-3.8723,40.6277],[-3.8723,40.6276],[-3.8723,40.6275],[-3.8723,40.6274],[-3.8723,40.6273],[-3.8723,40.6272],[-3.8723,40.6271],[-3.8722,40.627],[-3.8722,40.627],[-3.8721,40.6269],[-3.872,40.6268],[-3.8719,40.6268],[-3.8718,40.6268],[-3.8717,40.6268],[-3.8715,40.6268],[-3.8712,40.6268],[-3.8711,40.6266],[-3.8709,40.6265],[-3.8709,40.6264],[-3.8708,40.6262],[-3.8708,40.6261],[-3.8708,40.626],[-3.8708,40.6258],[-3.8709,40.6257],[-3.8711,40.6254],[-3.8713,40.6252],[-3.8715,40.625],[-3.8716,40.6248],[-3.8716,40.6246],[-3.8715,40.6245],[-3.8716,40.6244],[-3.8717,40.6243],[-3.8719,40.6243],[-3.8719,40.6242],[-3.8719,40.6242],[-3.8719,40.6241],[-3.8719,40.624],[-3.8718,40.624],[-3.8718,40.6239],[-3.8718,40.6238],[-3.8717,40.6237],[-3.8717,40.6236],[-3.8716,40.6235],[-3.8714,40.6235],[-3.8713,40.6235],[-3.8711,40.6234],[-3.871,40.6234],[-3.8708,40.6234],[-3.8706,40.6233],[-3.8704,40.6232],[-3.87,40.6231],[-3.8696,40.6229],[-3.8694,40.6229],[-3.8692,40.6229],[-3.869,40.6228],[-3.8688,40.6227],[-3.8687,40.6226],[-3.8686,40.6226],[-3.8685,40.6225],[-3.8685,40.6224],[-3.8685,40.6223],[-3.8684,40.6222],[-3.8684,40.6222],[-3.8683,40.6222],[-3.8682,40.6221],[-3.8681,40.6221],[-3.868,40.622],[-3.868,40.622],[-3.8679,40.6219],[-3.8679,40.6218],[-3.8679,40.6217],[-3.8679,40.6217],[-3.8679,40.6216],[-3.8678,40.6215],[-3.8677,40.6215],[-3.8676,40.6215],[-3.8676,40.6214],[-3.8675,40.6213],[-3.8675,40.6212],[-3.8674,40.6212],[-3.8673,40.6211],[-3.8672,40.621],[-3.8671,40.6209],[-3.8671,40.6205],[-3.867,40.6204],[-3.867,40.6203],[-3.867,40.6202],[-3.867,40.6202],[-3.867,40.6201],[-3.867,40.62],[-3.867,40.6198],[-3.867,40.6197],[-3.867,40.6195],[-3.8671,40.6194],[-3.8672,40.6192],[-3.8673,40.6189],[-3.8675,40.6186],[-3.8676,40.6185],[-3.8677,40.6185],[-3.8677,40.6184],[-3.8677,40.6183],[-3.8677,40.6183],[-3.8677,40.6182],[-3.8676,40.6181],[-3.8676,40.6181],[-3.8676,40.618],[-3.8673,40.6179],[-3.8671,40.6178],[-3.867,40.6177],[-3.867,40.6176],[-3.8669,40.6175],[-3.8669,40.6174],[-3.8669,40.6173],[-3.8669,40.6171],[-3.8668,40.6169],[-3.8667,40.6168],[-3.8667,40.6167],[-3.8666,40.6166],[-3.8666,40.6165],[-3.8667,40.6164],[-3.8667,40.6164],[-3.8668,40.6163],[-3.8669,40.6163],[-3.867,40.6162],[-3.867,40.616],[-3.8671,40.616],[-3.8671,40.6159],[-3.8672,40.6158],[-3.8672,40.6157],[-3.8672,40.6156],[-3.8671,40.6155],[-3.8671,40.6154],[-3.867,40.6154],[-3.867,40.6153],[-3.8669,40.6152],[-3.8669,40.6151],[-3.867,40.615],[-3.867,40.6149],[-3.8671,40.6148],[-3.8672,40.6147],[-3.8672,40.6146],[-3.8671,40.6143],[-3.867,40.6139],[-3.867,40.6138],[-3.867,40.6136],[-3.8671,40.6134],[-3.8671,40.6132],[-3.8671,40.6132],[-3.8672,40.6131],[-3.8672,40.613],[-3.8671,40.613],[-3.8671,40.6129],[-3.867,40.6127],[-3.867,40.6124],[-3.867,40.6123],[-3.867,40.6123],[-3.8671,40.6122],[-3.8671,40.6121],[-3.8671,40.6119],[-3.8671,40.6118],[-3.867,40.6117],[-3.867,40.6116],[-3.867,40.6115],[-3.867,40.6114],[-3.8671,40.6113],[-3.8671,40.611],[-3.867,40.6108],[-3.867,40.6106],[-3.8669,40.6105],[-3.8668,40.6104],[-3.8668,40.6103],[-3.8668,40.6102],[-3.8668,40.6101],[-3.8666,40.6097],[-3.8663,40.6093],[-3.8662,40.6092],[-3.8661,40.6091],[-3.8659,40.609],[-3.8658,40.6089],[-3.8656,40.6089],[-3.8653,40.6089],[-3.8651,40.6088],[-3.8649,40.6088],[-3.8647,40.6088],[-3.8645,40.6088],[-3.8643,40.6087],[-3.8643,40.6087],[-3.8643,40.6086],[-3.8644,40.6086],[-3.8644,40.6086],[-3.8645,40.6086],[-3.8645,40.6086],[-3.8645,40.6087],[-3.8647,40.6087],[-3.8649,40.6087],[-3.865,40.6086],[-3.8651,40.6086],[-3.8653,40.6086],[-3.8654,40.6087],[-3.8655,40.6087],[-3.8656,40.6087],[-3.8658,40.6088],[-3.866,40.6088],[-3.8662,40.6088],[-3.8664,40.6088],[-3.8667,40.6089],[-3.8669,40.6089],[-3.8672,40.6089],[-3.8675,40.609],[-3.8676,40.6089],[-3.8678,40.6089],[-3.8683,40.609],[-3.8689,40.6091],[-3.8695,40.6092],[-3.8698,40.6093],[-3.8702,40.6093],[-3.8714,40.6095],[-3.8726,40.6096],[-3.8731,40.6097],[-3.8736,40.6098],[-3.8741,40.6098],[-3.8746,40.6098],[-3.8752,40.6089],[-3.8757,40.6079],[-3.8759,40.6074],[-3.8762,40.607],[-3.8764,40.6067],[-3.8767,40.6064],[-3.8768,40.6061],[-3.8769,40.6058],[-3.877,40.6056],[-3.8772,40.6053],[-3.8773,40.6051],[-3.8775,40.6049],[-3.8776,40.6047],[-3.8777,40.6045],[-3.8778,40.6042],[-3.8779,40.6039],[-3.8782,40.6034],[-3.8784,40.6028],[-3.8786,40.6022],[-3.8787,40.6021],[-3.8787,40.6019],[-3.8787,40.6018],[-3.8787,40.6016],[-3.8787,40.6015],[-3.8786,40.6012],[-3.8785,40.601],[-3.8788,40.6012],[-3.8791,40.6015],[-3.8794,40.6017],[-3.8797,40.6019],[-3.8799,40.6021],[-3.8801,40.6022],[-3.8801,40.6023],[-3.8802,40.6023],[-3.8802,40.6023],[-3.8805,40.6023],[-3.8807,40.6023],[-3.8807,40.6023],[-3.8808,40.6023],[-3.8809,40.6023],[-3.881,40.6023],[-3.881,40.6023],[-3.8811,40.6023],[-3.8813,40.6024],[-3.8814,40.6023],[-3.8815,40.6023],[-3.8816,40.6023],[-3.8817,40.6022],[-3.8819,40.6022],[-3.8821,40.6021],[-3.8822,40.6021],[-3.8825,40.602],[-3.8827,40.6019],[-3.883,40.6018],[-3.8833,40.6017],[-3.8834,40.6016],[-3.8835,40.6016],[-3.8836,40.6015],[-3.8836,40.6014],[-3.8836,40.6013],[-3.8838,40.6013],[-3.8839,40.6012],[-3.8841,40.6011],[-3.8843,40.6011],[-3.8844,40.6011],[-3.8845,40.6011],[-3.8846,40.601],[-3.8847,40.601],[-3.8848,40.6009],[-3.8849,40.6008],[-3.8851,40.6007],[-3.8853,40.6007],[-3.8854,40.6006],[-3.8854,40.6005],[-3.8855,40.6004],[-3.8855,40.6003],[-3.8855,40.6002],[-3.8855,40.6001],[-3.8855,40.6001],[-3.8855,40.6],[-3.8856,40.6],[-3.8856,40.5999],[-3.8857,40.5999],[-3.8858,40.5998],[-3.8859,40.5997],[-3.886,40.5996],[-3.886,40.5995],[-3.8861,40.5994],[-3.8861,40.5993],[-3.8861,40.5991],[-3.8861,40.599],[-3.8861,40.5989],[-3.886,40.5988],[-3.886,40.5986],[-3.8859,40.5985],[-3.886,40.5984],[-3.886,40.5983],[-3.886,40.5981],[-3.886,40.5978],[-3.886,40.5975],[-3.886,40.5973],[-3.886,40.5972],[-3.8861,40.5971],[-3.8862,40.597],[-3.8864,40.5969],[-3.8865,40.5968],[-3.8866,40.5967],[-3.8869,40.5965],[-3.8871,40.5963],[-3.8872,40.5963],[-3.8873,40.5962],[-3.8874,40.5962],[-3.8875,40.5962],[-3.8879,40.5962],[-3.8884,40.5962],[-3.8886,40.5962],[-3.8888,40.5961],[-3.889,40.596],[-3.8891,40.5959],[-3.8893,40.5958],[-3.8894,40.5957],[-3.8896,40.5956],[-3.8898,40.5956],[-3.89,40.5955],[-3.8901,40.5953],[-3.8903,40.5952],[-3.8906,40.5951],[-3.8908,40.595],[-3.891,40.5949],[-3.8912,40.5948],[-3.8914,40.5947],[-3.8914,40.5946],[-3.8914,40.5945],[-3.8914,40.5944],[-3.8914,40.5944],[-3.8916,40.5943],[-3.8917,40.5942],[-3.8918,40.5941],[-3.8919,40.594],[-3.8919,40.5939],[-3.892,40.5939],[-3.8921,40.5938],[-3.8922,40.5936],[-3.8923,40.5934],[-3.8928,40.5933],[-3.8933,40.5932],[-3.8935,40.5932],[-3.8937,40.5931],[-3.8938,40.593],[-3.8939,40.5929],[-3.894,40.5928],[-3.894,40.5927],[-3.894,40.5926],[-3.894,40.5924],[-3.8939,40.5923],[-3.894,40.5922],[-3.894,40.592],[-3.8939,40.5919],[-3.8939,40.5917],[-3.8939,40.5917],[-3.8939,40.5916],[-3.894,40.5916],[-3.894,40.5915],[-3.8941,40.5915],[-3.8942,40.5915],[-3.8943,40.5915],[-3.8944,40.5915],[-3.8945,40.5914],[-3.8946,40.5913],[-3.8947,40.5913],[-3.8948,40.591],[-3.895,40.5907],[-3.8951,40.5907],[-3.8951,40.5906],[-3.8952,40.5906],[-3.8952,40.5905],[-3.8952,40.5904],[-3.8951,40.5904],[-3.8951,40.5904],[-3.8951,40.5904],[-3.8951,40.5903],[-3.8951,40.5903],[-3.8951,40.5902],[-3.8952,40.5901],[-3.8953,40.59],[-3.8954,40.5899],[-3.8955,40.5898],[-3.8956,40.5897],[-3.8958,40.5896],[-3.8959,40.5895],[-3.896,40.5895],[-3.8962,40.5893],[-3.8964,40.5892],[-3.8966,40.589],[-3.8968,40.5889],[-3.897,40.5888],[-3.8971,40.5888],[-3.8973,40.5887],[-3.8974,40.5887],[-3.8975,40.5888],[-3.8976,40.5888],[-3.8978,40.5889],[-3.8979,40.589],[-3.8983,40.5892],[-3.8986,40.5894],[-3.8987,40.5894],[-3.8987,40.5895],[-3.8988,40.5895],[-3.8988,40.5895],[-3.8989,40.5894],[-3.899,40.5895],[-3.8991,40.5895],[-3.8991,40.5896],[-3.8991,40.5897],[-3.8992,40.5897],[-3.8992,40.5898],[-3.8993,40.5898],[-3.8994,40.5899],[-3.8995,40.5899],[-3.8997,40.59],[-3.8999,40.59],[-3.9001,40.5901],[-3.9002,40.5901],[-3.9004,40.5901],[-3.9005,40.5901],[-3.9006,40.59],[-3.9009,40.5899],[-3.9011,40.5898],[-3.9014,40.5897],[-3.9015,40.5897],[-3.9015,40.5896],[-3.9016,40.5896],[-3.9017,40.5896],[-3.9019,40.5897],[-3.902,40.5897],[-3.9022,40.5897],[-3.9023,40.5897],[-3.9025,40.5897],[-3.9028,40.5898],[-3.9032,40.5898],[-3.9035,40.5899],[-3.904,40.59],[-3.9046,40.5901],[-3.9046,40.5901],[-3.9047,40.5901],[-3.9047,40.5902],[-3.9048,40.5903],[-3.9049,40.5904],[-3.905,40.5904],[-3.905,40.5904],[-3.9051,40.5904],[-3.9052,40.5903],[-3.9053,40.5903],[-3.9055,40.5902],[-3.9056,40.5903],[-3.9057,40.5903],[-3.9058,40.5903],[-3.9059,40.5904],[-3.906,40.5905],[-3.9061,40.5906],[-3.9061,40.5906],[-3.9061,40.5907],[-3.9062,40.5908],[-3.9063,40.5908],[-3.9064,40.5908],[-3.9066,40.5908],[-3.9067,40.5908],[-3.9069,40.5908],[-3.907,40.5907],[-3.9071,40.5907],[-3.9072,40.5907],[-3.9073,40.5907],[-3.9074,40.5908],[-3.9075,40.5908],[-3.9076,40.5908],[-3.9077,40.5908],[-3.9078,40.5908],[-3.9079,40.5908],[-3.908,40.5909],[-3.908,40.5909],[-3.9083,40.5909],[-3.9086,40.5909],[-3.9091,40.5909],[-3.9096,40.591],[-3.9111,40.5915],[-3.9115,40.5916],[-3.9119,40.5917],[-3.9145,40.5921],[-3.9149,40.5921],[-3.9154,40.5922],[-3.9155,40.5922],[-3.9157,40.5922],[-3.9155,40.5918],[-3.9154,40.5913],[-3.9154,40.5911],[-3.9154,40.5908],[-3.9154,40.5906],[-3.9154,40.5903],[-3.9155,40.59],[-3.9155,40.5897],[-3.9156,40.5894],[-3.9156,40.5892],[-3.9157,40.5889],[-3.9157,40.5887],[-3.9158,40.5885],[-3.916,40.5883],[-3.916,40.5882],[-3.916,40.5882],[-3.9165,40.5874],[-3.917,40.5867],[-3.9172,40.5863],[-3.9174,40.586],[-3.9176,40.5858],[-3.9176,40.5856],[-3.9177,40.5853],[-3.9178,40.5851],[-3.9178,40.5848],[-3.9179,40.5845],[-3.9179,40.5842],[-3.9179,40.5841],[-3.9179,40.5841],[-3.9179,40.584],[-3.9178,40.584],[-3.9177,40.5839],[-3.9175,40.5839],[-3.9174,40.5838],[-3.9173,40.5837],[-3.9173,40.5836],[-3.9172,40.5835],[-3.9173,40.5834],[-3.9173,40.5833],[-3.9174,40.5832],[-3.9175,40.5831],[-3.9176,40.583],[-3.9177,40.5829],[-3.9179,40.5829],[-3.918,40.5828],[-3.9184,40.5827],[-3.9187,40.5825],[-3.9189,40.5825],[-3.9191,40.5824],[-3.9193,40.5823],[-3.9193,40.5823],[-3.9194,40.5823],[-3.9195,40.5823],[-3.9196,40.5821],[-3.9197,40.5819],[-3.9198,40.5816],[-3.9199,40.5814],[-3.9199,40.5812],[-3.92,40.581],[-3.92,40.5808],[-3.9201,40.5807],[-3.9201,40.5805],[-3.9202,40.5804],[-3.9203,40.5803],[-3.9204,40.5802],[-3.9206,40.5801],[-3.9207,40.58],[-3.9208,40.58],[-3.9208,40.5799],[-3.9209,40.5799],[-3.9209,40.5798],[-3.9209,40.5797],[-3.9209,40.5797],[-3.9208,40.5796],[-3.9207,40.5796],[-3.9206,40.5796],[-3.9205,40.5796],[-3.9203,40.5796],[-3.92,40.5797],[-3.9197,40.5798],[-3.9194,40.5798],[-3.9192,40.5799],[-3.919,40.58],[-3.9188,40.5801],[-3.9185,40.5802],[-3.9183,40.5803],[-3.9176,40.5804],[-3.9168,40.5806],[-3.916,40.5808],[-3.9158,40.5808],[-3.9157,40.5809],[-3.9155,40.581],[-3.9153,40.581],[-3.9151,40.5812],[-3.9148,40.5814],[-3.9147,40.5815],[-3.9146,40.5817],[-3.9144,40.5818],[-3.9143,40.582],[-3.9142,40.5821],[-3.9141,40.5821],[-3.9139,40.5822],[-3.9138,40.5822],[-3.9136,40.5822],[-3.9135,40.5822],[-3.9133,40.5821],[-3.9132,40.5821],[-3.9131,40.5821],[-3.9129,40.5821],[-3.9126,40.5823],[-3.9122,40.5824],[-3.9119,40.5826],[-3.9117,40.5826],[-3.9115,40.5826],[-3.9113,40.5826],[-3.9112,40.5826],[-3.911,40.5825],[-3.9108,40.5825],[-3.9106,40.5823],[-3.9104,40.5821],[-3.9103,40.582],[-3.9102,40.582],[-3.91,40.5819],[-3.9098,40.5818],[-3.9097,40.5818],[-3.9095,40.5818],[-3.9093,40.5818],[-3.9091,40.5818],[-3.909,40.5818],[-3.9088,40.5818],[-3.9085,40.5818],[-3.9081,40.5819],[-3.9079,40.5818],[-3.9076,40.5818],[-3.9073,40.5819],[-3.907,40.5819],[-3.9063,40.582],[-3.9055,40.5822],[-3.9053,40.5822],[-3.905,40.5822],[-3.9047,40.5822],[-3.9045,40.5822],[-3.9042,40.5823],[-3.904,40.5823],[-3.9038,40.5824],[-3.9036,40.5824],[-3.9034,40.5824],[-3.9031,40.5825],[-3.9029,40.5825],[-3.9026,40.5824],[-3.9024,40.5824],[-3.9022,40.5824],[-3.902,40.5824],[-3.9018,40.5824],[-3.9016,40.5824],[-3.9014,40.5824],[-3.9011,40.5824],[-3.9008,40.5823],[-3.9005,40.5823],[-3.9001,40.5823],[-3.8999,40.5822],[-3.8998,40.5823],[-3.8996,40.5823],[-3.8994,40.5823],[-3.8991,40.5824],[-3.8988,40.5825],[-3.8985,40.5826],[-3.8982,40.5827],[-3.8977,40.5828],[-3.8973,40.5829],[-3.8969,40.5829],[-3.8965,40.583],[-3.8962,40.583],[-3.8958,40.583],[-3.8955,40.583],[-3.8951,40.583],[-3.8948,40.5829],[-3.8943,40.5829],[-3.8938,40.5829],[-3.8934,40.5829],[-3.893,40.5829],[-3.8927,40.5828],[-3.8924,40.5827],[-3.8921,40.5826],[-3.8918,40.5826],[-3.8916,40.5825],[-3.8914,40.5825],[-3.8911,40.5824],[-3.8908,40.5824],[-3.8906,40.5823],[-3.8904,40.5822],[-3.8902,40.5822],[-3.89,40.5821],[-3.8897,40.582],[-3.8894,40.582],[-3.8891,40.5819],[-3.8887,40.5818],[-3.8883,40.5817],[-3.8879,40.5816],[-3.8876,40.5814],[-3.8871,40.5813],[-3.8867,40.5812],[-3.8865,40.5812],[-3.8864,40.5812],[-3.8862,40.5812],[-3.886,40.5812],[-3.8858,40.5812],[-3.885,40.5814],[-3.8843,40.5815],[-3.8842,40.5815],[-3.8841,40.5815],[-3.884,40.5815],[-3.884,40.5815],[-3.884,40.5816],[-3.8839,40.5817],[-3.8838,40.5819],[-3.8837,40.5821],[-3.8836,40.5822],[-3.8836,40.5824],[-3.8835,40.5825],[-3.8835,40.5827],[-3.8836,40.5828],[-3.8836,40.5829],[-3.8836,40.583],[-3.8837,40.5831],[-3.8837,40.5832],[-3.8838,40.5833],[-3.8837,40.5843],[-3.8837,40.5853],[-3.8834,40.5854],[-3.8831,40.5855],[-3.8828,40.5856],[-3.8825,40.5858],[-3.8822,40.5859],[-3.8819,40.5861],[-3.8816,40.5862],[-3.8812,40.5864],[-3.8807,40.5867],[-3.8803,40.5869],[-3.8799,40.5871],[-3.8794,40.5874],[-3.879,40.5876],[-3.8786,40.5879],[-3.8783,40.588],[-3.878,40.5881],[-3.8777,40.5883],[-3.8774,40.5884],[-3.8771,40.5885],[-3.8768,40.5886],[-3.8761,40.5893],[-3.8762,40.5894],[-3.8762,40.5895],[-3.8762,40.5896],[-3.8762,40.5897],[-3.8762,40.5899],[-3.8762,40.5899],[-3.8761,40.59],[-3.8761,40.59],[-3.876,40.5901],[-3.8759,40.5901],[-3.8759,40.5902],[-3.8758,40.5902],[-3.8757,40.5902],[-3.8756,40.5903],[-3.8755,40.5903],[-3.8753,40.5904],[-3.875,40.5906],[-3.8747,40.5907],[-3.8744,40.5908],[-3.8742,40.591],[-3.8739,40.5911],[-3.8736,40.5912],[-3.8733,40.5912],[-3.873,40.5912],[-3.8727,40.5912],[-3.8724,40.5913],[-3.8721,40.5913],[-3.8718,40.5914],[-3.8714,40.5914],[-3.8711,40.5915],[-3.8708,40.5916],[-3.8706,40.5917],[-3.8703,40.5917],[-3.87,40.5918],[-3.8697,40.5919],[-3.8694,40.5919],[-3.8691,40.592],[-3.8688,40.592],[-3.8685,40.592],[-3.8682,40.5921],[-3.8679,40.5921],[-3.8676,40.5921],[-3.8674,40.5921],[-3.8673,40.5921],[-3.8672,40.5921],[-3.8671,40.5921],[-3.8669,40.592],[-3.8668,40.592],[-3.8667,40.592],[-3.8666,40.5919],[-3.8664,40.5919],[-3.8663,40.5919],[-3.8661,40.5918],[-3.866,40.5918],[-3.8659,40.5917],[-3.8657,40.5916],[-3.8656,40.5915],[-3.8655,40.5914],[-3.8654,40.5912],[-3.8653,40.5911],[-3.8652,40.591],[-3.8651,40.5908],[-3.865,40.5907],[-3.8649,40.5906],[-3.8649,40.5904],[-3.8645,40.5901],[-3.8641,40.5899],[-3.8636,40.5896],[-3.8633,40.5895],[-3.8629,40.5893],[-3.8625,40.5892],[-3.8621,40.5891],[-3.8617,40.589],[-3.8616,40.589],[-3.8614,40.5889],[-3.8612,40.5889],[-3.8611,40.5888],[-3.8609,40.5887],[-3.8608,40.5886],[-3.8606,40.5886],[-3.8605,40.5885],[-3.8603,40.5884],[-3.8602,40.5883],[-3.86,40.5883],[-3.8599,40.5882],[-3.8597,40.5882],[-3.8596,40.5881],[-3.8594,40.5881],[-3.8593,40.588],[-3.8591,40.588],[-3.8589,40.588],[-3.8588,40.588],[-3.8586,40.588],[-3.8584,40.588],[-3.8582,40.588],[-3.8579,40.588],[-3.8577,40.588],[-3.8575,40.588],[-3.8573,40.588],[-3.857,40.588],[-3.8568,40.588],[-3.8566,40.5881],[-3.8564,40.5881],[-3.8562,40.5881],[-3.8561,40.5881],[-3.8559,40.5881],[-3.8557,40.5882],[-3.8556,40.5882],[-3.8554,40.5883],[-3.8553,40.5882],[-3.8552,40.5882],[-3.8552,40.5881],[-3.8551,40.5881],[-3.855,40.5881],[-3.8549,40.5881],[-3.8548,40.5881],[-3.8548,40.5881],[-3.8547,40.5882],[-3.8546,40.5882],[-3.8544,40.5883],[-3.8542,40.5884],[-3.8541,40.5885],[-3.854,40.5886],[-3.8539,40.5887],[-3.8538,40.5887],[-3.8538,40.5888],[-3.8537,40.5888],[-3.8537,40.5888],[-3.8536,40.5889],[-3.8536,40.5889],[-3.8535,40.5889],[-3.8534,40.5889],[-3.8532,40.589],[-3.8531,40.589],[-3.8529,40.5891],[-3.8527,40.5892],[-3.8525,40.5892],[-3.8524,40.5893],[-3.8522,40.5894],[-3.8519,40.5896],[-3.8516,40.5898],[-3.8512,40.5899],[-3.8509,40.5901],[-3.8505,40.5903],[-3.8502,40.5904],[-3.8496,40.5906],[-3.849,40.5909],[-3.8488,40.5909],[-3.8486,40.5909],[-3.8484,40.5909],[-3.8482,40.5909],[-3.8479,40.591],[-3.8477,40.591],[-3.8472,40.5911],[-3.8467,40.5912],[-3.8462,40.5913],[-3.8456,40.5914],[-3.8454,40.5915],[-3.8452,40.5916],[-3.845,40.5917],[-3.8448,40.5918],[-3.8446,40.5919],[-3.8444,40.592],[-3.8441,40.5921],[-3.8439,40.5922],[-3.8437,40.5923],[-3.8435,40.5923],[-3.8432,40.5924],[-3.843,40.5925],[-3.8428,40.5925],[-3.8426,40.5925],[-3.8423,40.5926],[-3.8421,40.5926],[-3.8419,40.5926],[-3.8416,40.5927],[-3.8414,40.5926],[-3.8411,40.5925],[-3.8408,40.5925],[-3.8405,40.5924],[-3.84,40.5922],[-3.8396,40.5921],[-3.8391,40.5919],[-3.8386,40.5917],[-3.8382,40.5915],[-3.8377,40.5913],[-3.8375,40.5913],[-3.8374,40.5914],[-3.8372,40.5914],[-3.8371,40.5914],[-3.8369,40.5915],[-3.8367,40.5915],[-3.8366,40.5916],[-3.8364,40.5916],[-3.8363,40.5917],[-3.8361,40.5918],[-3.8354,40.5921],[-3.8344,40.5928],[-3.8333,40.5935],[-3.8331,40.5936],[-3.8328,40.5936],[-3.8325,40.5937],[-3.8323,40.5938],[-3.832,40.5938],[-3.8317,40.5939],[-3.8315,40.5939],[-3.8312,40.5939],[-3.8309,40.5939],[-3.8306,40.594],[-3.8304,40.594],[-3.8301,40.594],[-3.8296,40.5941],[-3.8292,40.5943],[-3.8287,40.5944],[-3.8282,40.5945],[-3.8278,40.5947],[-3.8273,40.5947],[-3.8269,40.5947],[-3.8265,40.5947],[-3.826,40.5947],[-3.8256,40.5947],[-3.8251,40.5947],[-3.8247,40.5947],[-3.8242,40.5947],[-3.8238,40.5946],[-3.8233,40.5946],[-3.8228,40.5945],[-3.8203,40.595],[-3.8162,40.595],[-3.8144,40.5954],[-3.8139,40.5961],[-3.8136,40.5963],[-3.8132,40.5965],[-3.8129,40.5967],[-3.8125,40.5968],[-3.8122,40.597],[-3.8118,40.5972],[-3.8114,40.5974],[-3.8111,40.5975],[-3.806,40.5999],[-3.8068,40.601],[-3.8075,40.6021],[-3.8082,40.6032],[-3.8089,40.6043],[-3.8096,40.6054],[-3.8097,40.6055],[-3.8097,40.6056],[-3.8097,40.6056],[-3.8098,40.6057],[-3.8098,40.6058],[-3.8098,40.6059],[-3.8098,40.6059],[-3.8099,40.606],[-3.8099,40.6061],[-3.8098,40.6062],[-3.8099,40.6062],[-3.8099,40.6063],[-3.81,40.6064],[-3.81,40.6065],[-3.8101,40.6066],[-3.8101,40.6067],[-3.8102,40.6067],[-3.8103,40.6068],[-3.8104,40.6069],[-3.8105,40.6069],[-3.8106,40.607],[-3.8107,40.607],[-3.8108,40.6071],[-3.8109,40.6071],[-3.811,40.6071],[-3.8111,40.6072],[-3.8112,40.6072],[-3.8114,40.6073],[-3.8116,40.6074],[-3.8118,40.6075],[-3.812,40.6076],[-3.8121,40.6077],[-3.8123,40.6079],[-3.8125,40.608],[-3.8126,40.6081],[-3.8128,40.6083],[-3.8127,40.6083],[-3.8126,40.6084],[-3.8124,40.6085],[-3.8123,40.6085],[-3.8122,40.6086],[-3.8121,40.6086],[-3.8119,40.6086],[-3.8118,40.6087],[-3.8116,40.6087],[-3.8115,40.6087],[-3.8114,40.6088],[-3.8113,40.609],[-3.8112,40.6091],[-3.8111,40.6092],[-3.8109,40.6093],[-3.8108,40.6094],[-3.8107,40.6094],[-3.8107,40.6094],[-3.8106,40.6095],[-3.8105,40.6095],[-3.8104,40.6095],[-3.8103,40.6095],[-3.8103,40.6095],[-3.8102,40.6095],[-3.8101,40.6095],[-3.81,40.6094],[-3.81,40.6095],[-3.81,40.6096],[-3.8099,40.6096],[-3.8099,40.6097],[-3.8098,40.6097],[-3.8098,40.6098],[-3.8097,40.6098],[-3.8096,40.6098],[-3.8096,40.6098],[-3.8096,40.6099],[-3.8095,40.6099],[-3.8095,40.6099],[-3.8094,40.6099],[-3.8094,40.6098],[-3.8093,40.6097],[-3.8093,40.6096],[-3.8093,40.6095],[-3.8092,40.6094],[-3.809,40.6093],[-3.8089,40.6093],[-3.8087,40.6093],[-3.8085,40.6092],[-3.8084,40.6092],[-3.8082,40.6092],[-3.808,40.6092],[-3.8077,40.6092],[-3.8074,40.6092],[-3.8072,40.6093],[-3.8069,40.6093],[-3.8067,40.6094],[-3.8064,40.6094],[-3.8062,40.6095],[-3.8061,40.6095],[-3.8061,40.6094],[-3.8061,40.6094],[-3.8061,40.6093],[-3.8061,40.6093],[-3.8061,40.6093],[-3.8061,40.6092],[-3.8061,40.6092],[-3.8061,40.6091],[-3.8061,40.6091],[-3.8062,40.6091],[-3.8062,40.6089],[-3.8063,40.6088],[-3.8064,40.6087],[-3.8063,40.6084],[-3.8062,40.608],[-3.806,40.6079],[-3.8058,40.6078],[-3.8056,40.6076],[-3.8054,40.6075],[-3.8052,40.6074],[-3.805,40.6073],[-3.8044,40.607],[-3.8037,40.6068],[-3.803,40.6065],[-3.8023,40.6063],[-3.8022,40.6063],[-3.8021,40.6063],[-3.802,40.6063],[-3.802,40.6063],[-3.8019,40.6063],[-3.8018,40.6063],[-3.8017,40.6063],[-3.8013,40.6061],[-3.8009,40.606],[-3.8005,40.6058],[-3.8003,40.6049],[-3.8003,40.605],[-3.8003,40.605],[-3.8003,40.6052],[-3.8002,40.6054],[-3.8002,40.6055],[-3.8001,40.6056],[-3.8,40.6057],[-3.7999,40.6058],[-3.7998,40.6059],[-3.7997,40.606],[-3.7995,40.6062],[-3.7992,40.6064],[-3.799,40.6067],[-3.799,40.6067],[-3.7989,40.6068],[-3.7988,40.6069],[-3.7987,40.607],[-3.7985,40.6071],[-3.7984,40.6073],[-3.7982,40.6075],[-3.7982,40.6076],[-3.7982,40.6077],[-3.7981,40.6078],[-3.7979,40.6081],[-3.7977,40.6084],[-3.7977,40.6085],[-3.7976,40.6086],[-3.7976,40.6088],[-3.7976,40.6089],[-3.7977,40.609],[-3.7976,40.6093],[-3.7976,40.6097],[-3.7976,40.61],[-3.7975,40.6101],[-3.7975,40.6101],[-3.7974,40.6101],[-3.7973,40.6101],[-3.7973,40.6101],[-3.7973,40.61],[-3.797,40.6099],[-3.7967,40.6097],[-3.7965,40.6097],[-3.7964,40.6097],[-3.7963,40.6097],[-3.7961,40.6097],[-3.7961,40.6098],[-3.796,40.61],[-3.796,40.6101],[-3.7961,40.6102],[-3.7961,40.6104],[-3.7961,40.6105],[-3.7962,40.6105],[-3.7962,40.6105],[-3.7965,40.6106],[-3.7967,40.6107],[-3.7969,40.6108],[-3.7971,40.611],[-3.7973,40.6112],[-3.7975,40.6113],[-3.7977,40.6115],[-3.7979,40.6116],[-3.798,40.6117],[-3.7981,40.6119],[-3.7981,40.612],[-3.7983,40.6121],[-3.7984,40.6121],[-3.7985,40.6122],[-3.7987,40.6122],[-3.7988,40.6122],[-3.799,40.6122],[-3.7992,40.6122],[-3.7995,40.6121],[-3.7997,40.6121],[-3.7999,40.612],[-3.8001,40.6119],[-3.8003,40.6118],[-3.8005,40.6117],[-3.8007,40.6116],[-3.8009,40.6114],[-3.801,40.6114],[-3.801,40.6113],[-3.8012,40.6112],[-3.8013,40.6112],[-3.8014,40.6112],[-3.8015,40.6112],[-3.8016,40.6112],[-3.8018,40.6113],[-3.8019,40.6112],[-3.802,40.6112],[-3.8022,40.6111],[-3.8024,40.611],[-3.8026,40.6109],[-3.8027,40.6108],[-3.8028,40.6107],[-3.8029,40.6106],[-3.803,40.6104],[-3.8032,40.6103],[-3.8035,40.6102],[-3.8038,40.6101],[-3.8041,40.6101],[-3.8042,40.6101],[-3.8044,40.6101],[-3.8045,40.6101],[-3.8046,40.6102],[-3.8047,40.6102],[-3.8048,40.6102],[-3.8049,40.6102],[-3.805,40.6102],[-3.8051,40.6103],[-3.8052,40.6103],[-3.8052,40.6104],[-3.8053,40.6104],[-3.8053,40.6105],[-3.8054,40.6109],[-3.8055,40.6113],[-3.8056,40.6117],[-3.8054,40.612],[-3.8052,40.6123],[-3.8051,40.6123],[-3.8051,40.6124],[-3.8051,40.6125],[-3.8051,40.6126],[-3.8052,40.6126],[-3.8054,40.6129],[-3.8056,40.6133],[-3.8058,40.6136],[-3.8059,40.6137],[-3.8061,40.6139],[-3.8062,40.6141],[-3.8063,40.6143],[-3.8065,40.6145],[-3.8066,40.6148],[-3.8066,40.6148],[-3.8066,40.6149],[-3.8066,40.615],[-3.8064,40.6149],[-3.8061,40.6149],[-3.8059,40.6148],[-3.8056,40.6148],[-3.8053,40.6147],[-3.8052,40.6146],[-3.8052,40.6146],[-3.8051,40.6146],[-3.805,40.6146],[-3.8049,40.6147],[-3.8049,40.6147],[-3.8048,40.6147],[-3.8047,40.6147],[-3.8046,40.6147],[-3.8045,40.6147],[-3.8044,40.6147],[-3.8043,40.6146],[-3.8042,40.6146],[-3.8041,40.6145],[-3.8039,40.6144],[-3.8038,40.6144],[-3.8036,40.6144],[-3.8035,40.6144],[-3.8034,40.6144],[-3.8033,40.6144],[-3.8033,40.6145],[-3.8033,40.6146],[-3.8033,40.6146],[-3.8033,40.6147],[-3.8033,40.6148],[-3.8032,40.6148],[-3.8031,40.6149],[-3.803,40.6149],[-3.8029,40.6148],[-3.8017,40.6146],[-3.8005,40.6143],[-3.8003,40.6144],[-3.8001,40.6144],[-3.8,40.6145],[-3.7999,40.6145],[-3.7997,40.6146],[-3.7993,40.6148],[-3.7988,40.615],[-3.7986,40.6151],[-3.7984,40.6151],[-3.7982,40.6151],[-3.7979,40.6151],[-3.7977,40.6151],[-3.7975,40.6151],[-3.7973,40.615],[-3.7971,40.6149],[-3.7968,40.6148],[-3.7966,40.6146],[-3.7963,40.6145],[-3.7959,40.6143],[-3.7956,40.6141],[-3.7952,40.614]]]},"geometry_name":"GEOMETRY1","properties":{"CD_TIPO_ZONA":"A1","DS_TIPO_ZONA":"A1: Reserva Natural Integral.","NM_AREA_M":null,"NM_AREA_HA":null}},{"type":"Feature","id":"IDEM_MA_PR_CA_MANZANARES.21","geometry":{"type":"Polygon","coordinates":[[[-3.8441,40.6439],[-3.8442,40.6439],[-3.8445,40.6438],[-3.8446,40.6438],[-3.8448,40.6437],[-3.8449,40.6437],[-3.8451,40.6437],[-3.8452,40.6438],[-3.8452,40.6438],[-3.8452,40.6439],[-3.8452,40.6439],[-3.8453,40.6439],[-3.8454,40.644],[-3.8454,40.644],[-3.8454,40.6441],[-3.8454,40.6441],[-3.8454,40.6442],[-3.8454,40.6442],[-3.8454,40.6443],[-3.8455,40.6444],[-3.8455,40.6445],[-3.8456,40.6445],[-3.8457,40.6445],[-3.8458,40.6446],[-3.8459,40.6447],[-3.846,40.6448],[-3.846,40.6448],[-3.846,40.6449],[-3.8459,40.6449],[-3.8458,40.6449],[-3.8457,40.645],[-3.8454,40.645],[-3.8452,40.6451],[-3.8451,40.6451],[-3.845,40.6451],[-3.845,40.6451],[-3.8451,40.6455],[-3.8451,40.6459],[-3.8452,40.6462],[-3.8452,40.6466],[-3.8452,40.6467],[-3.8453,40.6469],[-3.8453,40.6471],[-3.8454,40.6472],[-3.8455,40.6478],[-3.8457,40.6483],[-3.8458,40.6488],[-3.8459,40.6493],[-3.846,40.6494],[-3.846,40.6496],[-3.8461,40.6497],[-3.8462,40.6498],[-3.8465,40.6499],[-3.8468,40.6499],[-3.847,40.6499],[-3.8473,40.6498],[-3.8476,40.6498],[-3.8479,40.6498],[-3.8491,40.6495],[-3.8504,40.6492],[-3.8517,40.6489],[-3.8521,40.6489],[-3.8525,40.6489],[-3.8527,40.6489],[-3.8529,40.6488],[-3.853,40.6487],[-3.8532,40.6487],[-3.8536,40.6485],[-3.8539,40.6484],[-3.8542,40.6482],[-3.8544,40.6482],[-3.8545,40.6482],[-3.8547,40.6481],[-3.8548,40.6481],[-3.855,40.6482],[-3.8551,40.6482],[-3.8553,40.6482],[-3.8554,40.6482],[-3.8556,40.6483],[-3.8557,40.6483],[-3.8558,40.6484],[-3.8561,40.6488],[-3.8564,40.6493],[-3.8566,40.6496],[-3.8568,40.65],[-3.857,40.6503],[-3.8572,40.6505],[-3.8573,40.6507],[-3.8574,40.6509],[-3.8574,40.6511],[-3.8575,40.6513],[-3.8575,40.6515],[-3.8576,40.6516],[-3.8576,40.6518],[-3.8576,40.6519],[-3.8576,40.6521],[-3.8576,40.6522],[-3.8576,40.6524],[-3.8574,40.6526],[-3.8572,40.6529],[-3.8571,40.6532],[-3.8569,40.6536],[-3.8567,40.654],[-3.8569,40.654],[-3.857,40.6541],[-3.857,40.6542],[-3.8572,40.6545],[-3.8574,40.6548],[-3.8576,40.6551],[-3.8578,40.6554],[-3.8578,40.6555],[-3.8579,40.6555],[-3.8579,40.6556],[-3.858,40.6556],[-3.8581,40.6555],[-3.8581,40.6559],[-3.8581,40.656],[-3.8581,40.6562],[-3.8581,40.6564],[-3.8582,40.6565],[-3.8583,40.6567],[-3.8584,40.6569],[-3.8585,40.657],[-3.8586,40.6572],[-3.8587,40.6573],[-3.8587,40.6575],[-3.8587,40.6576],[-3.8587,40.6577],[-3.8588,40.6579],[-3.8588,40.658],[-3.8589,40.6581],[-3.8591,40.6581],[-3.8593,40.6582],[-3.8595,40.6582],[-3.8597,40.6582],[-3.8599,40.6582],[-3.86,40.658],[-3.8601,40.6579],[-3.8602,40.6578],[-3.8602,40.6576],[-3.8603,40.6575],[-3.8604,40.6574],[-3.8605,40.6574],[-3.8606,40.6573],[-3.8607,40.6573],[-3.8608,40.6573],[-3.8609,40.6573],[-3.8613,40.6572],[-3.8617,40.6572],[-3.8623,40.6571],[-3.8629,40.6571],[-3.8629,40.6572],[-3.863,40.6573],[-3.863,40.6574],[-3.863,40.6575],[-3.8629,40.6577],[-3.8628,40.6579],[-3.8626,40.6581],[-3.8625,40.6582],[-3.8623,40.6584],[-3.8622,40.6585],[-3.8621,40.6587],[-3.8621,40.6589],[-3.8623,40.659],[-3.8624,40.6592],[-3.8626,40.6593],[-3.8628,40.6594],[-3.8634,40.6598],[-3.8641,40.6601],[-3.8647,40.6605],[-3.8653,40.6608],[-3.8658,40.6611],[-3.8662,40.6613],[-3.8667,40.6615],[-3.8672,40.6616],[-3.8675,40.6617],[-3.8678,40.6617],[-3.8681,40.6618],[-3.8684,40.6618],[-3.8687,40.6617],[-3.869,40.6617],[-3.8704,40.6603],[-3.8725,40.6583],[-3.8728,40.6581],[-3.873,40.6578],[-3.8733,40.6576],[-3.8736,40.6574],[-3.8737,40.6573],[-3.8738,40.6573],[-3.8738,40.6572],[-3.8739,40.6572],[-3.8739,40.6571],[-3.8748,40.6545],[-3.8754,40.6531],[-3.8765,40.6527],[-3.8775,40.6523],[-3.8786,40.6519],[-3.8798,40.6516],[-3.883,40.652],[-3.8862,40.6525],[-3.8871,40.6524],[-3.8881,40.6523],[-3.8893,40.6521],[-3.8906,40.6518],[-3.8921,40.6514],[-3.8936,40.6509],[-3.8942,40.6505],[-3.8949,40.6501],[-3.8955,40.6497],[-3.8962,40.6493],[-3.8969,40.6489],[-3.8978,40.6483],[-3.8987,40.6478],[-3.8997,40.6473],[-3.9005,40.6468],[-3.9013,40.6464],[-3.9022,40.6459],[-3.9036,40.6451],[-3.905,40.6444],[-3.9065,40.6437],[-3.908,40.643],[-3.9102,40.6423],[-3.9129,40.6418],[-3.9134,40.6415],[-3.9138,40.6413],[-3.9143,40.641],[-3.9149,40.6408],[-3.9156,40.6405],[-3.9168,40.64],[-3.9181,40.6395],[-3.9191,40.6392],[-3.9202,40.6388],[-3.9203,40.6392],[-3.9205,40.6396],[-3.9206,40.64],[-3.9207,40.6405],[-3.9208,40.6407],[-3.9208,40.6408],[-3.9209,40.641],[-3.9209,40.6412],[-3.9209,40.6413],[-3.9209,40.6413],[-3.9209,40.6414],[-3.9208,40.6414],[-3.9208,40.6415],[-3.9207,40.6415],[-3.9206,40.6415],[-3.9206,40.6416],[-3.9206,40.6416],[-3.9206,40.6417],[-3.9206,40.6419],[-3.9207,40.6421],[-3.9207,40.6422],[-3.9208,40.6424],[-3.9209,40.6426],[-3.921,40.6427],[-3.9211,40.6428],[-3.9212,40.6429],[-3.9213,40.6429],[-3.9215,40.643],[-3.9217,40.6431],[-3.9218,40.6431],[-3.922,40.6431],[-3.9222,40.6432],[-3.9225,40.6433],[-3.9227,40.6434],[-3.9229,40.6435],[-3.9231,40.6437],[-3.9232,40.6438],[-3.9233,40.6438],[-3.9235,40.6439],[-3.9236,40.644],[-3.9238,40.644],[-3.924,40.644],[-3.9246,40.6441],[-3.9251,40.6442],[-3.9253,40.6442],[-3.9254,40.6442],[-3.9256,40.6441],[-3.9258,40.6443],[-3.9261,40.6445],[-3.9264,40.6446],[-3.9267,40.6447],[-3.9269,40.6447],[-3.9272,40.6446],[-3.9274,40.6446],[-3.9277,40.6446],[-3.9279,40.6447],[-3.9281,40.6447],[-3.9284,40.6448],[-3.9287,40.645],[-3.9291,40.6452],[-3.9295,40.6454],[-3.93,40.6456],[-3.9304,40.6459],[-3.9305,40.6459],[-3.9307,40.6459],[-3.9309,40.6458],[-3.931,40.6458],[-3.9312,40.6458],[-3.9313,40.6457],[-3.9314,40.6458],[-3.9316,40.6458],[-3.9318,40.6459],[-3.9319,40.6459],[-3.9321,40.6459],[-3.9322,40.6459],[-3.9325,40.6461],[-3.9328,40.6462],[-3.9334,40.6464],[-3.934,40.6467],[-3.9342,40.6467],[-3.9344,40.6467],[-3.9345,40.6468],[-3.9346,40.6469],[-3.9347,40.6469],[-3.9348,40.6469],[-3.9349,40.6469],[-3.9349,40.647],[-3.935,40.647],[-3.9352,40.647],[-3.9354,40.647],[-3.9356,40.6471],[-3.9358,40.6472],[-3.9358,40.6472],[-3.9359,40.6472],[-3.9359,40.6472],[-3.936,40.6473],[-3.936,40.6473],[-3.936,40.6474],[-3.936,40.6474],[-3.9359,40.6476],[-3.9359,40.6477],[-3.9362,40.6481],[-3.9366,40.6486],[-3.9366,40.6486],[-3.9367,40.6487],[-3.9367,40.6487],[-3.9367,40.6488],[-3.9367,40.649],[-3.9367,40.6491],[-3.9373,40.6492],[-3.9378,40.6493],[-3.9383,40.6495],[-3.94,40.6498],[-3.9418,40.6502],[-3.9438,40.6506],[-3.9441,40.6507],[-3.9444,40.6509],[-3.9446,40.6509],[-3.9448,40.6509],[-3.945,40.6509],[-3.9452,40.6509],[-3.9454,40.6509],[-3.9457,40.651],[-3.9461,40.6511],[-3.9462,40.651],[-3.9463,40.651],[-3.9464,40.651],[-3.9465,40.651],[-3.9466,40.6511],[-3.9466,40.6513],[-3.9468,40.6513],[-3.9469,40.6514],[-3.9471,40.6514],[-3.9473,40.6515],[-3.9476,40.6513],[-3.9479,40.6512],[-3.9482,40.6511],[-3.9477,40.6524],[-3.948,40.6532],[-3.9482,40.6546],[-3.9492,40.6571],[-3.9503,40.6576],[-3.9514,40.6576],[-3.9524,40.6577],[-3.9526,40.6577],[-3.9528,40.6577],[-3.9528,40.6577],[-3.9528,40.6576],[-3.9528,40.6576],[-3.9528,40.6575],[-3.9528,40.6575],[-3.9529,40.6574],[-3.9529,40.6574],[-3.9529,40.6574],[-3.953,40.6573],[-3.953,40.6573],[-3.9531,40.6572],[-3.9531,40.6572],[-3.9531,40.6571],[-3.9532,40.6571],[-3.9532,40.657],[-3.9532,40.657],[-3.9532,40.6569],[-3.9532,40.6568],[-3.9532,40.6568],[-3.9532,40.6567],[-3.9532,40.6565],[-3.9532,40.6563],[-3.9533,40.6561],[-3.9533,40.6559],[-3.9534,40.6557],[-3.9534,40.6555],[-3.9535,40.6554],[-3.9535,40.6553],[-3.9535,40.6553],[-3.9536,40.6552],[-3.9537,40.6551],[-3.9537,40.6551],[-3.954,40.6549],[-3.9543,40.6548],[-3.9546,40.6546],[-3.9547,40.6545],[-3.9548,40.6544],[-3.9549,40.6544],[-3.955,40.6543],[-3.9551,40.6542],[-3.9552,40.6541],[-3.9553,40.654],[-3.9554,40.6538],[-3.9556,40.6536],[-3.9557,40.6535],[-3.9559,40.6533],[-3.9559,40.6532],[-3.9559,40.6531],[-3.9559,40.6531],[-3.9559,40.653],[-3.9558,40.6529],[-3.9558,40.6529],[-3.9558,40.6528],[-3.9557,40.6527],[-3.9557,40.6527],[-3.9556,40.6526],[-3.9556,40.6526],[-3.9555,40.6526],[-3.9555,40.6525],[-3.9555,40.6525],[-3.9554,40.6525],[-3.9554,40.6524],[-3.9554,40.6524],[-3.9553,40.6523],[-3.9551,40.6523],[-3.955,40.6522],[-3.9549,40.6522],[-3.9547,40.6521],[-3.9546,40.6521],[-3.9543,40.6521],[-3.954,40.6521],[-3.9538,40.6522],[-3.9535,40.6522],[-3.9534,40.6522],[-3.9533,40.6522],[-3.9532,40.6522],[-3.9532,40.6522],[-3.9531,40.6522],[-3.953,40.6522],[-3.9529,40.6521],[-3.953,40.6521],[-3.9531,40.6521],[-3.9532,40.6521],[-3.9532,40.6521],[-3.9533,40.6521],[-3.9534,40.652],[-3.9534,40.652],[-3.9535,40.652],[-3.9536,40.6519],[-3.9536,40.6519],[-3.9537,40.6518],[-3.9538,40.6516],[-3.9538,40.6515],[-3.9539,40.6515],[-3.9539,40.6515],[-3.954,40.6514],[-3.954,40.6514],[-3.9541,40.6514],[-3.9541,40.6514],[-3.9542,40.6514],[-3.9542,40.6514],[-3.9543,40.6513],[-3.9543,40.6513],[-3.9543,40.6512],[-3.9543,40.6511],[-3.9544,40.6511],[-3.9544,40.651],[-3.9544,40.651],[-3.9544,40.6509],[-3.9543,40.6508],[-3.9546,40.6505],[-3.9548,40.6501],[-3.9551,40.6498],[-3.9552,40.6497],[-3.9552,40.6496],[-3.9552,40.6495],[-3.9553,40.6494],[-3.9553,40.6492],[-3.9553,40.6491],[-3.9553,40.649],[-3.9553,40.6489],[-3.9553,40.6488],[-3.9553,40.6487],[-3.9553,40.6486],[-3.9552,40.6485],[-3.9552,40.6484],[-3.9552,40.6484],[-3.9552,40.6484],[-3.9551,40.6483],[-3.9551,40.6483],[-3.9551,40.6482],[-3.9552,40.6482],[-3.9552,40.6481],[-3.9552,40.6481],[-3.9554,40.648],[-3.9554,40.6479],[-3.9555,40.6479],[-3.9556,40.6478],[-3.9556,40.6478],[-3.9557,40.6477],[-3.9557,40.6476],[-3.9558,40.6476],[-3.9558,40.6475],[-3.9558,40.6474],[-3.9558,40.6473],[-3.9558,40.6471],[-3.9558,40.6469],[-3.9557,40.6468],[-3.9557,40.6466],[-3.9557,40.6465],[-3.9556,40.6465],[-3.9556,40.6464],[-3.9555,40.6463],[-3.9555,40.6463],[-3.9554,40.6462],[-3.9553,40.6462],[-3.9552,40.6461],[-3.9552,40.6461],[-3.9551,40.646],[-3.955,40.646],[-3.9556,40.6455],[-3.9562,40.6451],[-3.9564,40.6452],[-3.9567,40.6452],[-3.957,40.6453],[-3.9573,40.6454],[-3.9576,40.6455],[-3.9579,40.6456],[-3.9582,40.6458],[-3.9584,40.6458],[-3.9585,40.6459],[-3.9587,40.6459],[-3.9589,40.646],[-3.959,40.6461],[-3.9592,40.6461],[-3.9593,40.6462],[-3.9595,40.6463],[-3.9596,40.6464],[-3.9598,40.6464],[-3.96,40.6464],[-3.9601,40.6465],[-3.9603,40.6465],[-3.9604,40.6466],[-3.9605,40.6465],[-3.9605,40.6465],[-3.9605,40.6464],[-3.9606,40.6464],[-3.9606,40.6463],[-3.9607,40.6463],[-3.9608,40.6463],[-3.9608,40.6462],[-3.9609,40.6462],[-3.961,40.6462],[-3.9611,40.6462],[-3.9612,40.6462],[-3.9612,40.6462],[-3.9613,40.6462],[-3.9614,40.6462],[-3.9615,40.6462],[-3.9616,40.6462],[-3.9617,40.6462],[-3.9618,40.6462],[-3.9619,40.6462],[-3.962,40.6463],[-3.9621,40.6463],[-3.9622,40.6463],[-3.9622,40.6464],[-3.9623,40.6464],[-3.9624,40.6464],[-3.9625,40.6464],[-3.9625,40.6464],[-3.9626,40.6464],[-3.9627,40.6464],[-3.9628,40.6464],[-3.9629,40.6464],[-3.9629,40.6463],[-3.9629,40.6462],[-3.9629,40.6461],[-3.963,40.646],[-3.963,40.6459],[-3.963,40.6458],[-3.963,40.6457],[-3.963,40.6457],[-3.963,40.6456],[-3.963,40.6456],[-3.963,40.6455],[-3.963,40.6455],[-3.963,40.6455],[-3.963,40.6454],[-3.963,40.6454],[-3.963,40.6453],[-3.9631,40.6453],[-3.9631,40.6452],[-3.9631,40.6452],[-3.9634,40.6452],[-3.9636,40.6452],[-3.9638,40.6452],[-3.964,40.6452],[-3.9643,40.6453],[-3.9646,40.6453],[-3.9648,40.6453],[-3.9651,40.6454],[-3.9653,40.6454],[-3.9656,40.6455],[-3.9658,40.6456],[-3.9662,40.6457],[-3.9665,40.6458],[-3.9668,40.6459],[-3.9671,40.646],[-3.9675,40.6461],[-3.9678,40.6462],[-3.9681,40.6463],[-3.9685,40.6464],[-3.9688,40.6465],[-3.9688,40.6464],[-3.9688,40.6464],[-3.9689,40.6463],[-3.9689,40.6462],[-3.9689,40.6462],[-3.969,40.6461],[-3.969,40.646],[-3.9691,40.646],[-3.9691,40.646],[-3.969,40.6459],[-3.969,40.6459],[-3.969,40.6459],[-3.969,40.6458],[-3.969,40.6458],[-3.969,40.6457],[-3.969,40.6457],[-3.969,40.6456],[-3.969,40.6455],[-3.969,40.6455],[-3.969,40.6454],[-3.969,40.6453],[-3.969,40.6453],[-3.969,40.6453],[-3.9691,40.6452],[-3.9692,40.6452],[-3.9692,40.6452],[-3.9693,40.6452],[-3.9695,40.6453],[-3.9697,40.6453],[-3.97,40.6452],[-3.9702,40.6452],[-3.9705,40.6453],[-3.9708,40.6453],[-3.9709,40.6453],[-3.9711,40.6453],[-3.9713,40.6453],[-3.9715,40.6453],[-3.9717,40.6452],[-3.9719,40.6452],[-3.972,40.6452],[-3.9722,40.6452],[-3.9724,40.6451],[-3.9726,40.6451],[-3.9728,40.645],[-3.9729,40.645],[-3.9731,40.6449],[-3.9732,40.6449],[-3.9733,40.6449],[-3.9734,40.6449],[-3.9735,40.6449],[-3.9736,40.6449],[-3.9737,40.6449],[-3.9738,40.6449],[-3.9739,40.6448],[-3.9742,40.6447],[-3.9745,40.6445],[-3.9748,40.6444],[-3.9751,40.6442],[-3.9753,40.6442],[-3.9755,40.6442],[-3.9757,40.6442],[-3.9759,40.6441],[-3.9761,40.6441],[-3.9763,40.6441],[-3.9765,40.6441],[-3.9768,40.6441],[-3.977,40.6442],[-3.9771,40.6442],[-3.9772,40.6442],[-3.9773,40.6443],[-3.9774,40.6443],[-3.9774,40.6444],[-3.9775,40.6445],[-3.9776,40.6445],[-3.9777,40.6446],[-3.9777,40.6447],[-3.9779,40.6447],[-3.978,40.6448],[-3.9781,40.6448],[-3.9782,40.6449],[-3.9783,40.645],[-3.9784,40.645],[-3.9785,40.6451],[-3.9786,40.6452],[-3.9787,40.6453],[-3.9788,40.6453],[-3.9788,40.6454],[-3.9789,40.6455],[-3.9795,40.6457],[-3.98,40.6458],[-3.9806,40.6459],[-3.981,40.646],[-3.9815,40.646],[-3.982,40.646],[-3.9821,40.6459],[-3.9822,40.6457],[-3.9823,40.6455],[-3.9823,40.6454],[-3.9823,40.6453],[-3.9823,40.6452],[-3.9823,40.6451],[-3.9824,40.645],[-3.9824,40.6449],[-3.9824,40.6448],[-3.9825,40.6447],[-3.9826,40.6448],[-3.9827,40.6448],[-3.9828,40.6448],[-3.9829,40.6448],[-3.983,40.6449],[-3.9831,40.6449],[-3.9832,40.6447],[-3.9834,40.6446],[-3.9835,40.6444],[-3.9836,40.6443],[-3.9837,40.6441],[-3.9839,40.644],[-3.9838,40.644],[-3.9837,40.6439],[-3.9836,40.6439],[-3.9835,40.6439],[-3.9835,40.6439],[-3.9834,40.6439],[-3.9834,40.6439],[-3.9833,40.6439],[-3.9833,40.6438],[-3.9832,40.6438],[-3.9832,40.6438],[-3.9832,40.6437],[-3.9831,40.6437],[-3.9831,40.6436],[-3.9831,40.6436],[-3.9831,40.6435],[-3.983,40.6435],[-3.983,40.6434],[-3.983,40.6434],[-3.983,40.6433],[-3.983,40.6432],[-3.983,40.6432],[-3.983,40.6431],[-3.983,40.6431],[-3.983,40.643],[-3.9831,40.6429],[-3.9831,40.6429],[-3.9832,40.6428],[-3.9832,40.6428],[-3.9833,40.6427],[-3.9833,40.6427],[-3.9834,40.6427],[-3.9835,40.6426],[-3.9835,40.6426],[-3.9836,40.6426],[-3.9837,40.6426],[-3.9838,40.6426],[-3.9839,40.6426],[-3.984,40.6426],[-3.984,40.6426],[-3.9841,40.6426],[-3.9842,40.6426],[-3.9843,40.6426],[-3.9843,40.6427],[-3.9844,40.6427],[-3.9845,40.6427],[-3.9846,40.6425],[-3.9848,40.6423],[-3.985,40.6422],[-3.985,40.6421],[-3.9851,40.642],[-3.9852,40.6419],[-3.9853,40.6418],[-3.9853,40.6418],[-3.9854,40.6417],[-3.9854,40.6417],[-3.9855,40.6417],[-3.9856,40.6417],[-3.9856,40.6417],[-3.9857,40.6417],[-3.9858,40.6417],[-3.9858,40.6417],[-3.9859,40.6417],[-3.9859,40.6417],[-3.986,40.6417],[-3.9863,40.6418],[-3.9867,40.6419],[-3.9869,40.6418],[-3.9871,40.6417],[-3.9873,40.6416],[-3.9876,40.6415],[-3.9878,40.6414],[-3.988,40.6413],[-3.9882,40.6412],[-3.9883,40.6411],[-3.9883,40.6411],[-3.9884,40.6411],[-3.9885,40.641],[-3.9886,40.641],[-3.9887,40.6409],[-3.9887,40.6409],[-3.9888,40.6409],[-3.9889,40.6408],[-3.9889,40.6408],[-3.989,40.6407],[-3.989,40.6406],[-3.9891,40.6406],[-3.9891,40.6405],[-3.9891,40.6405],[-3.9891,40.6404],[-3.9891,40.6403],[-3.9891,40.6403],[-3.9891,40.6402],[-3.9891,40.6401],[-3.9891,40.6401],[-3.9891,40.64],[-3.9891,40.6399],[-3.9891,40.6399],[-3.989,40.6398],[-3.989,40.6398],[-3.9889,40.6397],[-3.9889,40.6396],[-3.9888,40.6395],[-3.9887,40.6395],[-3.9886,40.6394],[-3.9885,40.6393],[-3.9885,40.6393],[-3.9884,40.6392],[-3.9883,40.6392],[-3.9883,40.6392],[-3.9882,40.6392],[-3.9881,40.6391],[-3.988,40.6391],[-3.988,40.6391],[-3.988,40.6391],[-3.9879,40.6391],[-3.9879,40.639],[-3.9879,40.639],[-3.9879,40.639],[-3.9879,40.6389],[-3.9879,40.6389],[-3.9879,40.6389],[-3.9879,40.6388],[-3.988,40.6388],[-3.9881,40.6387],[-3.9881,40.6387],[-3.9882,40.6387],[-3.9883,40.6386],[-3.9884,40.6386],[-3.9884,40.6386],[-3.9885,40.6386],[-3.9886,40.6385],[-3.9887,40.6385],[-3.9888,40.6385],[-3.9889,40.6386],[-3.989,40.6386],[-3.9891,40.6386],[-3.9891,40.6386],[-3.9892,40.6386],[-3.9893,40.6386],[-3.9894,40.6386],[-3.9895,40.6386],[-3.9896,40.6385],[-3.9897,40.6385],[-3.9898,40.6385],[-3.9899,40.6385],[-3.99,40.6384],[-3.9902,40.6384],[-3.9904,40.6383],[-3.9905,40.6383],[-3.9907,40.6383],[-3.9909,40.6383],[-3.9911,40.6383],[-3.9913,40.6383],[-3.9915,40.6383],[-3.9917,40.6383],[-3.9919,40.6383],[-3.992,40.6383],[-3.9922,40.6384],[-3.9923,40.6384],[-3.9925,40.6385],[-3.9926,40.6385],[-3.9928,40.6386],[-3.9931,40.6388],[-3.9935,40.6391],[-3.9938,40.6393],[-3.9942,40.6396],[-3.9943,40.6395],[-3.9944,40.6394],[-3.9944,40.6393],[-3.9945,40.6392],[-3.9946,40.6391],[-3.9947,40.639],[-3.9948,40.639],[-3.9949,40.6389],[-3.9952,40.6388],[-3.9954,40.6387],[-3.9956,40.6386],[-3.9959,40.6385],[-3.9961,40.6383],[-3.9962,40.6383],[-3.9963,40.6382],[-3.9964,40.6381],[-3.9965,40.638],[-3.9966,40.6379],[-3.9967,40.6378],[-3.9968,40.6377],[-3.9969,40.6375],[-3.997,40.6374],[-3.997,40.6373],[-3.9971,40.6372],[-3.9971,40.6371],[-3.997,40.637],[-3.997,40.637],[-3.9969,40.637],[-3.9968,40.6369],[-3.9967,40.6369],[-3.9967,40.6369],[-3.9964,40.6369],[-3.9961,40.6369],[-3.9959,40.6369],[-3.9956,40.6369],[-3.9953,40.6369],[-3.9954,40.6367],[-3.9955,40.6366],[-3.9956,40.6364],[-3.9957,40.6363],[-3.9958,40.6361],[-3.9959,40.636],[-3.996,40.6358],[-3.996,40.6358],[-3.996,40.6357],[-3.996,40.6357],[-3.996,40.6356],[-3.996,40.6356],[-3.996,40.6356],[-3.996,40.6355],[-3.9959,40.6355],[-3.9959,40.6354],[-3.9959,40.6354],[-3.9958,40.6354],[-3.9958,40.6353],[-3.9957,40.6353],[-3.9957,40.6353],[-3.9956,40.6353],[-3.9955,40.6353],[-3.9955,40.6353],[-3.9954,40.6353],[-3.9954,40.6353],[-3.9952,40.6353],[-3.9951,40.6354],[-3.9949,40.6354],[-3.9948,40.6354],[-3.9947,40.6354],[-3.9945,40.6354],[-3.9944,40.6354],[-3.9943,40.6354],[-3.9941,40.6354],[-3.994,40.6354],[-3.9939,40.6354],[-3.9938,40.6353],[-3.9938,40.6353],[-3.9937,40.6353],[-3.9936,40.6352],[-3.9935,40.6352],[-3.9934,40.6351],[-3.9932,40.635],[-3.9929,40.6349],[-3.9926,40.6347],[-3.9928,40.6346],[-3.9929,40.6344],[-3.9931,40.6343],[-3.9933,40.6341],[-3.9934,40.634],[-3.9935,40.6338],[-3.9937,40.6336],[-3.9938,40.6335],[-3.9939,40.6333],[-3.994,40.6332],[-3.994,40.6332],[-3.994,40.6331],[-3.994,40.6331],[-3.994,40.633],[-3.994,40.633],[-3.994,40.6329],[-3.994,40.6328],[-3.994,40.6328],[-3.9939,40.6327],[-3.9939,40.6327],[-3.9939,40.6326],[-3.9938,40.6325],[-3.9938,40.6325],[-3.9938,40.6324],[-3.9938,40.6323],[-3.9937,40.6323],[-3.9937,40.6323],[-3.9936,40.6323],[-3.9935,40.6323],[-3.9935,40.6323],[-3.9934,40.6322],[-3.9934,40.6322],[-3.9933,40.6322],[-3.9933,40.6321],[-3.9931,40.632],[-3.9929,40.6318],[-3.9927,40.6317],[-3.9925,40.6315],[-3.9923,40.6313],[-3.9922,40.6311],[-3.9921,40.6311],[-3.9921,40.631],[-3.9921,40.631],[-3.992,40.6309],[-3.992,40.6309],[-3.992,40.6308],[-3.992,40.6308],[-3.992,40.6307],[-3.9921,40.6307],[-3.9921,40.6306],[-3.9921,40.6305],[-3.9922,40.6305],[-3.9922,40.6305],[-3.9932,40.6294],[-3.9942,40.6284],[-3.9945,40.6281],[-3.9945,40.6281],[-3.9944,40.6281],[-3.9944,40.628],[-3.9944,40.628],[-3.9944,40.628],[-3.9944,40.6279],[-3.9943,40.6279],[-3.9943,40.6279],[-3.9942,40.6279],[-3.994,40.628],[-3.9938,40.628],[-3.9937,40.6281],[-3.9935,40.6282],[-3.9933,40.6283],[-3.993,40.6285],[-3.9928,40.6284],[-3.9927,40.6282],[-3.9926,40.6281],[-3.9924,40.6279],[-3.9925,40.6279],[-3.9926,40.6278],[-3.9927,40.6278],[-3.9928,40.6277],[-3.9929,40.6277],[-3.993,40.6276],[-3.9931,40.6276],[-3.9932,40.6275],[-3.9933,40.6274],[-3.9934,40.6273],[-3.9934,40.6273],[-3.9935,40.6272],[-3.9929,40.6266],[-3.9923,40.626],[-3.9917,40.6254],[-3.9911,40.6248],[-3.9905,40.6242],[-3.9904,40.6241],[-3.9903,40.624],[-3.9902,40.6239],[-3.9901,40.6238],[-3.9899,40.6237],[-3.9898,40.6236],[-3.9896,40.6235],[-3.9894,40.6234],[-3.9893,40.6233],[-3.9891,40.6232],[-3.989,40.6231],[-3.9889,40.623],[-3.9887,40.6229],[-3.9886,40.6227],[-3.9885,40.6226],[-3.9884,40.6225],[-3.9882,40.6223],[-3.9881,40.6222],[-3.988,40.622],[-3.9879,40.6219],[-3.9874,40.6215],[-3.9869,40.6211],[-3.9864,40.6207],[-3.9859,40.6203],[-3.9854,40.6199],[-3.984,40.6187],[-3.9826,40.6176],[-3.982,40.6167],[-3.9813,40.6159],[-3.9807,40.6151],[-3.9805,40.6149],[-3.9804,40.6148],[-3.9803,40.6146],[-3.9801,40.6144],[-3.98,40.6143],[-3.9798,40.6141],[-3.9796,40.614],[-3.9795,40.6138],[-3.9793,40.6137],[-3.9787,40.6132],[-3.9782,40.6128],[-3.9776,40.6123],[-3.9771,40.6119],[-3.9765,40.6114],[-3.976,40.6109],[-3.9755,40.6105],[-3.9751,40.6101],[-3.9746,40.6097],[-3.9742,40.6093],[-3.9737,40.6089],[-3.9733,40.6085],[-3.9728,40.6081],[-3.9724,40.6076],[-3.972,40.6072],[-3.9719,40.6071],[-3.9718,40.607],[-3.9717,40.6069],[-3.9716,40.6068],[-3.9714,40.6067],[-3.9713,40.6066],[-3.9712,40.6065],[-3.971,40.6064],[-3.9709,40.6064],[-3.9706,40.6062],[-3.9703,40.6061],[-3.97,40.6059],[-3.9698,40.6058],[-3.9695,40.6056],[-3.9692,40.6055],[-3.9688,40.6054],[-3.9686,40.6053],[-3.9684,40.6052],[-3.9681,40.6051],[-3.9679,40.605],[-3.9676,40.6049],[-3.9674,40.6048],[-3.9672,40.6047],[-3.967,40.6046],[-3.9667,40.6045],[-3.9665,40.6044],[-3.9663,40.6043],[-3.9661,40.6041],[-3.9659,40.604],[-3.9657,40.6038],[-3.9655,40.6037],[-3.9654,40.6035],[-3.9652,40.6034],[-3.965,40.6032],[-3.9648,40.603],[-3.9646,40.6028],[-3.9645,40.6026],[-3.9643,40.6024],[-3.9641,40.6022],[-3.964,40.602],[-3.9638,40.6018],[-3.9637,40.6016],[-3.9636,40.6014],[-3.9634,40.6012],[-3.9633,40.601],[-3.9632,40.6007],[-3.9631,40.6005],[-3.963,40.6003],[-3.963,40.6001],[-3.9629,40.5999],[-3.9628,40.5997],[-3.9628,40.5996],[-3.9628,40.5994],[-3.9628,40.5993],[-3.9627,40.5992],[-3.9627,40.5991],[-3.9626,40.599],[-3.9626,40.5988],[-3.9625,40.5987],[-3.9624,40.5986],[-3.9623,40.5985],[-3.9623,40.5984],[-3.9622,40.5983],[-3.9621,40.5982],[-3.9619,40.5981],[-3.9618,40.598],[-3.9617,40.5979],[-3.9615,40.5978],[-3.9614,40.5977],[-3.9613,40.5976],[-3.9611,40.5975],[-3.9609,40.5974],[-3.9608,40.5974],[-3.9606,40.5973],[-3.9604,40.5972],[-3.9603,40.5972],[-3.9601,40.5971],[-3.9599,40.5971],[-3.9597,40.597],[-3.9594,40.597],[-3.9592,40.597],[-3.959,40.597],[-3.9588,40.5969],[-3.9586,40.5969],[-3.9584,40.5969],[-3.9581,40.5969],[-3.9579,40.5969],[-3.9576,40.597],[-3.9574,40.597],[-3.9571,40.597],[-3.9568,40.597],[-3.9566,40.597],[-3.9563,40.5969],[-3.956,40.5969],[-3.9558,40.5969],[-3.9555,40.5969],[-3.9553,40.5968],[-3.9552,40.5968],[-3.955,40.5968],[-3.9548,40.5967],[-3.9547,40.5967],[-3.9545,40.5967],[-3.9544,40.5966],[-3.9542,40.5965],[-3.9541,40.5965],[-3.9539,40.5964],[-3.9538,40.5963],[-3.9536,40.5962],[-3.9535,40.5962],[-3.9534,40.5961],[-3.9533,40.596],[-3.9531,40.5959],[-3.953,40.5958],[-3.9529,40.5958],[-3.9528,40.5957],[-3.9527,40.5956],[-3.9526,40.5955],[-3.9525,40.5954],[-3.9524,40.5953],[-3.9523,40.5952],[-3.9523,40.5951],[-3.9522,40.595],[-3.9521,40.5949],[-3.9521,40.5948],[-3.9521,40.5948],[-3.9521,40.5947],[-3.952,40.5946],[-3.952,40.5945],[-3.952,40.5944],[-3.952,40.5943],[-3.9521,40.5942],[-3.9521,40.5941],[-3.9521,40.594],[-3.9517,40.5948],[-3.9512,40.5955],[-3.9524,40.5969],[-3.9526,40.5971],[-3.9528,40.5972],[-3.9529,40.5973],[-3.9531,40.5974],[-3.9532,40.5976],[-3.9533,40.5977],[-3.9534,40.5978],[-3.9536,40.5979],[-3.9539,40.5983],[-3.9543,40.5986],[-3.9547,40.5989],[-3.9554,40.5995],[-3.9561,40.6],[-3.9567,40.6003],[-3.9574,40.6007],[-3.9582,40.6012],[-3.9591,40.6017],[-3.959,40.6023],[-3.959,40.6029],[-3.9591,40.6047],[-3.9591,40.6057],[-3.9591,40.6066],[-3.9592,40.6075],[-3.9592,40.609],[-3.9592,40.6106],[-3.9591,40.6123],[-3.959,40.6139],[-3.9589,40.6149],[-3.9588,40.6158],[-3.9588,40.6165],[-3.9588,40.6172],[-3.96,40.6191],[-3.9598,40.6198],[-3.9596,40.6205],[-3.9592,40.6221],[-3.9587,40.6237],[-3.9585,40.6241],[-3.9584,40.6255],[-3.9584,40.6268],[-3.9584,40.6271],[-3.9584,40.6273],[-3.9582,40.6282],[-3.9581,40.6292],[-3.9581,40.6295],[-3.9581,40.6299],[-3.9581,40.6307],[-3.958,40.6314],[-3.9579,40.6321],[-3.958,40.6325],[-3.9581,40.6329],[-3.9579,40.6331],[-3.9566,40.6347],[-3.9564,40.635],[-3.9561,40.6352],[-3.9559,40.6351],[-3.9557,40.6351],[-3.9556,40.6351],[-3.9554,40.635],[-3.9552,40.635],[-3.955,40.6351],[-3.9548,40.6351],[-3.9546,40.6351],[-3.9543,40.6352],[-3.9541,40.6352],[-3.9538,40.6352],[-3.9536,40.6352],[-3.9535,40.6352],[-3.9533,40.6351],[-3.9532,40.6351],[-3.9531,40.635],[-3.9529,40.6349],[-3.9528,40.6347],[-3.9527,40.6346],[-3.9523,40.6344],[-3.952,40.6341],[-3.9517,40.6339],[-3.9513,40.6336],[-3.9512,40.6335],[-3.951,40.6333],[-3.9507,40.6332],[-3.9504,40.633],[-3.9501,40.6329],[-3.95,40.6327],[-3.9499,40.6326],[-3.9497,40.6324],[-3.9496,40.6323],[-3.9495,40.6322],[-3.9493,40.6321],[-3.9492,40.632],[-3.949,40.632],[-3.9482,40.6316],[-3.9473,40.6313],[-3.9472,40.6312],[-3.947,40.6312],[-3.9469,40.6312],[-3.9466,40.6311],[-3.9463,40.6311],[-3.9461,40.631],[-3.946,40.6309],[-3.9459,40.6309],[-3.9458,40.6307],[-3.9455,40.6305],[-3.9452,40.6302],[-3.945,40.63],[-3.9448,40.6297],[-3.9446,40.6295],[-3.9444,40.6291],[-3.9441,40.6288],[-3.9439,40.6285],[-3.9436,40.6282],[-3.9433,40.6279],[-3.9433,40.6278],[-3.9432,40.6278],[-3.9432,40.6277],[-3.9432,40.6276],[-3.9432,40.6275],[-3.9432,40.6274],[-3.9431,40.6273],[-3.943,40.6273],[-3.9429,40.6272],[-3.9428,40.6271],[-3.9427,40.6271],[-3.9426,40.627],[-3.9425,40.6269],[-3.9423,40.6268],[-3.9421,40.6267],[-3.9419,40.6266],[-3.9417,40.6266],[-3.9414,40.6265],[-3.9412,40.6264],[-3.9409,40.6264],[-3.9406,40.6263],[-3.9404,40.6261],[-3.94,40.626],[-3.9396,40.6259],[-3.9392,40.6257],[-3.9389,40.6257],[-3.9386,40.6256],[-3.9382,40.6256],[-3.9379,40.6255],[-3.9376,40.6255],[-3.9374,40.6255],[-3.9373,40.6254],[-3.937,40.6253],[-3.9367,40.6252],[-3.9362,40.625],[-3.9357,40.6248],[-3.9351,40.6246],[-3.9346,40.6244],[-3.9341,40.6239],[-3.9336,40.6233],[-3.9335,40.6231],[-3.9333,40.6229],[-3.9328,40.6225],[-3.9324,40.6221],[-3.9322,40.6219],[-3.932,40.6218],[-3.9318,40.6216],[-3.9315,40.6215],[-3.9313,40.6214],[-3.9311,40.6214],[-3.9309,40.6214],[-3.9307,40.6214],[-3.9305,40.6214],[-3.9303,40.6213],[-3.93,40.6213],[-3.9298,40.6212],[-3.9295,40.6212],[-3.9293,40.6211],[-3.9291,40.6211],[-3.9289,40.621],[-3.9288,40.621],[-3.9285,40.6209],[-3.9282,40.6209],[-3.9279,40.6209],[-3.9276,40.6208],[-3.9273,40.6206],[-3.9266,40.6206],[-3.9258,40.6206],[-3.9251,40.6205],[-3.9245,40.6204],[-3.924,40.6204],[-3.9235,40.6203],[-3.9231,40.6203],[-3.9227,40.6203],[-3.9223,40.6203],[-3.9219,40.6204],[-3.9217,40.6203],[-3.9215,40.6203],[-3.9213,40.6203],[-3.9211,40.6204],[-3.921,40.6204],[-3.9209,40.6204],[-3.9209,40.6205],[-3.9208,40.6205],[-3.9208,40.6206],[-3.9207,40.6207],[-3.9207,40.6207],[-3.9206,40.6207],[-3.9205,40.6207],[-3.9205,40.6208],[-3.9204,40.6208],[-3.9204,40.6209],[-3.9204,40.6209],[-3.9204,40.621],[-3.9203,40.6211],[-3.9199,40.6213],[-3.9194,40.6217],[-3.9189,40.6221],[-3.9187,40.6223],[-3.9185,40.6225],[-3.9182,40.6227],[-3.9179,40.623],[-3.9176,40.6232],[-3.9174,40.6234],[-3.9173,40.6236],[-3.9172,40.6237],[-3.9171,40.6239],[-3.9168,40.6241],[-3.9166,40.6242],[-3.9163,40.6245],[-3.9162,40.6246],[-3.916,40.6248],[-3.9159,40.6249],[-3.9158,40.6251],[-3.9158,40.6252],[-3.9156,40.6253],[-3.9153,40.6255],[-3.9151,40.6257],[-3.9149,40.6258],[-3.9148,40.626],[-3.9147,40.6262],[-3.9145,40.6264],[-3.9143,40.6266],[-3.914,40.6268],[-3.9137,40.627],[-3.9134,40.6272],[-3.9131,40.6274],[-3.9128,40.6275],[-3.9126,40.6277],[-3.9124,40.6279],[-3.9123,40.6281],[-3.9121,40.6283],[-3.9122,40.6284],[-3.9122,40.6285],[-3.9122,40.6285],[-3.9122,40.6286],[-3.9121,40.6287],[-3.9121,40.6288],[-3.912,40.6288],[-3.912,40.6289],[-3.9119,40.6289],[-3.9118,40.6288],[-3.9117,40.6288],[-3.9116,40.6288],[-3.9116,40.6289],[-3.9115,40.6289],[-3.9114,40.6289],[-3.9114,40.629],[-3.9114,40.6291],[-3.9114,40.6292],[-3.9113,40.6292],[-3.9112,40.6293],[-3.911,40.6293],[-3.9108,40.6292],[-3.9106,40.6292],[-3.9104,40.6291],[-3.9102,40.629],[-3.91,40.629],[-3.9098,40.6291],[-3.9097,40.6291],[-3.9097,40.6292],[-3.9096,40.6293],[-3.9096,40.6293],[-3.9093,40.6294],[-3.9089,40.6295],[-3.9088,40.6295],[-3.9088,40.6295],[-3.9087,40.6294],[-3.9084,40.6293],[-3.9082,40.6293],[-3.9079,40.6292],[-3.9075,40.6291],[-3.9071,40.6291],[-3.9066,40.6291],[-3.9067,40.6288],[-3.9067,40.6286],[-3.9067,40.6284],[-3.9067,40.6282],[-3.9066,40.6281],[-3.9066,40.6279],[-3.9065,40.6276],[-3.9062,40.6277],[-3.906,40.6278],[-3.9058,40.6279],[-3.9056,40.6279],[-3.905,40.6281],[-3.9044,40.6283],[-3.9044,40.6286],[-3.9043,40.629],[-3.9043,40.6294],[-3.904,40.6295],[-3.9037,40.6297],[-3.9034,40.6298],[-3.9032,40.6297],[-3.9031,40.6296],[-3.9029,40.6296],[-3.9028,40.6295],[-3.9027,40.6295],[-3.9025,40.6295],[-3.9024,40.6295],[-3.902,40.6297],[-3.9017,40.6299],[-3.9013,40.63],[-3.9009,40.6302],[-3.901,40.6304],[-3.9008,40.6305],[-3.9005,40.6306],[-3.9002,40.6306],[-3.8997,40.6308],[-3.8993,40.6309],[-3.8988,40.631],[-3.8988,40.6309],[-3.8988,40.6308],[-3.8988,40.6308],[-3.8988,40.6307],[-3.8987,40.6306],[-3.8986,40.6305],[-3.8986,40.6304],[-3.8985,40.6303],[-3.8982,40.6305],[-3.8978,40.6308],[-3.8974,40.631],[-3.897,40.6313],[-3.8967,40.6317],[-3.8964,40.632],[-3.8962,40.6321],[-3.8959,40.6323],[-3.8957,40.6324],[-3.8955,40.6326],[-3.8953,40.6328],[-3.8951,40.6329],[-3.895,40.6331],[-3.8948,40.6333],[-3.8946,40.6335],[-3.8944,40.6338],[-3.8943,40.634],[-3.8938,40.6344],[-3.8934,40.6348],[-3.8931,40.635],[-3.8927,40.6352],[-3.8925,40.6355],[-3.8918,40.636],[-3.8911,40.6365],[-3.891,40.6366],[-3.891,40.6367],[-3.8909,40.6368],[-3.8908,40.6368],[-3.8907,40.6369],[-3.8906,40.6369],[-3.8905,40.6369],[-3.8904,40.637],[-3.8903,40.6371],[-3.8902,40.6372],[-3.8901,40.6372],[-3.8901,40.6373],[-3.8897,40.6376],[-3.8893,40.6379],[-3.8889,40.6382],[-3.8885,40.6385],[-3.8883,40.6402],[-3.8881,40.6419],[-3.888,40.6422],[-3.8883,40.6428],[-3.8886,40.6435],[-3.8889,40.6443],[-3.8883,40.6445],[-3.8877,40.6448],[-3.8877,40.6447],[-3.8877,40.6445],[-3.8876,40.6444],[-3.8876,40.6444],[-3.8875,40.6443],[-3.8874,40.6443],[-3.887,40.6442],[-3.8867,40.6442],[-3.8863,40.6441],[-3.8858,40.6439],[-3.8854,40.6437],[-3.8851,40.6438],[-3.8848,40.6438],[-3.8845,40.6438],[-3.8842,40.6439],[-3.8838,40.6439],[-3.8836,40.6439],[-3.8834,40.6439],[-3.8832,40.644],[-3.8831,40.6441],[-3.883,40.6442],[-3.8829,40.6442],[-3.8828,40.6443],[-3.8827,40.6445],[-3.8827,40.6446],[-3.8821,40.6445],[-3.8815,40.6445],[-3.8811,40.644],[-3.8807,40.6435],[-3.8806,40.6434],[-3.8804,40.6433],[-3.8803,40.6432],[-3.8802,40.6432],[-3.88,40.6431],[-3.8799,40.6431],[-3.8797,40.6431],[-3.8795,40.6432],[-3.8794,40.6432],[-3.8792,40.6432],[-3.8791,40.6432],[-3.879,40.6432],[-3.8789,40.6432],[-3.8787,40.6432],[-3.8785,40.643],[-3.8783,40.6428],[-3.878,40.6428],[-3.8777,40.6427],[-3.8776,40.6426],[-3.8774,40.6425],[-3.8773,40.6424],[-3.8772,40.6423],[-3.8772,40.6423],[-3.8771,40.6422],[-3.877,40.6421],[-3.8768,40.642],[-3.8767,40.6419],[-3.8765,40.6418],[-3.8764,40.6417],[-3.8762,40.6415],[-3.8761,40.6414],[-3.8759,40.6413],[-3.8757,40.6412],[-3.8754,40.6412],[-3.8753,40.6411],[-3.8751,40.641],[-3.8749,40.6409],[-3.8747,40.6409],[-3.8746,40.6408],[-3.8744,40.6408],[-3.8742,40.6408],[-3.874,40.6408],[-3.8738,40.6409],[-3.8735,40.6408],[-3.8732,40.6408],[-3.873,40.6408],[-3.8727,40.6409],[-3.8724,40.6409],[-3.8722,40.6409],[-3.872,40.641],[-3.8718,40.641],[-3.8716,40.6409],[-3.8714,40.6409],[-3.8712,40.6408],[-3.871,40.6407],[-3.8709,40.6406],[-3.8708,40.6405],[-3.8707,40.6404],[-3.8705,40.6403],[-3.8703,40.6402],[-3.8702,40.6401],[-3.87,40.64],[-3.8697,40.64],[-3.8695,40.6399],[-3.8693,40.6399],[-3.8689,40.6396],[-3.8685,40.6392],[-3.8681,40.6388],[-3.8678,40.6385],[-3.8675,40.6382],[-3.8673,40.638],[-3.8671,40.6379],[-3.867,40.6377],[-3.8669,40.6375],[-3.8668,40.6375],[-3.8667,40.6374],[-3.8666,40.6374],[-3.8665,40.6374],[-3.8663,40.6373],[-3.8662,40.6374],[-3.866,40.6374],[-3.8658,40.6374],[-3.8657,40.6373],[-3.8656,40.6373],[-3.8654,40.6372],[-3.8653,40.6372],[-3.8652,40.6372],[-3.865,40.6372],[-3.8647,40.6371],[-3.8645,40.6371],[-3.8642,40.6371],[-3.8635,40.6369],[-3.8629,40.6366],[-3.8627,40.6366],[-3.8626,40.6366],[-3.8624,40.6366],[-3.8622,40.6366],[-3.8621,40.6366],[-3.8619,40.6367],[-3.8617,40.6366],[-3.8615,40.6366],[-3.8613,40.6365],[-3.8611,40.6365],[-3.8609,40.6364],[-3.8608,40.6363],[-3.8607,40.6362],[-3.8605,40.6362],[-3.8604,40.6362],[-3.8601,40.6362],[-3.8599,40.6362],[-3.8596,40.6362],[-3.8595,40.6362],[-3.8593,40.6362],[-3.8591,40.6361],[-3.8586,40.6361],[-3.8582,40.636],[-3.8579,40.636],[-3.8576,40.636],[-3.8576,40.636],[-3.8575,40.636],[-3.8575,40.636],[-3.8575,40.636],[-3.8575,40.6361],[-3.8575,40.6361],[-3.8574,40.6362],[-3.8574,40.6362],[-3.8573,40.6362],[-3.857,40.6363],[-3.8567,40.6363],[-3.8562,40.6364],[-3.8557,40.6364],[-3.8553,40.6365],[-3.8549,40.6366],[-3.8545,40.6367],[-3.8539,40.6369],[-3.8533,40.637],[-3.8526,40.6372],[-3.8519,40.6374],[-3.8511,40.6377],[-3.8505,40.638],[-3.85,40.6384],[-3.8493,40.6388],[-3.8487,40.6391],[-3.8481,40.6394],[-3.848,40.6396],[-3.848,40.6397],[-3.8479,40.6398],[-3.8478,40.6399],[-3.8477,40.64],[-3.8477,40.6401],[-3.8478,40.6402],[-3.8478,40.6404],[-3.8477,40.6405],[-3.8477,40.6406],[-3.8476,40.6407],[-3.8476,40.6408],[-3.8475,40.6408],[-3.8473,40.641],[-3.8472,40.6413],[-3.847,40.6415],[-3.8469,40.6417],[-3.8468,40.642],[-3.8467,40.6421],[-3.8466,40.6422],[-3.8464,40.6424],[-3.8462,40.6426],[-3.846,40.6427],[-3.8458,40.6429],[-3.8456,40.643],[-3.8454,40.6431],[-3.8453,40.6432],[-3.8451,40.6433],[-3.8449,40.6434],[-3.8448,40.6434],[-3.8446,40.6435],[-3.8444,40.6436],[-3.8443,40.6436],[-3.8439,40.6437],[-3.844,40.6438],[-3.844,40.6438],[-3.844,40.6439],[-3.8441,40.6439]]]},"geometry_name":"GEOMETRY1","properties":{"CD_TIPO_ZONA":"A2","DS_TIPO_ZONA":"A2: Reserva Natural Educativa.","NM_AREA_M":null,"NM_AREA_HA":null}},{"type":"Feature","id":"IDEM_MA_PR_CA_MANZANARES.22","geometry":{"type":"Polygon","coordinates":[[[-3.9723,40.6613],[-3.9729,40.6613],[-3.9735,40.6614],[-3.9735,40.6614],[-3.9735,40.6614],[-3.9738,40.6614],[-3.9739,40.6614],[-3.9741,40.6614],[-3.9741,40.6614],[-3.9743,40.6614],[-3.9745,40.6614],[-3.9746,40.6614],[-3.9746,40.6614],[-3.9746,40.6614],[-3.9747,40.6614],[-3.9749,40.6614],[-3.975,40.6614],[-3.9752,40.6615],[-3.9756,40.6615],[-3.976,40.6615],[-3.9761,40.6616],[-3.9762,40.6616],[-3.9763,40.6617],[-3.9764,40.6617],[-3.9764,40.6617],[-3.9764,40.6617],[-3.9764,40.6617],[-3.9766,40.6618],[-3.9767,40.6618],[-3.9768,40.6619],[-3.977,40.662],[-3.9772,40.662],[-3.9772,40.662],[-3.9773,40.662],[-3.9773,40.662],[-3.9774,40.662],[-3.9778,40.6621],[-3.9782,40.6621],[-3.9787,40.662],[-3.9788,40.6621],[-3.9788,40.6621],[-3.9789,40.6622],[-3.9791,40.6623],[-3.9792,40.6623],[-3.9794,40.6624],[-3.9795,40.6624],[-3.9795,40.6625],[-3.9795,40.6625],[-3.9796,40.6625],[-3.9796,40.6625],[-3.9797,40.6626],[-3.9799,40.6627],[-3.9799,40.6627],[-3.9801,40.6628],[-3.9805,40.6628],[-3.9808,40.6628],[-3.981,40.6625],[-3.9811,40.6622],[-3.9811,40.6621],[-3.9812,40.6621],[-3.9813,40.6619],[-3.9815,40.6615],[-3.9815,40.6615],[-3.9815,40.6615],[-3.9817,40.661],[-3.9818,40.6609],[-3.9818,40.6609],[-3.9821,40.6604],[-3.9821,40.6604],[-3.9824,40.6598],[-3.9828,40.659],[-3.9829,40.6589],[-3.9831,40.6584],[-3.9832,40.6583],[-3.9832,40.6583],[-3.9834,40.6579],[-3.9835,40.6577],[-3.9836,40.6575],[-3.9837,40.6574],[-3.9837,40.6572],[-3.9838,40.657],[-3.9839,40.6568],[-3.9841,40.6566],[-3.9842,40.6564],[-3.9842,40.6563],[-3.9843,40.6562],[-3.9844,40.6561],[-3.9845,40.656],[-3.9845,40.6559],[-3.9846,40.6559],[-3.9846,40.6559],[-3.9846,40.6558],[-3.9847,40.6557],[-3.9849,40.6556],[-3.985,40.6555],[-3.985,40.6555],[-3.9851,40.6554],[-3.9852,40.6553],[-3.9852,40.6553],[-3.9852,40.6553],[-3.9853,40.6553],[-3.9854,40.6552],[-3.9855,40.6552],[-3.986,40.6548],[-3.9864,40.6544],[-3.9869,40.6539],[-3.987,40.6538],[-3.987,40.6538],[-3.9874,40.6532],[-3.9879,40.6524],[-3.9884,40.6516],[-3.9885,40.6514],[-3.9886,40.6512],[-3.9887,40.651],[-3.9889,40.6506],[-3.989,40.6501],[-3.989,40.6496],[-3.989,40.6496],[-3.989,40.6491],[-3.989,40.649],[-3.989,40.6489],[-3.9889,40.6486],[-3.9888,40.6484],[-3.9887,40.6483],[-3.9886,40.6482],[-3.9885,40.6481],[-3.9884,40.648],[-3.9883,40.6479],[-3.9883,40.6478],[-3.9882,40.6478],[-3.9882,40.6478],[-3.9882,40.6478],[-3.9881,40.6478],[-3.9881,40.6478],[-3.9881,40.6477],[-3.988,40.6477],[-3.9879,40.6477],[-3.9879,40.6476],[-3.9879,40.6476],[-3.9879,40.6476],[-3.9879,40.6476],[-3.9878,40.6476],[-3.9878,40.6475],[-3.9878,40.6474],[-3.9877,40.6474],[-3.9874,40.6472],[-3.9872,40.6471],[-3.9869,40.6469],[-3.9869,40.6468],[-3.9868,40.6468],[-3.9868,40.6467],[-3.9868,40.6467],[-3.9868,40.6466],[-3.9868,40.6466],[-3.9868,40.6466],[-3.9868,40.6465],[-3.9867,40.6465],[-3.9867,40.6464],[-3.9866,40.6464],[-3.9866,40.6464],[-3.9865,40.6464],[-3.9865,40.6463],[-3.9865,40.6463],[-3.9865,40.6463],[-3.9865,40.6463],[-3.9865,40.6463],[-3.9865,40.6463],[-3.9865,40.6463],[-3.9865,40.6463],[-3.9865,40.6462],[-3.9866,40.6462],[-3.9866,40.6462],[-3.9866,40.6462],[-3.9866,40.6462],[-3.9865,40.6461],[-3.9865,40.6461],[-3.9865,40.646],[-3.9864,40.646],[-3.9864,40.646],[-3.9863,40.646],[-3.9863,40.646],[-3.9863,40.646],[-3.9862,40.646],[-3.9859,40.6461],[-3.9857,40.6462],[-3.9857,40.6462],[-3.9857,40.6462],[-3.9855,40.6463],[-3.9854,40.6463],[-3.9852,40.6463],[-3.9852,40.6463],[-3.9852,40.6463],[-3.9851,40.6464],[-3.985,40.6464],[-3.9848,40.6465],[-3.9846,40.6465],[-3.9844,40.6466],[-3.9842,40.6466],[-3.9842,40.6466],[-3.9841,40.6467],[-3.984,40.6468],[-3.9838,40.6469],[-3.9838,40.6471],[-3.9837,40.6472],[-3.9836,40.6472],[-3.9836,40.6473],[-3.9835,40.6474],[-3.9834,40.6475],[-3.9833,40.6477],[-3.9832,40.6478],[-3.983,40.6479],[-3.9829,40.6479],[-3.9828,40.648],[-3.9827,40.648],[-3.9827,40.648],[-3.9827,40.648],[-3.9826,40.648],[-3.9824,40.6481],[-3.9822,40.6481],[-3.9821,40.6482],[-3.9821,40.6482],[-3.9821,40.6482],[-3.982,40.6482],[-3.9818,40.6482],[-3.9817,40.6483],[-3.9809,40.6484],[-3.9802,40.6486],[-3.9795,40.6488],[-3.9789,40.649],[-3.9786,40.6491],[-3.9783,40.6492],[-3.9781,40.6493],[-3.9778,40.6494],[-3.9775,40.6495],[-3.9774,40.6495],[-3.9774,40.6495],[-3.9774,40.6495],[-3.9773,40.6496],[-3.977,40.6497],[-3.9767,40.6498],[-3.9767,40.6498],[-3.9766,40.6499],[-3.9763,40.65],[-3.976,40.6502],[-3.9759,40.6503],[-3.9756,40.6505],[-3.9753,40.6506],[-3.9751,40.6508],[-3.975,40.6509],[-3.9748,40.6509],[-3.9747,40.651],[-3.9745,40.651],[-3.9744,40.6511],[-3.9742,40.6511],[-3.974,40.6511],[-3.9739,40.6511],[-3.9737,40.6511],[-3.9735,40.6511],[-3.9734,40.6511],[-3.9733,40.6511],[-3.9732,40.6511],[-3.9732,40.6511],[-3.9731,40.6511],[-3.9731,40.6511],[-3.9729,40.6511],[-3.9728,40.6511],[-3.9727,40.6511],[-3.9726,40.6511],[-3.9723,40.6511],[-3.9721,40.6512],[-3.9718,40.6515],[-3.9716,40.6518],[-3.9715,40.6519],[-3.9714,40.652],[-3.9714,40.652],[-3.9714,40.6521],[-3.9713,40.6522],[-3.9712,40.6522],[-3.9711,40.6524],[-3.9711,40.6524],[-3.971,40.6525],[-3.971,40.6525],[-3.971,40.6525],[-3.9708,40.6527],[-3.9707,40.653],[-3.9707,40.653],[-3.9705,40.6534],[-3.9704,40.6537],[-3.9703,40.654],[-3.9703,40.654],[-3.9702,40.6544],[-3.9701,40.6548],[-3.9701,40.655],[-3.97,40.6552],[-3.97,40.6553],[-3.97,40.6553],[-3.97,40.6553],[-3.97,40.6554],[-3.9699,40.6556],[-3.9698,40.6558],[-3.9698,40.6559],[-3.9697,40.656],[-3.9697,40.6562],[-3.9696,40.6564],[-3.9695,40.6566],[-3.9691,40.6573],[-3.9689,40.6579],[-3.9683,40.6579],[-3.9679,40.6579],[-3.9676,40.658],[-3.9676,40.658],[-3.9672,40.658],[-3.9672,40.658],[-3.967,40.6581],[-3.9667,40.6582],[-3.9675,40.6588],[-3.9682,40.6595],[-3.969,40.6602],[-3.9697,40.6604],[-3.97,40.6605],[-3.9704,40.6606],[-3.971,40.6607],[-3.9715,40.6608],[-3.9718,40.6609],[-3.972,40.6609],[-3.9722,40.661],[-3.9723,40.661],[-3.9723,40.6611],[-3.9723,40.6613]]]},"geometry_name":"GEOMETRY1","properties":{"CD_TIPO_ZONA":"A2","DS_TIPO_ZONA":"A2: Reserva Natural Educativa.","NM_AREA_M":null,"NM_AREA_HA":null}},{"type":"Feature","id":"IDEM_MA_PR_CA_MANZANARES.23","geometry":{"type":"Polygon","coordinates":[[[-3.9385,40.6957],[-3.9384,40.6956],[-3.9383,40.6954],[-3.9381,40.6953],[-3.938,40.6951],[-3.9378,40.695],[-3.9377,40.6949],[-3.9375,40.6948],[-3.9373,40.6947],[-3.937,40.6946],[-3.9368,40.6945],[-3.9366,40.6944],[-3.9365,40.6943],[-3.9364,40.6942],[-3.9363,40.6941],[-3.9361,40.6941],[-3.936,40.6942],[-3.9359,40.6942],[-3.9358,40.6942],[-3.9357,40.6942],[-3.9355,40.6942],[-3.9352,40.6941],[-3.9351,40.694],[-3.9349,40.694],[-3.9347,40.6939],[-3.9345,40.6938],[-3.9343,40.6937],[-3.9341,40.6937],[-3.934,40.6938],[-3.9339,40.6938],[-3.9337,40.6939],[-3.9335,40.694],[-3.9334,40.6939],[-3.9333,40.6937],[-3.9331,40.6936],[-3.933,40.6935],[-3.9327,40.6933],[-3.9325,40.6932],[-3.9322,40.6932],[-3.932,40.6932],[-3.9318,40.6932],[-3.9316,40.6933],[-3.9315,40.6932],[-3.9313,40.6931],[-3.9313,40.693],[-3.9312,40.6929],[-3.9311,40.6929],[-3.931,40.6928],[-3.9309,40.6928],[-3.9309,40.6927],[-3.9307,40.6927],[-3.9305,40.6927],[-3.9303,40.6926],[-3.93,40.6926],[-3.9298,40.6926],[-3.9296,40.6926],[-3.9294,40.6927],[-3.9292,40.6928],[-3.929,40.6928],[-3.9289,40.6928],[-3.9286,40.6929],[-3.9284,40.6929],[-3.9282,40.6929],[-3.9281,40.693],[-3.9279,40.6931],[-3.9278,40.6932],[-3.9277,40.6933],[-3.9274,40.6935],[-3.9271,40.6937],[-3.9269,40.6938],[-3.9267,40.6938],[-3.9265,40.6938],[-3.9262,40.6939],[-3.9259,40.694],[-3.9256,40.6942],[-3.925,40.6947],[-3.9243,40.6952],[-3.9241,40.6954],[-3.9238,40.6956],[-3.9237,40.6958],[-3.9235,40.696],[-3.9231,40.6964],[-3.9228,40.6968],[-3.9226,40.6971],[-3.9223,40.6974],[-3.9222,40.6975],[-3.9222,40.6977],[-3.9222,40.6979],[-3.9222,40.698],[-3.9222,40.698],[-3.9223,40.698],[-3.9223,40.698],[-3.9223,40.698],[-3.9224,40.6979],[-3.9224,40.6979],[-3.9224,40.6979],[-3.9225,40.6979],[-3.9225,40.6979],[-3.9225,40.698],[-3.9226,40.698],[-3.9226,40.698],[-3.9227,40.6979],[-3.9228,40.6979],[-3.9229,40.6979],[-3.923,40.6979],[-3.923,40.6979],[-3.923,40.6979],[-3.923,40.6979],[-3.9231,40.6978],[-3.9232,40.6978],[-3.9233,40.6978],[-3.9235,40.6978],[-3.9236,40.6978],[-3.9236,40.6978],[-3.9236,40.6978],[-3.9238,40.6978],[-3.9243,40.6978],[-3.9243,40.6978],[-3.9248,40.6977],[-3.9248,40.6977],[-3.9252,40.6976],[-3.9252,40.6976],[-3.9256,40.6976],[-3.9263,40.6976],[-3.9269,40.6975],[-3.927,40.6975],[-3.9278,40.6975],[-3.9282,40.6975],[-3.9282,40.6975],[-3.9282,40.6975],[-3.9285,40.6975],[-3.9285,40.6975],[-3.9285,40.6975],[-3.9286,40.6975],[-3.9287,40.6975],[-3.9288,40.6975],[-3.9289,40.6975],[-3.9291,40.6976],[-3.9292,40.6976],[-3.9293,40.6976],[-3.9295,40.6977],[-3.9296,40.6977],[-3.9297,40.6977],[-3.9299,40.6978],[-3.9301,40.6978],[-3.9303,40.6978],[-3.9305,40.6978],[-3.9306,40.6978],[-3.9307,40.6978],[-3.9307,40.6978],[-3.9308,40.6978],[-3.9309,40.6978],[-3.9309,40.6978],[-3.931,40.6978],[-3.9311,40.6978],[-3.9312,40.6978],[-3.9312,40.6978],[-3.9312,40.6977],[-3.9312,40.6977],[-3.9312,40.6976],[-3.9312,40.6975],[-3.9312,40.6974],[-3.9311,40.6973],[-3.9311,40.6971],[-3.9311,40.697],[-3.9313,40.6968],[-3.9314,40.6966],[-3.9316,40.6963],[-3.9317,40.6961],[-3.9317,40.6959],[-3.9317,40.6959],[-3.9317,40.6957],[-3.9316,40.6957],[-3.9314,40.6957],[-3.9313,40.6957],[-3.9313,40.6957],[-3.9312,40.6956],[-3.9311,40.6956],[-3.931,40.6956],[-3.931,40.6956],[-3.931,40.6956],[-3.9309,40.6956],[-3.9308,40.6956],[-3.9307,40.6956],[-3.9305,40.6955],[-3.9304,40.6955],[-3.9303,40.6955],[-3.9301,40.6954],[-3.9299,40.6954],[-3.93,40.6952],[-3.9301,40.6949],[-3.93,40.6947],[-3.9299,40.6947],[-3.9298,40.6945],[-3.9303,40.6945],[-3.9303,40.6945],[-3.9308,40.6946],[-3.931,40.6945],[-3.9313,40.6945],[-3.9315,40.6946],[-3.9316,40.6946],[-3.9318,40.6947],[-3.9319,40.6947],[-3.9321,40.6946],[-3.9321,40.6946],[-3.9322,40.6946],[-3.9322,40.6946],[-3.9322,40.6946],[-3.9322,40.6945],[-3.9323,40.6945],[-3.9324,40.6945],[-3.9325,40.6944],[-3.9326,40.6944],[-3.9326,40.6944],[-3.9327,40.6944],[-3.9328,40.6943],[-3.9328,40.6943],[-3.9328,40.6943],[-3.9328,40.6943],[-3.933,40.6943],[-3.9333,40.6945],[-3.9335,40.6946],[-3.9338,40.6947],[-3.9338,40.6947],[-3.934,40.6948],[-3.9343,40.6949],[-3.9343,40.695],[-3.9345,40.695],[-3.9346,40.6951],[-3.9347,40.6951],[-3.9348,40.6952],[-3.9349,40.6952],[-3.935,40.6953],[-3.9351,40.6954],[-3.9352,40.6954],[-3.9353,40.6955],[-3.9353,40.6956],[-3.9354,40.6956],[-3.9354,40.6956],[-3.9354,40.6956],[-3.9354,40.6956],[-3.9355,40.6957],[-3.9355,40.6958],[-3.9356,40.6958],[-3.9358,40.6958],[-3.9359,40.6958],[-3.9361,40.6958],[-3.9362,40.6958],[-3.9363,40.6958],[-3.9363,40.6958],[-3.9363,40.6958],[-3.9363,40.6958],[-3.9363,40.6958],[-3.9363,40.6958],[-3.9363,40.6958],[-3.9364,40.6958],[-3.9364,40.6958],[-3.9364,40.6958],[-3.9365,40.6958],[-3.9365,40.6958],[-3.9365,40.6959],[-3.9365,40.6959],[-3.9365,40.696],[-3.9366,40.696],[-3.9367,40.6961],[-3.9368,40.6961],[-3.9369,40.6961],[-3.937,40.6962],[-3.9372,40.6962],[-3.9373,40.6963],[-3.9373,40.6964],[-3.9374,40.6965],[-3.9374,40.6966],[-3.9374,40.6967],[-3.9375,40.6968],[-3.9375,40.6969],[-3.9375,40.697],[-3.9376,40.6971],[-3.9376,40.6971],[-3.9376,40.6971],[-3.9377,40.6971],[-3.9377,40.6971],[-3.9378,40.697],[-3.9378,40.697],[-3.9378,40.6969],[-3.9378,40.6969],[-3.9379,40.6968],[-3.9379,40.6967],[-3.9379,40.6965],[-3.938,40.6965],[-3.938,40.6964],[-3.938,40.6963],[-3.9381,40.6962],[-3.9381,40.696],[-3.9382,40.696],[-3.9382,40.696],[-3.9382,40.696],[-3.9382,40.696],[-3.9382,40.6959],[-3.9383,40.6959],[-3.9383,40.6958],[-3.9383,40.6958],[-3.9383,40.6958],[-3.9383,40.6958],[-3.9384,40.6957],[-3.9385,40.6957]]]},"geometry_name":"GEOMETRY1","properties":{"CD_TIPO_ZONA":"P","DS_TIPO_ZONA":"P: Áreas a ordenar por Planeamiento Urbanistico.","NM_AREA_M":null,"NM_AREA_HA":null}},{"type":"Feature","id":"IDEM_MA_PR_CA_MANZANARES.24","geometry":{"type":"Polygon","coordinates":[[[-3.8936,40.7153],[-3.894,40.7153],[-3.8941,40.7153],[-3.8942,40.7153],[-3.8944,40.7153],[-3.8946,40.7153],[-3.8948,40.7153],[-3.8949,40.7153],[-3.8949,40.7153],[-3.895,40.7153],[-3.8953,40.7153],[-3.8956,40.7153],[-3.8956,40.7153],[-3.8963,40.7152],[-3.8965,40.7152],[-3.8969,40.7152],[-3.8981,40.7151],[-3.8981,40.7151],[-3.8981,40.7152],[-3.8981,40.7153],[-3.8981,40.7154],[-3.8981,40.7155],[-3.8981,40.7155],[-3.8982,40.7156],[-3.8982,40.7159],[-3.8982,40.7159],[-3.8983,40.7161],[-3.8983,40.7162],[-3.8984,40.7164],[-3.8987,40.7168],[-3.8988,40.717],[-3.8988,40.7171],[-3.8989,40.7172],[-3.8989,40.7173],[-3.8989,40.7173],[-3.8989,40.7173],[-3.8989,40.7174],[-3.899,40.7175],[-3.899,40.7175],[-3.899,40.7176],[-3.899,40.7176],[-3.899,40.7176],[-3.8991,40.7177],[-3.8991,40.7178],[-3.8995,40.7178],[-3.8996,40.718],[-3.8997,40.718],[-3.8999,40.7183],[-3.8999,40.7183],[-3.8999,40.7184],[-3.9,40.7186],[-3.9001,40.7189],[-3.9002,40.719],[-3.9003,40.7192],[-3.9003,40.7192],[-3.9003,40.7193],[-3.9004,40.7194],[-3.9004,40.7195],[-3.9004,40.7195],[-3.9005,40.7198],[-3.9005,40.7198],[-3.9006,40.72],[-3.9007,40.7201],[-3.9008,40.7204],[-3.9008,40.7204],[-3.901,40.7206],[-3.9016,40.7204],[-3.9016,40.7204],[-3.9021,40.7202],[-3.9024,40.7202],[-3.9024,40.7201],[-3.9026,40.72],[-3.9028,40.72],[-3.9029,40.72],[-3.903,40.72],[-3.903,40.72],[-3.9031,40.72],[-3.9032,40.72],[-3.9033,40.72],[-3.9033,40.72],[-3.9033,40.72],[-3.9034,40.7199],[-3.9034,40.7199],[-3.9034,40.7199],[-3.9035,40.7199],[-3.9035,40.7198],[-3.9034,40.7197],[-3.9034,40.7197],[-3.9034,40.7197],[-3.9034,40.7196],[-3.9033,40.7196],[-3.9033,40.7196],[-3.9033,40.7195],[-3.9033,40.7195],[-3.9033,40.7195],[-3.9033,40.7194],[-3.9033,40.7194],[-3.9033,40.7194],[-3.9033,40.7193],[-3.9033,40.7193],[-3.9033,40.7193],[-3.9032,40.7192],[-3.9031,40.7189],[-3.9031,40.7189],[-3.9029,40.7186],[-3.9029,40.7185],[-3.9028,40.7184],[-3.9028,40.7184],[-3.9026,40.7182],[-3.9026,40.718],[-3.9026,40.7179],[-3.9025,40.7178],[-3.9025,40.7177],[-3.9025,40.7175],[-3.9025,40.7175],[-3.9025,40.7175],[-3.9025,40.7174],[-3.9025,40.7173],[-3.9025,40.717],[-3.9024,40.7169],[-3.9024,40.7165],[-3.9024,40.7163],[-3.9024,40.7161],[-3.9024,40.7159],[-3.9024,40.7157],[-3.9024,40.7155],[-3.9023,40.7155],[-3.9023,40.7154],[-3.9023,40.7154],[-3.9023,40.7154],[-3.9023,40.7154],[-3.9023,40.7154],[-3.9023,40.7154],[-3.9023,40.7153],[-3.9023,40.7153],[-3.9023,40.7153],[-3.9024,40.7153],[-3.9024,40.7152],[-3.9024,40.7152],[-3.9024,40.7152],[-3.9024,40.7152],[-3.9024,40.7152],[-3.9025,40.7152],[-3.9025,40.7152],[-3.9025,40.7152],[-3.9026,40.7152],[-3.9026,40.7151],[-3.9027,40.7151],[-3.9027,40.715],[-3.9027,40.7149],[-3.9026,40.7149],[-3.9026,40.7148],[-3.9026,40.7148],[-3.9026,40.7148],[-3.9026,40.7147],[-3.9026,40.7146],[-3.9026,40.7146],[-3.9026,40.7146],[-3.9026,40.7146],[-3.9026,40.7145],[-3.9027,40.7144],[-3.9027,40.7143],[-3.9032,40.7142],[-3.9033,40.7142],[-3.9036,40.7142],[-3.9039,40.7141],[-3.9044,40.714],[-3.9047,40.714],[-3.9047,40.714],[-3.905,40.714],[-3.9051,40.7139],[-3.9053,40.7139],[-3.9056,40.7138],[-3.9059,40.7136],[-3.906,40.7136],[-3.906,40.7136],[-3.9062,40.7135],[-3.9062,40.7135],[-3.9063,40.7134],[-3.9063,40.7134],[-3.9064,40.7133],[-3.9065,40.7133],[-3.9067,40.7131],[-3.9064,40.7132],[-3.9061,40.7132],[-3.9059,40.7131],[-3.9058,40.7131],[-3.9056,40.7131],[-3.9054,40.7131],[-3.9052,40.7131],[-3.905,40.7132],[-3.9049,40.7132],[-3.9048,40.7133],[-3.9047,40.7134],[-3.9045,40.7134],[-3.9042,40.7134],[-3.9039,40.7133],[-3.9037,40.7132],[-3.9036,40.713],[-3.9035,40.713],[-3.9034,40.7129],[-3.9032,40.7129],[-3.9031,40.7129],[-3.9027,40.7129],[-3.9024,40.713],[-3.9022,40.713],[-3.9021,40.713],[-3.9019,40.7131],[-3.9017,40.7131],[-3.9015,40.7132],[-3.9013,40.7131],[-3.9012,40.7131],[-3.901,40.7132],[-3.9009,40.7132],[-3.9007,40.7133],[-3.9005,40.7134],[-3.9003,40.7134],[-3.9001,40.7134],[-3.9,40.7133],[-3.9,40.7132],[-3.8999,40.713],[-3.8997,40.7129],[-3.8995,40.7129],[-3.8994,40.7129],[-3.8992,40.7129],[-3.899,40.713],[-3.8988,40.7131],[-3.8985,40.7132],[-3.8983,40.7132],[-3.8981,40.7134],[-3.8978,40.7136],[-3.8975,40.7137],[-3.8972,40.7139],[-3.8969,40.714],[-3.8966,40.7142],[-3.8964,40.7143],[-3.8962,40.7144],[-3.896,40.7145],[-3.8958,40.7146],[-3.8955,40.7146],[-3.8953,40.7147],[-3.8952,40.7147],[-3.8951,40.7147],[-3.8949,40.7146],[-3.8948,40.7145],[-3.8948,40.7144],[-3.8946,40.7144],[-3.8945,40.7143],[-3.8943,40.7144],[-3.8942,40.7143],[-3.894,40.7143],[-3.894,40.7142],[-3.894,40.7141],[-3.8939,40.714],[-3.8938,40.7139],[-3.8936,40.7139],[-3.8933,40.7138],[-3.8932,40.715],[-3.8934,40.7152],[-3.8936,40.7153],[-3.8936,40.7153],[-3.8936,40.7153]]]},"geometry_name":"GEOMETRY1","properties":{"CD_TIPO_ZONA":"P","DS_TIPO_ZONA":"P: Áreas a ordenar por Planeamiento Urbanistico.","NM_AREA_M":null,"NM_AREA_HA":null}}],"totalFeatures":51,"numberMatched":51,"numberReturned":51,"timeStamp":"2026-09-17T20:34:42.695Z","crs":{"type":"name","properties":{"name":"urn:ogc:def:crs:EPSG::4326"}}}