{"type":"FeatureCollection","features":[{"type":"Feature","id":"IDEM_MA_PR_SURESTE.1","geometry":{"type":"MultiPolygon","coordinates":[[[[-3.5675,40.1498],[-3.5671,40.1508],[-3.5668,40.1512],[-3.5666,40.1521],[-3.567,40.1521],[-3.5673,40.1521],[-3.5676,40.1517],[-3.5677,40.1515],[-3.5679,40.1511],[-3.5684,40.1503],[-3.5686,40.1499],[-3.5687,40.1497],[-3.569,40.1494],[-3.5694,40.1492],[-3.5699,40.149],[-3.5703,40.1489],[-3.5706,40.1488],[-3.5713,40.1488],[-3.5721,40.1489],[-3.5725,40.1488],[-3.5728,40.1487],[-3.5734,40.1485],[-3.5744,40.148],[-3.5746,40.1479],[-3.5753,40.1478],[-3.5756,40.1477],[-3.576,40.1474],[-3.5766,40.1469],[-3.5771,40.1466],[-3.5774,40.1465],[-3.5777,40.1464],[-3.5782,40.1464],[-3.5783,40.1463],[-3.5784,40.1446],[-3.5783,40.1437],[-3.5785,40.1429],[-3.5785,40.1428],[-3.5772,40.1418],[-3.5755,40.1401],[-3.5754,40.1399],[-3.5753,40.1405],[-3.5754,40.1415],[-3.5756,40.1423],[-3.5756,40.1425],[-3.5753,40.1429],[-3.5745,40.1437],[-3.574,40.1441],[-3.5735,40.1444],[-3.5712,40.1455],[-3.5703,40.146],[-3.57,40.1462],[-3.5697,40.1465],[-3.5685,40.148],[-3.5681,40.1487],[-3.5675,40.1498]]],[[[-3.5226,40.3101],[-3.5238,40.3102],[-3.5259,40.3103],[-3.5276,40.3103],[-3.528,40.3102],[-3.5284,40.3099],[-3.529,40.3095],[-3.5295,40.3091],[-3.5298,40.3088],[-3.5301,40.3082],[-3.5308,40.3072],[-3.5312,40.3066],[-3.5318,40.3058],[-3.5325,40.3051],[-3.5332,40.3041],[-3.5341,40.3034],[-3.5348,40.3031],[-3.5354,40.3028],[-3.5357,40.3026],[-3.5354,40.3026],[-3.535,40.3025],[-3.5273,40.3],[-3.5272,40.3002],[-3.5266,40.3016],[-3.5263,40.302],[-3.526,40.3022],[-3.5229,40.3037],[-3.5199,40.3051],[-3.5194,40.3055],[-3.5192,40.3059],[-3.5191,40.3065],[-3.5191,40.3068],[-3.5192,40.3073],[-3.5192,40.3078],[-3.5193,40.3085],[-3.5193,40.3093],[-3.5195,40.3099],[-3.5197,40.3101],[-3.52,40.3101],[-3.521,40.31],[-3.5215,40.31],[-3.5226,40.3101]]],[[[-3.5322,40.326],[-3.5333,40.3262],[-3.535,40.3264],[-3.5355,40.3264],[-3.5372,40.3261],[-3.5381,40.3259],[-3.5385,40.3259],[-3.5389,40.3259],[-3.5402,40.3259],[-3.5405,40.3258],[-3.5409,40.3256],[-3.5409,40.3252],[-3.5409,40.3249],[-3.5404,40.3249],[-3.5399,40.3249],[-3.5378,40.3253],[-3.5372,40.3254],[-3.5361,40.3254],[-3.5351,40.3255],[-3.5347,40.3256],[-3.5343,40.3256],[-3.5331,40.3255],[-3.5325,40.3255],[-3.5316,40.3252],[-3.5312,40.3251],[-3.5309,40.3249],[-3.5307,40.3246],[-3.5305,40.3242],[-3.5303,40.3237],[-3.5299,40.3227],[-3.5299,40.3221],[-3.53,40.3216],[-3.5302,40.3213],[-3.5305,40.3211],[-3.5314,40.3209],[-3.5319,40.3207],[-3.5322,40.3204],[-3.5323,40.3199],[-3.5323,40.3194],[-3.5322,40.3186],[-3.5322,40.3182],[-3.5323,40.3179],[-3.5325,40.3176],[-3.5329,40.3173],[-3.5338,40.317],[-3.5346,40.3169],[-3.5359,40.3166],[-3.5362,40.3166],[-3.5376,40.3163],[-3.5385,40.3162],[-3.5388,40.316],[-3.539,40.3157],[-3.5394,40.3145],[-3.5396,40.3141],[-3.5397,40.314],[-3.54,40.314],[-3.5402,40.3138],[-3.5404,40.3134],[-3.5403,40.313],[-3.5402,40.3128],[-3.5398,40.3126],[-3.5386,40.3122],[-3.5384,40.312],[-3.5383,40.3116],[-3.5383,40.3108],[-3.5384,40.3106],[-3.5386,40.3103],[-3.5394,40.31],[-3.5403,40.3099],[-3.5406,40.3098],[-3.5409,40.3096],[-3.5412,40.3089],[-3.5415,40.3089],[-3.5422,40.3084],[-3.5425,40.3082],[-3.5422,40.3078],[-3.5421,40.3076],[-3.542,40.3072],[-3.5421,40.307],[-3.5424,40.3069],[-3.5427,40.307],[-3.5432,40.307],[-3.5436,40.307],[-3.5442,40.3068],[-3.5445,40.3067],[-3.5448,40.3067],[-3.5451,40.3066],[-3.5452,40.3065],[-3.5453,40.3063],[-3.5453,40.3062],[-3.5456,40.306],[-3.5458,40.306],[-3.5461,40.306],[-3.5463,40.3059],[-3.5465,40.3058],[-3.5467,40.3056],[-3.5467,40.3053],[-3.5467,40.3052],[-3.5467,40.305],[-3.5465,40.3046],[-3.5464,40.3042],[-3.5464,40.304],[-3.5464,40.3037],[-3.5464,40.3035],[-3.5463,40.3034],[-3.5459,40.3031],[-3.5455,40.3029],[-3.5452,40.3026],[-3.5452,40.3024],[-3.5452,40.3021],[-3.5453,40.302],[-3.5448,40.3018],[-3.5445,40.3016],[-3.5442,40.3007],[-3.5446,40.2998],[-3.5451,40.2991],[-3.5457,40.2986],[-3.5461,40.2983],[-3.5471,40.2979],[-3.5475,40.2977],[-3.5478,40.2974],[-3.5481,40.297],[-3.5481,40.2963],[-3.5481,40.2958],[-3.5483,40.2956],[-3.5485,40.2953],[-3.5487,40.2951],[-3.5489,40.2948],[-3.5498,40.2939],[-3.5502,40.2934],[-3.5505,40.2929],[-3.5516,40.2915],[-3.5518,40.2912],[-3.5522,40.2903],[-3.5524,40.2894],[-3.5528,40.2872],[-3.5532,40.2862],[-3.5536,40.2859],[-3.554,40.2857],[-3.5559,40.2854],[-3.5564,40.2852],[-3.5565,40.285],[-3.5563,40.2844],[-3.5564,40.284],[-3.5566,40.2838],[-3.5569,40.2837],[-3.5576,40.2836],[-3.5584,40.2835],[-3.5589,40.2836],[-3.5595,40.2837],[-3.56,40.2836],[-3.5602,40.2835],[-3.5602,40.2831],[-3.56,40.2829],[-3.5596,40.2826],[-3.5585,40.2822],[-3.5582,40.2819],[-3.5578,40.2816],[-3.5577,40.2814],[-3.5577,40.2812],[-3.558,40.2812],[-3.5585,40.2812],[-3.5614,40.2821],[-3.5622,40.2822],[-3.5626,40.282],[-3.5626,40.2817],[-3.5625,40.2815],[-3.5623,40.2812],[-3.5621,40.281],[-3.5613,40.2804],[-3.561,40.28],[-3.561,40.2798],[-3.5612,40.2795],[-3.5612,40.2794],[-3.5608,40.2793],[-3.5604,40.2793],[-3.5596,40.2793],[-3.5593,40.2791],[-3.5593,40.2788],[-3.5596,40.2782],[-3.5596,40.2777],[-3.5592,40.2765],[-3.5586,40.2756],[-3.5587,40.2752],[-3.5588,40.275],[-3.5591,40.275],[-3.5595,40.2751],[-3.5598,40.2752],[-3.5601,40.2752],[-3.5603,40.275],[-3.5603,40.2746],[-3.5595,40.2731],[-3.5597,40.2728],[-3.5601,40.2725],[-3.5603,40.2722],[-3.5602,40.272],[-3.5598,40.2718],[-3.5594,40.2716],[-3.5593,40.2715],[-3.5592,40.2712],[-3.5595,40.271],[-3.5609,40.2704],[-3.5611,40.2701],[-3.5614,40.2698],[-3.5613,40.2692],[-3.561,40.2685],[-3.5611,40.268],[-3.561,40.2678],[-3.5611,40.2676],[-3.561,40.267],[-3.5607,40.2664],[-3.5607,40.2658],[-3.5609,40.2653],[-3.5607,40.265],[-3.5608,40.2647],[-3.5607,40.2642],[-3.5609,40.2636],[-3.5609,40.2632],[-3.5607,40.2628],[-3.5606,40.2623],[-3.5604,40.2619],[-3.5601,40.2615],[-3.5599,40.2611],[-3.5598,40.2607],[-3.5596,40.2604],[-3.5595,40.2602],[-3.5595,40.2599],[-3.5595,40.2594],[-3.5594,40.2595],[-3.5589,40.2598],[-3.5586,40.2602],[-3.5584,40.2607],[-3.5585,40.261],[-3.5587,40.2615],[-3.5589,40.2618],[-3.559,40.2627],[-3.559,40.2639],[-3.559,40.2657],[-3.559,40.2662],[-3.5592,40.2673],[-3.5592,40.2679],[-3.5592,40.2681],[-3.5587,40.2697],[-3.5585,40.2705],[-3.5584,40.271],[-3.5583,40.2714],[-3.5585,40.272],[-3.5587,40.2726],[-3.5587,40.2729],[-3.5587,40.2732],[-3.5585,40.2736],[-3.558,40.2745],[-3.5579,40.2748],[-3.5579,40.2752],[-3.5579,40.2755],[-3.5577,40.2761],[-3.5576,40.2765],[-3.5572,40.2772],[-3.5555,40.2804],[-3.5543,40.2825],[-3.5536,40.2834],[-3.5526,40.2851],[-3.5524,40.2857],[-3.5515,40.2876],[-3.551,40.2889],[-3.5506,40.2901],[-3.5505,40.2905],[-3.5504,40.2908],[-3.5504,40.2911],[-3.5501,40.2915],[-3.5498,40.2918],[-3.5495,40.292],[-3.549,40.2925],[-3.5488,40.2927],[-3.5484,40.2929],[-3.5481,40.293],[-3.5475,40.2931],[-3.5461,40.2954],[-3.5456,40.296],[-3.5454,40.2962],[-3.5449,40.2971],[-3.5444,40.2979],[-3.5444,40.2983],[-3.5444,40.2984],[-3.5441,40.2986],[-3.5442,40.299],[-3.5441,40.2994],[-3.5439,40.2999],[-3.5434,40.3008],[-3.5432,40.3011],[-3.543,40.3015],[-3.5427,40.3025],[-3.5423,40.3033],[-3.542,40.3037],[-3.5413,40.3042],[-3.5403,40.305],[-3.5399,40.3054],[-3.5397,40.3056],[-3.5394,40.3064],[-3.5391,40.3069],[-3.5387,40.3075],[-3.5383,40.308],[-3.5379,40.3083],[-3.5375,40.3089],[-3.5371,40.3096],[-3.5368,40.3103],[-3.5365,40.3109],[-3.5362,40.3114],[-3.536,40.3117],[-3.5355,40.3121],[-3.5352,40.3123],[-3.5345,40.3126],[-3.5342,40.3129],[-3.5339,40.3131],[-3.5336,40.3136],[-3.5334,40.3141],[-3.5329,40.3149],[-3.5323,40.3156],[-3.5318,40.3163],[-3.5313,40.3169],[-3.5311,40.3176],[-3.531,40.3182],[-3.5308,40.3186],[-3.5303,40.3193],[-3.5296,40.3202],[-3.5294,40.3205],[-3.5292,40.3207],[-3.5289,40.3209],[-3.5285,40.3213],[-3.5282,40.3218],[-3.5279,40.3223],[-3.5279,40.3226],[-3.528,40.323],[-3.5281,40.3232],[-3.5293,40.3242],[-3.5301,40.3248],[-3.5314,40.3255],[-3.5322,40.326]]],[[[-3.5174,40.3812],[-3.5176,40.3816],[-3.5177,40.3816],[-3.5179,40.3813],[-3.5182,40.3811],[-3.5186,40.3812],[-3.519,40.3813],[-3.5192,40.3813],[-3.5194,40.3813],[-3.5198,40.381],[-3.5201,40.381],[-3.5209,40.3811],[-3.5215,40.3811],[-3.5215,40.3811],[-3.5215,40.3812],[-3.5217,40.381],[-3.5214,40.3809],[-3.5214,40.3809],[-3.5214,40.3809],[-3.5214,40.3809],[-3.521,40.3806],[-3.5204,40.3803],[-3.52,40.3798],[-3.5197,40.3792],[-3.5192,40.3778],[-3.5188,40.377],[-3.5181,40.3754],[-3.5172,40.3735],[-3.5164,40.372],[-3.515,40.3702],[-3.5135,40.3682],[-3.5127,40.3671],[-3.5121,40.3659],[-3.5117,40.3647],[-3.5108,40.3628],[-3.5099,40.3612],[-3.509,40.3599],[-3.5087,40.3592],[-3.5082,40.3578],[-3.5081,40.3576],[-3.5081,40.3575],[-3.5081,40.3575],[-3.5078,40.3568],[-3.5077,40.3565],[-3.5069,40.3549],[-3.5061,40.3536],[-3.5057,40.3528],[-3.5053,40.3521],[-3.5048,40.3509],[-3.5043,40.35],[-3.5036,40.3492],[-3.5029,40.3484],[-3.5013,40.3456],[-3.5007,40.3451],[-3.5001,40.3449],[-3.4993,40.3446],[-3.4988,40.3446],[-3.4983,40.3444],[-3.4977,40.3439],[-3.4976,40.3438],[-3.4964,40.3431],[-3.4958,40.3428],[-3.4949,40.3424],[-3.4944,40.342],[-3.494,40.3414],[-3.4937,40.3409],[-3.493,40.3394],[-3.4929,40.339],[-3.4927,40.3387],[-3.4919,40.338],[-3.4914,40.3375],[-3.4911,40.3372],[-3.4908,40.3366],[-3.4906,40.3363],[-3.4903,40.3359],[-3.489,40.335],[-3.4887,40.3348],[-3.4878,40.3345],[-3.4862,40.3337],[-3.4857,40.3334],[-3.4851,40.3328],[-3.4844,40.332],[-3.4842,40.3315],[-3.4841,40.3311],[-3.4842,40.3307],[-3.4846,40.3302],[-3.4852,40.3296],[-3.4856,40.3292],[-3.4861,40.329],[-3.4867,40.3288],[-3.4873,40.3285],[-3.4879,40.328],[-3.4888,40.3275],[-3.4892,40.3273],[-3.4901,40.327],[-3.4907,40.3269],[-3.4913,40.3269],[-3.4917,40.3269],[-3.4924,40.327],[-3.493,40.3271],[-3.4934,40.3271],[-3.4937,40.327],[-3.494,40.3268],[-3.4944,40.3264],[-3.495,40.3261],[-3.496,40.3257],[-3.4969,40.3255],[-3.4974,40.3254],[-3.4978,40.3254],[-3.4981,40.3255],[-3.4984,40.3258],[-3.4987,40.3261],[-3.4991,40.3264],[-3.4997,40.3268],[-3.5002,40.3269],[-3.5006,40.3269],[-3.5009,40.3268],[-3.5012,40.3265],[-3.5016,40.3259],[-3.5021,40.3255],[-3.503,40.325],[-3.5039,40.3247],[-3.5044,40.3245],[-3.5047,40.3242],[-3.5051,40.3238],[-3.5056,40.3234],[-3.5063,40.3232],[-3.5077,40.3229],[-3.5086,40.3227],[-3.5103,40.3225],[-3.5128,40.3222],[-3.5136,40.3221],[-3.5138,40.322],[-3.5138,40.3219],[-3.5138,40.3218],[-3.5128,40.3218],[-3.5116,40.3217],[-3.51,40.3219],[-3.5079,40.3222],[-3.5062,40.3223],[-3.5048,40.3224],[-3.5036,40.3225],[-3.5026,40.3228],[-3.4985,40.3238],[-3.4963,40.3242],[-3.4932,40.3247],[-3.4918,40.3251],[-3.4903,40.3256],[-3.4888,40.3261],[-3.4875,40.3264],[-3.4867,40.3265],[-3.4862,40.3267],[-3.4855,40.3272],[-3.4845,40.3278],[-3.4836,40.3284],[-3.4827,40.329],[-3.4821,40.3292],[-3.4818,40.3295],[-3.4814,40.3301],[-3.4812,40.3307],[-3.4811,40.3312],[-3.4811,40.3315],[-3.4813,40.3318],[-3.4816,40.3322],[-3.482,40.3326],[-3.4827,40.3332],[-3.4832,40.3338],[-3.484,40.3344],[-3.4855,40.3352],[-3.4866,40.3357],[-3.4875,40.3363],[-3.4882,40.3368],[-3.4888,40.3372],[-3.4895,40.3379],[-3.4901,40.3389],[-3.4906,40.3399],[-3.4909,40.3406],[-3.491,40.3413],[-3.491,40.3418],[-3.4913,40.3423],[-3.4916,40.3426],[-3.4923,40.343],[-3.4931,40.3435],[-3.494,40.3442],[-3.4953,40.3449],[-3.4958,40.3454],[-3.4959,40.3457],[-3.4961,40.3459],[-3.4965,40.346],[-3.4968,40.346],[-3.4972,40.3461],[-3.4977,40.3462],[-3.4982,40.3464],[-3.4994,40.3477],[-3.4997,40.3482],[-3.5,40.3487],[-3.5003,40.3492],[-3.5009,40.3502],[-3.5012,40.3511],[-3.5015,40.3515],[-3.5021,40.352],[-3.5028,40.3529],[-3.5041,40.3549],[-3.5049,40.3561],[-3.5058,40.3578],[-3.5063,40.3585],[-3.5072,40.3595],[-3.5076,40.3603],[-3.5079,40.3611],[-3.5083,40.3624],[-3.5085,40.3633],[-3.509,40.3644],[-3.5096,40.3655],[-3.5102,40.3664],[-3.5108,40.3673],[-3.5114,40.3684],[-3.5123,40.3701],[-3.5127,40.3709],[-3.5128,40.3716],[-3.513,40.3724],[-3.5133,40.3731],[-3.5138,40.3737],[-3.5146,40.3743],[-3.5152,40.3748],[-3.5158,40.3754],[-3.5162,40.376],[-3.5163,40.3764],[-3.5163,40.3768],[-3.5165,40.3774],[-3.5167,40.378],[-3.5172,40.3791],[-3.5173,40.3796],[-3.5174,40.3802],[-3.5174,40.3806],[-3.5174,40.3812]]]]},"geometry_name":"GEOMETRY1","properties":{"DS_TIPO_ZONA":"Zonas A: De Reserva Integral","CD_AREA":"A1","NM_AREA_M":4970243,"NM_AREA_HA":497}},{"type":"Feature","id":"IDEM_MA_PR_SURESTE.2","geometry":{"type":"MultiPolygon","coordinates":[[[[-3.5488,40.3035],[-3.549,40.3035],[-3.5493,40.3035],[-3.5498,40.3033],[-3.5502,40.3033],[-3.5507,40.3034],[-3.551,40.3034],[-3.5514,40.3033],[-3.5514,40.3032],[-3.5514,40.3029],[-3.5514,40.3028],[-3.5512,40.3022],[-3.5511,40.3019],[-3.5511,40.3017],[-3.5512,40.3015],[-3.5515,40.3014],[-3.5518,40.3013],[-3.5521,40.3013],[-3.5525,40.3013],[-3.5531,40.3014],[-3.5541,40.3015],[-3.5545,40.3015],[-3.5549,40.3014],[-3.555,40.3013],[-3.555,40.3011],[-3.5549,40.3011],[-3.5546,40.3009],[-3.5543,40.3006],[-3.5542,40.3002],[-3.5541,40.2999],[-3.5538,40.2995],[-3.5536,40.2992],[-3.5535,40.2991],[-3.5535,40.2989],[-3.5536,40.2986],[-3.5539,40.298],[-3.5541,40.2975],[-3.5541,40.2973],[-3.554,40.2969],[-3.5537,40.2964],[-3.5537,40.2961],[-3.5536,40.2957],[-3.5536,40.2954],[-3.5537,40.295],[-3.5539,40.2948],[-3.5541,40.2947],[-3.5544,40.2945],[-3.5547,40.2945],[-3.5554,40.2946],[-3.5558,40.2946],[-3.5581,40.2952],[-3.5593,40.2954],[-3.5598,40.2954],[-3.5602,40.2954],[-3.5607,40.2953],[-3.5611,40.2951],[-3.5612,40.2951],[-3.5613,40.2948],[-3.5613,40.2947],[-3.5612,40.2944],[-3.561,40.2943],[-3.5607,40.294],[-3.5606,40.2938],[-3.5606,40.2937],[-3.5607,40.2935],[-3.5611,40.2932],[-3.5613,40.2931],[-3.5616,40.293],[-3.562,40.2928],[-3.5624,40.2928],[-3.5628,40.2928],[-3.5631,40.2927],[-3.5633,40.2925],[-3.5636,40.2922],[-3.5638,40.2922],[-3.5641,40.2921],[-3.5642,40.2919],[-3.5646,40.2918],[-3.565,40.2916],[-3.5658,40.2909],[-3.567,40.2898],[-3.5678,40.289],[-3.5688,40.2883],[-3.5694,40.288],[-3.5702,40.2877],[-3.5705,40.2877],[-3.5711,40.2876],[-3.5713,40.2873],[-3.5717,40.2863],[-3.5721,40.2851],[-3.5723,40.2844],[-3.5723,40.284],[-3.5721,40.2831],[-3.5714,40.2821],[-3.5709,40.2816],[-3.5699,40.2809],[-3.5694,40.2804],[-3.5689,40.2814],[-3.5659,40.2815],[-3.5655,40.2805],[-3.5633,40.2799],[-3.563,40.2794],[-3.5644,40.2791],[-3.5637,40.277],[-3.5629,40.2758],[-3.5635,40.2744],[-3.5634,40.2741],[-3.5632,40.2736],[-3.563,40.2731],[-3.563,40.2726],[-3.5631,40.2722],[-3.5633,40.2714],[-3.5636,40.271],[-3.5638,40.2706],[-3.564,40.2703],[-3.564,40.2702],[-3.564,40.2699],[-3.5637,40.2696],[-3.5634,40.2693],[-3.5629,40.269],[-3.5617,40.2688],[-3.5611,40.268],[-3.561,40.2685],[-3.5613,40.2692],[-3.5614,40.2698],[-3.5611,40.2701],[-3.5609,40.2704],[-3.5595,40.271],[-3.5592,40.2712],[-3.5593,40.2715],[-3.5594,40.2716],[-3.5598,40.2718],[-3.5602,40.272],[-3.5603,40.2722],[-3.5601,40.2725],[-3.5597,40.2728],[-3.5595,40.2731],[-3.5603,40.2746],[-3.5603,40.275],[-3.5601,40.2752],[-3.5598,40.2752],[-3.5595,40.2751],[-3.5591,40.275],[-3.5588,40.275],[-3.5587,40.2752],[-3.5586,40.2756],[-3.5592,40.2765],[-3.5596,40.2777],[-3.5596,40.2782],[-3.5593,40.2788],[-3.5593,40.2791],[-3.5596,40.2793],[-3.5604,40.2793],[-3.5608,40.2793],[-3.5612,40.2794],[-3.5612,40.2795],[-3.561,40.2798],[-3.561,40.28],[-3.5613,40.2804],[-3.5621,40.281],[-3.5623,40.2812],[-3.5625,40.2815],[-3.5626,40.2817],[-3.5626,40.282],[-3.5622,40.2822],[-3.5614,40.2821],[-3.5585,40.2812],[-3.558,40.2812],[-3.5577,40.2812],[-3.5577,40.2814],[-3.5578,40.2816],[-3.5582,40.2819],[-3.5585,40.2822],[-3.5596,40.2826],[-3.56,40.2829],[-3.5602,40.2831],[-3.5602,40.2835],[-3.56,40.2836],[-3.5595,40.2837],[-3.5589,40.2836],[-3.5584,40.2835],[-3.5576,40.2836],[-3.5569,40.2837],[-3.5566,40.2838],[-3.5564,40.284],[-3.5563,40.2844],[-3.5565,40.285],[-3.5564,40.2852],[-3.5559,40.2854],[-3.554,40.2857],[-3.5536,40.2859],[-3.5532,40.2862],[-3.5528,40.2872],[-3.5524,40.2894],[-3.5522,40.2903],[-3.5518,40.2912],[-3.5516,40.2915],[-3.5505,40.2929],[-3.5502,40.2934],[-3.5498,40.2939],[-3.5489,40.2948],[-3.5487,40.2951],[-3.5485,40.2953],[-3.5483,40.2956],[-3.5481,40.2958],[-3.5481,40.2963],[-3.5481,40.297],[-3.5478,40.2974],[-3.5475,40.2977],[-3.5471,40.2979],[-3.5461,40.2983],[-3.5457,40.2986],[-3.5451,40.2991],[-3.5446,40.2998],[-3.5442,40.3007],[-3.5445,40.3016],[-3.5448,40.3018],[-3.5453,40.302],[-3.5458,40.3019],[-3.5465,40.3018],[-3.547,40.3017],[-3.5474,40.3017],[-3.5477,40.3019],[-3.5479,40.3021],[-3.5479,40.3024],[-3.548,40.3027],[-3.5482,40.3028],[-3.5485,40.3032],[-3.5488,40.3035]]],[[[-3.5409,40.3249],[-3.5409,40.3252],[-3.5409,40.3256],[-3.5414,40.3254],[-3.5424,40.3251],[-3.5427,40.3251],[-3.5441,40.3245],[-3.5452,40.3239],[-3.5462,40.3235],[-3.5464,40.3234],[-3.547,40.323],[-3.5476,40.3226],[-3.5484,40.3218],[-3.5488,40.3215],[-3.5481,40.3212],[-3.5476,40.3208],[-3.5472,40.3204],[-3.5469,40.3201],[-3.5467,40.3195],[-3.5464,40.319],[-3.5461,40.3185],[-3.5457,40.3179],[-3.5454,40.3176],[-3.5451,40.317],[-3.5447,40.3164],[-3.5443,40.3161],[-3.544,40.3159],[-3.5438,40.3157],[-3.5435,40.3152],[-3.5433,40.3147],[-3.5433,40.3145],[-3.5435,40.3143],[-3.5438,40.3141],[-3.5438,40.3139],[-3.5438,40.3136],[-3.5437,40.3134],[-3.5438,40.3133],[-3.5441,40.3131],[-3.5441,40.3129],[-3.5442,40.3127],[-3.5444,40.3125],[-3.5445,40.3123],[-3.5446,40.312],[-3.5446,40.3117],[-3.5447,40.3115],[-3.5448,40.3114],[-3.545,40.3114],[-3.5453,40.3114],[-3.5455,40.3115],[-3.5459,40.312],[-3.5461,40.3122],[-3.5463,40.3122],[-3.5466,40.3122],[-3.5468,40.312],[-3.5469,40.3117],[-3.5469,40.3115],[-3.5467,40.3112],[-3.5464,40.3111],[-3.5461,40.311],[-3.5457,40.3106],[-3.5455,40.3103],[-3.5453,40.3101],[-3.545,40.3101],[-3.5445,40.3101],[-3.544,40.3103],[-3.5437,40.3104],[-3.5435,40.3104],[-3.5432,40.3104],[-3.5429,40.3103],[-3.5429,40.3102],[-3.5432,40.3093],[-3.5432,40.3091],[-3.5431,40.3089],[-3.5429,40.3089],[-3.5428,40.3088],[-3.5428,40.3086],[-3.5427,40.3084],[-3.5425,40.3082],[-3.5422,40.3084],[-3.5415,40.3089],[-3.5412,40.3089],[-3.5409,40.3096],[-3.5406,40.3098],[-3.5403,40.3099],[-3.5394,40.31],[-3.5386,40.3103],[-3.5384,40.3106],[-3.5383,40.3108],[-3.5383,40.3116],[-3.5384,40.312],[-3.5386,40.3122],[-3.5398,40.3126],[-3.5402,40.3128],[-3.5403,40.313],[-3.5404,40.3134],[-3.5402,40.3138],[-3.54,40.314],[-3.5397,40.314],[-3.5396,40.3141],[-3.5394,40.3145],[-3.539,40.3157],[-3.5388,40.316],[-3.5385,40.3162],[-3.5376,40.3163],[-3.5362,40.3166],[-3.5359,40.3166],[-3.5346,40.3169],[-3.5338,40.317],[-3.5329,40.3173],[-3.5325,40.3176],[-3.5323,40.3179],[-3.5322,40.3182],[-3.5322,40.3186],[-3.5323,40.3194],[-3.5323,40.3199],[-3.5322,40.3204],[-3.5319,40.3207],[-3.5314,40.3209],[-3.5305,40.3211],[-3.5302,40.3213],[-3.53,40.3216],[-3.5299,40.3221],[-3.5299,40.3227],[-3.5303,40.3237],[-3.5305,40.3242],[-3.5307,40.3246],[-3.5309,40.3249],[-3.5312,40.3251],[-3.5316,40.3252],[-3.5325,40.3255],[-3.5331,40.3255],[-3.5343,40.3256],[-3.5347,40.3256],[-3.5351,40.3255],[-3.5361,40.3254],[-3.5372,40.3254],[-3.5378,40.3253],[-3.5399,40.3249],[-3.5404,40.3249],[-3.5409,40.3249]]]]},"geometry_name":"GEOMETRY1","properties":{"DS_TIPO_ZONA":"Zonas A: De Reserva Integral","CD_AREA":"A2","NM_AREA_M":4384417,"NM_AREA_HA":438}},{"type":"Feature","id":"IDEM_MA_PR_SURESTE.3","geometry":{"type":"MultiPolygon","coordinates":[[[[-3.6604,40.2821],[-3.6612,40.2822],[-3.6616,40.2822],[-3.6626,40.2816],[-3.6636,40.2808],[-3.6641,40.2804],[-3.6643,40.2803],[-3.6647,40.2803],[-3.6639,40.2797],[-3.6632,40.2792],[-3.6629,40.2786],[-3.6626,40.2782],[-3.6624,40.2778],[-3.6623,40.2774],[-3.6622,40.277],[-3.6619,40.2764],[-3.6607,40.2749],[-3.6599,40.2741],[-3.6594,40.2735],[-3.6591,40.2732],[-3.6586,40.2728],[-3.6579,40.272],[-3.6573,40.2715],[-3.6569,40.2712],[-3.6567,40.2709],[-3.6565,40.2707],[-3.6564,40.2705],[-3.6562,40.2702],[-3.656,40.2699],[-3.6558,40.2696],[-3.656,40.2696],[-3.6566,40.2698],[-3.657,40.2701],[-3.6573,40.2702],[-3.6575,40.2703],[-3.6578,40.2703],[-3.6579,40.2702],[-3.6589,40.2695],[-3.6591,40.2694],[-3.6594,40.2693],[-3.6602,40.2691],[-3.661,40.2689],[-3.6613,40.2688],[-3.6616,40.2687],[-3.6621,40.2685],[-3.6624,40.2683],[-3.6627,40.2681],[-3.6631,40.2677],[-3.6643,40.2663],[-3.665,40.2656],[-3.6654,40.2652],[-3.6663,40.2643],[-3.667,40.2636],[-3.6676,40.2631],[-3.6694,40.2614],[-3.6703,40.2604],[-3.6706,40.26],[-3.671,40.2595],[-3.6713,40.259],[-3.6722,40.2576],[-3.6723,40.2571],[-3.6724,40.2566],[-3.6724,40.2563],[-3.6723,40.256],[-3.6722,40.2558],[-3.6721,40.2555],[-3.672,40.2552],[-3.6719,40.255],[-3.6721,40.2549],[-3.6723,40.2549],[-3.6725,40.2548],[-3.6726,40.2548],[-3.6727,40.2545],[-3.6727,40.2542],[-3.6726,40.2538],[-3.6725,40.2534],[-3.6725,40.253],[-3.6726,40.2527],[-3.6729,40.2526],[-3.6733,40.2524],[-3.674,40.2524],[-3.6749,40.2523],[-3.6756,40.2522],[-3.6763,40.2521],[-3.6769,40.2521],[-3.6771,40.2521],[-3.677,40.2519],[-3.6769,40.2518],[-3.6767,40.2516],[-3.6765,40.2514],[-3.6765,40.2512],[-3.6765,40.2509],[-3.6765,40.2506],[-3.6767,40.2503],[-3.6767,40.2501],[-3.6766,40.2501],[-3.6764,40.2501],[-3.6762,40.2502],[-3.676,40.2503],[-3.6759,40.2503],[-3.6758,40.2503],[-3.6757,40.2502],[-3.6757,40.2499],[-3.6757,40.2498],[-3.6758,40.2496],[-3.6757,40.2495],[-3.6756,40.2495],[-3.6754,40.2494],[-3.6753,40.2494],[-3.6751,40.2494],[-3.675,40.2494],[-3.6749,40.2493],[-3.6747,40.2493],[-3.6746,40.2494],[-3.6744,40.2495],[-3.6743,40.2495],[-3.6741,40.2495],[-3.674,40.2495],[-3.6739,40.2496],[-3.6737,40.2495],[-3.6737,40.2495],[-3.6736,40.2493],[-3.6735,40.2492],[-3.6734,40.2492],[-3.6733,40.249],[-3.6733,40.2488],[-3.6734,40.2488],[-3.6736,40.2488],[-3.6739,40.2487],[-3.6742,40.2487],[-3.6743,40.2486],[-3.6743,40.2485],[-3.6742,40.2484],[-3.674,40.2482],[-3.6738,40.2481],[-3.6737,40.2481],[-3.6736,40.248],[-3.6736,40.2479],[-3.6737,40.2478],[-3.6739,40.2477],[-3.674,40.2476],[-3.674,40.2476],[-3.6743,40.2475],[-3.6744,40.2475],[-3.6745,40.2473],[-3.6747,40.2473],[-3.6749,40.2473],[-3.6751,40.2473],[-3.6752,40.2473],[-3.6754,40.2474],[-3.6761,40.2476],[-3.6765,40.2478],[-3.6766,40.2478],[-3.6768,40.2478],[-3.6768,40.2477],[-3.6769,40.2475],[-3.6772,40.2473],[-3.6774,40.2471],[-3.6775,40.247],[-3.6775,40.2469],[-3.6775,40.2467],[-3.6773,40.2464],[-3.6773,40.2464],[-3.6774,40.2463],[-3.6774,40.2462],[-3.6776,40.2457],[-3.6776,40.2455],[-3.6777,40.2453],[-3.6778,40.2452],[-3.6779,40.2451],[-3.678,40.2451],[-3.6782,40.245],[-3.6783,40.2449],[-3.6784,40.2449],[-3.6785,40.2448],[-3.6787,40.2447],[-3.6788,40.2447],[-3.6789,40.2445],[-3.6789,40.2444],[-3.679,40.2443],[-3.6791,40.2442],[-3.6793,40.2441],[-3.6794,40.2439],[-3.6796,40.2438],[-3.6799,40.2436],[-3.68,40.2434],[-3.6801,40.2433],[-3.6801,40.243],[-3.6803,40.2428],[-3.6804,40.2426],[-3.6805,40.2423],[-3.6803,40.242],[-3.6803,40.2419],[-3.6803,40.2417],[-3.6803,40.2415],[-3.6803,40.2414],[-3.6802,40.2414],[-3.6801,40.2413],[-3.6801,40.2413],[-3.6798,40.2412],[-3.6794,40.2412],[-3.679,40.241],[-3.6787,40.2409],[-3.6783,40.2406],[-3.6781,40.2405],[-3.678,40.2404],[-3.6779,40.2402],[-3.6776,40.24],[-3.6776,40.24],[-3.6773,40.24],[-3.6761,40.2401],[-3.6759,40.2401],[-3.6757,40.2402],[-3.6754,40.2406],[-3.6746,40.2416],[-3.6737,40.2427],[-3.6735,40.2429],[-3.6735,40.2431],[-3.6737,40.2434],[-3.6738,40.2436],[-3.6741,40.244],[-3.6745,40.2443],[-3.675,40.2448],[-3.6755,40.2452],[-3.6757,40.2453],[-3.6756,40.2454],[-3.6753,40.2456],[-3.6742,40.2461],[-3.6734,40.2466],[-3.6728,40.247],[-3.6721,40.2474],[-3.6715,40.2478],[-3.6711,40.2479],[-3.6707,40.248],[-3.6704,40.2481],[-3.6701,40.2482],[-3.6693,40.2486],[-3.6668,40.2498],[-3.6655,40.2504],[-3.6647,40.2508],[-3.664,40.251],[-3.6633,40.2513],[-3.6627,40.2514],[-3.662,40.2516],[-3.6613,40.2518],[-3.6601,40.2522],[-3.6596,40.2524],[-3.659,40.2526],[-3.6585,40.2527],[-3.6582,40.2527],[-3.6577,40.2526],[-3.6571,40.2525],[-3.6553,40.2523],[-3.6552,40.2523],[-3.6549,40.2524],[-3.6547,40.2525],[-3.6544,40.2526],[-3.6541,40.2527],[-3.6539,40.2529],[-3.6538,40.2532],[-3.6538,40.2534],[-3.6539,40.2537],[-3.654,40.2539],[-3.6539,40.2541],[-3.6539,40.2544],[-3.6539,40.2546],[-3.654,40.2548],[-3.6542,40.255],[-3.6543,40.2552],[-3.6546,40.2556],[-3.6547,40.2558],[-3.6549,40.2559],[-3.6551,40.2561],[-3.6551,40.2562],[-3.6551,40.2563],[-3.6547,40.2563],[-3.6544,40.2564],[-3.6541,40.2565],[-3.6531,40.2568],[-3.6514,40.2576],[-3.6509,40.2578],[-3.6502,40.258],[-3.649,40.2582],[-3.6483,40.2584],[-3.6476,40.2586],[-3.6472,40.2589],[-3.6471,40.259],[-3.6464,40.2598],[-3.6461,40.2602],[-3.6456,40.2607],[-3.6443,40.2616],[-3.6442,40.2617],[-3.6442,40.2617],[-3.6442,40.2617],[-3.6437,40.2618],[-3.6435,40.2618],[-3.6431,40.2618],[-3.6429,40.2619],[-3.6424,40.2621],[-3.641,40.2629],[-3.6394,40.2638],[-3.637,40.2651],[-3.6366,40.2654],[-3.6364,40.2655],[-3.6362,40.2657],[-3.6361,40.266],[-3.6359,40.2664],[-3.6351,40.2674],[-3.6342,40.2688],[-3.6339,40.2692],[-3.6335,40.2694],[-3.6335,40.2694],[-3.6335,40.2694],[-3.6333,40.2695],[-3.6328,40.2696],[-3.6314,40.2695],[-3.6294,40.2694],[-3.6288,40.2694],[-3.6275,40.2694],[-3.6266,40.2693],[-3.6261,40.2693],[-3.6258,40.2693],[-3.6249,40.2698],[-3.6238,40.2706],[-3.6236,40.2708],[-3.6236,40.2708],[-3.6242,40.2717],[-3.6254,40.2734],[-3.6265,40.2751],[-3.6269,40.2758],[-3.6275,40.2768],[-3.6277,40.2769],[-3.6294,40.2772],[-3.6298,40.2773],[-3.6318,40.2785],[-3.6322,40.2791],[-3.6323,40.2791],[-3.6327,40.2791],[-3.6329,40.279],[-3.633,40.2788],[-3.6332,40.2786],[-3.6335,40.2784],[-3.6339,40.2781],[-3.6341,40.2778],[-3.6345,40.2776],[-3.6348,40.2775],[-3.635,40.2775],[-3.6352,40.277],[-3.6352,40.2767],[-3.635,40.2766],[-3.635,40.2765],[-3.6352,40.2763],[-3.6353,40.2763],[-3.6355,40.2763],[-3.6363,40.2762],[-3.6366,40.2761],[-3.6369,40.2761],[-3.6377,40.2762],[-3.6379,40.2762],[-3.6383,40.2764],[-3.6388,40.2764],[-3.639,40.2763],[-3.6392,40.2762],[-3.6394,40.276],[-3.6394,40.2757],[-3.6394,40.2754],[-3.6394,40.2752],[-3.6397,40.2752],[-3.6401,40.2749],[-3.6404,40.2748],[-3.6406,40.2748],[-3.6408,40.2749],[-3.6409,40.275],[-3.6411,40.2752],[-3.6413,40.2754],[-3.6415,40.2754],[-3.6417,40.2753],[-3.6418,40.275],[-3.6418,40.2746],[-3.642,40.2745],[-3.6422,40.2745],[-3.6425,40.2746],[-3.6429,40.2747],[-3.6432,40.2748],[-3.6433,40.2748],[-3.6435,40.2749],[-3.6437,40.2749],[-3.6438,40.2749],[-3.6441,40.2747],[-3.6444,40.2748],[-3.6446,40.275],[-3.6447,40.2753],[-3.6448,40.2754],[-3.645,40.2754],[-3.645,40.2752],[-3.645,40.275],[-3.6452,40.2748],[-3.6454,40.2749],[-3.6456,40.2749],[-3.6457,40.2748],[-3.6461,40.2746],[-3.6463,40.2745],[-3.6466,40.2745],[-3.6467,40.2746],[-3.6469,40.275],[-3.6471,40.2755],[-3.6473,40.2761],[-3.6475,40.2765],[-3.648,40.2771],[-3.6482,40.2775],[-3.6482,40.2777],[-3.6482,40.2779],[-3.6481,40.278],[-3.6479,40.2782],[-3.6477,40.2782],[-3.6475,40.2782],[-3.6475,40.2784],[-3.6475,40.2786],[-3.6473,40.279],[-3.6472,40.2793],[-3.6472,40.2796],[-3.6473,40.2799],[-3.6475,40.28],[-3.648,40.2802],[-3.6484,40.2804],[-3.6496,40.2807],[-3.6514,40.2809],[-3.6528,40.2812],[-3.6539,40.2814],[-3.6549,40.2816],[-3.6554,40.2818],[-3.6564,40.282],[-3.6577,40.2822],[-3.6593,40.2821],[-3.6604,40.2821]]],[[[-3.4663,40.4374],[-3.4666,40.4373],[-3.4668,40.4372],[-3.4669,40.4372],[-3.467,40.4371],[-3.467,40.4371],[-3.4669,40.4369],[-3.4671,40.4367],[-3.4672,40.4364],[-3.4672,40.436],[-3.4673,40.4356],[-3.4675,40.4353],[-3.4676,40.4351],[-3.4681,40.4348],[-3.4687,40.4345],[-3.4694,40.434],[-3.4704,40.4333],[-3.4711,40.4326],[-3.4718,40.4321],[-3.4723,40.4317],[-3.4727,40.4313],[-3.4731,40.4309],[-3.4734,40.4306],[-3.4738,40.4304],[-3.4757,40.4296],[-3.4773,40.4289],[-3.4777,40.4289],[-3.478,40.4288],[-3.4784,40.4287],[-3.4785,40.4285],[-3.4787,40.4283],[-3.4787,40.428],[-3.4787,40.4277],[-3.4787,40.4274],[-3.4788,40.4271],[-3.4791,40.4269],[-3.4793,40.4267],[-3.4802,40.4261],[-3.4811,40.4255],[-3.4814,40.4253],[-3.4816,40.4249],[-3.4818,40.4246],[-3.482,40.4243],[-3.4821,40.4242],[-3.483,40.4237],[-3.4835,40.4234],[-3.4837,40.4232],[-3.4838,40.4229],[-3.4838,40.4227],[-3.4838,40.4226],[-3.4841,40.4221],[-3.4841,40.422],[-3.484,40.4217],[-3.484,40.4216],[-3.4841,40.4212],[-3.4846,40.4204],[-3.4847,40.4203],[-3.4849,40.4201],[-3.4845,40.4199],[-3.484,40.4196],[-3.4837,40.4193],[-3.4836,40.4191],[-3.4834,40.4186],[-3.4833,40.4183],[-3.4834,40.4179],[-3.4835,40.4174],[-3.4836,40.4168],[-3.4837,40.4164],[-3.4836,40.4157],[-3.4831,40.4142],[-3.4833,40.4141],[-3.4835,40.414],[-3.484,40.414],[-3.4845,40.4139],[-3.485,40.4138],[-3.4855,40.4136],[-3.486,40.4134],[-3.4865,40.4133],[-3.4869,40.4134],[-3.4874,40.4135],[-3.4879,40.4137],[-3.4885,40.4136],[-3.489,40.4135],[-3.4894,40.4134],[-3.4897,40.4134],[-3.4896,40.4125],[-3.4895,40.4116],[-3.4893,40.4107],[-3.489,40.4096],[-3.4879,40.4106],[-3.4867,40.4116],[-3.4864,40.4117],[-3.4845,40.4128],[-3.4818,40.4135],[-3.4807,40.414],[-3.4804,40.4149],[-3.4804,40.4149],[-3.4802,40.4155],[-3.4802,40.4157],[-3.48,40.416],[-3.4796,40.4166],[-3.4793,40.417],[-3.4793,40.4171],[-3.4792,40.4174],[-3.479,40.4177],[-3.4788,40.418],[-3.4787,40.4182],[-3.4785,40.4183],[-3.4783,40.4184],[-3.4779,40.4183],[-3.4774,40.4181],[-3.4771,40.4181],[-3.4768,40.418],[-3.4764,40.418],[-3.476,40.4181],[-3.4756,40.4182],[-3.4754,40.4183],[-3.4751,40.4185],[-3.4745,40.4192],[-3.4744,40.4193],[-3.474,40.42],[-3.4739,40.4201],[-3.4737,40.4203],[-3.4733,40.4207],[-3.4732,40.4208],[-3.4729,40.4211],[-3.4728,40.4213],[-3.4727,40.4216],[-3.4725,40.4222],[-3.4725,40.4226],[-3.4725,40.4229],[-3.4725,40.423],[-3.4727,40.4236],[-3.4727,40.4238],[-3.4727,40.4241],[-3.4727,40.4249],[-3.4728,40.4254],[-3.4729,40.4257],[-3.4729,40.4261],[-3.4729,40.4264],[-3.4729,40.4267],[-3.4729,40.427],[-3.4728,40.4272],[-3.4727,40.4275],[-3.4725,40.4278],[-3.4723,40.4281],[-3.472,40.4283],[-3.4716,40.4286],[-3.4713,40.4288],[-3.471,40.4289],[-3.4707,40.429],[-3.4706,40.429],[-3.4704,40.429],[-3.4702,40.4289],[-3.4699,40.4287],[-3.4697,40.4284],[-3.4694,40.4282],[-3.4691,40.428],[-3.4687,40.4278],[-3.4685,40.4277],[-3.4683,40.4277],[-3.468,40.4276],[-3.4674,40.4276],[-3.4669,40.4276],[-3.4668,40.4276],[-3.4666,40.4277],[-3.4664,40.4278],[-3.4662,40.4279],[-3.466,40.428],[-3.4658,40.4282],[-3.4655,40.4285],[-3.4653,40.4287],[-3.4651,40.429],[-3.4648,40.4294],[-3.4647,40.4298],[-3.4647,40.4301],[-3.4647,40.4305],[-3.4648,40.4309],[-3.4649,40.4312],[-3.4651,40.4315],[-3.4654,40.4319],[-3.4656,40.4323],[-3.4658,40.4326],[-3.466,40.433],[-3.466,40.4334],[-3.466,40.4335],[-3.4658,40.4337],[-3.4657,40.4339],[-3.4656,40.4341],[-3.4657,40.4342],[-3.4656,40.4343],[-3.4654,40.4345],[-3.465,40.4345],[-3.4649,40.4345],[-3.4663,40.4374]]],[[[-3.5305,40.443],[-3.5307,40.4432],[-3.5309,40.4434],[-3.531,40.4434],[-3.5317,40.4433],[-3.5321,40.4432],[-3.5319,40.4425],[-3.5316,40.4421],[-3.5315,40.4418],[-3.5313,40.4413],[-3.5311,40.4408],[-3.5309,40.4403],[-3.5307,40.4397],[-3.5304,40.4395],[-3.53,40.439],[-3.5299,40.4385],[-3.5288,40.4368],[-3.528,40.4356],[-3.5268,40.434],[-3.5267,40.4336],[-3.5263,40.4338],[-3.5255,40.4327],[-3.5251,40.4329],[-3.5246,40.4325],[-3.5238,40.4321],[-3.5235,40.432],[-3.523,40.4318],[-3.5227,40.4317],[-3.5221,40.4315],[-3.5215,40.4314],[-3.5211,40.4313],[-3.5206,40.4313],[-3.5202,40.4313],[-3.5193,40.4313],[-3.5189,40.4313],[-3.5183,40.4311],[-3.5178,40.4309],[-3.5177,40.4308],[-3.5174,40.4306],[-3.5176,40.4305],[-3.5174,40.4304],[-3.5168,40.43],[-3.5162,40.4295],[-3.5155,40.4285],[-3.515,40.4277],[-3.5147,40.4274],[-3.5144,40.4271],[-3.5141,40.4268],[-3.5129,40.4262],[-3.5121,40.426],[-3.5103,40.4257],[-3.509,40.4258],[-3.508,40.426],[-3.5072,40.4261],[-3.5063,40.4262],[-3.5057,40.4259],[-3.5057,40.4257],[-3.5058,40.424],[-3.5058,40.4237],[-3.5056,40.4234],[-3.5054,40.4231],[-3.5052,40.423],[-3.505,40.4227],[-3.5049,40.4224],[-3.5047,40.4222],[-3.5036,40.4219],[-3.5034,40.4217],[-3.5029,40.4212],[-3.5028,40.421],[-3.5027,40.4203],[-3.5026,40.42],[-3.5027,40.4197],[-3.5028,40.4194],[-3.503,40.4188],[-3.5044,40.418],[-3.5048,40.4178],[-3.5064,40.4173],[-3.5067,40.4171],[-3.5072,40.4167],[-3.5075,40.4163],[-3.508,40.4155],[-3.5082,40.4152],[-3.5086,40.4149],[-3.509,40.4147],[-3.5099,40.4144],[-3.511,40.4141],[-3.5114,40.414],[-3.5118,40.4137],[-3.512,40.4129],[-3.512,40.4121],[-3.512,40.4111],[-3.5117,40.4108],[-3.5116,40.4105],[-3.5116,40.4103],[-3.5118,40.4098],[-3.5118,40.4097],[-3.5119,40.4094],[-3.5119,40.4089],[-3.5118,40.4084],[-3.5117,40.4081],[-3.5114,40.4076],[-3.511,40.407],[-3.5105,40.4065],[-3.51,40.4063],[-3.5095,40.4063],[-3.5087,40.4063],[-3.5079,40.4063],[-3.5069,40.4064],[-3.5062,40.4064],[-3.5058,40.4064],[-3.5054,40.4063],[-3.5046,40.4061],[-3.504,40.406],[-3.5037,40.4059],[-3.5036,40.4057],[-3.5035,40.4056],[-3.5036,40.405],[-3.5037,40.4047],[-3.5039,40.4044],[-3.504,40.4043],[-3.5043,40.404],[-3.5044,40.404],[-3.5045,40.404],[-3.5045,40.4042],[-3.5045,40.4043],[-3.5046,40.4045],[-3.5048,40.4046],[-3.5052,40.4046],[-3.5077,40.4047],[-3.5086,40.4048],[-3.5085,40.4027],[-3.5085,40.4026],[-3.5097,40.4016],[-3.51,40.4013],[-3.5102,40.4011],[-3.5104,40.4009],[-3.5107,40.4005],[-3.511,40.4001],[-3.5111,40.3998],[-3.5112,40.3996],[-3.5112,40.3995],[-3.5111,40.3992],[-3.5108,40.3986],[-3.5105,40.398],[-3.5101,40.3972],[-3.5098,40.3966],[-3.5095,40.3958],[-3.5095,40.3957],[-3.5096,40.3953],[-3.5097,40.3949],[-3.5099,40.3944],[-3.51,40.394],[-3.5101,40.3938],[-3.51,40.3935],[-3.51,40.3929],[-3.51,40.3924],[-3.51,40.392],[-3.5099,40.3916],[-3.51,40.3912],[-3.51,40.391],[-3.5102,40.3906],[-3.5105,40.3901],[-3.5108,40.3899],[-3.5109,40.3897],[-3.5111,40.3895],[-3.5113,40.3894],[-3.5117,40.389],[-3.5123,40.3887],[-3.5137,40.3882],[-3.5144,40.3879],[-3.5152,40.3874],[-3.5159,40.3869],[-3.5164,40.3866],[-3.5164,40.3862],[-3.5169,40.386],[-3.5174,40.3859],[-3.518,40.3859],[-3.5182,40.386],[-3.5183,40.3861],[-3.5181,40.3869],[-3.5182,40.3904],[-3.5183,40.3929],[-3.5182,40.3934],[-3.5179,40.3939],[-3.5179,40.394],[-3.5178,40.394],[-3.5178,40.394],[-3.5184,40.3943],[-3.5187,40.3945],[-3.519,40.3947],[-3.5191,40.3949],[-3.5191,40.3961],[-3.5192,40.3966],[-3.5192,40.3967],[-3.5192,40.3974],[-3.5192,40.3982],[-3.5192,40.3984],[-3.5193,40.3981],[-3.5194,40.3977],[-3.5194,40.3971],[-3.5196,40.397],[-3.5203,40.3964],[-3.5215,40.3956],[-3.5219,40.3952],[-3.5225,40.3951],[-3.5234,40.3948],[-3.5245,40.3945],[-3.5253,40.3943],[-3.5261,40.3941],[-3.5266,40.394],[-3.5268,40.394],[-3.5268,40.3929],[-3.5268,40.3924],[-3.5266,40.3916],[-3.5264,40.3914],[-3.5261,40.3912],[-3.526,40.391],[-3.5259,40.3907],[-3.5259,40.3901],[-3.526,40.3897],[-3.526,40.3893],[-3.5258,40.3891],[-3.5256,40.3889],[-3.5254,40.3887],[-3.5253,40.3886],[-3.525,40.3886],[-3.5249,40.3886],[-3.5248,40.3887],[-3.5245,40.3887],[-3.5243,40.3887],[-3.524,40.3887],[-3.5237,40.3886],[-3.5234,40.3885],[-3.5231,40.3884],[-3.5229,40.3883],[-3.5226,40.3881],[-3.5224,40.3879],[-3.5222,40.3877],[-3.522,40.3874],[-3.5217,40.3871],[-3.5215,40.3867],[-3.5214,40.3865],[-3.5216,40.386],[-3.5217,40.3859],[-3.5219,40.3859],[-3.5223,40.3859],[-3.5226,40.3859],[-3.5227,40.3859],[-3.5227,40.3857],[-3.5228,40.3854],[-3.5228,40.3849],[-3.5228,40.3849],[-3.5228,40.3848],[-3.5226,40.3846],[-3.5223,40.3843],[-3.5222,40.3838],[-3.5223,40.3833],[-3.5224,40.3832],[-3.5227,40.3825],[-3.5225,40.3819],[-3.5223,40.3815],[-3.5222,40.3814],[-3.5221,40.3814],[-3.5215,40.3812],[-3.5215,40.3811],[-3.5215,40.3811],[-3.5209,40.3811],[-3.5201,40.381],[-3.5198,40.381],[-3.5194,40.3813],[-3.5192,40.3813],[-3.519,40.3813],[-3.5186,40.3812],[-3.5182,40.3811],[-3.5179,40.3813],[-3.5177,40.3816],[-3.5176,40.3816],[-3.5174,40.3812],[-3.5174,40.3806],[-3.5174,40.3802],[-3.5173,40.3796],[-3.5172,40.3791],[-3.5167,40.378],[-3.5165,40.3774],[-3.5163,40.3768],[-3.5163,40.3764],[-3.5162,40.376],[-3.5158,40.3754],[-3.5152,40.3748],[-3.5146,40.3743],[-3.5138,40.3737],[-3.5133,40.3731],[-3.513,40.3724],[-3.5128,40.3716],[-3.5127,40.3709],[-3.5123,40.3701],[-3.5114,40.3684],[-3.5108,40.3673],[-3.5102,40.3664],[-3.5096,40.3655],[-3.509,40.3644],[-3.5085,40.3633],[-3.5083,40.3624],[-3.5079,40.3611],[-3.5076,40.3603],[-3.5072,40.3595],[-3.5063,40.3585],[-3.5058,40.3581],[-3.505,40.3578],[-3.5039,40.3575],[-3.5028,40.3575],[-3.5018,40.3576],[-3.5007,40.358],[-3.5,40.3585],[-3.4997,40.3588],[-3.4989,40.36],[-3.4983,40.3611],[-3.4979,40.3618],[-3.4975,40.3623],[-3.4972,40.3625],[-3.4967,40.3627],[-3.4962,40.3628],[-3.4957,40.3629],[-3.4949,40.3627],[-3.4936,40.3623],[-3.4927,40.362],[-3.492,40.3616],[-3.4913,40.3613],[-3.4903,40.3611],[-3.4889,40.361],[-3.4878,40.3611],[-3.487,40.3609],[-3.4862,40.3611],[-3.4852,40.3612],[-3.4847,40.3612],[-3.4843,40.3609],[-3.4839,40.3603],[-3.4835,40.3594],[-3.4837,40.3583],[-3.4841,40.3574],[-3.4844,40.3567],[-3.4847,40.3563],[-3.4849,40.3558],[-3.485,40.3552],[-3.485,40.3546],[-3.485,40.3536],[-3.485,40.3526],[-3.4851,40.352],[-3.4852,40.3514],[-3.4849,40.3508],[-3.4845,40.3502],[-3.4842,40.3499],[-3.4835,40.3495],[-3.4831,40.3491],[-3.4829,40.3491],[-3.482,40.3492],[-3.4803,40.3495],[-3.4797,40.3496],[-3.479,40.3496],[-3.4786,40.3494],[-3.4781,40.3489],[-3.4778,40.3483],[-3.4768,40.3465],[-3.4759,40.3444],[-3.4753,40.3431],[-3.4749,40.3424],[-3.4741,40.341],[-3.473,40.3383],[-3.4726,40.3372],[-3.4724,40.3364],[-3.4722,40.3349],[-3.4722,40.334],[-3.4723,40.3336],[-3.4725,40.3333],[-3.4727,40.3329],[-3.4729,40.3324],[-3.4729,40.3321],[-3.4733,40.3317],[-3.4736,40.3316],[-3.4739,40.3315],[-3.4745,40.3314],[-3.4754,40.3312],[-3.4766,40.3309],[-3.4774,40.3305],[-3.4776,40.3303],[-3.4784,40.3299],[-3.4793,40.3297],[-3.4808,40.3295],[-3.4821,40.3292],[-3.4827,40.329],[-3.4836,40.3284],[-3.4845,40.3278],[-3.4855,40.3272],[-3.4862,40.3267],[-3.4867,40.3265],[-3.4875,40.3264],[-3.4888,40.3261],[-3.4903,40.3256],[-3.4918,40.3251],[-3.4932,40.3247],[-3.4963,40.3242],[-3.4985,40.3238],[-3.5026,40.3228],[-3.5036,40.3225],[-3.5048,40.3224],[-3.5062,40.3223],[-3.5079,40.3222],[-3.51,40.3219],[-3.5116,40.3217],[-3.5128,40.3218],[-3.5138,40.3218],[-3.5139,40.3217],[-3.5138,40.3215],[-3.5132,40.3212],[-3.5118,40.3206],[-3.5116,40.3206],[-3.5113,40.3204],[-3.511,40.3203],[-3.5108,40.3203],[-3.5104,40.3202],[-3.5101,40.3199],[-3.5094,40.3194],[-3.5084,40.319],[-3.5081,40.3188],[-3.5081,40.3187],[-3.5081,40.3186],[-3.5082,40.3185],[-3.5088,40.3187],[-3.5098,40.319],[-3.5102,40.3193],[-3.5104,40.3195],[-3.5109,40.3197],[-3.5125,40.32],[-3.5147,40.3207],[-3.5164,40.3213],[-3.5174,40.3215],[-3.5188,40.3217],[-3.5192,40.3218],[-3.5199,40.3219],[-3.5207,40.3219],[-3.5215,40.3216],[-3.5228,40.3212],[-3.523,40.3211],[-3.5235,40.3211],[-3.524,40.3213],[-3.5246,40.3217],[-3.5248,40.3221],[-3.5249,40.3226],[-3.5254,40.3242],[-3.5255,40.3249],[-3.5253,40.3255],[-3.5252,40.326],[-3.5252,40.3263],[-3.5254,40.3271],[-3.5256,40.3277],[-3.5259,40.3282],[-3.5262,40.3289],[-3.5268,40.3292],[-3.5273,40.3292],[-3.5277,40.3289],[-3.5283,40.3286],[-3.5289,40.3286],[-3.5296,40.329],[-3.5304,40.3295],[-3.5312,40.3298],[-3.5323,40.3299],[-3.5329,40.3298],[-3.5331,40.3297],[-3.5333,40.3293],[-3.5335,40.3288],[-3.534,40.3285],[-3.5348,40.3287],[-3.5356,40.3289],[-3.5363,40.3287],[-3.5366,40.3285],[-3.5369,40.3281],[-3.5372,40.3279],[-3.5376,40.3278],[-3.5379,40.3279],[-3.5383,40.328],[-3.5394,40.3281],[-3.5399,40.3284],[-3.5403,40.3285],[-3.5406,40.3285],[-3.5415,40.3284],[-3.5424,40.3281],[-3.5427,40.328],[-3.5431,40.328],[-3.5435,40.3281],[-3.544,40.328],[-3.5448,40.3282],[-3.5452,40.3282],[-3.5456,40.328],[-3.5459,40.3277],[-3.5463,40.3277],[-3.5465,40.3279],[-3.5468,40.3284],[-3.5471,40.3286],[-3.5474,40.3287],[-3.5476,40.3289],[-3.5479,40.329],[-3.5485,40.329],[-3.5497,40.3287],[-3.5516,40.328],[-3.5526,40.3275],[-3.553,40.3271],[-3.5532,40.3263],[-3.5536,40.3252],[-3.5543,40.3246],[-3.5551,40.3237],[-3.556,40.3232],[-3.5565,40.3231],[-3.5571,40.3229],[-3.5577,40.3226],[-3.559,40.322],[-3.5609,40.3212],[-3.5618,40.3202],[-3.5621,40.3197],[-3.5627,40.319],[-3.5634,40.3188],[-3.5639,40.3182],[-3.5642,40.3179],[-3.5645,40.3174],[-3.5645,40.317],[-3.5646,40.3161],[-3.5647,40.3161],[-3.5651,40.3166],[-3.5663,40.3167],[-3.5666,40.3166],[-3.5671,40.3164],[-3.5676,40.3158],[-3.5682,40.3147],[-3.5689,40.3144],[-3.5692,40.3143],[-3.5704,40.3143],[-3.5709,40.3142],[-3.5713,40.3143],[-3.5721,40.3142],[-3.5728,40.3142],[-3.5737,40.3137],[-3.5742,40.313],[-3.5746,40.3125],[-3.5752,40.3121],[-3.5755,40.3119],[-3.5758,40.3118],[-3.5761,40.3117],[-3.5774,40.3117],[-3.5781,40.3118],[-3.5785,40.3119],[-3.5791,40.3124],[-3.5798,40.3126],[-3.5802,40.3127],[-3.5812,40.3126],[-3.5821,40.3121],[-3.5825,40.3113],[-3.5827,40.3106],[-3.5827,40.31],[-3.5829,40.3097],[-3.5831,40.3096],[-3.5848,40.309],[-3.5856,40.309],[-3.586,40.3091],[-3.5863,40.3095],[-3.5866,40.3097],[-3.587,40.3098],[-3.5874,40.3099],[-3.5879,40.3098],[-3.5889,40.3096],[-3.5893,40.3094],[-3.59,40.3092],[-3.591,40.3092],[-3.5916,40.3093],[-3.5925,40.3097],[-3.5931,40.31],[-3.5936,40.31],[-3.5953,40.31],[-3.5965,40.3099],[-3.5983,40.3101],[-3.5987,40.3101],[-3.5991,40.3099],[-3.6,40.3095],[-3.6004,40.3093],[-3.6007,40.3093],[-3.601,40.3094],[-3.6017,40.3097],[-3.6023,40.3102],[-3.6027,40.3104],[-3.604,40.3104],[-3.6065,40.3102],[-3.607,40.3104],[-3.6072,40.3106],[-3.6077,40.3108],[-3.6081,40.3109],[-3.6086,40.3108],[-3.609,40.3107],[-3.61,40.3108],[-3.6107,40.3105],[-3.6111,40.3104],[-3.612,40.3099],[-3.6126,40.3095],[-3.6128,40.3093],[-3.6139,40.309],[-3.6143,40.3091],[-3.6155,40.3095],[-3.6158,40.3096],[-3.6167,40.3101],[-3.6171,40.3104],[-3.6172,40.3108],[-3.6169,40.3118],[-3.6164,40.3132],[-3.6162,40.3139],[-3.6162,40.3142],[-3.6164,40.3147],[-3.6168,40.3153],[-3.6171,40.3156],[-3.6192,40.3161],[-3.6207,40.3164],[-3.6217,40.3164],[-3.6222,40.3163],[-3.6224,40.3164],[-3.6229,40.3163],[-3.6233,40.316],[-3.6239,40.3158],[-3.6243,40.3156],[-3.6248,40.3152],[-3.625,40.3151],[-3.6253,40.3152],[-3.6264,40.3171],[-3.6267,40.3179],[-3.6271,40.3187],[-3.6282,40.3202],[-3.6285,40.3204],[-3.6289,40.3206],[-3.6298,40.3208],[-3.6303,40.3208],[-3.6314,40.3211],[-3.6319,40.3211],[-3.6324,40.3212],[-3.6336,40.3222],[-3.6341,40.3225],[-3.6347,40.3229],[-3.6352,40.3235],[-3.6356,40.3238],[-3.6359,40.3241],[-3.6368,40.3246],[-3.6371,40.3248],[-3.6378,40.325],[-3.6381,40.3252],[-3.6396,40.3259],[-3.6401,40.3261],[-3.6406,40.3263],[-3.6418,40.3267],[-3.6428,40.3269],[-3.643,40.327],[-3.6449,40.3276],[-3.6492,40.3287],[-3.6494,40.3288],[-3.6488,40.3272],[-3.6484,40.3272],[-3.6469,40.3266],[-3.6455,40.3262],[-3.6441,40.3259],[-3.6431,40.3254],[-3.6425,40.325],[-3.6414,40.3244],[-3.6408,40.3242],[-3.6403,40.3239],[-3.6392,40.3235],[-3.6382,40.3235],[-3.638,40.3236],[-3.6371,40.3232],[-3.6368,40.3224],[-3.636,40.3208],[-3.6339,40.32],[-3.6333,40.3199],[-3.6327,40.32],[-3.6315,40.3199],[-3.6305,40.3199],[-3.6298,40.3191],[-3.6301,40.3184],[-3.6295,40.3176],[-3.6293,40.3172],[-3.6291,40.3168],[-3.6286,40.3155],[-3.6284,40.315],[-3.6282,40.3147],[-3.6276,40.314],[-3.6262,40.3129],[-3.6252,40.3126],[-3.6245,40.3125],[-3.6233,40.3124],[-3.6226,40.3121],[-3.622,40.3119],[-3.6209,40.3114],[-3.6204,40.311],[-3.6201,40.3106],[-3.6199,40.3103],[-3.6196,40.3099],[-3.6192,40.3094],[-3.617,40.3084],[-3.6161,40.308],[-3.6155,40.3078],[-3.615,40.3077],[-3.614,40.3076],[-3.6132,40.3077],[-3.6122,40.3079],[-3.6113,40.3081],[-3.6099,40.3088],[-3.6095,40.309],[-3.6089,40.3091],[-3.6083,40.3091],[-3.6051,40.3087],[-3.6032,40.3086],[-3.6023,40.3085],[-3.6019,40.3083],[-3.6007,40.3075],[-3.6003,40.3073],[-3.5998,40.3071],[-3.5988,40.3069],[-3.5984,40.3069],[-3.5981,40.3071],[-3.5977,40.3077],[-3.5975,40.308],[-3.5973,40.3082],[-3.597,40.3084],[-3.5966,40.3085],[-3.5957,40.3085],[-3.5951,40.3084],[-3.5946,40.3084],[-3.5942,40.3084],[-3.5937,40.3084],[-3.5926,40.3083],[-3.5914,40.308],[-3.5907,40.3078],[-3.5902,40.3077],[-3.5898,40.3076],[-3.5885,40.3077],[-3.5881,40.3078],[-3.5878,40.308],[-3.5873,40.3082],[-3.5871,40.3082],[-3.5865,40.3079],[-3.586,40.3076],[-3.5855,40.3076],[-3.5847,40.3077],[-3.5835,40.308],[-3.5828,40.3083],[-3.5817,40.3089],[-3.5814,40.3091],[-3.581,40.3096],[-3.5809,40.31],[-3.5809,40.3103],[-3.5808,40.3106],[-3.5806,40.3108],[-3.5804,40.3108],[-3.58,40.3107],[-3.5794,40.3105],[-3.5789,40.3104],[-3.5782,40.3104],[-3.577,40.3102],[-3.5758,40.3102],[-3.5754,40.3103],[-3.5751,40.3104],[-3.5745,40.311],[-3.5736,40.3118],[-3.5722,40.3127],[-3.5718,40.3128],[-3.5708,40.313],[-3.5693,40.3132],[-3.5688,40.3134],[-3.5678,40.3136],[-3.567,40.3139],[-3.5667,40.3141],[-3.5663,40.3147],[-3.566,40.3148],[-3.5657,40.3148],[-3.5655,40.3147],[-3.5652,40.3145],[-3.5649,40.3145],[-3.5644,40.3145],[-3.564,40.3146],[-3.5638,40.3149],[-3.5635,40.316],[-3.563,40.3164],[-3.5626,40.3166],[-3.5623,40.3167],[-3.5615,40.3167],[-3.561,40.3168],[-3.5606,40.3169],[-3.5593,40.3174],[-3.5589,40.3176],[-3.558,40.318],[-3.5568,40.3184],[-3.5564,40.3186],[-3.5543,40.3193],[-3.5521,40.3198],[-3.5517,40.32],[-3.5513,40.3203],[-3.5511,40.3205],[-3.5503,40.3217],[-3.5498,40.3222],[-3.5489,40.3225],[-3.5464,40.3234],[-3.5462,40.3235],[-3.5452,40.3239],[-3.5441,40.3245],[-3.5427,40.3251],[-3.5424,40.3251],[-3.5414,40.3254],[-3.5409,40.3256],[-3.5405,40.3258],[-3.5402,40.3259],[-3.5389,40.3259],[-3.5385,40.3259],[-3.5381,40.3259],[-3.5372,40.3261],[-3.5355,40.3264],[-3.535,40.3264],[-3.5333,40.3262],[-3.5322,40.326],[-3.5314,40.3255],[-3.5301,40.3248],[-3.5293,40.3242],[-3.5281,40.3232],[-3.528,40.323],[-3.5279,40.3226],[-3.5279,40.3223],[-3.5282,40.3218],[-3.5285,40.3213],[-3.5289,40.3209],[-3.5292,40.3207],[-3.5294,40.3205],[-3.5296,40.3202],[-3.5303,40.3193],[-3.5308,40.3186],[-3.531,40.3182],[-3.5311,40.3176],[-3.5313,40.3169],[-3.5318,40.3163],[-3.5323,40.3156],[-3.5329,40.3149],[-3.5334,40.3141],[-3.5336,40.3136],[-3.5339,40.3131],[-3.5342,40.3129],[-3.5345,40.3126],[-3.5352,40.3123],[-3.5355,40.3121],[-3.536,40.3117],[-3.5362,40.3114],[-3.5365,40.3109],[-3.5368,40.3103],[-3.5371,40.3096],[-3.5375,40.3089],[-3.5379,40.3083],[-3.5383,40.308],[-3.5387,40.3075],[-3.5391,40.3069],[-3.5394,40.3064],[-3.5397,40.3056],[-3.5399,40.3054],[-3.5403,40.305],[-3.5413,40.3042],[-3.542,40.3037],[-3.5423,40.3033],[-3.5427,40.3025],[-3.543,40.3015],[-3.5432,40.3011],[-3.5434,40.3008],[-3.5439,40.2999],[-3.5441,40.2994],[-3.5442,40.299],[-3.5441,40.2986],[-3.5439,40.2983],[-3.5435,40.2975],[-3.5433,40.2967],[-3.5433,40.2962],[-3.5434,40.295],[-3.5435,40.294],[-3.5436,40.2936],[-3.5438,40.2928],[-3.5441,40.2921],[-3.5442,40.2916],[-3.5442,40.2908],[-3.5442,40.2905],[-3.5441,40.2901],[-3.5439,40.2896],[-3.5437,40.2891],[-3.5437,40.2886],[-3.5437,40.2883],[-3.5438,40.2873],[-3.544,40.2867],[-3.5443,40.2862],[-3.5448,40.2858],[-3.5458,40.2855],[-3.5462,40.2854],[-3.5468,40.2853],[-3.5474,40.2853],[-3.5482,40.2852],[-3.5489,40.2853],[-3.5496,40.2854],[-3.5502,40.2854],[-3.5511,40.2853],[-3.5515,40.285],[-3.5519,40.2845],[-3.5522,40.284],[-3.5525,40.2834],[-3.5525,40.2829],[-3.5525,40.2819],[-3.5525,40.2815],[-3.5526,40.2811],[-3.5527,40.2807],[-3.5528,40.2804],[-3.5528,40.2801],[-3.5528,40.2799],[-3.5526,40.2797],[-3.5524,40.2798],[-3.5516,40.2799],[-3.5512,40.28],[-3.5507,40.28],[-3.5503,40.2799],[-3.5499,40.2798],[-3.5496,40.2795],[-3.5495,40.2793],[-3.5495,40.2789],[-3.5498,40.2787],[-3.5502,40.2784],[-3.5507,40.2781],[-3.5511,40.2777],[-3.5512,40.2775],[-3.5513,40.2772],[-3.5512,40.2767],[-3.551,40.276],[-3.5509,40.2754],[-3.551,40.2749],[-3.5512,40.2743],[-3.5512,40.2739],[-3.5512,40.2735],[-3.5509,40.2733],[-3.5506,40.2732],[-3.5506,40.273],[-3.5504,40.2727],[-3.5504,40.2722],[-3.5506,40.2718],[-3.5509,40.2714],[-3.5512,40.2711],[-3.5513,40.2708],[-3.5512,40.2704],[-3.5511,40.2699],[-3.5508,40.2696],[-3.5501,40.2687],[-3.5498,40.268],[-3.5494,40.2674],[-3.5491,40.267],[-3.5489,40.2668],[-3.5486,40.2668],[-3.5475,40.2671],[-3.5462,40.2672],[-3.5451,40.2673],[-3.5446,40.2673],[-3.5443,40.2671],[-3.544,40.2669],[-3.5436,40.2665],[-3.5431,40.2663],[-3.5429,40.2661],[-3.5421,40.2656],[-3.5414,40.2652],[-3.5409,40.2646],[-3.5404,40.2639],[-3.5404,40.2633],[-3.5404,40.2626],[-3.5405,40.2618],[-3.5407,40.2612],[-3.5409,40.2608],[-3.5411,40.2603],[-3.5412,40.26],[-3.5414,40.2598],[-3.5418,40.2595],[-3.542,40.2592],[-3.5426,40.2579],[-3.5428,40.2572],[-3.5429,40.2567],[-3.5431,40.2555],[-3.5431,40.2548],[-3.5431,40.2537],[-3.5431,40.2533],[-3.5433,40.2529],[-3.5436,40.2525],[-3.5438,40.2523],[-3.5449,40.2513],[-3.5458,40.2504],[-3.5466,40.2498],[-3.5477,40.2486],[-3.5482,40.248],[-3.5485,40.2475],[-3.5486,40.247],[-3.5486,40.2464],[-3.5484,40.246],[-3.5482,40.2455],[-3.5476,40.2446],[-3.5473,40.2442],[-3.547,40.2436],[-3.547,40.2432],[-3.547,40.2426],[-3.547,40.2421],[-3.547,40.2418],[-3.547,40.2411],[-3.5469,40.2408],[-3.5467,40.2404],[-3.5462,40.2398],[-3.5457,40.2393],[-3.5451,40.2388],[-3.5442,40.2383],[-3.5431,40.2377],[-3.5424,40.2373],[-3.5419,40.2369],[-3.5418,40.2368],[-3.5414,40.2363],[-3.5411,40.2355],[-3.5408,40.2347],[-3.5408,40.2342],[-3.5409,40.2335],[-3.541,40.2329],[-3.5412,40.2326],[-3.5414,40.2324],[-3.5419,40.2314],[-3.5423,40.231],[-3.543,40.2303],[-3.5434,40.2299],[-3.5441,40.2295],[-3.5446,40.2292],[-3.5451,40.2289],[-3.5456,40.2283],[-3.546,40.2281],[-3.5467,40.2274],[-3.5472,40.227],[-3.5475,40.2264],[-3.5477,40.2258],[-3.548,40.2252],[-3.5484,40.2247],[-3.5488,40.2243],[-3.5491,40.2239],[-3.5492,40.2236],[-3.5492,40.2234],[-3.5492,40.223],[-3.549,40.2224],[-3.5488,40.2219],[-3.5488,40.2215],[-3.5489,40.2212],[-3.5493,40.2209],[-3.551,40.2193],[-3.552,40.2185],[-3.5526,40.218],[-3.553,40.2177],[-3.5532,40.2174],[-3.5539,40.217],[-3.5545,40.2167],[-3.5557,40.2161],[-3.5568,40.2157],[-3.5576,40.2152],[-3.5583,40.2145],[-3.5591,40.2137],[-3.5599,40.2127],[-3.5607,40.2122],[-3.5613,40.2121],[-3.5618,40.212],[-3.5624,40.2119],[-3.5629,40.2116],[-3.5633,40.2113],[-3.5637,40.2108],[-3.5641,40.2103],[-3.5644,40.21],[-3.5643,40.2097],[-3.5642,40.2094],[-3.5641,40.2091],[-3.5641,40.2087],[-3.5641,40.2083],[-3.5643,40.2075],[-3.5644,40.207],[-3.5644,40.2067],[-3.5643,40.2064],[-3.5637,40.2057],[-3.5634,40.2053],[-3.5624,40.2045],[-3.5615,40.2038],[-3.5606,40.2032],[-3.5604,40.2031],[-3.5603,40.2028],[-3.56,40.2022],[-3.5601,40.202],[-3.56,40.2017],[-3.5599,40.2013],[-3.5598,40.2009],[-3.5597,40.2001],[-3.5597,40.1994],[-3.5597,40.1989],[-3.5598,40.198],[-3.5598,40.1974],[-3.5598,40.1969],[-3.5598,40.1963],[-3.5597,40.1955],[-3.5596,40.1951],[-3.5595,40.1948],[-3.5595,40.1945],[-3.5595,40.1943],[-3.5594,40.1939],[-3.5592,40.1936],[-3.5591,40.1931],[-3.5591,40.1927],[-3.5592,40.1925],[-3.5594,40.1922],[-3.5595,40.192],[-3.5594,40.1912],[-3.5594,40.1906],[-3.5595,40.1902],[-3.5596,40.1896],[-3.5598,40.189],[-3.5599,40.1886],[-3.56,40.1881],[-3.5601,40.1878],[-3.5601,40.1871],[-3.5602,40.1864],[-3.5602,40.1858],[-3.5601,40.1854],[-3.5599,40.185],[-3.5598,40.1844],[-3.5595,40.184],[-3.559,40.1835],[-3.5585,40.183],[-3.5581,40.1826],[-3.5578,40.1823],[-3.5578,40.1821],[-3.5578,40.1819],[-3.5578,40.1816],[-3.558,40.1811],[-3.5584,40.1804],[-3.5587,40.1798],[-3.5589,40.1794],[-3.5592,40.1788],[-3.5593,40.1783],[-3.5593,40.178],[-3.5596,40.1778],[-3.5601,40.1778],[-3.5605,40.1776],[-3.5609,40.1773],[-3.561,40.177],[-3.5611,40.1767],[-3.5608,40.1763],[-3.5607,40.176],[-3.5606,40.1759],[-3.5606,40.1757],[-3.5607,40.1754],[-3.5609,40.175],[-3.5611,40.1749],[-3.5613,40.1749],[-3.5617,40.1749],[-3.5621,40.1749],[-3.5624,40.1749],[-3.5625,40.1747],[-3.5626,40.1743],[-3.5626,40.1739],[-3.5626,40.1735],[-3.5626,40.1731],[-3.5628,40.1729],[-3.5633,40.1724],[-3.5657,40.1708],[-3.5659,40.1706],[-3.5662,40.1705],[-3.5663,40.1704],[-3.5664,40.1699],[-3.5664,40.1697],[-3.5665,40.1695],[-3.5667,40.1694],[-3.5667,40.1693],[-3.5668,40.169],[-3.5668,40.1687],[-3.5667,40.168],[-3.5667,40.1674],[-3.5667,40.167],[-3.5665,40.1668],[-3.5662,40.1666],[-3.5658,40.1665],[-3.5656,40.1664],[-3.5652,40.1662],[-3.565,40.166],[-3.5647,40.1656],[-3.5646,40.1652],[-3.5645,40.164],[-3.5645,40.1632],[-3.5645,40.1624],[-3.5645,40.1614],[-3.5645,40.1609],[-3.5645,40.1607],[-3.5646,40.1603],[-3.5647,40.1598],[-3.5646,40.1593],[-3.5643,40.1588],[-3.564,40.1583],[-3.5638,40.158],[-3.5635,40.1578],[-3.5634,40.1576],[-3.5637,40.1568],[-3.5639,40.1563],[-3.564,40.1562],[-3.5652,40.1552],[-3.5658,40.1546],[-3.5661,40.1535],[-3.5662,40.1528],[-3.5663,40.1524],[-3.5666,40.1521],[-3.5668,40.1512],[-3.5671,40.1508],[-3.5675,40.1498],[-3.5681,40.1487],[-3.5685,40.148],[-3.5697,40.1465],[-3.57,40.1462],[-3.5703,40.146],[-3.5712,40.1455],[-3.5735,40.1444],[-3.574,40.1441],[-3.5745,40.1437],[-3.5753,40.1429],[-3.5756,40.1425],[-3.5756,40.1423],[-3.5754,40.1415],[-3.5753,40.1405],[-3.5754,40.1399],[-3.5755,40.1394],[-3.5756,40.1392],[-3.5758,40.139],[-3.5761,40.1389],[-3.5763,40.1388],[-3.5765,40.1388],[-3.5768,40.1387],[-3.5777,40.1386],[-3.5782,40.1386],[-3.5792,40.1383],[-3.5803,40.138],[-3.5813,40.1375],[-3.5816,40.1374],[-3.5819,40.1372],[-3.5822,40.1369],[-3.5833,40.1359],[-3.5838,40.1353],[-3.5842,40.1348],[-3.5844,40.1343],[-3.5846,40.1323],[-3.5846,40.1315],[-3.5848,40.1309],[-3.5849,40.1307],[-3.5851,40.1304],[-3.5859,40.1294],[-3.5865,40.1285],[-3.5867,40.1283],[-3.587,40.1282],[-3.5872,40.1281],[-3.5886,40.128],[-3.5907,40.128],[-3.5915,40.1279],[-3.5922,40.1277],[-3.5932,40.1273],[-3.5938,40.127],[-3.5947,40.1263],[-3.5955,40.1255],[-3.5957,40.1252],[-3.5958,40.125],[-3.596,40.1244],[-3.5961,40.1241],[-3.5961,40.1239],[-3.5961,40.1222],[-3.5962,40.1214],[-3.5963,40.1211],[-3.5964,40.1209],[-3.5966,40.1208],[-3.597,40.1205],[-3.5979,40.12],[-3.599,40.1196],[-3.6002,40.1189],[-3.6007,40.1186],[-3.601,40.1184],[-3.6012,40.1182],[-3.6016,40.1177],[-3.6017,40.1174],[-3.6017,40.1173],[-3.6017,40.117],[-3.6012,40.1165],[-3.601,40.1163],[-3.6008,40.1161],[-3.6002,40.1158],[-3.5996,40.1155],[-3.5994,40.1153],[-3.5993,40.1152],[-3.5991,40.1148],[-3.5991,40.1145],[-3.5992,40.1143],[-3.5993,40.114],[-3.5998,40.113],[-3.6007,40.1113],[-3.601,40.111],[-3.6014,40.1106],[-3.6017,40.1105],[-3.6022,40.1104],[-3.6046,40.1102],[-3.6054,40.1101],[-3.6061,40.11],[-3.6071,40.1098],[-3.6085,40.1094],[-3.6076,40.109],[-3.6081,40.1087],[-3.6085,40.1084],[-3.6087,40.1082],[-3.6088,40.1079],[-3.6092,40.1072],[-3.6095,40.1067],[-3.6099,40.1062],[-3.6103,40.1058],[-3.6112,40.1052],[-3.6116,40.1049],[-3.612,40.1046],[-3.6129,40.1033],[-3.6132,40.1028],[-3.6134,40.1024],[-3.6135,40.1016],[-3.6136,40.1007],[-3.6139,40.0999],[-3.614,40.0996],[-3.6144,40.0989],[-3.6153,40.0977],[-3.6162,40.0964],[-3.6163,40.0961],[-3.6163,40.0958],[-3.6164,40.0956],[-3.6164,40.0955],[-3.6164,40.0952],[-3.6163,40.0947],[-3.616,40.0942],[-3.6158,40.0939],[-3.6156,40.0937],[-3.6153,40.0935],[-3.6147,40.0929],[-3.6141,40.0927],[-3.6137,40.0925],[-3.6129,40.0923],[-3.6124,40.0923],[-3.6121,40.0923],[-3.6118,40.0924],[-3.6114,40.0926],[-3.6108,40.0929],[-3.6106,40.0932],[-3.6101,40.0939],[-3.6099,40.0942],[-3.6092,40.0948],[-3.6087,40.095],[-3.6084,40.0952],[-3.608,40.0953],[-3.6074,40.0953],[-3.6069,40.0953],[-3.6063,40.0952],[-3.6056,40.095],[-3.605,40.0948],[-3.6045,40.0946],[-3.604,40.0942],[-3.6037,40.0937],[-3.6036,40.0934],[-3.6037,40.0929],[-3.604,40.0921],[-3.6043,40.0918],[-3.6045,40.0916],[-3.6051,40.091],[-3.6056,40.0905],[-3.6066,40.0894],[-3.6072,40.0887],[-3.6074,40.0883],[-3.6076,40.0879],[-3.6077,40.0875],[-3.6081,40.0864],[-3.6069,40.0859],[-3.6066,40.0858],[-3.6065,40.0857],[-3.6062,40.0858],[-3.6061,40.0859],[-3.606,40.0859],[-3.6059,40.086],[-3.6058,40.0861],[-3.6057,40.0862],[-3.6054,40.0867],[-3.6051,40.0871],[-3.6047,40.0875],[-3.6044,40.0879],[-3.6036,40.0888],[-3.602,40.0906],[-3.6017,40.091],[-3.6008,40.0921],[-3.6005,40.0926],[-3.6001,40.0931],[-3.5994,40.0941],[-3.5991,40.0944],[-3.599,40.0946],[-3.5987,40.0951],[-3.5984,40.0955],[-3.5985,40.0957],[-3.5987,40.0959],[-3.5988,40.0962],[-3.599,40.0965],[-3.5993,40.0968],[-3.5994,40.0968],[-3.5996,40.0968],[-3.5998,40.0968],[-3.6,40.0968],[-3.6,40.0967],[-3.6001,40.0966],[-3.6001,40.0966],[-3.6003,40.0965],[-3.6005,40.0964],[-3.6008,40.0964],[-3.6011,40.0965],[-3.6015,40.0967],[-3.602,40.0969],[-3.6024,40.0971],[-3.603,40.0972],[-3.6038,40.0973],[-3.6043,40.0974],[-3.6047,40.0975],[-3.6048,40.0977],[-3.605,40.0976],[-3.6051,40.0975],[-3.6053,40.0975],[-3.6056,40.0975],[-3.6059,40.0976],[-3.6062,40.0975],[-3.6068,40.0974],[-3.6072,40.0973],[-3.6075,40.0975],[-3.608,40.0978],[-3.6084,40.0978],[-3.6086,40.0978],[-3.6092,40.0981],[-3.61,40.0987],[-3.6102,40.099],[-3.6102,40.0992],[-3.6094,40.0997],[-3.6087,40.1001],[-3.6085,40.1003],[-3.608,40.1015],[-3.6079,40.1016],[-3.6081,40.102],[-3.6082,40.1025],[-3.6082,40.1029],[-3.6083,40.1038],[-3.6084,40.1042],[-3.6086,40.1047],[-3.6086,40.105],[-3.6084,40.1053],[-3.6083,40.1054],[-3.6082,40.1056],[-3.6081,40.1058],[-3.6077,40.106],[-3.6075,40.1061],[-3.607,40.1064],[-3.6063,40.1067],[-3.6055,40.1069],[-3.6046,40.1074],[-3.6041,40.1076],[-3.6039,40.1077],[-3.6036,40.1077],[-3.6034,40.1077],[-3.603,40.1076],[-3.6028,40.1075],[-3.6027,40.1075],[-3.6023,40.1076],[-3.6016,40.1078],[-3.6011,40.1081],[-3.6006,40.1083],[-3.6004,40.1084],[-3.5997,40.1087],[-3.5993,40.109],[-3.5985,40.1099],[-3.598,40.1103],[-3.5971,40.1112],[-3.5968,40.1115],[-3.5964,40.112],[-3.5962,40.1125],[-3.5961,40.1131],[-3.596,40.1139],[-3.596,40.1146],[-3.596,40.115],[-3.5961,40.1154],[-3.5963,40.1162],[-3.5967,40.1168],[-3.5971,40.1173],[-3.5974,40.1177],[-3.5979,40.1182],[-3.598,40.1184],[-3.598,40.1186],[-3.5979,40.1187],[-3.5974,40.119],[-3.5962,40.1196],[-3.5958,40.1198],[-3.595,40.1204],[-3.5947,40.1208],[-3.5943,40.1213],[-3.594,40.1215],[-3.5933,40.1223],[-3.5924,40.1232],[-3.5915,40.124],[-3.5903,40.1251],[-3.5898,40.1255],[-3.5894,40.1258],[-3.5891,40.126],[-3.589,40.126],[-3.5887,40.126],[-3.5884,40.126],[-3.588,40.126],[-3.5878,40.126],[-3.5874,40.126],[-3.5869,40.126],[-3.5864,40.126],[-3.5861,40.1259],[-3.5855,40.1258],[-3.5852,40.1257],[-3.5848,40.1257],[-3.5846,40.1257],[-3.5843,40.1257],[-3.584,40.1257],[-3.5838,40.1258],[-3.5837,40.1259],[-3.5837,40.1261],[-3.5837,40.1264],[-3.5837,40.1266],[-3.5835,40.1268],[-3.5833,40.127],[-3.5829,40.1273],[-3.5825,40.1275],[-3.5822,40.1276],[-3.5818,40.1276],[-3.5816,40.1277],[-3.5809,40.1277],[-3.5804,40.1278],[-3.5799,40.1279],[-3.5794,40.128],[-3.5789,40.1281],[-3.5784,40.1284],[-3.5778,40.1289],[-3.5771,40.1293],[-3.5764,40.1299],[-3.5759,40.1303],[-3.5756,40.1305],[-3.5754,40.1307],[-3.575,40.1308],[-3.5747,40.1308],[-3.5744,40.1308],[-3.5739,40.1306],[-3.5733,40.1303],[-3.5727,40.1301],[-3.5724,40.1302],[-3.5721,40.1302],[-3.5715,40.13],[-3.5709,40.1299],[-3.5703,40.1297],[-3.5699,40.1297],[-3.5695,40.1297],[-3.5691,40.1297],[-3.5686,40.1299],[-3.5683,40.13],[-3.5677,40.13],[-3.566,40.13],[-3.5655,40.1301],[-3.5651,40.1301],[-3.565,40.1301],[-3.5649,40.1301],[-3.5649,40.1302],[-3.5649,40.1304],[-3.5649,40.1305],[-3.5649,40.1306],[-3.5648,40.1307],[-3.5648,40.1307],[-3.5646,40.1308],[-3.5645,40.1308],[-3.5643,40.1308],[-3.5642,40.1308],[-3.564,40.1308],[-3.5638,40.1308],[-3.5638,40.1309],[-3.5637,40.1311],[-3.5637,40.1313],[-3.5636,40.1315],[-3.5635,40.1316],[-3.5633,40.1316],[-3.5631,40.1316],[-3.5629,40.1316],[-3.5627,40.1316],[-3.5625,40.1316],[-3.5625,40.1316],[-3.5624,40.1317],[-3.5624,40.1318],[-3.5624,40.132],[-3.5625,40.1321],[-3.5625,40.1323],[-3.5625,40.1325],[-3.5625,40.1328],[-3.5624,40.1331],[-3.5622,40.1336],[-3.5621,40.1339],[-3.562,40.1341],[-3.5619,40.1342],[-3.5618,40.1342],[-3.5614,40.1342],[-3.5607,40.1342],[-3.5604,40.1342],[-3.5599,40.1341],[-3.5591,40.134],[-3.5588,40.134],[-3.5583,40.134],[-3.558,40.134],[-3.5578,40.134],[-3.5575,40.1339],[-3.5572,40.1337],[-3.5569,40.1335],[-3.5564,40.133],[-3.5563,40.1329],[-3.5562,40.1327],[-3.5561,40.1331],[-3.5557,40.1329],[-3.5554,40.1328],[-3.5552,40.1327],[-3.555,40.1326],[-3.5549,40.1325],[-3.5548,40.1325],[-3.5547,40.1325],[-3.5547,40.1326],[-3.5548,40.1329],[-3.5549,40.133],[-3.555,40.1331],[-3.5554,40.1345],[-3.5555,40.1345],[-3.5562,40.1345],[-3.5568,40.1349],[-3.5571,40.135],[-3.5574,40.1349],[-3.5577,40.1347],[-3.5599,40.1345],[-3.5602,40.1346],[-3.5603,40.1351],[-3.5605,40.1351],[-3.5609,40.1351],[-3.5614,40.1351],[-3.5617,40.1349],[-3.5621,40.1347],[-3.5625,40.1341],[-3.5629,40.1334],[-3.5631,40.1331],[-3.5634,40.1328],[-3.5641,40.1325],[-3.5644,40.1325],[-3.5647,40.1329],[-3.5651,40.133],[-3.5654,40.133],[-3.5657,40.1328],[-3.5661,40.1326],[-3.5665,40.1326],[-3.5668,40.1327],[-3.5679,40.1335],[-3.5682,40.1336],[-3.5689,40.1334],[-3.5693,40.1332],[-3.5701,40.1328],[-3.5709,40.1325],[-3.5712,40.1325],[-3.5722,40.1326],[-3.5727,40.1327],[-3.5736,40.1328],[-3.5745,40.1327],[-3.5754,40.1325],[-3.5762,40.1325],[-3.5765,40.1324],[-3.5768,40.1323],[-3.5771,40.1321],[-3.5774,40.1322],[-3.5776,40.1323],[-3.5779,40.1323],[-3.5781,40.1323],[-3.5785,40.132],[-3.5787,40.1318],[-3.5789,40.1316],[-3.5792,40.1315],[-3.5795,40.1319],[-3.5798,40.132],[-3.58,40.132],[-3.5803,40.1318],[-3.5811,40.1312],[-3.5814,40.1311],[-3.5815,40.1312],[-3.5814,40.1314],[-3.5811,40.132],[-3.5794,40.1344],[-3.5793,40.1346],[-3.5793,40.135],[-3.5795,40.135],[-3.5804,40.135],[-3.5816,40.1345],[-3.5821,40.1343],[-3.5823,40.1344],[-3.5823,40.1346],[-3.5821,40.135],[-3.5817,40.1356],[-3.5813,40.1359],[-3.581,40.136],[-3.5805,40.1363],[-3.5784,40.1373],[-3.5779,40.1375],[-3.576,40.1381],[-3.5743,40.1388],[-3.5742,40.1388],[-3.574,40.1391],[-3.5737,40.1397],[-3.5736,40.14],[-3.5737,40.1413],[-3.5736,40.1421],[-3.5735,40.1425],[-3.5734,40.1428],[-3.5732,40.1431],[-3.5728,40.1434],[-3.5724,40.1436],[-3.5699,40.145],[-3.5694,40.1453],[-3.5672,40.1469],[-3.5668,40.1473],[-3.5659,40.1481],[-3.5652,40.1489],[-3.5648,40.1497],[-3.5645,40.1503],[-3.5636,40.1521],[-3.5634,40.1525],[-3.563,40.1533],[-3.5614,40.1558],[-3.5611,40.1566],[-3.5602,40.1614],[-3.5601,40.1628],[-3.5602,40.1639],[-3.5602,40.1646],[-3.5601,40.1664],[-3.56,40.1671],[-3.5595,40.1686],[-3.5592,40.1694],[-3.559,40.1697],[-3.5588,40.1699],[-3.5585,40.1701],[-3.5576,40.1702],[-3.5568,40.1706],[-3.5564,40.1708],[-3.5559,40.1714],[-3.5555,40.1717],[-3.5549,40.1718],[-3.5544,40.172],[-3.5539,40.172],[-3.5535,40.172],[-3.553,40.172],[-3.5526,40.1721],[-3.5523,40.1724],[-3.5522,40.1727],[-3.5525,40.1737],[-3.5527,40.1739],[-3.5532,40.174],[-3.5541,40.174],[-3.5545,40.1739],[-3.5549,40.1739],[-3.5554,40.1739],[-3.556,40.1743],[-3.556,40.1744],[-3.5558,40.1747],[-3.5542,40.1755],[-3.5529,40.176],[-3.5506,40.1767],[-3.5503,40.1768],[-3.55,40.177],[-3.55,40.1772],[-3.5502,40.1774],[-3.5505,40.1776],[-3.5509,40.1777],[-3.5514,40.1777],[-3.5518,40.1776],[-3.5526,40.1776],[-3.553,40.1777],[-3.5534,40.1777],[-3.5537,40.1782],[-3.5537,40.1785],[-3.5535,40.1787],[-3.5532,40.1788],[-3.5524,40.1786],[-3.5519,40.1787],[-3.5517,40.1788],[-3.5511,40.1794],[-3.5508,40.1796],[-3.5503,40.1797],[-3.5497,40.1797],[-3.5492,40.1797],[-3.5487,40.1796],[-3.5478,40.1795],[-3.5475,40.1796],[-3.5475,40.1797],[-3.5478,40.1802],[-3.5481,40.1803],[-3.549,40.1806],[-3.5496,40.1809],[-3.5508,40.1816],[-3.5513,40.1822],[-3.5511,40.1825],[-3.5508,40.1828],[-3.5502,40.183],[-3.5496,40.183],[-3.5484,40.1833],[-3.5475,40.1835],[-3.5472,40.1837],[-3.5474,40.184],[-3.5476,40.1841],[-3.5479,40.1843],[-3.5483,40.1846],[-3.5494,40.1846],[-3.5499,40.1847],[-3.5503,40.1849],[-3.5502,40.1853],[-3.5498,40.1858],[-3.5498,40.1859],[-3.5504,40.1864],[-3.5507,40.1865],[-3.5509,40.1864],[-3.5512,40.1862],[-3.5515,40.186],[-3.5519,40.1859],[-3.5524,40.1858],[-3.5526,40.1859],[-3.5529,40.1861],[-3.5529,40.1865],[-3.5527,40.1868],[-3.5525,40.187],[-3.5521,40.1872],[-3.5513,40.1874],[-3.5503,40.1873],[-3.55,40.1874],[-3.5498,40.1876],[-3.5497,40.1884],[-3.5495,40.1887],[-3.5492,40.1888],[-3.549,40.1888],[-3.5487,40.1886],[-3.5483,40.1885],[-3.5479,40.1888],[-3.5478,40.189],[-3.5479,40.1893],[-3.5482,40.1898],[-3.5495,40.1908],[-3.5498,40.1911],[-3.55,40.1914],[-3.55,40.1918],[-3.5499,40.1922],[-3.5496,40.1925],[-3.5491,40.1929],[-3.5484,40.193],[-3.5465,40.1935],[-3.5458,40.1938],[-3.5454,40.194],[-3.5451,40.1942],[-3.5449,40.1945],[-3.5447,40.1947],[-3.5447,40.195],[-3.5449,40.1954],[-3.5452,40.1956],[-3.5456,40.1957],[-3.5479,40.1958],[-3.5482,40.196],[-3.5483,40.1962],[-3.5483,40.1965],[-3.548,40.1977],[-3.5477,40.198],[-3.5474,40.1981],[-3.5467,40.1982],[-3.5461,40.1986],[-3.5451,40.1996],[-3.5443,40.2002],[-3.5426,40.2011],[-3.5424,40.2013],[-3.5422,40.2016],[-3.5422,40.202],[-3.5425,40.2024],[-3.5427,40.2025],[-3.5431,40.2027],[-3.5432,40.203],[-3.5432,40.2033],[-3.543,40.2035],[-3.5426,40.2036],[-3.5416,40.2038],[-3.5411,40.204],[-3.5407,40.2042],[-3.5406,40.2045],[-3.5403,40.2047],[-3.5397,40.2048],[-3.5376,40.2051],[-3.5371,40.2053],[-3.537,40.2056],[-3.5375,40.2061],[-3.5381,40.2065],[-3.5381,40.2067],[-3.538,40.2068],[-3.5377,40.2072],[-3.537,40.2076],[-3.5361,40.2083],[-3.5356,40.2089],[-3.5355,40.2095],[-3.5357,40.2097],[-3.5359,40.21],[-3.5361,40.2101],[-3.5364,40.2101],[-3.5386,40.2098],[-3.5391,40.2098],[-3.5398,40.2098],[-3.5403,40.21],[-3.5404,40.2103],[-3.5407,40.2113],[-3.5409,40.2114],[-3.5416,40.2115],[-3.5423,40.2118],[-3.5425,40.212],[-3.5425,40.2124],[-3.5423,40.2127],[-3.5421,40.213],[-3.5409,40.2133],[-3.5407,40.2135],[-3.5404,40.2139],[-3.5403,40.2146],[-3.54,40.215],[-3.5396,40.2151],[-3.5392,40.2153],[-3.5387,40.2155],[-3.5385,40.2157],[-3.5382,40.216],[-3.5378,40.217],[-3.5371,40.2187],[-3.5368,40.2191],[-3.5365,40.2194],[-3.5357,40.2201],[-3.5353,40.2205],[-3.535,40.221],[-3.5346,40.2213],[-3.5337,40.2218],[-3.5332,40.2221],[-3.5331,40.2224],[-3.5332,40.2229],[-3.5336,40.2232],[-3.5339,40.2234],[-3.5349,40.2235],[-3.5353,40.2237],[-3.5354,40.2238],[-3.5353,40.224],[-3.5351,40.2241],[-3.5347,40.2241],[-3.5345,40.2243],[-3.5339,40.2248],[-3.5336,40.2249],[-3.5331,40.2249],[-3.5324,40.2246],[-3.532,40.2246],[-3.5316,40.2249],[-3.5315,40.2252],[-3.5315,40.2259],[-3.5316,40.2263],[-3.5317,40.2277],[-3.5319,40.2279],[-3.5322,40.2283],[-3.5325,40.2287],[-3.533,40.2295],[-3.5332,40.2299],[-3.5334,40.2302],[-3.5336,40.2305],[-3.5338,40.2305],[-3.5339,40.2305],[-3.534,40.2305],[-3.5347,40.2295],[-3.5353,40.2286],[-3.5358,40.2277],[-3.5363,40.2269],[-3.5368,40.2262],[-3.5373,40.2255],[-3.5376,40.2251],[-3.5379,40.2245],[-3.5381,40.2239],[-3.5383,40.2234],[-3.5384,40.223],[-3.5385,40.222],[-3.5388,40.2212],[-3.539,40.2206],[-3.5395,40.2197],[-3.54,40.2189],[-3.5412,40.2174],[-3.5421,40.2166],[-3.5429,40.2157],[-3.5437,40.2149],[-3.5444,40.2145],[-3.5455,40.2139],[-3.5463,40.2131],[-3.5466,40.2127],[-3.5467,40.2124],[-3.5467,40.212],[-3.5467,40.2113],[-3.5467,40.2108],[-3.5466,40.2101],[-3.5466,40.2098],[-3.5467,40.2095],[-3.5467,40.2093],[-3.5465,40.2091],[-3.5464,40.2088],[-3.5464,40.2086],[-3.5466,40.2084],[-3.5468,40.2079],[-3.5468,40.2076],[-3.5466,40.2074],[-3.5462,40.2071],[-3.5461,40.2069],[-3.546,40.2064],[-3.5462,40.2055],[-3.5463,40.2049],[-3.5463,40.2044],[-3.5461,40.2038],[-3.5456,40.2036],[-3.5459,40.2035],[-3.546,40.2035],[-3.546,40.2034],[-3.5461,40.2033],[-3.5462,40.203],[-3.5462,40.2029],[-3.5462,40.2027],[-3.5463,40.2023],[-3.5466,40.202],[-3.5468,40.2017],[-3.547,40.2015],[-3.5474,40.2012],[-3.548,40.201],[-3.5485,40.2008],[-3.5487,40.2007],[-3.5489,40.2005],[-3.5492,40.2003],[-3.5497,40.1999],[-3.5502,40.1995],[-3.5506,40.1995],[-3.5506,40.1994],[-3.551,40.1982],[-3.5512,40.1978],[-3.5517,40.1965],[-3.5524,40.1951],[-3.5525,40.195],[-3.5534,40.1945],[-3.5567,40.193],[-3.5573,40.1928],[-3.5574,40.1926],[-3.5577,40.193],[-3.558,40.1937],[-3.5581,40.1944],[-3.5582,40.195],[-3.5583,40.1956],[-3.5584,40.1964],[-3.5586,40.1972],[-3.5586,40.1976],[-3.5583,40.1983],[-3.558,40.1987],[-3.5577,40.1994],[-3.5577,40.2001],[-3.5577,40.2006],[-3.558,40.2019],[-3.5585,40.2032],[-3.559,40.2046],[-3.5591,40.2052],[-3.5592,40.2057],[-3.5592,40.2065],[-3.5589,40.2079],[-3.5587,40.2088],[-3.5583,40.2095],[-3.5576,40.2104],[-3.5571,40.2111],[-3.5566,40.2117],[-3.556,40.2124],[-3.5544,40.2135],[-3.553,40.2144],[-3.5521,40.215],[-3.5508,40.2154],[-3.5501,40.2156],[-3.5491,40.216],[-3.5479,40.2167],[-3.5472,40.2176],[-3.5466,40.2186],[-3.5462,40.2197],[-3.5458,40.2208],[-3.5456,40.2215],[-3.5454,40.2222],[-3.5453,40.2227],[-3.5455,40.2232],[-3.5455,40.2237],[-3.5452,40.2244],[-3.5449,40.2251],[-3.5442,40.2259],[-3.5433,40.2267],[-3.5427,40.2274],[-3.5423,40.2277],[-3.5422,40.2279],[-3.5421,40.2282],[-3.5418,40.2283],[-3.5415,40.2286],[-3.5412,40.229],[-3.541,40.2293],[-3.5407,40.2298],[-3.5405,40.23],[-3.5402,40.2302],[-3.5396,40.2304],[-3.539,40.2309],[-3.5385,40.2318],[-3.5381,40.2323],[-3.5378,40.2331],[-3.5375,40.234],[-3.5376,40.235],[-3.538,40.2356],[-3.5388,40.2364],[-3.5398,40.2371],[-3.5403,40.2375],[-3.5411,40.2381],[-3.5424,40.2391],[-3.5431,40.2396],[-3.5436,40.2403],[-3.5437,40.2407],[-3.5437,40.2412],[-3.5433,40.2421],[-3.543,40.2431],[-3.5428,40.244],[-3.5428,40.2448],[-3.5428,40.2458],[-3.5429,40.2471],[-3.5429,40.2488],[-3.5427,40.2492],[-3.5425,40.25],[-3.5421,40.251],[-3.5415,40.2521],[-3.5407,40.253],[-3.5395,40.2543],[-3.539,40.2548],[-3.5382,40.2557],[-3.5379,40.2564],[-3.5378,40.257],[-3.5378,40.2576],[-3.5379,40.2581],[-3.538,40.2587],[-3.5379,40.2592],[-3.5377,40.2596],[-3.5374,40.2599],[-3.5372,40.2606],[-3.5372,40.261],[-3.5372,40.2616],[-3.5372,40.2625],[-3.5373,40.2634],[-3.5375,40.2641],[-3.5379,40.265],[-3.5382,40.2657],[-3.5384,40.2662],[-3.5388,40.2665],[-3.539,40.2668],[-3.539,40.267],[-3.539,40.2676],[-3.5387,40.2682],[-3.5383,40.2686],[-3.538,40.2691],[-3.538,40.2693],[-3.538,40.2694],[-3.5389,40.2695],[-3.5412,40.2698],[-3.543,40.27],[-3.5437,40.2701],[-3.5437,40.2703],[-3.5437,40.2705],[-3.5437,40.271],[-3.5438,40.2716],[-3.5439,40.2722],[-3.544,40.2727],[-3.5443,40.2737],[-3.5446,40.2743],[-3.5448,40.2746],[-3.545,40.275],[-3.5453,40.2758],[-3.5455,40.2765],[-3.5457,40.2768],[-3.546,40.2772],[-3.5463,40.2776],[-3.5466,40.2781],[-3.5467,40.2784],[-3.5468,40.2788],[-3.5469,40.279],[-3.5471,40.2793],[-3.5474,40.2795],[-3.5477,40.2797],[-3.5477,40.2799],[-3.5477,40.28],[-3.5476,40.2802],[-3.5474,40.2803],[-3.5471,40.2803],[-3.5469,40.2803],[-3.5467,40.2803],[-3.5465,40.2804],[-3.5462,40.2807],[-3.5459,40.281],[-3.5455,40.2814],[-3.5454,40.2816],[-3.5451,40.2823],[-3.5449,40.2829],[-3.5446,40.2835],[-3.5441,40.2845],[-3.5439,40.2849],[-3.5434,40.2854],[-3.5429,40.2859],[-3.5427,40.2862],[-3.5423,40.2868],[-3.5422,40.2873],[-3.5421,40.2876],[-3.542,40.2881],[-3.542,40.2884],[-3.542,40.2886],[-3.542,40.289],[-3.542,40.2898],[-3.542,40.2912],[-3.542,40.2916],[-3.542,40.292],[-3.5421,40.2923],[-3.5422,40.2926],[-3.5423,40.2929],[-3.5423,40.2931],[-3.5422,40.2935],[-3.5421,40.2938],[-3.5421,40.2943],[-3.5421,40.2947],[-3.542,40.2959],[-3.542,40.2966],[-3.5418,40.2974],[-3.5416,40.2989],[-3.5415,40.2992],[-3.5414,40.2995],[-3.5412,40.2997],[-3.541,40.2999],[-3.5405,40.3002],[-3.5399,40.3005],[-3.5394,40.3008],[-3.539,40.3011],[-3.5382,40.3014],[-3.5379,40.3016],[-3.5369,40.3019],[-3.5366,40.302],[-3.5361,40.3024],[-3.5359,40.3026],[-3.5357,40.3026],[-3.5354,40.3028],[-3.5348,40.3031],[-3.5341,40.3034],[-3.5332,40.3041],[-3.5325,40.3051],[-3.5318,40.3058],[-3.5312,40.3066],[-3.5308,40.3072],[-3.5301,40.3082],[-3.5298,40.3088],[-3.5295,40.3091],[-3.529,40.3095],[-3.5284,40.3099],[-3.528,40.3102],[-3.5276,40.3103],[-3.5266,40.3108],[-3.5261,40.3112],[-3.5257,40.3116],[-3.5253,40.3122],[-3.525,40.3126],[-3.5247,40.313],[-3.5239,40.3139],[-3.5233,40.3147],[-3.5231,40.3152],[-3.5229,40.3155],[-3.5229,40.3159],[-3.5229,40.3165],[-3.5225,40.3175],[-3.522,40.3186],[-3.5214,40.3197],[-3.521,40.32],[-3.5206,40.3203],[-3.5202,40.3204],[-3.5197,40.3205],[-3.5192,40.3205],[-3.5185,40.3204],[-3.5171,40.3201],[-3.5171,40.3202],[-3.5171,40.3203],[-3.5163,40.3202],[-3.5159,40.3202],[-3.5154,40.32],[-3.5152,40.32],[-3.515,40.3198],[-3.5146,40.3194],[-3.5142,40.3189],[-3.5128,40.3184],[-3.5121,40.3181],[-3.5114,40.3179],[-3.5105,40.3176],[-3.5096,40.3173],[-3.5076,40.3169],[-3.5057,40.3164],[-3.5052,40.3163],[-3.5045,40.3164],[-3.504,40.3164],[-3.5033,40.3166],[-3.5025,40.3167],[-3.5016,40.3168],[-3.5007,40.3169],[-3.5,40.3169],[-3.4995,40.317],[-3.4989,40.3169],[-3.4981,40.3167],[-3.4969,40.3165],[-3.4967,40.3165],[-3.4964,40.3166],[-3.4958,40.3167],[-3.495,40.3169],[-3.4941,40.3173],[-3.4936,40.3175],[-3.4924,40.3181],[-3.4912,40.3188],[-3.491,40.319],[-3.4908,40.319],[-3.4906,40.3188],[-3.4909,40.3185],[-3.491,40.3182],[-3.4914,40.3177],[-3.492,40.3169],[-3.4924,40.3164],[-3.4924,40.3162],[-3.492,40.316],[-3.4918,40.3159],[-3.4916,40.3159],[-3.4913,40.316],[-3.4911,40.3161],[-3.4907,40.3166],[-3.4902,40.3174],[-3.4896,40.3182],[-3.4892,40.3188],[-3.4883,40.3202],[-3.4878,40.3208],[-3.4872,40.3215],[-3.4865,40.3221],[-3.4862,40.3224],[-3.486,40.3228],[-3.4858,40.3232],[-3.4851,40.3242],[-3.4844,40.325],[-3.4838,40.3258],[-3.4831,40.3267],[-3.4827,40.327],[-3.4822,40.3274],[-3.4817,40.3277],[-3.4809,40.3279],[-3.4795,40.3281],[-3.4778,40.3283],[-3.4763,40.3283],[-3.475,40.3284],[-3.4745,40.3285],[-3.4739,40.3288],[-3.4733,40.3291],[-3.4723,40.3297],[-3.4717,40.3302],[-3.4714,40.3307],[-3.4713,40.3315],[-3.4712,40.332],[-3.4709,40.3327],[-3.4703,40.3335],[-3.4698,40.3343],[-3.4698,40.3348],[-3.4698,40.3356],[-3.47,40.3364],[-3.4704,40.3374],[-3.4715,40.3395],[-3.472,40.3404],[-3.4725,40.3414],[-3.4729,40.3422],[-3.4744,40.3449],[-3.4751,40.3465],[-3.4759,40.3483],[-3.4765,40.3496],[-3.4769,40.3504],[-3.4774,40.3506],[-3.4781,40.3507],[-3.4791,40.3508],[-3.4798,40.3508],[-3.4806,40.3507],[-3.4812,40.3505],[-3.4819,40.3503],[-3.4822,40.3503],[-3.4827,40.3503],[-3.483,40.3504],[-3.4835,40.3508],[-3.4837,40.3512],[-3.4838,40.3515],[-3.4839,40.3519],[-3.4838,40.3525],[-3.4837,40.3533],[-3.4836,40.3538],[-3.4835,40.3543],[-3.4833,40.355],[-3.4828,40.3562],[-3.4826,40.3573],[-3.4824,40.3581],[-3.4823,40.3586],[-3.4823,40.3592],[-3.4824,40.3598],[-3.4826,40.3602],[-3.4827,40.3605],[-3.483,40.361],[-3.4833,40.3616],[-3.4837,40.3622],[-3.4843,40.3626],[-3.4849,40.3627],[-3.4851,40.3628],[-3.4867,40.363],[-3.4879,40.3631],[-3.4889,40.3631],[-3.49,40.3632],[-3.4908,40.3634],[-3.4909,40.3635],[-3.4911,40.3634],[-3.4912,40.3634],[-3.4917,40.3633],[-3.4921,40.3633],[-3.4925,40.3633],[-3.4931,40.3636],[-3.4939,40.364],[-3.4946,40.3641],[-3.4947,40.3642],[-3.4954,40.3642],[-3.4965,40.3641],[-3.4975,40.3638],[-3.4987,40.3634],[-3.4995,40.3629],[-3.5,40.3625],[-3.5004,40.362],[-3.5008,40.3619],[-3.5009,40.3618],[-3.501,40.3614],[-3.5013,40.3608],[-3.5017,40.3605],[-3.5021,40.3599],[-3.5025,40.3593],[-3.5028,40.359],[-3.503,40.359],[-3.5035,40.3592],[-3.5038,40.3594],[-3.5043,40.3597],[-3.5051,40.3603],[-3.5056,40.3607],[-3.506,40.3612],[-3.5067,40.3622],[-3.5072,40.3631],[-3.5076,40.3639],[-3.5076,40.3641],[-3.5076,40.3643],[-3.5075,40.3646],[-3.5074,40.3647],[-3.5036,40.3671],[-3.5033,40.3673],[-3.5003,40.3691],[-3.501,40.3695],[-3.5027,40.3701],[-3.5045,40.3707],[-3.506,40.3718],[-3.5055,40.3728],[-3.5057,40.3727],[-3.5067,40.3724],[-3.5081,40.3725],[-3.5092,40.3726],[-3.51,40.3727],[-3.51,40.3729],[-3.5103,40.3733],[-3.5107,40.3736],[-3.5115,40.3741],[-3.5125,40.3745],[-3.5132,40.3746],[-3.5137,40.3748],[-3.5141,40.375],[-3.5146,40.3756],[-3.5149,40.376],[-3.5149,40.3763],[-3.5149,40.3767],[-3.5149,40.3774],[-3.515,40.3779],[-3.5152,40.3788],[-3.5155,40.3793],[-3.5157,40.38],[-3.5161,40.3814],[-3.5164,40.3824],[-3.5165,40.3836],[-3.5165,40.384],[-3.5165,40.3843],[-3.5164,40.3845],[-3.5161,40.3848],[-3.5155,40.3851],[-3.5138,40.3856],[-3.5114,40.3864],[-3.5103,40.387],[-3.5097,40.3877],[-3.509,40.3886],[-3.5084,40.3895],[-3.5081,40.3905],[-3.508,40.3911],[-3.5079,40.3922],[-3.5078,40.3933],[-3.5077,40.3943],[-3.5077,40.3948],[-3.5082,40.3954],[-3.5083,40.3957],[-3.5085,40.3961],[-3.5085,40.3964],[-3.5085,40.3967],[-3.5085,40.3971],[-3.5083,40.3975],[-3.5081,40.3979],[-3.5077,40.3984],[-3.507,40.3991],[-3.5062,40.3998],[-3.5052,40.4007],[-3.5044,40.4015],[-3.5038,40.402],[-3.5032,40.4022],[-3.5025,40.4023],[-3.5017,40.4024],[-3.5009,40.4025],[-3.4986,40.4028],[-3.4948,40.4033],[-3.4946,40.4036],[-3.4946,40.4038],[-3.4946,40.4042],[-3.4947,40.4044],[-3.4943,40.4044],[-3.4941,40.4051],[-3.4938,40.4057],[-3.4933,40.4059],[-3.4935,40.4061],[-3.4936,40.4065],[-3.4937,40.407],[-3.494,40.4075],[-3.4942,40.4077],[-3.4943,40.4078],[-3.4952,40.4082],[-3.4959,40.4085],[-3.4962,40.4087],[-3.4964,40.4089],[-3.4964,40.409],[-3.4964,40.4091],[-3.4967,40.4092],[-3.4971,40.4093],[-3.4975,40.4093],[-3.4977,40.4093],[-3.498,40.4093],[-3.4982,40.4094],[-3.4984,40.4094],[-3.499,40.4094],[-3.4995,40.4094],[-3.5,40.4096],[-3.5002,40.4095],[-3.5005,40.4096],[-3.5008,40.4096],[-3.5013,40.4095],[-3.5017,40.4094],[-3.502,40.4092],[-3.5025,40.4086],[-3.5029,40.4082],[-3.5032,40.4078],[-3.5032,40.4076],[-3.5033,40.4075],[-3.5035,40.4075],[-3.504,40.4074],[-3.5044,40.4073],[-3.5052,40.4072],[-3.5054,40.4072],[-3.5057,40.4071],[-3.506,40.4071],[-3.5062,40.4071],[-3.5067,40.4071],[-3.5073,40.4071],[-3.5079,40.407],[-3.5082,40.407],[-3.5085,40.4069],[-3.5087,40.4069],[-3.5089,40.4069],[-3.5092,40.407],[-3.5096,40.4071],[-3.5099,40.4072],[-3.5102,40.4075],[-3.5106,40.4078],[-3.5107,40.408],[-3.5108,40.4083],[-3.5109,40.4086],[-3.5109,40.4091],[-3.5109,40.4094],[-3.5109,40.4098],[-3.5108,40.4103],[-3.5107,40.4108],[-3.5106,40.4112],[-3.5103,40.4115],[-3.5101,40.4118],[-3.51,40.412],[-3.5095,40.4125],[-3.5092,40.4128],[-3.5086,40.4133],[-3.5082,40.4136],[-3.5081,40.4137],[-3.5074,40.414],[-3.507,40.4142],[-3.5067,40.4147],[-3.5061,40.4152],[-3.5059,40.4155],[-3.5057,40.4155],[-3.5056,40.4155],[-3.5056,40.4157],[-3.5055,40.416],[-3.5054,40.4161],[-3.5053,40.4163],[-3.5051,40.4164],[-3.5045,40.4166],[-3.5038,40.4169],[-3.5031,40.4172],[-3.5026,40.4176],[-3.5021,40.4179],[-3.5018,40.4183],[-3.5015,40.4188],[-3.5014,40.4189],[-3.5014,40.4193],[-3.5013,40.4199],[-3.5012,40.4203],[-3.5009,40.4207],[-3.5008,40.4209],[-3.5007,40.4212],[-3.5005,40.4213],[-3.5003,40.4218],[-3.5003,40.422],[-3.5005,40.4224],[-3.5012,40.4235],[-3.5021,40.4245],[-3.5031,40.4253],[-3.5042,40.4262],[-3.5052,40.427],[-3.5061,40.4275],[-3.5073,40.4279],[-3.5084,40.428],[-3.5094,40.4279],[-3.5104,40.4276],[-3.5112,40.4273],[-3.512,40.4271],[-3.5127,40.427],[-3.5131,40.4273],[-3.5136,40.4278],[-3.5141,40.4286],[-3.5147,40.4294],[-3.5154,40.4305],[-3.5157,40.4307],[-3.5165,40.4313],[-3.517,40.4316],[-3.5176,40.4319],[-3.5183,40.4321],[-3.5189,40.4322],[-3.5196,40.4322],[-3.5204,40.4323],[-3.521,40.4323],[-3.5218,40.4325],[-3.522,40.4326],[-3.5223,40.4329],[-3.5226,40.4334],[-3.5228,40.4338],[-3.5233,40.4349],[-3.5234,40.4353],[-3.5235,40.4356],[-3.5237,40.4358],[-3.5238,40.436],[-3.5241,40.4363],[-3.5243,40.4369],[-3.5245,40.4374],[-3.525,40.4383],[-3.5252,40.4392],[-3.5254,40.4397],[-3.5256,40.4404],[-3.5259,40.441],[-3.526,40.4412],[-3.5263,40.4415],[-3.5265,40.4418],[-3.5269,40.4421],[-3.5271,40.4424],[-3.5276,40.4428],[-3.5277,40.4429],[-3.5279,40.4431],[-3.5283,40.4432],[-3.5287,40.4432],[-3.5293,40.4431],[-3.5295,40.443],[-3.5301,40.443],[-3.5305,40.443]]]]},"geometry_name":"GEOMETRY1","properties":{"DS_TIPO_ZONA":"Zonas B: De Reserva Natural","CD_AREA":"B1","NM_AREA_M":33372941,"NM_AREA_HA":3337}},{"type":"Feature","id":"IDEM_MA_PR_SURESTE.4","geometry":{"type":"MultiPolygon","coordinates":[[[[-3.5994,40.2386],[-3.5997,40.2387],[-3.6001,40.2387],[-3.6004,40.2388],[-3.6007,40.239],[-3.6012,40.2394],[-3.6014,40.2396],[-3.6015,40.2391],[-3.6019,40.2377],[-3.6019,40.2376],[-3.6017,40.2377],[-3.6013,40.2378],[-3.6008,40.2379],[-3.6005,40.238],[-3.5999,40.2379],[-3.5994,40.2379],[-3.5987,40.2379],[-3.5983,40.2378],[-3.5973,40.2376],[-3.5968,40.2376],[-3.5966,40.2375],[-3.5964,40.2375],[-3.5956,40.2375],[-3.5951,40.2389],[-3.5969,40.2394],[-3.597,40.2393],[-3.5972,40.239],[-3.5976,40.2388],[-3.5979,40.2387],[-3.5982,40.2387],[-3.5986,40.2386],[-3.5989,40.2385],[-3.5991,40.2384],[-3.5994,40.2386]]],[[[-3.4993,40.2737],[-3.4996,40.2741],[-3.5,40.2748],[-3.5004,40.2753],[-3.5009,40.2757],[-3.5018,40.2762],[-3.5018,40.2766],[-3.5031,40.2768],[-3.5039,40.2768],[-3.5044,40.2768],[-3.5048,40.2767],[-3.505,40.2764],[-3.5049,40.2761],[-3.5047,40.2757],[-3.504,40.2749],[-3.5029,40.2739],[-3.5024,40.2735],[-3.5018,40.2731],[-3.5013,40.2731],[-3.501,40.2732],[-3.5007,40.2733],[-3.5005,40.2733],[-3.5,40.2729],[-3.4999,40.2728],[-3.5,40.2726],[-3.5,40.2722],[-3.4995,40.2718],[-3.4991,40.2717],[-3.4988,40.2712],[-3.4984,40.271],[-3.4981,40.271],[-3.4978,40.271],[-3.4978,40.2708],[-3.4975,40.2707],[-3.4974,40.2707],[-3.4973,40.2702],[-3.497,40.2702],[-3.4966,40.2701],[-3.4966,40.2698],[-3.4963,40.2695],[-3.496,40.2693],[-3.4954,40.2693],[-3.4951,40.2693],[-3.4951,40.2691],[-3.4953,40.2685],[-3.4953,40.268],[-3.495,40.2673],[-3.4948,40.267],[-3.4948,40.2667],[-3.4945,40.2664],[-3.4941,40.2661],[-3.4941,40.2659],[-3.4939,40.2653],[-3.4939,40.2648],[-3.4941,40.2647],[-3.4945,40.2648],[-3.4949,40.2651],[-3.4953,40.2651],[-3.4957,40.2651],[-3.496,40.2652],[-3.4965,40.2654],[-3.4967,40.2658],[-3.4971,40.2662],[-3.4977,40.2668],[-3.4981,40.2672],[-3.4983,40.2676],[-3.4986,40.2679],[-3.4992,40.2679],[-3.4997,40.2679],[-3.5,40.2681],[-3.5003,40.2686],[-3.5009,40.2689],[-3.5015,40.269],[-3.5019,40.2694],[-3.5021,40.2699],[-3.5024,40.2705],[-3.5031,40.2712],[-3.5037,40.2717],[-3.5042,40.2722],[-3.505,40.273],[-3.5055,40.2733],[-3.5061,40.2737],[-3.5068,40.2739],[-3.5077,40.274],[-3.5079,40.2739],[-3.508,40.2738],[-3.5083,40.2735],[-3.5084,40.2731],[-3.5083,40.2725],[-3.5083,40.2721],[-3.5088,40.2717],[-3.509,40.2713],[-3.5092,40.2713],[-3.5092,40.2714],[-3.5092,40.2717],[-3.5091,40.272],[-3.5094,40.2723],[-3.5098,40.2724],[-3.5099,40.2725],[-3.51,40.2728],[-3.5102,40.273],[-3.5107,40.2732],[-3.5111,40.2733],[-3.5115,40.2734],[-3.5116,40.2735],[-3.5115,40.2737],[-3.5115,40.2739],[-3.5116,40.2741],[-3.5119,40.2744],[-3.5122,40.2746],[-3.5121,40.2749],[-3.512,40.2751],[-3.512,40.2754],[-3.5122,40.2757],[-3.5124,40.2757],[-3.5126,40.2757],[-3.5128,40.2756],[-3.5132,40.2752],[-3.5134,40.275],[-3.5137,40.2749],[-3.5141,40.2748],[-3.5144,40.2748],[-3.5147,40.2747],[-3.5149,40.2745],[-3.515,40.2742],[-3.5153,40.2738],[-3.5156,40.2734],[-3.516,40.2731],[-3.5163,40.2729],[-3.5167,40.2726],[-3.5171,40.2723],[-3.5182,40.2718],[-3.5184,40.2717],[-3.5185,40.2715],[-3.5184,40.2713],[-3.5181,40.2711],[-3.518,40.2709],[-3.5179,40.2707],[-3.5175,40.2704],[-3.517,40.27],[-3.517,40.2699],[-3.5172,40.2699],[-3.5174,40.2699],[-3.5175,40.2698],[-3.5178,40.2698],[-3.5179,40.2699],[-3.5182,40.2701],[-3.5184,40.2701],[-3.5185,40.2701],[-3.5188,40.2699],[-3.5191,40.2696],[-3.5195,40.2691],[-3.5201,40.2684],[-3.5206,40.268],[-3.521,40.2677],[-3.5214,40.2673],[-3.5217,40.2669],[-3.5218,40.2665],[-3.5218,40.2661],[-3.5218,40.2658],[-3.5218,40.2655],[-3.5215,40.2651],[-3.5212,40.2649],[-3.5211,40.2647],[-3.5211,40.2642],[-3.5211,40.2639],[-3.5211,40.2636],[-3.521,40.2632],[-3.521,40.2629],[-3.5209,40.262],[-3.5208,40.2617],[-3.5206,40.2616],[-3.5205,40.2616],[-3.5203,40.2616],[-3.5199,40.2616],[-3.518,40.2615],[-3.5171,40.2615],[-3.5169,40.2615],[-3.517,40.2614],[-3.5172,40.2613],[-3.5175,40.2612],[-3.5178,40.2608],[-3.5179,40.2605],[-3.5179,40.2601],[-3.5178,40.2596],[-3.5178,40.2591],[-3.5179,40.2589],[-3.5182,40.2589],[-3.5186,40.2589],[-3.5192,40.2589],[-3.5199,40.2588],[-3.5201,40.2588],[-3.5201,40.2586],[-3.52,40.2585],[-3.5198,40.2584],[-3.5195,40.2583],[-3.5193,40.258],[-3.519,40.2579],[-3.5187,40.2579],[-3.5184,40.2579],[-3.5182,40.2581],[-3.5181,40.2583],[-3.5178,40.2585],[-3.5175,40.2586],[-3.5171,40.2587],[-3.5169,40.2587],[-3.5166,40.2587],[-3.5164,40.2587],[-3.5163,40.2588],[-3.5161,40.2589],[-3.5158,40.2589],[-3.5158,40.2587],[-3.5158,40.2586],[-3.5157,40.2584],[-3.5158,40.2583],[-3.516,40.2583],[-3.5162,40.2579],[-3.5162,40.2578],[-3.516,40.2577],[-3.5157,40.2575],[-3.5153,40.2573],[-3.5153,40.2571],[-3.5155,40.2569],[-3.5157,40.2568],[-3.5158,40.2566],[-3.516,40.2565],[-3.5162,40.2564],[-3.5166,40.2563],[-3.5168,40.2562],[-3.5171,40.2561],[-3.5172,40.2558],[-3.5172,40.2556],[-3.517,40.2555],[-3.5168,40.2554],[-3.5165,40.2554],[-3.5163,40.2553],[-3.5161,40.2553],[-3.5159,40.2553],[-3.5159,40.2552],[-3.5162,40.255],[-3.5163,40.2548],[-3.5163,40.2545],[-3.5162,40.2543],[-3.5158,40.2541],[-3.5155,40.2541],[-3.5154,40.2541],[-3.5152,40.2542],[-3.5151,40.2542],[-3.5149,40.2543],[-3.5147,40.2544],[-3.5146,40.2542],[-3.5145,40.2541],[-3.5145,40.2539],[-3.5145,40.2538],[-3.5144,40.2536],[-3.5139,40.2535],[-3.5135,40.2535],[-3.5133,40.2536],[-3.5131,40.2537],[-3.5129,40.2538],[-3.5128,40.2538],[-3.5126,40.2537],[-3.5125,40.2537],[-3.5124,40.2537],[-3.5123,40.2537],[-3.5122,40.2539],[-3.5121,40.2539],[-3.512,40.2539],[-3.5119,40.2538],[-3.5118,40.2537],[-3.5117,40.2536],[-3.5116,40.2536],[-3.5114,40.2537],[-3.5112,40.2537],[-3.511,40.2537],[-3.5109,40.2537],[-3.5109,40.2536],[-3.5113,40.2535],[-3.5115,40.2532],[-3.5116,40.253],[-3.5116,40.2527],[-3.5115,40.2525],[-3.5113,40.2524],[-3.5113,40.2523],[-3.5113,40.2522],[-3.5111,40.2521],[-3.5109,40.2519],[-3.5106,40.2517],[-3.5104,40.2516],[-3.5105,40.2514],[-3.5107,40.2514],[-3.5109,40.2515],[-3.5111,40.2515],[-3.5114,40.2516],[-3.5117,40.2517],[-3.5121,40.2519],[-3.5126,40.252],[-3.513,40.252],[-3.5133,40.252],[-3.5138,40.252],[-3.5141,40.252],[-3.5145,40.2521],[-3.5148,40.252],[-3.5148,40.2519],[-3.5148,40.2517],[-3.5147,40.2516],[-3.5147,40.2514],[-3.5149,40.2514],[-3.5151,40.2514],[-3.5153,40.2515],[-3.5156,40.2516],[-3.5159,40.2518],[-3.5163,40.252],[-3.5166,40.252],[-3.5168,40.2519],[-3.517,40.2517],[-3.5174,40.2513],[-3.5176,40.2511],[-3.5179,40.2509],[-3.5181,40.2508],[-3.5183,40.2508],[-3.5185,40.251],[-3.5187,40.2512],[-3.5189,40.2512],[-3.5192,40.2512],[-3.5194,40.2513],[-3.5196,40.2514],[-3.5198,40.2517],[-3.52,40.2518],[-3.5201,40.252],[-3.5202,40.2523],[-3.5204,40.2525],[-3.5206,40.2525],[-3.5208,40.2525],[-3.521,40.2523],[-3.5211,40.2516],[-3.521,40.2514],[-3.5208,40.2512],[-3.5206,40.251],[-3.5206,40.2508],[-3.5206,40.2505],[-3.5205,40.2503],[-3.5204,40.2502],[-3.5202,40.2501],[-3.5197,40.2501],[-3.5196,40.2501],[-3.5196,40.2498],[-3.5197,40.2497],[-3.5197,40.2495],[-3.5199,40.2493],[-3.5204,40.2491],[-3.5208,40.2488],[-3.5211,40.2485],[-3.5211,40.2482],[-3.521,40.248],[-3.5209,40.2478],[-3.521,40.2476],[-3.5211,40.2476],[-3.5213,40.2477],[-3.5216,40.2478],[-3.5218,40.2478],[-3.522,40.248],[-3.5222,40.2482],[-3.5226,40.2486],[-3.5231,40.249],[-3.5233,40.2492],[-3.5237,40.2494],[-3.5241,40.2495],[-3.5242,40.2495],[-3.5244,40.2494],[-3.5244,40.2493],[-3.5244,40.2492],[-3.5244,40.2488],[-3.5242,40.2482],[-3.5242,40.2475],[-3.5244,40.247],[-3.5247,40.2462],[-3.5249,40.2457],[-3.5249,40.2451],[-3.5249,40.2446],[-3.525,40.2438],[-3.525,40.2432],[-3.5249,40.2428],[-3.5245,40.2419],[-3.524,40.241],[-3.5236,40.2405],[-3.5224,40.2396],[-3.5218,40.2392],[-3.5212,40.2385],[-3.5212,40.2384],[-3.5212,40.2383],[-3.5214,40.2383],[-3.5222,40.2381],[-3.524,40.2377],[-3.5247,40.2375],[-3.5247,40.2374],[-3.5247,40.2371],[-3.5247,40.2369],[-3.5249,40.2367],[-3.5257,40.2365],[-3.5264,40.2363],[-3.5272,40.2361],[-3.5273,40.2361],[-3.5285,40.2358],[-3.5293,40.2355],[-3.5301,40.2352],[-3.531,40.2347],[-3.5321,40.2342],[-3.5325,40.2339],[-3.5326,40.2337],[-3.5326,40.2335],[-3.5325,40.2331],[-3.5323,40.2328],[-3.5316,40.2325],[-3.5312,40.2323],[-3.5311,40.2323],[-3.5309,40.2322],[-3.5305,40.2322],[-3.5302,40.2322],[-3.53,40.2321],[-3.53,40.232],[-3.5299,40.2319],[-3.5297,40.2316],[-3.5292,40.2314],[-3.5286,40.231],[-3.5283,40.2306],[-3.528,40.2301],[-3.5278,40.2296],[-3.5272,40.2289],[-3.5271,40.2286],[-3.5269,40.2284],[-3.5265,40.2278],[-3.5255,40.2271],[-3.5252,40.2269],[-3.525,40.2269],[-3.5249,40.2268],[-3.5249,40.2264],[-3.5249,40.2261],[-3.5249,40.2258],[-3.5251,40.2253],[-3.5253,40.2253],[-3.5255,40.225],[-3.5258,40.225],[-3.5261,40.2248],[-3.5264,40.2244],[-3.5267,40.224],[-3.5267,40.2238],[-3.5268,40.2238],[-3.527,40.2241],[-3.527,40.2242],[-3.5272,40.2244],[-3.5273,40.2245],[-3.5274,40.2244],[-3.5277,40.2243],[-3.5278,40.2243],[-3.5278,40.2245],[-3.5276,40.2247],[-3.5274,40.2249],[-3.5271,40.225],[-3.5269,40.2251],[-3.5267,40.2255],[-3.5267,40.2257],[-3.5268,40.2257],[-3.5269,40.2258],[-3.5269,40.226],[-3.5269,40.2263],[-3.5272,40.2265],[-3.5275,40.2266],[-3.5278,40.2266],[-3.5281,40.2264],[-3.5283,40.2262],[-3.5284,40.2259],[-3.5285,40.2258],[-3.5288,40.2257],[-3.5291,40.2256],[-3.5295,40.2252],[-3.5295,40.225],[-3.5295,40.2249],[-3.5297,40.2248],[-3.5298,40.2248],[-3.5301,40.2248],[-3.5302,40.2248],[-3.5302,40.2249],[-3.5301,40.225],[-3.5301,40.2251],[-3.5302,40.2253],[-3.5301,40.2254],[-3.53,40.2257],[-3.5299,40.2259],[-3.53,40.226],[-3.5302,40.226],[-3.5304,40.2261],[-3.5304,40.2261],[-3.5304,40.2263],[-3.5303,40.2265],[-3.53,40.2268],[-3.5298,40.227],[-3.5299,40.2272],[-3.5299,40.2273],[-3.5302,40.2273],[-3.5305,40.2272],[-3.5308,40.2271],[-3.531,40.2272],[-3.5311,40.2273],[-3.5314,40.2275],[-3.5317,40.2277],[-3.5316,40.2263],[-3.5315,40.2259],[-3.5315,40.2252],[-3.5316,40.2249],[-3.532,40.2246],[-3.5324,40.2246],[-3.5331,40.2249],[-3.5336,40.2249],[-3.5339,40.2248],[-3.5345,40.2243],[-3.5347,40.2241],[-3.5351,40.2241],[-3.5353,40.224],[-3.5354,40.2238],[-3.5353,40.2237],[-3.5349,40.2235],[-3.5339,40.2234],[-3.5336,40.2232],[-3.5332,40.2229],[-3.5331,40.2224],[-3.5332,40.2221],[-3.5337,40.2218],[-3.5346,40.2213],[-3.535,40.221],[-3.5353,40.2205],[-3.5357,40.2201],[-3.5365,40.2194],[-3.5368,40.2191],[-3.5371,40.2187],[-3.5378,40.217],[-3.5382,40.216],[-3.5385,40.2157],[-3.5387,40.2155],[-3.5392,40.2153],[-3.5396,40.2151],[-3.54,40.215],[-3.5403,40.2146],[-3.5404,40.2139],[-3.5407,40.2135],[-3.5409,40.2133],[-3.5421,40.213],[-3.5423,40.2127],[-3.5425,40.2124],[-3.5425,40.212],[-3.5423,40.2118],[-3.5416,40.2115],[-3.5409,40.2114],[-3.5407,40.2113],[-3.5404,40.2103],[-3.5403,40.21],[-3.5398,40.2098],[-3.5391,40.2098],[-3.5386,40.2098],[-3.5364,40.2101],[-3.5361,40.2101],[-3.5359,40.21],[-3.5357,40.2097],[-3.5355,40.2095],[-3.5356,40.2089],[-3.5361,40.2083],[-3.537,40.2076],[-3.5377,40.2072],[-3.538,40.2068],[-3.5381,40.2067],[-3.5381,40.2065],[-3.5375,40.2061],[-3.537,40.2056],[-3.5371,40.2053],[-3.5376,40.2051],[-3.5397,40.2048],[-3.5403,40.2047],[-3.5406,40.2045],[-3.5407,40.2042],[-3.5411,40.204],[-3.5416,40.2038],[-3.5426,40.2036],[-3.543,40.2035],[-3.5432,40.2033],[-3.5432,40.203],[-3.5431,40.2027],[-3.5427,40.2025],[-3.5425,40.2024],[-3.5422,40.202],[-3.5422,40.2016],[-3.5424,40.2013],[-3.5426,40.2011],[-3.5443,40.2002],[-3.5451,40.1996],[-3.5461,40.1986],[-3.5467,40.1982],[-3.5474,40.1981],[-3.5477,40.198],[-3.548,40.1977],[-3.5483,40.1965],[-3.5483,40.1962],[-3.5482,40.196],[-3.5479,40.1958],[-3.5456,40.1957],[-3.5452,40.1956],[-3.5449,40.1954],[-3.5447,40.195],[-3.5447,40.1947],[-3.5449,40.1945],[-3.5451,40.1942],[-3.5454,40.194],[-3.5458,40.1938],[-3.5465,40.1935],[-3.5484,40.193],[-3.5491,40.1929],[-3.5496,40.1925],[-3.5499,40.1922],[-3.55,40.1918],[-3.55,40.1914],[-3.5498,40.1911],[-3.5495,40.1908],[-3.5482,40.1898],[-3.5479,40.1893],[-3.5478,40.189],[-3.5479,40.1888],[-3.5483,40.1885],[-3.5487,40.1886],[-3.549,40.1888],[-3.5492,40.1888],[-3.5495,40.1887],[-3.5497,40.1884],[-3.5498,40.1876],[-3.55,40.1874],[-3.5503,40.1873],[-3.5513,40.1874],[-3.5521,40.1872],[-3.5525,40.187],[-3.5527,40.1868],[-3.5529,40.1865],[-3.5529,40.1861],[-3.5526,40.1859],[-3.5524,40.1858],[-3.5519,40.1859],[-3.5515,40.186],[-3.5512,40.1862],[-3.5509,40.1864],[-3.5507,40.1865],[-3.5504,40.1864],[-3.5498,40.1859],[-3.5498,40.1858],[-3.5502,40.1853],[-3.5503,40.1849],[-3.5499,40.1847],[-3.5494,40.1846],[-3.5483,40.1846],[-3.5479,40.1843],[-3.5476,40.1841],[-3.5474,40.184],[-3.5472,40.1837],[-3.5475,40.1835],[-3.5484,40.1833],[-3.5496,40.183],[-3.5502,40.183],[-3.5508,40.1828],[-3.5511,40.1825],[-3.5513,40.1822],[-3.5508,40.1816],[-3.5496,40.1809],[-3.549,40.1806],[-3.5481,40.1803],[-3.5478,40.1802],[-3.5475,40.1797],[-3.5475,40.1796],[-3.5478,40.1795],[-3.5487,40.1796],[-3.5492,40.1797],[-3.5497,40.1797],[-3.5503,40.1797],[-3.5508,40.1796],[-3.5511,40.1794],[-3.5517,40.1788],[-3.5519,40.1787],[-3.5524,40.1786],[-3.5532,40.1788],[-3.5535,40.1787],[-3.5537,40.1785],[-3.5537,40.1782],[-3.5534,40.1777],[-3.553,40.1777],[-3.5526,40.1776],[-3.5518,40.1776],[-3.5514,40.1777],[-3.5509,40.1777],[-3.5505,40.1776],[-3.5502,40.1774],[-3.55,40.1772],[-3.55,40.177],[-3.5503,40.1768],[-3.5506,40.1767],[-3.5529,40.176],[-3.5542,40.1755],[-3.5558,40.1747],[-3.556,40.1744],[-3.556,40.1743],[-3.5554,40.1739],[-3.5549,40.1739],[-3.5545,40.1739],[-3.5541,40.174],[-3.5532,40.174],[-3.5527,40.1739],[-3.5525,40.1737],[-3.5522,40.1727],[-3.5523,40.1724],[-3.5526,40.1721],[-3.553,40.172],[-3.5535,40.172],[-3.5539,40.172],[-3.5544,40.172],[-3.5549,40.1718],[-3.5555,40.1717],[-3.5559,40.1714],[-3.5564,40.1708],[-3.5568,40.1706],[-3.5576,40.1702],[-3.5585,40.1701],[-3.5588,40.1699],[-3.559,40.1697],[-3.5592,40.1694],[-3.5595,40.1686],[-3.56,40.1671],[-3.5601,40.1664],[-3.5602,40.1646],[-3.5602,40.1639],[-3.5601,40.1628],[-3.5602,40.1614],[-3.5611,40.1566],[-3.5614,40.1558],[-3.563,40.1533],[-3.5634,40.1525],[-3.5636,40.1521],[-3.5645,40.1503],[-3.5648,40.1497],[-3.5652,40.1489],[-3.5659,40.1481],[-3.5668,40.1473],[-3.5672,40.1469],[-3.5694,40.1453],[-3.5699,40.145],[-3.5724,40.1436],[-3.5728,40.1434],[-3.5732,40.1431],[-3.5734,40.1428],[-3.5735,40.1425],[-3.5736,40.1421],[-3.5737,40.1413],[-3.5736,40.14],[-3.5737,40.1397],[-3.574,40.1391],[-3.5742,40.1388],[-3.5743,40.1388],[-3.576,40.1381],[-3.5779,40.1375],[-3.5784,40.1373],[-3.5805,40.1363],[-3.581,40.136],[-3.5813,40.1359],[-3.5817,40.1356],[-3.5821,40.135],[-3.5823,40.1346],[-3.5823,40.1344],[-3.5821,40.1343],[-3.5816,40.1345],[-3.5804,40.135],[-3.5795,40.135],[-3.5793,40.135],[-3.5793,40.1346],[-3.5794,40.1344],[-3.5811,40.132],[-3.5814,40.1314],[-3.5815,40.1312],[-3.5814,40.1311],[-3.5811,40.1312],[-3.5803,40.1318],[-3.58,40.132],[-3.5798,40.132],[-3.5795,40.1319],[-3.5792,40.1315],[-3.5789,40.1316],[-3.5787,40.1318],[-3.5785,40.132],[-3.5781,40.1323],[-3.5779,40.1323],[-3.5776,40.1323],[-3.5774,40.1322],[-3.5771,40.1321],[-3.5768,40.1323],[-3.5765,40.1324],[-3.5762,40.1325],[-3.5754,40.1325],[-3.5745,40.1327],[-3.5736,40.1328],[-3.5727,40.1327],[-3.5722,40.1326],[-3.5712,40.1325],[-3.5709,40.1325],[-3.5701,40.1328],[-3.5693,40.1332],[-3.5689,40.1334],[-3.5682,40.1336],[-3.5679,40.1335],[-3.5668,40.1327],[-3.5665,40.1326],[-3.5661,40.1326],[-3.5657,40.1328],[-3.5654,40.133],[-3.5651,40.133],[-3.5647,40.1329],[-3.5644,40.1325],[-3.5641,40.1325],[-3.5634,40.1328],[-3.5631,40.1331],[-3.5629,40.1334],[-3.5625,40.1341],[-3.5621,40.1347],[-3.5617,40.1349],[-3.5614,40.1351],[-3.5609,40.1351],[-3.5605,40.1351],[-3.5603,40.1351],[-3.5602,40.1346],[-3.5599,40.1345],[-3.5577,40.1347],[-3.5574,40.1349],[-3.5571,40.135],[-3.5568,40.1349],[-3.5562,40.1345],[-3.5555,40.1345],[-3.5554,40.1345],[-3.5555,40.1347],[-3.5558,40.1359],[-3.5559,40.136],[-3.5561,40.136],[-3.5564,40.136],[-3.5567,40.1361],[-3.5573,40.1361],[-3.5583,40.1362],[-3.5592,40.1362],[-3.5597,40.1363],[-3.5604,40.1364],[-3.5609,40.1365],[-3.5613,40.1365],[-3.5615,40.1365],[-3.562,40.1365],[-3.5635,40.1365],[-3.5646,40.1365],[-3.5652,40.1365],[-3.5657,40.1364],[-3.5659,40.1362],[-3.5663,40.136],[-3.5665,40.1359],[-3.5668,40.1357],[-3.5672,40.1356],[-3.5673,40.1355],[-3.5675,40.1354],[-3.5677,40.1354],[-3.568,40.1352],[-3.5682,40.1352],[-3.5682,40.1349],[-3.5684,40.1348],[-3.5687,40.1348],[-3.569,40.1348],[-3.5692,40.1349],[-3.5695,40.135],[-3.5696,40.135],[-3.5697,40.135],[-3.57,40.1349],[-3.5702,40.1349],[-3.5705,40.1349],[-3.5708,40.1349],[-3.5713,40.1348],[-3.5719,40.1345],[-3.5721,40.1344],[-3.5721,40.1343],[-3.5724,40.1343],[-3.5727,40.1344],[-3.5731,40.1345],[-3.5732,40.1345],[-3.5733,40.1346],[-3.5734,40.1347],[-3.5735,40.1349],[-3.5738,40.1351],[-3.5739,40.1352],[-3.574,40.1355],[-3.5741,40.1357],[-3.5741,40.136],[-3.5741,40.1362],[-3.5738,40.1378],[-3.5735,40.1383],[-3.5731,40.1392],[-3.5729,40.1397],[-3.5726,40.14],[-3.5723,40.1403],[-3.5718,40.1406],[-3.5715,40.1409],[-3.5712,40.1415],[-3.571,40.1421],[-3.5706,40.1425],[-3.57,40.143],[-3.5694,40.143],[-3.5692,40.1429],[-3.5689,40.1428],[-3.5686,40.1427],[-3.5684,40.1427],[-3.5682,40.1426],[-3.5681,40.1426],[-3.568,40.1424],[-3.5679,40.1423],[-3.5678,40.1422],[-3.5676,40.1419],[-3.5674,40.1417],[-3.5673,40.1413],[-3.5673,40.141],[-3.5672,40.1407],[-3.5671,40.1403],[-3.567,40.1405],[-3.5668,40.1407],[-3.5667,40.1408],[-3.5665,40.141],[-3.5663,40.1411],[-3.5662,40.1413],[-3.5661,40.1414],[-3.566,40.1415],[-3.5659,40.1419],[-3.5658,40.1421],[-3.5657,40.1423],[-3.5655,40.1425],[-3.5654,40.1427],[-3.5652,40.1431],[-3.565,40.1434],[-3.5649,40.1436],[-3.5648,40.1437],[-3.5645,40.144],[-3.5641,40.1444],[-3.564,40.1447],[-3.5638,40.145],[-3.5635,40.1453],[-3.5632,40.1458],[-3.563,40.1461],[-3.5629,40.1463],[-3.5628,40.1465],[-3.5626,40.1468],[-3.5623,40.1474],[-3.5622,40.1478],[-3.5622,40.1483],[-3.5622,40.1484],[-3.5618,40.1487],[-3.5615,40.149],[-3.5613,40.1491],[-3.561,40.1493],[-3.5608,40.1494],[-3.5606,40.1495],[-3.5602,40.1496],[-3.5599,40.1498],[-3.5597,40.1498],[-3.5595,40.1499],[-3.5592,40.15],[-3.5587,40.1501],[-3.5585,40.1501],[-3.5582,40.1502],[-3.5578,40.1502],[-3.5573,40.1503],[-3.557,40.1503],[-3.557,40.1504],[-3.5568,40.1505],[-3.5567,40.1506],[-3.5565,40.1507],[-3.5565,40.1508],[-3.5564,40.1509],[-3.5563,40.1511],[-3.5563,40.1513],[-3.5563,40.1514],[-3.5562,40.1515],[-3.556,40.1516],[-3.5557,40.1519],[-3.555,40.1519],[-3.5535,40.1523],[-3.5524,40.1526],[-3.5517,40.1529],[-3.551,40.1534],[-3.5502,40.1541],[-3.5493,40.1548],[-3.5488,40.1553],[-3.5488,40.1554],[-3.5487,40.1557],[-3.5487,40.1558],[-3.5486,40.156],[-3.5485,40.1564],[-3.5483,40.1568],[-3.5481,40.157],[-3.5479,40.1572],[-3.5477,40.1573],[-3.5475,40.1576],[-3.5472,40.1579],[-3.5468,40.1585],[-3.5464,40.1591],[-3.5456,40.1601],[-3.5453,40.1605],[-3.5452,40.1609],[-3.5453,40.1612],[-3.5455,40.1622],[-3.5454,40.1624],[-3.5453,40.1629],[-3.5438,40.1638],[-3.5442,40.1643],[-3.5446,40.165],[-3.5446,40.1653],[-3.5447,40.1659],[-3.5455,40.1669],[-3.5461,40.1675],[-3.5474,40.1688],[-3.5483,40.1692],[-3.5492,40.1695],[-3.5502,40.1698],[-3.551,40.17],[-3.5503,40.1704],[-3.5496,40.171],[-3.5486,40.1721],[-3.5482,40.1726],[-3.548,40.1732],[-3.5472,40.1737],[-3.5467,40.1741],[-3.5465,40.1743],[-3.5462,40.1744],[-3.546,40.1746],[-3.5457,40.1747],[-3.5453,40.1753],[-3.5451,40.1756],[-3.5443,40.1773],[-3.5444,40.1773],[-3.5442,40.1776],[-3.544,40.1782],[-3.5439,40.1785],[-3.5437,40.1788],[-3.5435,40.1791],[-3.5434,40.1792],[-3.5431,40.1795],[-3.5427,40.1798],[-3.5425,40.18],[-3.5422,40.1802],[-3.5419,40.1804],[-3.5416,40.1808],[-3.5411,40.1817],[-3.541,40.1817],[-3.5408,40.1818],[-3.5404,40.1822],[-3.5402,40.1824],[-3.54,40.1826],[-3.5397,40.1828],[-3.5395,40.1829],[-3.5394,40.183],[-3.5392,40.1832],[-3.5391,40.1834],[-3.5389,40.1836],[-3.5387,40.1838],[-3.5385,40.1839],[-3.5382,40.1841],[-3.5377,40.1843],[-3.5372,40.1846],[-3.537,40.1848],[-3.5365,40.1852],[-3.5362,40.1855],[-3.5359,40.1856],[-3.5354,40.1858],[-3.5352,40.1859],[-3.535,40.1861],[-3.5348,40.1863],[-3.5347,40.1864],[-3.5345,40.1864],[-3.534,40.1865],[-3.5336,40.1865],[-3.5333,40.1866],[-3.5331,40.1867],[-3.5329,40.1867],[-3.5328,40.1867],[-3.5326,40.1867],[-3.5324,40.1868],[-3.5322,40.1868],[-3.532,40.187],[-3.5318,40.1872],[-3.5315,40.1874],[-3.5311,40.1876],[-3.531,40.1877],[-3.5305,40.1882],[-3.5304,40.1884],[-3.5303,40.1888],[-3.5301,40.1894],[-3.5301,40.1897],[-3.5302,40.1902],[-3.5303,40.1906],[-3.5304,40.1913],[-3.5304,40.1915],[-3.5304,40.1917],[-3.5303,40.1919],[-3.5302,40.192],[-3.5298,40.1926],[-3.5296,40.1929],[-3.5294,40.1931],[-3.529,40.1934],[-3.5288,40.1935],[-3.5286,40.1936],[-3.5285,40.1937],[-3.5284,40.1939],[-3.5283,40.1941],[-3.5282,40.1944],[-3.5281,40.1947],[-3.5279,40.195],[-3.5277,40.1954],[-3.5274,40.196],[-3.5272,40.1961],[-3.527,40.1963],[-3.5268,40.1964],[-3.5266,40.1966],[-3.5264,40.1967],[-3.5261,40.1968],[-3.5259,40.1969],[-3.5255,40.1971],[-3.5253,40.1972],[-3.5251,40.1974],[-3.5249,40.1975],[-3.5247,40.1977],[-3.5244,40.198],[-3.5241,40.1983],[-3.5238,40.1987],[-3.5238,40.1989],[-3.5236,40.1992],[-3.5233,40.1995],[-3.5231,40.1998],[-3.523,40.2],[-3.5227,40.2003],[-3.5227,40.2004],[-3.5223,40.2006],[-3.522,40.2008],[-3.5217,40.2012],[-3.5215,40.2014],[-3.5212,40.2016],[-3.5211,40.2017],[-3.521,40.2019],[-3.5209,40.2021],[-3.5209,40.2023],[-3.5208,40.2024],[-3.5207,40.2026],[-3.5205,40.2027],[-3.5203,40.2028],[-3.5198,40.203],[-3.5196,40.2031],[-3.5183,40.2038],[-3.5172,40.2043],[-3.5152,40.2055],[-3.515,40.2057],[-3.5149,40.2059],[-3.5146,40.2063],[-3.5142,40.2067],[-3.5139,40.2072],[-3.5137,40.2073],[-3.5135,40.2075],[-3.5131,40.2077],[-3.5129,40.2078],[-3.5124,40.2083],[-3.5118,40.2089],[-3.511,40.2097],[-3.5108,40.21],[-3.5106,40.2104],[-3.5105,40.2107],[-3.5105,40.2108],[-3.5104,40.2109],[-3.5104,40.2109],[-3.5103,40.2111],[-3.5102,40.2113],[-3.51,40.2115],[-3.5095,40.2122],[-3.5093,40.2125],[-3.509,40.2128],[-3.5088,40.213],[-3.5084,40.2132],[-3.508,40.2134],[-3.5076,40.2136],[-3.5074,40.2137],[-3.5072,40.2138],[-3.507,40.2139],[-3.5067,40.2139],[-3.5063,40.2139],[-3.506,40.214],[-3.5058,40.2142],[-3.5057,40.2143],[-3.5054,40.2146],[-3.5052,40.2147],[-3.5049,40.2149],[-3.5047,40.215],[-3.5042,40.2154],[-3.5041,40.2154],[-3.504,40.2155],[-3.5037,40.2156],[-3.503,40.2157],[-3.5026,40.2158],[-3.5024,40.2158],[-3.5023,40.2158],[-3.5017,40.2161],[-3.5015,40.2161],[-3.5012,40.2164],[-3.5009,40.2165],[-3.5004,40.2166],[-3.5001,40.2166],[-3.4994,40.2167],[-3.4992,40.2167],[-3.4988,40.2167],[-3.4985,40.2168],[-3.4983,40.2169],[-3.4983,40.2177],[-3.4983,40.2179],[-3.4981,40.2184],[-3.4976,40.2191],[-3.4975,40.2204],[-3.4985,40.2214],[-3.4993,40.2222],[-3.4995,40.2231],[-3.4997,40.2241],[-3.5005,40.2248],[-3.501,40.2253],[-3.5008,40.2264],[-3.5013,40.2282],[-3.5015,40.2284],[-3.5021,40.2293],[-3.503,40.231],[-3.5037,40.2325],[-3.5043,40.2337],[-3.5047,40.2361],[-3.5045,40.2374],[-3.5051,40.2383],[-3.5059,40.2393],[-3.5044,40.2407],[-3.5048,40.2422],[-3.5034,40.2426],[-3.5025,40.2439],[-3.5012,40.2454],[-3.4999,40.2462],[-3.4993,40.2468],[-3.4999,40.2479],[-3.5012,40.2484],[-3.5021,40.2487],[-3.5023,40.2504],[-3.5032,40.2506],[-3.5027,40.2522],[-3.5019,40.2525],[-3.5024,40.2542],[-3.5011,40.2555],[-3.5005,40.2561],[-3.4981,40.2545],[-3.4977,40.2543],[-3.4961,40.2534],[-3.4952,40.2517],[-3.4929,40.2513],[-3.4922,40.2511],[-3.4913,40.2528],[-3.4904,40.2536],[-3.4872,40.2529],[-3.4858,40.2532],[-3.485,40.2544],[-3.4838,40.2555],[-3.4828,40.2564],[-3.4827,40.2569],[-3.4831,40.2573],[-3.4845,40.2583],[-3.485,40.2589],[-3.4857,40.2599],[-3.4863,40.2603],[-3.4861,40.2612],[-3.4864,40.2624],[-3.4867,40.2634],[-3.4881,40.2646],[-3.4883,40.2647],[-3.4883,40.2652],[-3.4886,40.2655],[-3.4887,40.2657],[-3.4889,40.2662],[-3.4892,40.267],[-3.4896,40.2674],[-3.4901,40.2681],[-3.4906,40.2683],[-3.491,40.2684],[-3.4913,40.2684],[-3.4916,40.2686],[-3.4916,40.2687],[-3.4916,40.2691],[-3.4916,40.2696],[-3.4917,40.2697],[-3.4922,40.2704],[-3.4927,40.271],[-3.4934,40.2712],[-3.4938,40.2713],[-3.4943,40.2712],[-3.4945,40.2711],[-3.4949,40.2711],[-3.4955,40.2713],[-3.4971,40.2718],[-3.498,40.2721],[-3.4982,40.2723],[-3.4985,40.273],[-3.4987,40.2732],[-3.4993,40.2737]]],[[[-3.4388,40.2901],[-3.4389,40.2901],[-3.439,40.2902],[-3.4392,40.2903],[-3.4393,40.2904],[-3.4394,40.2905],[-3.4395,40.2906],[-3.4397,40.2906],[-3.4398,40.2906],[-3.4401,40.2907],[-3.4404,40.2907],[-3.4404,40.2907],[-3.4408,40.2896],[-3.4401,40.2895],[-3.4397,40.2895],[-3.4395,40.2895],[-3.4391,40.2894],[-3.4389,40.2893],[-3.4388,40.2893],[-3.4386,40.2892],[-3.4385,40.2892],[-3.4362,40.2878],[-3.4362,40.2873],[-3.4372,40.2868],[-3.439,40.2871],[-3.4394,40.2884],[-3.4391,40.2888],[-3.44,40.2888],[-3.44,40.2895],[-3.4407,40.2895],[-3.4412,40.2896],[-3.4416,40.2896],[-3.4416,40.2896],[-3.4421,40.2898],[-3.4422,40.2899],[-3.4422,40.29],[-3.4422,40.2902],[-3.4423,40.2903],[-3.4424,40.2902],[-3.4434,40.2892],[-3.4433,40.289],[-3.4434,40.2887],[-3.4437,40.2879],[-3.444,40.2873],[-3.4446,40.2863],[-3.4451,40.2858],[-3.4455,40.2851],[-3.4457,40.2848],[-3.4456,40.2845],[-3.4454,40.2842],[-3.4448,40.2837],[-3.4444,40.2832],[-3.4441,40.2828],[-3.4437,40.2822],[-3.4434,40.2812],[-3.4431,40.2804],[-3.4429,40.2799],[-3.4428,40.2796],[-3.4428,40.2789],[-3.4427,40.2786],[-3.4427,40.2783],[-3.4426,40.2781],[-3.4426,40.2779],[-3.4426,40.2777],[-3.4427,40.2774],[-3.4427,40.2771],[-3.4426,40.2768],[-3.4426,40.2764],[-3.4424,40.2761],[-3.4421,40.2756],[-3.4418,40.2753],[-3.4417,40.275],[-3.4416,40.2749],[-3.4414,40.2749],[-3.4407,40.2749],[-3.4397,40.2747],[-3.4389,40.2746],[-3.4384,40.2745],[-3.438,40.2744],[-3.4375,40.2744],[-3.437,40.2743],[-3.4364,40.2741],[-3.4361,40.2741],[-3.4356,40.2741],[-3.4345,40.2742],[-3.4342,40.2742],[-3.4336,40.2742],[-3.4332,40.2742],[-3.4325,40.2743],[-3.4322,40.2745],[-3.4316,40.2747],[-3.4309,40.2747],[-3.4302,40.2747],[-3.4298,40.2748],[-3.4285,40.275],[-3.4262,40.2754],[-3.4257,40.2755],[-3.4256,40.2755],[-3.4256,40.2757],[-3.4254,40.2761],[-3.4254,40.2762],[-3.4255,40.2763],[-3.4257,40.2764],[-3.4259,40.2764],[-3.426,40.2766],[-3.426,40.2767],[-3.4259,40.2767],[-3.4257,40.2768],[-3.4256,40.2768],[-3.4254,40.2768],[-3.4253,40.2768],[-3.4253,40.2771],[-3.4253,40.2778],[-3.4256,40.2785],[-3.4261,40.2791],[-3.4276,40.2805],[-3.4288,40.2815],[-3.4296,40.2825],[-3.4299,40.2832],[-3.43,40.2835],[-3.4303,40.2845],[-3.4306,40.2852],[-3.4309,40.2861],[-3.4311,40.2867],[-3.4315,40.2872],[-3.4319,40.2879],[-3.4328,40.289],[-3.4331,40.2894],[-3.4333,40.29],[-3.4334,40.2901],[-3.4335,40.2901],[-3.4338,40.2902],[-3.434,40.2902],[-3.4343,40.2902],[-3.4346,40.2903],[-3.4348,40.2904],[-3.435,40.2904],[-3.4352,40.2904],[-3.4354,40.2904],[-3.4358,40.2904],[-3.4365,40.2902],[-3.4367,40.2902],[-3.4369,40.2901],[-3.4371,40.29],[-3.4373,40.2899],[-3.4375,40.2898],[-3.4376,40.2899],[-3.4379,40.29],[-3.4381,40.29],[-3.4383,40.2901],[-3.4386,40.29],[-3.4388,40.2901]]],[[[-3.5698,40.2919],[-3.5698,40.2926],[-3.5699,40.2928],[-3.5701,40.2928],[-3.5702,40.2927],[-3.5704,40.2926],[-3.5709,40.2923],[-3.5714,40.292],[-3.5718,40.2918],[-3.5721,40.2917],[-3.5726,40.2914],[-3.573,40.2913],[-3.5733,40.2913],[-3.5735,40.2914],[-3.5736,40.2917],[-3.5736,40.2919],[-3.5738,40.292],[-3.5741,40.2919],[-3.5744,40.2919],[-3.5751,40.2917],[-3.5759,40.2916],[-3.5767,40.2915],[-3.5773,40.2915],[-3.5781,40.2915],[-3.5783,40.2915],[-3.5784,40.2914],[-3.5784,40.2913],[-3.5783,40.2912],[-3.5781,40.2909],[-3.578,40.2907],[-3.5781,40.2906],[-3.5781,40.2905],[-3.5784,40.2905],[-3.5787,40.2905],[-3.58,40.2903],[-3.5804,40.2902],[-3.5806,40.2902],[-3.5809,40.2903],[-3.5812,40.2904],[-3.5815,40.2901],[-3.582,40.2898],[-3.5825,40.2894],[-3.5832,40.2889],[-3.5838,40.2886],[-3.5846,40.2884],[-3.5852,40.2883],[-3.5864,40.2883],[-3.587,40.2883],[-3.5875,40.2882],[-3.5882,40.288],[-3.5885,40.2879],[-3.5888,40.2875],[-3.589,40.2874],[-3.5896,40.2871],[-3.5901,40.287],[-3.5908,40.287],[-3.591,40.287],[-3.5913,40.2872],[-3.5917,40.2874],[-3.5921,40.2875],[-3.5925,40.2876],[-3.5933,40.2876],[-3.5936,40.2876],[-3.5941,40.2876],[-3.5946,40.2875],[-3.5951,40.2875],[-3.5955,40.2873],[-3.5959,40.2871],[-3.5965,40.2869],[-3.597,40.2869],[-3.5974,40.2869],[-3.5978,40.2869],[-3.5981,40.2869],[-3.5984,40.2869],[-3.5993,40.2868],[-3.6,40.2868],[-3.6008,40.2866],[-3.602,40.2863],[-3.6032,40.286],[-3.6036,40.2859],[-3.604,40.2859],[-3.6044,40.2859],[-3.6047,40.2859],[-3.6049,40.2856],[-3.6049,40.2854],[-3.6046,40.285],[-3.6045,40.2848],[-3.6045,40.2845],[-3.6047,40.2843],[-3.6053,40.2841],[-3.6059,40.284],[-3.6064,40.284],[-3.6068,40.2842],[-3.6071,40.2844],[-3.6073,40.2846],[-3.6073,40.2848],[-3.6071,40.2852],[-3.6071,40.2855],[-3.6073,40.2857],[-3.6074,40.2857],[-3.6077,40.2856],[-3.608,40.2854],[-3.6089,40.2849],[-3.6099,40.2844],[-3.611,40.2838],[-3.6122,40.2835],[-3.6126,40.2833],[-3.6126,40.283],[-3.6123,40.2826],[-3.612,40.2824],[-3.6119,40.2823],[-3.6117,40.2819],[-3.6116,40.2817],[-3.6115,40.2816],[-3.611,40.2816],[-3.6105,40.2815],[-3.61,40.2813],[-3.6098,40.2811],[-3.6095,40.2809],[-3.6091,40.2806],[-3.6085,40.2803],[-3.6082,40.2803],[-3.608,40.2802],[-3.6077,40.28],[-3.6068,40.2796],[-3.6064,40.2795],[-3.606,40.2795],[-3.6059,40.2796],[-3.6056,40.2795],[-3.6048,40.2794],[-3.6042,40.2794],[-3.6035,40.2795],[-3.6028,40.2796],[-3.6022,40.2797],[-3.6014,40.2798],[-3.6009,40.2799],[-3.5999,40.2799],[-3.5987,40.2798],[-3.5975,40.2798],[-3.5964,40.2797],[-3.5961,40.2797],[-3.5961,40.2791],[-3.5961,40.2781],[-3.5961,40.2776],[-3.5961,40.2772],[-3.5971,40.2772],[-3.5979,40.2772],[-3.5985,40.277],[-3.5988,40.2769],[-3.5991,40.2766],[-3.5994,40.2764],[-3.5998,40.2762],[-3.6012,40.2759],[-3.602,40.2757],[-3.6019,40.2754],[-3.6019,40.2751],[-3.6019,40.2748],[-3.602,40.2745],[-3.602,40.2743],[-3.6019,40.2742],[-3.6015,40.274],[-3.601,40.2739],[-3.6007,40.2738],[-3.6004,40.2736],[-3.6001,40.273],[-3.5996,40.2718],[-3.5996,40.2718],[-3.5995,40.2716],[-3.5992,40.2711],[-3.5986,40.2702],[-3.5982,40.2697],[-3.5979,40.2693],[-3.5977,40.2689],[-3.5976,40.2685],[-3.5974,40.2682],[-3.5973,40.268],[-3.5968,40.2677],[-3.596,40.2674],[-3.5959,40.2672],[-3.5955,40.2667],[-3.5955,40.2665],[-3.5954,40.2661],[-3.5953,40.2659],[-3.595,40.2656],[-3.5946,40.2654],[-3.5938,40.2652],[-3.5933,40.2651],[-3.5931,40.2651],[-3.592,40.2657],[-3.5915,40.2661],[-3.5907,40.2667],[-3.59,40.2674],[-3.5897,40.2678],[-3.5894,40.2683],[-3.5893,40.2686],[-3.5892,40.269],[-3.5892,40.2693],[-3.5892,40.2696],[-3.5894,40.2698],[-3.5896,40.2701],[-3.5897,40.2703],[-3.5897,40.2705],[-3.5896,40.2708],[-3.5895,40.2712],[-3.5892,40.2718],[-3.589,40.2724],[-3.589,40.2728],[-3.5889,40.2736],[-3.5887,40.2744],[-3.5885,40.2748],[-3.5882,40.275],[-3.5879,40.2753],[-3.5874,40.2755],[-3.5867,40.2757],[-3.5861,40.2758],[-3.5855,40.2757],[-3.5847,40.2755],[-3.584,40.2752],[-3.5826,40.2749],[-3.5818,40.2748],[-3.5808,40.2746],[-3.5801,40.2746],[-3.5796,40.2746],[-3.579,40.2746],[-3.5784,40.2745],[-3.5781,40.2744],[-3.5779,40.2742],[-3.5775,40.2738],[-3.577,40.2732],[-3.5767,40.2728],[-3.5755,40.2721],[-3.5746,40.2715],[-3.5731,40.2708],[-3.5712,40.27],[-3.5701,40.2693],[-3.5686,40.2685],[-3.5683,40.2678],[-3.5681,40.2675],[-3.5677,40.2669],[-3.5672,40.2665],[-3.5659,40.2656],[-3.5647,40.2649],[-3.5641,40.2646],[-3.5632,40.2641],[-3.5629,40.2638],[-3.5622,40.263],[-3.562,40.2626],[-3.5618,40.2621],[-3.5616,40.2617],[-3.5613,40.2614],[-3.561,40.2611],[-3.5606,40.2607],[-3.5599,40.2598],[-3.5595,40.2594],[-3.5595,40.2599],[-3.5595,40.2602],[-3.5596,40.2604],[-3.5598,40.2607],[-3.5599,40.2611],[-3.5601,40.2615],[-3.5604,40.2619],[-3.5606,40.2623],[-3.5607,40.2628],[-3.5609,40.2632],[-3.5609,40.2636],[-3.5607,40.2642],[-3.5608,40.2647],[-3.5607,40.265],[-3.5609,40.2653],[-3.5607,40.2658],[-3.5607,40.2664],[-3.561,40.267],[-3.5611,40.2676],[-3.561,40.2678],[-3.5611,40.268],[-3.5617,40.2688],[-3.5629,40.269],[-3.5634,40.2693],[-3.5637,40.2696],[-3.564,40.2699],[-3.564,40.2702],[-3.564,40.2703],[-3.5638,40.2706],[-3.5636,40.271],[-3.5633,40.2714],[-3.5631,40.2722],[-3.563,40.2726],[-3.563,40.2731],[-3.5632,40.2736],[-3.5634,40.2741],[-3.5635,40.2744],[-3.5658,40.275],[-3.5651,40.2763],[-3.5677,40.2776],[-3.5677,40.2788],[-3.5693,40.2803],[-3.5694,40.2804],[-3.5699,40.2809],[-3.5709,40.2816],[-3.5714,40.2821],[-3.5721,40.2831],[-3.5723,40.284],[-3.5723,40.2844],[-3.5721,40.2851],[-3.5717,40.2863],[-3.5713,40.2873],[-3.5711,40.2876],[-3.5709,40.2879],[-3.5704,40.2888],[-3.5701,40.2896],[-3.5698,40.2903],[-3.5698,40.2919]]],[[[-3.5457,40.3179],[-3.5461,40.3185],[-3.5464,40.319],[-3.5467,40.3195],[-3.5469,40.3201],[-3.5472,40.3204],[-3.5476,40.3208],[-3.5481,40.3212],[-3.5488,40.3215],[-3.5484,40.3218],[-3.5476,40.3226],[-3.547,40.323],[-3.5464,40.3234],[-3.5489,40.3225],[-3.5498,40.3222],[-3.5503,40.3217],[-3.5511,40.3205],[-3.5513,40.3203],[-3.5517,40.32],[-3.5521,40.3198],[-3.5543,40.3193],[-3.5564,40.3186],[-3.5568,40.3184],[-3.558,40.318],[-3.5589,40.3176],[-3.5593,40.3174],[-3.5606,40.3169],[-3.561,40.3168],[-3.5615,40.3167],[-3.5623,40.3167],[-3.5626,40.3166],[-3.563,40.3164],[-3.5635,40.316],[-3.5638,40.3149],[-3.564,40.3146],[-3.5644,40.3145],[-3.5649,40.3145],[-3.5652,40.3145],[-3.5655,40.3147],[-3.5657,40.3148],[-3.566,40.3148],[-3.5663,40.3147],[-3.5667,40.3141],[-3.567,40.3139],[-3.5678,40.3136],[-3.5688,40.3134],[-3.5693,40.3132],[-3.5708,40.313],[-3.5718,40.3128],[-3.5722,40.3127],[-3.5736,40.3118],[-3.5745,40.311],[-3.5751,40.3104],[-3.5754,40.3103],[-3.5758,40.3102],[-3.577,40.3102],[-3.5782,40.3104],[-3.5789,40.3104],[-3.5794,40.3105],[-3.58,40.3107],[-3.5804,40.3108],[-3.5806,40.3108],[-3.5808,40.3106],[-3.5809,40.3103],[-3.5809,40.31],[-3.581,40.3096],[-3.5814,40.3091],[-3.5817,40.3089],[-3.5828,40.3083],[-3.5835,40.308],[-3.5847,40.3077],[-3.5855,40.3076],[-3.586,40.3076],[-3.5865,40.3079],[-3.5871,40.3082],[-3.5873,40.3082],[-3.5878,40.308],[-3.5881,40.3078],[-3.5885,40.3077],[-3.5898,40.3076],[-3.5902,40.3077],[-3.5907,40.3078],[-3.5914,40.308],[-3.5926,40.3083],[-3.5937,40.3084],[-3.5942,40.3084],[-3.5946,40.3084],[-3.5951,40.3084],[-3.5957,40.3085],[-3.5966,40.3085],[-3.597,40.3084],[-3.5973,40.3082],[-3.5975,40.308],[-3.5977,40.3077],[-3.5981,40.3071],[-3.5984,40.3069],[-3.5988,40.3069],[-3.5998,40.3071],[-3.6003,40.3073],[-3.6007,40.3075],[-3.6019,40.3083],[-3.6023,40.3085],[-3.6032,40.3086],[-3.6051,40.3087],[-3.6083,40.3091],[-3.6089,40.3091],[-3.6095,40.309],[-3.6099,40.3088],[-3.6113,40.3081],[-3.6122,40.3079],[-3.6132,40.3077],[-3.614,40.3076],[-3.615,40.3077],[-3.6155,40.3078],[-3.6161,40.308],[-3.617,40.3084],[-3.6192,40.3094],[-3.6187,40.3089],[-3.6183,40.3083],[-3.6182,40.3081],[-3.6182,40.3079],[-3.6183,40.3076],[-3.6184,40.3074],[-3.6183,40.3069],[-3.6182,40.3064],[-3.6176,40.3059],[-3.6167,40.3053],[-3.6159,40.3051],[-3.6153,40.305],[-3.6148,40.305],[-3.6141,40.3052],[-3.6133,40.3055],[-3.6127,40.3057],[-3.6115,40.3058],[-3.61,40.3056],[-3.609,40.3055],[-3.6085,40.3054],[-3.6078,40.3053],[-3.6074,40.3052],[-3.6067,40.3049],[-3.6062,40.3046],[-3.6061,40.3045],[-3.6061,40.3043],[-3.6061,40.3041],[-3.6059,40.3039],[-3.6054,40.3038],[-3.6048,40.3039],[-3.604,40.3041],[-3.6035,40.3044],[-3.6035,40.3046],[-3.6032,40.3047],[-3.6028,40.3046],[-3.6019,40.3044],[-3.6014,40.3041],[-3.6011,40.3039],[-3.6004,40.3039],[-3.5994,40.304],[-3.5985,40.3041],[-3.5982,40.3041],[-3.5978,40.3041],[-3.5975,40.3039],[-3.5971,40.3038],[-3.5969,40.3037],[-3.5962,40.3036],[-3.5953,40.3036],[-3.5944,40.3035],[-3.5937,40.3035],[-3.5934,40.3035],[-3.5931,40.3035],[-3.5927,40.3037],[-3.5924,40.3038],[-3.5921,40.304],[-3.5918,40.3041],[-3.5916,40.3042],[-3.5913,40.3043],[-3.5896,40.3047],[-3.5892,40.3047],[-3.5889,40.3049],[-3.5885,40.305],[-3.5873,40.3055],[-3.5862,40.3059],[-3.5855,40.3061],[-3.5851,40.3062],[-3.5846,40.3062],[-3.5841,40.3062],[-3.5833,40.3061],[-3.5822,40.306],[-3.5815,40.3059],[-3.581,40.3058],[-3.5803,40.3058],[-3.5797,40.3058],[-3.5788,40.306],[-3.5783,40.3062],[-3.5774,40.3066],[-3.5766,40.3071],[-3.5761,40.3076],[-3.5753,40.3083],[-3.5745,40.3091],[-3.5743,40.3092],[-3.5727,40.3099],[-3.5713,40.3105],[-3.5705,40.3107],[-3.5698,40.3111],[-3.5683,40.312],[-3.5675,40.3124],[-3.5667,40.3126],[-3.5661,40.313],[-3.5654,40.3134],[-3.5648,40.3136],[-3.5643,40.3138],[-3.564,40.3139],[-3.5634,40.314],[-3.5632,40.314],[-3.5626,40.3141],[-3.5613,40.3143],[-3.5609,40.3144],[-3.5599,40.3148],[-3.5587,40.3151],[-3.5582,40.3153],[-3.558,40.3155],[-3.5579,40.3156],[-3.5577,40.3158],[-3.5574,40.3162],[-3.5571,40.3164],[-3.5567,40.3167],[-3.5562,40.317],[-3.5559,40.3173],[-3.5555,40.3174],[-3.5551,40.3176],[-3.5548,40.3173],[-3.5544,40.317],[-3.5537,40.3165],[-3.5523,40.3157],[-3.5518,40.3153],[-3.5508,40.3146],[-3.5505,40.3142],[-3.5504,40.3137],[-3.5504,40.3132],[-3.5506,40.3128],[-3.5511,40.3121],[-3.5517,40.3115],[-3.5528,40.3104],[-3.5545,40.3092],[-3.556,40.3081],[-3.5574,40.307],[-3.5588,40.3061],[-3.5601,40.3052],[-3.5605,40.305],[-3.5608,40.3046],[-3.5609,40.3042],[-3.5609,40.3039],[-3.5609,40.3031],[-3.5608,40.3029],[-3.5604,40.3022],[-3.5602,40.3016],[-3.5602,40.3014],[-3.5602,40.3012],[-3.5605,40.3011],[-3.5609,40.3011],[-3.5618,40.301],[-3.5628,40.3007],[-3.5634,40.3006],[-3.5637,40.3003],[-3.5642,40.2998],[-3.5644,40.2994],[-3.5645,40.2991],[-3.5645,40.2986],[-3.5645,40.2982],[-3.5645,40.2977],[-3.5645,40.2974],[-3.5643,40.2969],[-3.5639,40.2962],[-3.5635,40.2957],[-3.5633,40.2953],[-3.5631,40.2949],[-3.563,40.2946],[-3.5628,40.2937],[-3.5626,40.2935],[-3.5616,40.293],[-3.5613,40.2931],[-3.5611,40.2932],[-3.5607,40.2935],[-3.5606,40.2937],[-3.5606,40.2938],[-3.5607,40.294],[-3.561,40.2943],[-3.5612,40.2944],[-3.5613,40.2947],[-3.5613,40.2948],[-3.5612,40.2951],[-3.5611,40.2951],[-3.5607,40.2953],[-3.5602,40.2954],[-3.5598,40.2954],[-3.5593,40.2954],[-3.5581,40.2952],[-3.5558,40.2946],[-3.5554,40.2946],[-3.5547,40.2945],[-3.5544,40.2945],[-3.5541,40.2947],[-3.5539,40.2948],[-3.5537,40.295],[-3.5536,40.2954],[-3.5536,40.2957],[-3.5537,40.2961],[-3.5537,40.2964],[-3.554,40.2969],[-3.5541,40.2973],[-3.5541,40.2975],[-3.5539,40.298],[-3.5536,40.2986],[-3.5535,40.2989],[-3.5535,40.2991],[-3.5536,40.2992],[-3.5538,40.2995],[-3.5541,40.2999],[-3.5542,40.3002],[-3.5543,40.3006],[-3.5546,40.3009],[-3.5549,40.3011],[-3.555,40.3011],[-3.555,40.3013],[-3.5549,40.3014],[-3.5545,40.3015],[-3.5541,40.3015],[-3.5531,40.3014],[-3.5525,40.3013],[-3.5521,40.3013],[-3.5518,40.3013],[-3.5515,40.3014],[-3.5512,40.3015],[-3.5511,40.3017],[-3.5511,40.3019],[-3.5512,40.3022],[-3.5514,40.3028],[-3.5514,40.3029],[-3.5514,40.3032],[-3.5514,40.3033],[-3.551,40.3034],[-3.5507,40.3034],[-3.5502,40.3033],[-3.5498,40.3033],[-3.5493,40.3035],[-3.549,40.3035],[-3.5488,40.3035],[-3.5485,40.3032],[-3.5482,40.3028],[-3.548,40.3027],[-3.5479,40.3024],[-3.5479,40.3021],[-3.5477,40.3019],[-3.5474,40.3017],[-3.547,40.3017],[-3.5465,40.3018],[-3.5458,40.3019],[-3.5453,40.302],[-3.5452,40.3021],[-3.5452,40.3024],[-3.5452,40.3026],[-3.5455,40.3029],[-3.5459,40.3031],[-3.5463,40.3034],[-3.5464,40.3035],[-3.5464,40.3037],[-3.5464,40.304],[-3.5464,40.3042],[-3.5465,40.3046],[-3.5467,40.305],[-3.5467,40.3052],[-3.5467,40.3053],[-3.5467,40.3056],[-3.5465,40.3058],[-3.5463,40.3059],[-3.5461,40.306],[-3.5458,40.306],[-3.5456,40.306],[-3.5453,40.3062],[-3.5453,40.3063],[-3.5452,40.3065],[-3.5451,40.3066],[-3.5448,40.3067],[-3.5445,40.3067],[-3.5442,40.3068],[-3.5436,40.307],[-3.5432,40.307],[-3.5427,40.307],[-3.5424,40.3069],[-3.5421,40.307],[-3.542,40.3072],[-3.5421,40.3076],[-3.5422,40.3078],[-3.5425,40.3082],[-3.5427,40.3084],[-3.5428,40.3086],[-3.5428,40.3088],[-3.5429,40.3089],[-3.5431,40.3089],[-3.5432,40.3091],[-3.5432,40.3093],[-3.5429,40.3102],[-3.5429,40.3103],[-3.5432,40.3104],[-3.5435,40.3104],[-3.5437,40.3104],[-3.544,40.3103],[-3.5445,40.3101],[-3.545,40.3101],[-3.5453,40.3101],[-3.5455,40.3103],[-3.5457,40.3106],[-3.5461,40.311],[-3.5464,40.3111],[-3.5467,40.3112],[-3.5469,40.3115],[-3.5469,40.3117],[-3.5468,40.312],[-3.5466,40.3122],[-3.5463,40.3122],[-3.5461,40.3122],[-3.5459,40.312],[-3.5455,40.3115],[-3.5453,40.3114],[-3.545,40.3114],[-3.5448,40.3114],[-3.5447,40.3115],[-3.5446,40.3117],[-3.5446,40.312],[-3.5445,40.3123],[-3.5444,40.3125],[-3.5442,40.3127],[-3.5441,40.3129],[-3.5441,40.3131],[-3.5438,40.3133],[-3.5437,40.3134],[-3.5438,40.3136],[-3.5438,40.3139],[-3.5438,40.3141],[-3.5435,40.3143],[-3.5433,40.3145],[-3.5433,40.3147],[-3.5435,40.3152],[-3.5438,40.3157],[-3.544,40.3159],[-3.5443,40.3161],[-3.5447,40.3164],[-3.5451,40.317],[-3.5454,40.3176],[-3.5457,40.3179]]],[[[-3.6392,40.3235],[-3.6403,40.3239],[-3.6408,40.3242],[-3.6414,40.3244],[-3.6425,40.325],[-3.6431,40.3254],[-3.6441,40.3259],[-3.6455,40.3262],[-3.6469,40.3266],[-3.6484,40.3272],[-3.6488,40.3272],[-3.6485,40.3259],[-3.6482,40.3247],[-3.6481,40.3242],[-3.6479,40.323],[-3.6479,40.3218],[-3.647,40.3213],[-3.6464,40.321],[-3.6453,40.3205],[-3.6448,40.3202],[-3.6421,40.3219],[-3.6404,40.3206],[-3.639,40.3199],[-3.6396,40.3194],[-3.6387,40.3187],[-3.6397,40.3179],[-3.6409,40.3172],[-3.6408,40.3171],[-3.6402,40.3165],[-3.64,40.3163],[-3.6398,40.3162],[-3.6394,40.3162],[-3.639,40.3162],[-3.6382,40.3162],[-3.6377,40.3162],[-3.6374,40.3162],[-3.6368,40.3163],[-3.636,40.3163],[-3.6353,40.3162],[-3.6336,40.3156],[-3.6328,40.3155],[-3.6324,40.3154],[-3.6309,40.3146],[-3.6303,40.3144],[-3.6295,40.3141],[-3.6286,40.3138],[-3.6282,40.3137],[-3.6262,40.3129],[-3.6276,40.314],[-3.6282,40.3147],[-3.6284,40.315],[-3.6286,40.3155],[-3.6291,40.3168],[-3.6293,40.3172],[-3.6295,40.3176],[-3.6301,40.3184],[-3.6298,40.3191],[-3.6305,40.3199],[-3.6315,40.3199],[-3.6327,40.32],[-3.6333,40.3199],[-3.6339,40.32],[-3.636,40.3208],[-3.6368,40.3224],[-3.6371,40.3232],[-3.638,40.3236],[-3.6382,40.3235],[-3.6392,40.3235]]],[[[-3.6475,40.3324],[-3.6477,40.3326],[-3.648,40.3327],[-3.6483,40.333],[-3.6487,40.3332],[-3.6491,40.3334],[-3.6492,40.3332],[-3.6495,40.3326],[-3.6497,40.3325],[-3.6498,40.3324],[-3.65,40.3323],[-3.6501,40.3323],[-3.6503,40.3324],[-3.6507,40.3322],[-3.6512,40.332],[-3.6498,40.3296],[-3.6494,40.3288],[-3.6492,40.3287],[-3.6449,40.3276],[-3.643,40.327],[-3.6428,40.3269],[-3.6418,40.3267],[-3.6406,40.3263],[-3.6401,40.3261],[-3.6396,40.3259],[-3.6381,40.3252],[-3.6378,40.325],[-3.6371,40.3248],[-3.6368,40.3246],[-3.6359,40.3241],[-3.6356,40.3238],[-3.6352,40.3235],[-3.6347,40.3229],[-3.6341,40.3225],[-3.6336,40.3222],[-3.6324,40.3212],[-3.6319,40.3211],[-3.6314,40.3211],[-3.6303,40.3208],[-3.6298,40.3208],[-3.6289,40.3206],[-3.6285,40.3204],[-3.6282,40.3202],[-3.6271,40.3187],[-3.6267,40.3179],[-3.6264,40.3171],[-3.6253,40.3152],[-3.625,40.3151],[-3.6248,40.3152],[-3.6243,40.3156],[-3.6239,40.3158],[-3.6233,40.316],[-3.6229,40.3163],[-3.6224,40.3164],[-3.6222,40.3163],[-3.6217,40.3164],[-3.6207,40.3164],[-3.6192,40.3161],[-3.6171,40.3156],[-3.6168,40.3153],[-3.6164,40.3147],[-3.6162,40.3142],[-3.6162,40.3139],[-3.6164,40.3132],[-3.6169,40.3118],[-3.6172,40.3108],[-3.6171,40.3104],[-3.6167,40.3101],[-3.6158,40.3096],[-3.6155,40.3095],[-3.6143,40.3091],[-3.6139,40.309],[-3.6128,40.3093],[-3.6126,40.3095],[-3.612,40.3099],[-3.6111,40.3104],[-3.6107,40.3105],[-3.61,40.3108],[-3.609,40.3107],[-3.6086,40.3108],[-3.6081,40.3109],[-3.6077,40.3108],[-3.6072,40.3106],[-3.607,40.3104],[-3.6065,40.3102],[-3.604,40.3104],[-3.6027,40.3104],[-3.6023,40.3102],[-3.6017,40.3097],[-3.601,40.3094],[-3.6007,40.3093],[-3.6004,40.3093],[-3.6,40.3095],[-3.5991,40.3099],[-3.5987,40.3101],[-3.5983,40.3101],[-3.5965,40.3099],[-3.5953,40.31],[-3.5936,40.31],[-3.5931,40.31],[-3.5925,40.3097],[-3.5916,40.3093],[-3.591,40.3092],[-3.59,40.3092],[-3.5893,40.3094],[-3.5889,40.3096],[-3.5879,40.3098],[-3.5874,40.3099],[-3.587,40.3098],[-3.5866,40.3097],[-3.5863,40.3095],[-3.586,40.3091],[-3.5856,40.309],[-3.5848,40.309],[-3.5831,40.3096],[-3.5829,40.3097],[-3.5827,40.31],[-3.5827,40.3106],[-3.5825,40.3113],[-3.5821,40.3121],[-3.5812,40.3126],[-3.5802,40.3127],[-3.5798,40.3126],[-3.5791,40.3124],[-3.5785,40.3119],[-3.5781,40.3118],[-3.5774,40.3117],[-3.5761,40.3117],[-3.5758,40.3118],[-3.5755,40.3119],[-3.5752,40.3121],[-3.5746,40.3125],[-3.5742,40.313],[-3.5737,40.3137],[-3.5728,40.3142],[-3.5721,40.3142],[-3.5713,40.3143],[-3.5709,40.3142],[-3.5704,40.3143],[-3.5692,40.3143],[-3.5689,40.3144],[-3.5682,40.3147],[-3.5676,40.3158],[-3.5671,40.3164],[-3.5666,40.3166],[-3.5663,40.3167],[-3.5651,40.3166],[-3.5647,40.3161],[-3.5646,40.3161],[-3.5645,40.317],[-3.5645,40.3174],[-3.5642,40.3179],[-3.5639,40.3182],[-3.5634,40.3188],[-3.5627,40.319],[-3.5621,40.3197],[-3.5618,40.3202],[-3.5609,40.3212],[-3.559,40.322],[-3.5577,40.3226],[-3.5571,40.3229],[-3.5565,40.3231],[-3.556,40.3232],[-3.5551,40.3237],[-3.5543,40.3246],[-3.5536,40.3252],[-3.5532,40.3263],[-3.553,40.3271],[-3.5526,40.3275],[-3.5516,40.328],[-3.5497,40.3287],[-3.5485,40.329],[-3.5479,40.329],[-3.5476,40.3289],[-3.5474,40.3287],[-3.5471,40.3286],[-3.5468,40.3284],[-3.5465,40.3279],[-3.5463,40.3277],[-3.5459,40.3277],[-3.5456,40.328],[-3.5452,40.3282],[-3.5448,40.3282],[-3.544,40.328],[-3.5435,40.3281],[-3.5431,40.328],[-3.5427,40.328],[-3.5424,40.3281],[-3.5415,40.3284],[-3.5406,40.3285],[-3.5403,40.3285],[-3.5399,40.3284],[-3.5394,40.3281],[-3.5383,40.328],[-3.5379,40.3279],[-3.5376,40.3278],[-3.5372,40.3279],[-3.5369,40.3281],[-3.5366,40.3285],[-3.5363,40.3287],[-3.5356,40.3289],[-3.5348,40.3287],[-3.534,40.3285],[-3.5335,40.3288],[-3.5333,40.3293],[-3.5331,40.3297],[-3.5329,40.3298],[-3.5323,40.3299],[-3.5312,40.3298],[-3.5304,40.3295],[-3.5296,40.329],[-3.5289,40.3286],[-3.5283,40.3286],[-3.5277,40.3289],[-3.5273,40.3292],[-3.5268,40.3292],[-3.5262,40.3289],[-3.5264,40.3293],[-3.5266,40.3295],[-3.5272,40.3298],[-3.5278,40.3301],[-3.5288,40.3307],[-3.5304,40.3321],[-3.5313,40.3328],[-3.5316,40.333],[-3.532,40.333],[-3.5331,40.3331],[-3.5347,40.3331],[-3.5355,40.333],[-3.5366,40.3328],[-3.5382,40.3325],[-3.5395,40.3323],[-3.541,40.3321],[-3.5427,40.3318],[-3.5438,40.3316],[-3.5448,40.3316],[-3.5457,40.3314],[-3.547,40.331],[-3.5492,40.3301],[-3.5505,40.3294],[-3.552,40.3284],[-3.5526,40.3282],[-3.553,40.3279],[-3.5537,40.3274],[-3.5546,40.3267],[-3.5553,40.3261],[-3.5564,40.3254],[-3.5577,40.3243],[-3.5594,40.3231],[-3.5605,40.3223],[-3.5617,40.3215],[-3.5633,40.3205],[-3.5646,40.3199],[-3.5663,40.3189],[-3.568,40.3179],[-3.5692,40.3172],[-3.5726,40.3155],[-3.5753,40.3148],[-3.5764,40.3142],[-3.5781,40.3135],[-3.5799,40.3135],[-3.5894,40.3123],[-3.598,40.3117],[-3.6011,40.312],[-3.6059,40.3124],[-3.6106,40.3132],[-3.6106,40.3133],[-3.6107,40.3135],[-3.6109,40.3136],[-3.6112,40.314],[-3.6141,40.3154],[-3.6161,40.3174],[-3.6164,40.3176],[-3.6169,40.3178],[-3.6173,40.3179],[-3.6182,40.3182],[-3.6186,40.3185],[-3.619,40.3186],[-3.6196,40.3188],[-3.6199,40.3189],[-3.6201,40.3189],[-3.6203,40.3189],[-3.6207,40.319],[-3.621,40.3191],[-3.6217,40.3192],[-3.6221,40.3192],[-3.6225,40.3193],[-3.6231,40.3195],[-3.6241,40.3197],[-3.6245,40.3198],[-3.6249,40.3199],[-3.6253,40.32],[-3.6257,40.3201],[-3.6263,40.3203],[-3.627,40.3205],[-3.6277,40.3207],[-3.6286,40.3209],[-3.6292,40.3211],[-3.6298,40.3213],[-3.6303,40.3215],[-3.631,40.3218],[-3.6314,40.322],[-3.6317,40.3221],[-3.632,40.3223],[-3.6325,40.3225],[-3.633,40.3226],[-3.6332,40.3227],[-3.6336,40.3231],[-3.6339,40.3234],[-3.6343,40.3236],[-3.6346,40.3239],[-3.635,40.3242],[-3.636,40.325],[-3.6363,40.3252],[-3.6366,40.3254],[-3.6371,40.3257],[-3.6376,40.3261],[-3.6382,40.3264],[-3.6387,40.3268],[-3.639,40.327],[-3.6393,40.3273],[-3.6401,40.3278],[-3.6402,40.3279],[-3.6407,40.3281],[-3.6411,40.3282],[-3.6414,40.3283],[-3.6416,40.3284],[-3.6417,40.3285],[-3.6419,40.3287],[-3.642,40.3288],[-3.6421,40.3289],[-3.6423,40.3289],[-3.6425,40.329],[-3.6427,40.3291],[-3.6429,40.3292],[-3.6431,40.3294],[-3.6433,40.3295],[-3.6436,40.33],[-3.6438,40.3303],[-3.6442,40.3307],[-3.6445,40.3309],[-3.6447,40.331],[-3.645,40.3311],[-3.6452,40.3312],[-3.6454,40.3313],[-3.6458,40.3315],[-3.6461,40.3317],[-3.6464,40.3318],[-3.6467,40.3319],[-3.6475,40.3324]]],[[[-3.4694,40.4178],[-3.4692,40.418],[-3.4662,40.4183],[-3.464,40.4186],[-3.4628,40.4188],[-3.4615,40.4189],[-3.46,40.419],[-3.457,40.419],[-3.4557,40.4194],[-3.4532,40.4203],[-3.4528,40.421],[-3.4525,40.4216],[-3.4537,40.4219],[-3.4547,40.4221],[-3.456,40.4222],[-3.4569,40.4223],[-3.4577,40.4224],[-3.4589,40.4224],[-3.4593,40.4225],[-3.4597,40.4225],[-3.4602,40.4225],[-3.4609,40.4221],[-3.4617,40.4217],[-3.4645,40.4207],[-3.4661,40.4201],[-3.4678,40.4196],[-3.4693,40.4189],[-3.4711,40.4181],[-3.472,40.4176],[-3.4728,40.4173],[-3.4736,40.4171],[-3.4749,40.4168],[-3.4763,40.4165],[-3.4772,40.4163],[-3.4779,40.4161],[-3.4786,40.4158],[-3.4793,40.4154],[-3.4804,40.4149],[-3.4807,40.414],[-3.4803,40.4142],[-3.4786,40.4153],[-3.4751,40.4164],[-3.4731,40.4164],[-3.4723,40.4164],[-3.4694,40.4178]]],[[[-3.5121,40.426],[-3.5129,40.4262],[-3.5141,40.4268],[-3.5144,40.4271],[-3.5147,40.4274],[-3.515,40.4277],[-3.5155,40.4285],[-3.5162,40.4295],[-3.5168,40.43],[-3.5174,40.4304],[-3.5176,40.4305],[-3.5178,40.4305],[-3.5181,40.4303],[-3.5188,40.4299],[-3.5192,40.4297],[-3.5199,40.4295],[-3.5208,40.429],[-3.5217,40.4286],[-3.5233,40.4279],[-3.5232,40.4278],[-3.5231,40.4276],[-3.5231,40.4275],[-3.5231,40.4274],[-3.5231,40.4272],[-3.5231,40.4271],[-3.5229,40.4268],[-3.5224,40.4263],[-3.5221,40.426],[-3.5218,40.4257],[-3.5213,40.425],[-3.5212,40.4247],[-3.5209,40.4242],[-3.5208,40.4241],[-3.5208,40.424],[-3.5207,40.4238],[-3.5207,40.4238],[-3.5206,40.4237],[-3.5204,40.4236],[-3.5203,40.4235],[-3.5203,40.4234],[-3.5203,40.4233],[-3.5205,40.4229],[-3.5205,40.4227],[-3.5206,40.4219],[-3.5206,40.4211],[-3.5208,40.4186],[-3.5208,40.4183],[-3.5207,40.4181],[-3.52,40.4171],[-3.5198,40.4168],[-3.5193,40.4161],[-3.519,40.4157],[-3.5188,40.4155],[-3.518,40.4148],[-3.5172,40.4142],[-3.517,40.4141],[-3.5169,40.4141],[-3.5159,40.4139],[-3.5142,40.4136],[-3.5134,40.4135],[-3.5136,40.4129],[-3.514,40.4117],[-3.5141,40.4116],[-3.5142,40.4114],[-3.515,40.4106],[-3.5121,40.411],[-3.512,40.4111],[-3.512,40.4121],[-3.512,40.4129],[-3.5118,40.4137],[-3.5114,40.414],[-3.511,40.4141],[-3.5099,40.4144],[-3.509,40.4147],[-3.5086,40.4149],[-3.5082,40.4152],[-3.508,40.4155],[-3.5075,40.4163],[-3.5072,40.4167],[-3.5067,40.4171],[-3.5064,40.4173],[-3.5048,40.4178],[-3.5044,40.418],[-3.503,40.4188],[-3.5028,40.4194],[-3.5027,40.4197],[-3.5026,40.42],[-3.5027,40.4203],[-3.5028,40.421],[-3.5029,40.4212],[-3.5034,40.4217],[-3.5036,40.4219],[-3.5047,40.4222],[-3.5049,40.4224],[-3.505,40.4227],[-3.5052,40.423],[-3.5054,40.4231],[-3.5056,40.4234],[-3.5058,40.4237],[-3.5058,40.424],[-3.5057,40.4257],[-3.5057,40.4259],[-3.5063,40.4262],[-3.5072,40.4261],[-3.508,40.426],[-3.509,40.4258],[-3.5103,40.4257],[-3.5121,40.426]]]]},"geometry_name":"GEOMETRY1","properties":{"DS_TIPO_ZONA":"Zonas B: De Reserva Natural","CD_AREA":"B2","NM_AREA_M":45037140,"NM_AREA_HA":4504}},{"type":"Feature","id":"IDEM_MA_PR_SURESTE.5","geometry":{"type":"MultiPolygon","coordinates":[[[[-3.6082,40.1525],[-3.6084,40.1527],[-3.6085,40.1528],[-3.6087,40.153],[-3.6091,40.1534],[-3.6095,40.1536],[-3.6097,40.1537],[-3.6099,40.1538],[-3.6099,40.1536],[-3.6099,40.1531],[-3.6101,40.1525],[-3.6102,40.1521],[-3.6104,40.1518],[-3.6105,40.1515],[-3.6107,40.1515],[-3.6111,40.1513],[-3.6128,40.1507],[-3.6145,40.1501],[-3.6146,40.1501],[-3.6143,40.1498],[-3.6142,40.1496],[-3.614,40.1493],[-3.614,40.1493],[-3.6136,40.1489],[-3.6134,40.1488],[-3.6133,40.1487],[-3.6133,40.1486],[-3.6133,40.1484],[-3.6134,40.1482],[-3.6135,40.148],[-3.6136,40.1478],[-3.6137,40.1476],[-3.6139,40.1474],[-3.6141,40.1474],[-3.6143,40.1473],[-3.6145,40.1473],[-3.6145,40.1472],[-3.6145,40.1471],[-3.6144,40.1469],[-3.6143,40.1468],[-3.6143,40.1467],[-3.6148,40.1465],[-3.6151,40.1464],[-3.6153,40.1464],[-3.6157,40.1465],[-3.6164,40.1472],[-3.6166,40.1471],[-3.6172,40.1463],[-3.6179,40.1457],[-3.6183,40.1454],[-3.6188,40.1453],[-3.6193,40.1452],[-3.6196,40.1452],[-3.62,40.1454],[-3.6203,40.1458],[-3.6205,40.1461],[-3.6209,40.1465],[-3.6228,40.1474],[-3.6235,40.1477],[-3.6237,40.1478],[-3.6238,40.1476],[-3.6241,40.1474],[-3.6242,40.1473],[-3.6243,40.1472],[-3.6245,40.1464],[-3.6246,40.1461],[-3.6247,40.1457],[-3.6248,40.1455],[-3.6252,40.1453],[-3.626,40.1452],[-3.6269,40.1451],[-3.6291,40.1452],[-3.6299,40.1453],[-3.63,40.1453],[-3.6281,40.1423],[-3.627,40.1417],[-3.626,40.141],[-3.6253,40.1404],[-3.6248,40.1399],[-3.6244,40.1394],[-3.6236,40.1386],[-3.6221,40.1372],[-3.6218,40.1368],[-3.6218,40.1361],[-3.6218,40.1357],[-3.622,40.1351],[-3.6228,40.134],[-3.6233,40.1333],[-3.6237,40.133],[-3.6245,40.1325],[-3.6255,40.1322],[-3.6265,40.1319],[-3.6276,40.1318],[-3.6286,40.1318],[-3.6296,40.1319],[-3.6304,40.132],[-3.6309,40.1319],[-3.6316,40.1316],[-3.6325,40.1309],[-3.6332,40.1303],[-3.6335,40.1301],[-3.6345,40.1298],[-3.6346,40.1297],[-3.6346,40.1294],[-3.634,40.1288],[-3.6337,40.1286],[-3.6325,40.1278],[-3.6321,40.1275],[-3.6319,40.1272],[-3.6317,40.1265],[-3.6316,40.1262],[-3.6313,40.1258],[-3.6313,40.1254],[-3.6313,40.1252],[-3.6314,40.1251],[-3.6319,40.125],[-3.6323,40.125],[-3.6326,40.125],[-3.633,40.1253],[-3.6333,40.1256],[-3.634,40.1264],[-3.6351,40.1277],[-3.6357,40.1283],[-3.6359,40.1286],[-3.6362,40.1288],[-3.6365,40.129],[-3.6368,40.1292],[-3.6376,40.1293],[-3.6379,40.1293],[-3.6381,40.1292],[-3.6383,40.129],[-3.6383,40.1287],[-3.638,40.1279],[-3.6381,40.1276],[-3.6385,40.1274],[-3.6392,40.1272],[-3.6403,40.1275],[-3.6411,40.1278],[-3.6415,40.1279],[-3.6419,40.1282],[-3.6422,40.1285],[-3.6425,40.1287],[-3.6427,40.1287],[-3.6429,40.1286],[-3.643,40.1282],[-3.6426,40.1274],[-3.6424,40.127],[-3.6417,40.126],[-3.6409,40.125],[-3.6404,40.1245],[-3.64,40.1241],[-3.6392,40.124],[-3.639,40.1238],[-3.6391,40.1235],[-3.6401,40.123],[-3.6403,40.1228],[-3.6403,40.1225],[-3.6403,40.1219],[-3.6406,40.1216],[-3.6408,40.1213],[-3.6409,40.1213],[-3.6395,40.1208],[-3.6384,40.1204],[-3.637,40.1199],[-3.6354,40.1194],[-3.6344,40.1192],[-3.6331,40.1189],[-3.6322,40.1187],[-3.6312,40.1184],[-3.6299,40.1181],[-3.6289,40.1178],[-3.6282,40.1175],[-3.6273,40.117],[-3.6267,40.1167],[-3.6254,40.1155],[-3.625,40.1151],[-3.6248,40.1147],[-3.6246,40.1145],[-3.6244,40.1144],[-3.6242,40.1143],[-3.6239,40.1141],[-3.6236,40.114],[-3.6233,40.1139],[-3.6229,40.1138],[-3.6224,40.1136],[-3.6223,40.1136],[-3.6222,40.1135],[-3.6219,40.1133],[-3.6218,40.1138],[-3.6216,40.1143],[-3.6212,40.1152],[-3.6212,40.1153],[-3.6202,40.1178],[-3.6197,40.1194],[-3.6194,40.1203],[-3.6189,40.1216],[-3.6188,40.1223],[-3.6187,40.1226],[-3.6187,40.123],[-3.6189,40.1242],[-3.6189,40.125],[-3.6191,40.1261],[-3.6191,40.1264],[-3.6191,40.1266],[-3.619,40.1268],[-3.6188,40.127],[-3.6184,40.1274],[-3.6175,40.1288],[-3.6168,40.1297],[-3.6162,40.1307],[-3.6158,40.1316],[-3.6156,40.1321],[-3.6153,40.133],[-3.6152,40.1339],[-3.6149,40.1347],[-3.6144,40.1365],[-3.6141,40.1373],[-3.6136,40.1382],[-3.6132,40.1389],[-3.6132,40.1393],[-3.6132,40.1396],[-3.6129,40.1399],[-3.6126,40.1402],[-3.6125,40.1405],[-3.6115,40.1419],[-3.611,40.1425],[-3.6106,40.1429],[-3.6099,40.1437],[-3.6091,40.145],[-3.608,40.1467],[-3.6078,40.1473],[-3.6076,40.1481],[-3.6072,40.1506],[-3.6073,40.1514],[-3.6073,40.1522],[-3.6075,40.1526],[-3.6079,40.1525],[-3.6081,40.1525],[-3.6082,40.1525]]],[[[-3.5967,40.2019],[-3.5969,40.2019],[-3.5971,40.2019],[-3.5975,40.2019],[-3.5976,40.2019],[-3.5978,40.2019],[-3.5981,40.2018],[-3.5988,40.2017],[-3.5994,40.2016],[-3.5996,40.2016],[-3.5998,40.2016],[-3.6,40.2016],[-3.6007,40.2016],[-3.6011,40.2017],[-3.6016,40.2017],[-3.6019,40.2017],[-3.6026,40.2017],[-3.6033,40.2017],[-3.6035,40.2017],[-3.6037,40.2016],[-3.604,40.2016],[-3.6042,40.2016],[-3.6045,40.2016],[-3.6048,40.2015],[-3.6054,40.2015],[-3.6058,40.2015],[-3.6059,40.2015],[-3.6063,40.2014],[-3.6066,40.2014],[-3.6068,40.2014],[-3.6072,40.201],[-3.608,40.2004],[-3.6086,40.1999],[-3.6091,40.1995],[-3.6095,40.1991],[-3.6099,40.1988],[-3.6101,40.1986],[-3.6104,40.1982],[-3.6107,40.1979],[-3.611,40.1976],[-3.6114,40.1973],[-3.612,40.1969],[-3.6128,40.1962],[-3.6138,40.1954],[-3.6144,40.1949],[-3.615,40.1944],[-3.6158,40.1938],[-3.616,40.1936],[-3.6159,40.1935],[-3.6158,40.1933],[-3.6156,40.1932],[-3.6157,40.1931],[-3.6157,40.193],[-3.6158,40.1927],[-3.6158,40.1924],[-3.6158,40.1923],[-3.6159,40.1921],[-3.6161,40.192],[-3.6162,40.1919],[-3.6164,40.1918],[-3.6165,40.1917],[-3.6165,40.1916],[-3.6166,40.1915],[-3.6166,40.1914],[-3.6166,40.1912],[-3.6166,40.191],[-3.6166,40.1908],[-3.6165,40.1907],[-3.6166,40.1904],[-3.6166,40.1901],[-3.6166,40.1898],[-3.6169,40.1894],[-3.6171,40.1889],[-3.6174,40.1888],[-3.6176,40.1887],[-3.6178,40.1887],[-3.618,40.1886],[-3.6181,40.1885],[-3.6183,40.1883],[-3.6184,40.1882],[-3.6185,40.188],[-3.6186,40.1879],[-3.6188,40.1877],[-3.6189,40.1875],[-3.619,40.1873],[-3.6191,40.1872],[-3.6193,40.187],[-3.6196,40.1869],[-3.62,40.1867],[-3.6204,40.1866],[-3.6208,40.1864],[-3.6209,40.1863],[-3.6211,40.1861],[-3.6212,40.186],[-3.6213,40.1858],[-3.6214,40.1855],[-3.6215,40.1855],[-3.6217,40.1854],[-3.622,40.1853],[-3.6222,40.1853],[-3.6223,40.1853],[-3.6224,40.1853],[-3.6226,40.1853],[-3.6228,40.1853],[-3.6234,40.1847],[-3.6238,40.1844],[-3.624,40.1842],[-3.6241,40.184],[-3.6242,40.184],[-3.6242,40.1839],[-3.6243,40.1838],[-3.6244,40.1835],[-3.6245,40.1832],[-3.6246,40.1831],[-3.6247,40.1828],[-3.6247,40.1827],[-3.6247,40.1826],[-3.6247,40.1825],[-3.6247,40.1822],[-3.6246,40.182],[-3.6246,40.1817],[-3.6245,40.1815],[-3.6244,40.1814],[-3.6243,40.1812],[-3.6241,40.181],[-3.6238,40.1809],[-3.6235,40.1808],[-3.6233,40.1807],[-3.623,40.1806],[-3.6229,40.1806],[-3.6228,40.1805],[-3.6226,40.1802],[-3.6225,40.18],[-3.6225,40.1798],[-3.6225,40.1797],[-3.6225,40.1795],[-3.6225,40.1794],[-3.6224,40.1792],[-3.6224,40.1791],[-3.6223,40.179],[-3.6222,40.1788],[-3.6221,40.1786],[-3.6219,40.1783],[-3.6218,40.1781],[-3.6217,40.1779],[-3.6216,40.1778],[-3.6216,40.1776],[-3.6216,40.1773],[-3.6216,40.177],[-3.6216,40.1769],[-3.6214,40.1763],[-3.6213,40.176],[-3.6211,40.1753],[-3.621,40.1749],[-3.6209,40.1745],[-3.6209,40.1744],[-3.6208,40.1743],[-3.6208,40.1742],[-3.6207,40.1741],[-3.6202,40.1741],[-3.6187,40.1736],[-3.6181,40.1732],[-3.6176,40.1727],[-3.6162,40.1719],[-3.616,40.1717],[-3.6156,40.1713],[-3.6149,40.1705],[-3.6145,40.1702],[-3.6139,40.1697],[-3.6132,40.1693],[-3.6117,40.1685],[-3.6113,40.1681],[-3.6111,40.1678],[-3.6108,40.1671],[-3.6105,40.1665],[-3.61,40.1656],[-3.6095,40.1647],[-3.609,40.1642],[-3.6086,40.1638],[-3.6083,40.1636],[-3.6077,40.1631],[-3.6073,40.1627],[-3.6069,40.162],[-3.6064,40.1614],[-3.6059,40.161],[-3.6055,40.1608],[-3.6052,40.1607],[-3.605,40.1607],[-3.6047,40.1606],[-3.6037,40.1611],[-3.6032,40.1615],[-3.6028,40.1618],[-3.6028,40.1619],[-3.6027,40.1622],[-3.6025,40.1627],[-3.602,40.1638],[-3.6018,40.165],[-3.6014,40.1661],[-3.6015,40.1667],[-3.6016,40.167],[-3.6016,40.1678],[-3.6016,40.1687],[-3.6016,40.1693],[-3.6016,40.1696],[-3.6014,40.17],[-3.6012,40.1703],[-3.6008,40.1709],[-3.6004,40.1716],[-3.6001,40.1722],[-3.5999,40.1731],[-3.5997,40.1736],[-3.5991,40.1746],[-3.5984,40.176],[-3.5981,40.1769],[-3.5979,40.1777],[-3.5977,40.1782],[-3.5972,40.1789],[-3.597,40.1794],[-3.5969,40.1802],[-3.5964,40.1817],[-3.5961,40.1822],[-3.5958,40.1828],[-3.5958,40.1833],[-3.5957,40.1837],[-3.5956,40.1839],[-3.5951,40.1846],[-3.5947,40.1854],[-3.5946,40.1856],[-3.5947,40.1858],[-3.5947,40.1862],[-3.5947,40.1865],[-3.5947,40.1868],[-3.5946,40.1871],[-3.5944,40.1873],[-3.5943,40.1875],[-3.5942,40.1878],[-3.5941,40.1881],[-3.5941,40.1883],[-3.594,40.1885],[-3.5941,40.1888],[-3.5941,40.189],[-3.5939,40.1892],[-3.5935,40.1897],[-3.5935,40.1901],[-3.5933,40.1905],[-3.5933,40.1908],[-3.5933,40.1912],[-3.5932,40.1917],[-3.593,40.1921],[-3.5928,40.1926],[-3.5925,40.1931],[-3.5924,40.1934],[-3.5923,40.1936],[-3.5922,40.194],[-3.5921,40.1942],[-3.592,40.1945],[-3.5921,40.1948],[-3.592,40.195],[-3.5918,40.1954],[-3.5916,40.1957],[-3.5916,40.1962],[-3.5917,40.1966],[-3.5917,40.197],[-3.5916,40.1977],[-3.5915,40.1984],[-3.5916,40.199],[-3.5918,40.1994],[-3.5921,40.2001],[-3.5923,40.2007],[-3.5924,40.2012],[-3.5924,40.2013],[-3.5924,40.2013],[-3.5925,40.2012],[-3.5926,40.2013],[-3.5927,40.2013],[-3.5928,40.2013],[-3.5929,40.2013],[-3.5931,40.2013],[-3.5931,40.2014],[-3.5932,40.2014],[-3.5932,40.2015],[-3.5933,40.2015],[-3.5934,40.2015],[-3.5935,40.2015],[-3.5936,40.2015],[-3.5936,40.2015],[-3.5937,40.2016],[-3.5937,40.2016],[-3.5938,40.2016],[-3.5939,40.2016],[-3.594,40.2016],[-3.5941,40.2017],[-3.5942,40.2018],[-3.5943,40.2018],[-3.5945,40.2018],[-3.5946,40.2019],[-3.5948,40.2019],[-3.5949,40.2019],[-3.5951,40.2019],[-3.5952,40.2019],[-3.5953,40.2019],[-3.5956,40.2019],[-3.5957,40.2019],[-3.596,40.2019],[-3.5961,40.2019],[-3.5962,40.2019],[-3.5963,40.2019],[-3.5965,40.2019],[-3.5967,40.2019]]],[[[-3.5755,40.2362],[-3.5738,40.2367],[-3.5735,40.2368],[-3.5733,40.2371],[-3.5729,40.2373],[-3.5724,40.2377],[-3.5721,40.2382],[-3.5719,40.2388],[-3.5713,40.2395],[-3.5699,40.2408],[-3.5667,40.2434],[-3.5658,40.2443],[-3.5656,40.2446],[-3.5654,40.2452],[-3.5647,40.2469],[-3.5636,40.2501],[-3.5635,40.2506],[-3.5633,40.251],[-3.5633,40.2512],[-3.5632,40.2517],[-3.5631,40.2524],[-3.5631,40.2528],[-3.5632,40.2531],[-3.5632,40.2532],[-3.5631,40.2537],[-3.5628,40.2543],[-3.562,40.2554],[-3.5618,40.2558],[-3.5614,40.256],[-3.5611,40.2563],[-3.5609,40.2566],[-3.5607,40.2569],[-3.5604,40.2572],[-3.5599,40.2575],[-3.5593,40.258],[-3.5591,40.2582],[-3.5591,40.2585],[-3.5592,40.2588],[-3.5594,40.2592],[-3.5594,40.2593],[-3.5595,40.2594],[-3.5599,40.2598],[-3.5606,40.2607],[-3.561,40.2611],[-3.5613,40.2614],[-3.5616,40.2617],[-3.5618,40.2621],[-3.562,40.2626],[-3.5622,40.263],[-3.5629,40.2638],[-3.5632,40.2641],[-3.5641,40.2646],[-3.5647,40.2649],[-3.5659,40.2656],[-3.5672,40.2665],[-3.5677,40.2669],[-3.5681,40.2675],[-3.5683,40.2678],[-3.5686,40.2685],[-3.5701,40.2693],[-3.5712,40.27],[-3.5731,40.2708],[-3.5746,40.2715],[-3.5755,40.2721],[-3.5767,40.2728],[-3.577,40.2732],[-3.5775,40.2738],[-3.5779,40.2742],[-3.5781,40.2744],[-3.5784,40.2745],[-3.579,40.2746],[-3.5796,40.2746],[-3.5801,40.2746],[-3.5808,40.2746],[-3.5818,40.2748],[-3.5826,40.2749],[-3.584,40.2752],[-3.5847,40.2755],[-3.5855,40.2757],[-3.5861,40.2758],[-3.5867,40.2757],[-3.5874,40.2755],[-3.5879,40.2753],[-3.5882,40.275],[-3.5885,40.2748],[-3.5887,40.2744],[-3.5889,40.2736],[-3.589,40.2728],[-3.589,40.2724],[-3.5892,40.2718],[-3.5895,40.2712],[-3.5896,40.2708],[-3.5897,40.2705],[-3.5897,40.2703],[-3.5896,40.2701],[-3.5894,40.2698],[-3.5892,40.2696],[-3.5892,40.2693],[-3.5892,40.269],[-3.5893,40.2686],[-3.5894,40.2683],[-3.5897,40.2678],[-3.59,40.2674],[-3.5907,40.2667],[-3.5915,40.2661],[-3.592,40.2657],[-3.5931,40.2651],[-3.5933,40.2651],[-3.593,40.2648],[-3.5928,40.2646],[-3.5921,40.2636],[-3.5913,40.2626],[-3.5908,40.2618],[-3.5907,40.2613],[-3.5906,40.2611],[-3.5905,40.2608],[-3.5902,40.2605],[-3.5897,40.2599],[-3.5888,40.259],[-3.5884,40.2584],[-3.588,40.258],[-3.5878,40.2575],[-3.5878,40.2572],[-3.5877,40.2563],[-3.5876,40.2552],[-3.5876,40.2544],[-3.5875,40.254],[-3.5875,40.2537],[-3.5874,40.2535],[-3.5872,40.2532],[-3.5869,40.2529],[-3.5858,40.2519],[-3.5854,40.2516],[-3.5844,40.2508],[-3.5842,40.2506],[-3.584,40.2502],[-3.5838,40.2497],[-3.5835,40.249],[-3.5828,40.2476],[-3.5822,40.2465],[-3.5814,40.245],[-3.58,40.2428],[-3.579,40.2407],[-3.5786,40.2401],[-3.5775,40.2382],[-3.5774,40.2379],[-3.5774,40.2376],[-3.5774,40.2371],[-3.5774,40.2364],[-3.5774,40.2361],[-3.5766,40.2361],[-3.5755,40.2362]]],[[[-3.496,40.3647],[-3.4963,40.3647],[-3.497,40.3648],[-3.4989,40.3648],[-3.4998,40.3648],[-3.5007,40.3647],[-3.5016,40.3653],[-3.5016,40.366],[-3.5025,40.3668],[-3.5036,40.3671],[-3.5074,40.3647],[-3.5075,40.3646],[-3.5076,40.3643],[-3.5076,40.3641],[-3.5076,40.3639],[-3.5072,40.3631],[-3.5067,40.3622],[-3.506,40.3612],[-3.5056,40.3607],[-3.5051,40.3603],[-3.5043,40.3597],[-3.5038,40.3594],[-3.5035,40.3592],[-3.503,40.359],[-3.5028,40.359],[-3.5025,40.3593],[-3.5021,40.3599],[-3.5017,40.3605],[-3.5013,40.3608],[-3.501,40.3614],[-3.5009,40.3618],[-3.5008,40.3619],[-3.5004,40.362],[-3.5,40.3625],[-3.4995,40.3629],[-3.4987,40.3634],[-3.4975,40.3638],[-3.4965,40.3641],[-3.4954,40.3642],[-3.4947,40.3642],[-3.496,40.3647]]],[[[-3.4947,40.3394],[-3.4946,40.3397],[-3.4945,40.3401],[-3.4947,40.3403],[-3.4949,40.3404],[-3.495,40.341],[-3.4952,40.3412],[-3.4957,40.3414],[-3.4971,40.3414],[-3.4978,40.3414],[-3.499,40.3416],[-3.4993,40.3418],[-3.4996,40.3422],[-3.4997,40.3426],[-3.4999,40.3431],[-3.4999,40.3434],[-3.4997,40.3436],[-3.4989,40.3438],[-3.4976,40.3438],[-3.4977,40.3439],[-3.4983,40.3444],[-3.4988,40.3446],[-3.4993,40.3446],[-3.5001,40.3449],[-3.5007,40.3451],[-3.5013,40.3456],[-3.5029,40.3484],[-3.5036,40.3492],[-3.5043,40.35],[-3.5048,40.3509],[-3.5053,40.3521],[-3.5057,40.3528],[-3.5061,40.3536],[-3.5069,40.3549],[-3.5077,40.3565],[-3.5078,40.3568],[-3.5081,40.3575],[-3.5081,40.3575],[-3.5081,40.3576],[-3.5082,40.3578],[-3.5087,40.3592],[-3.509,40.3599],[-3.5099,40.3612],[-3.5108,40.3628],[-3.5117,40.3647],[-3.5121,40.3659],[-3.5127,40.3671],[-3.5135,40.3682],[-3.515,40.3702],[-3.5164,40.372],[-3.5172,40.3735],[-3.5181,40.3754],[-3.5188,40.377],[-3.5192,40.3778],[-3.5197,40.3792],[-3.52,40.3798],[-3.5204,40.3803],[-3.521,40.3806],[-3.5214,40.3809],[-3.5214,40.3809],[-3.5214,40.3809],[-3.5214,40.3809],[-3.5217,40.381],[-3.5215,40.3812],[-3.5221,40.3814],[-3.5222,40.3814],[-3.5223,40.3815],[-3.5222,40.3812],[-3.5217,40.3804],[-3.5213,40.3793],[-3.521,40.3779],[-3.5206,40.3766],[-3.5205,40.3762],[-3.5205,40.3762],[-3.5205,40.376],[-3.5204,40.3754],[-3.5205,40.3747],[-3.5205,40.3741],[-3.5205,40.3737],[-3.5207,40.3731],[-3.521,40.3725],[-3.5212,40.3719],[-3.5213,40.3711],[-3.5213,40.3705],[-3.5211,40.3699],[-3.521,40.3695],[-3.5207,40.369],[-3.5204,40.3687],[-3.52,40.3685],[-3.5194,40.3684],[-3.5188,40.3682],[-3.518,40.368],[-3.5176,40.3678],[-3.5174,40.3676],[-3.5171,40.3675],[-3.5169,40.3673],[-3.5167,40.3671],[-3.5165,40.3669],[-3.5163,40.3666],[-3.5158,40.3664],[-3.515,40.3661],[-3.514,40.3658],[-3.5135,40.3657],[-3.5133,40.3653],[-3.5132,40.3649],[-3.5133,40.3644],[-3.5132,40.3637],[-3.513,40.363],[-3.5123,40.3623],[-3.5119,40.3617],[-3.5118,40.3613],[-3.5119,40.361],[-3.5121,40.3607],[-3.5122,40.3603],[-3.512,40.3601],[-3.5115,40.36],[-3.5112,40.3598],[-3.5109,40.3595],[-3.5109,40.3589],[-3.5109,40.3586],[-3.5107,40.3584],[-3.5103,40.3581],[-3.5098,40.358],[-3.5092,40.3577],[-3.5087,40.3575],[-3.5084,40.3575],[-3.5082,40.3573],[-3.508,40.3571],[-3.508,40.3568],[-3.508,40.3564],[-3.5079,40.3563],[-3.508,40.3561],[-3.5084,40.3558],[-3.5087,40.3555],[-3.5087,40.3552],[-3.5086,40.355],[-3.5085,40.3548],[-3.5085,40.3545],[-3.5088,40.3534],[-3.5088,40.353],[-3.5086,40.3527],[-3.5083,40.3524],[-3.5081,40.3522],[-3.508,40.352],[-3.5078,40.3518],[-3.5075,40.3515],[-3.5073,40.3514],[-3.5071,40.3511],[-3.507,40.3508],[-3.5068,40.3505],[-3.5067,40.3501],[-3.5065,40.3496],[-3.5063,40.3492],[-3.5058,40.3485],[-3.5047,40.3476],[-3.5039,40.3465],[-3.5036,40.3459],[-3.5033,40.3453],[-3.503,40.3447],[-3.5028,40.3441],[-3.5027,40.3433],[-3.5026,40.3428],[-3.5023,40.3423],[-3.5022,40.3419],[-3.502,40.3414],[-3.5019,40.3408],[-3.502,40.3399],[-3.5021,40.3396],[-3.5025,40.3384],[-3.5028,40.3374],[-3.503,40.3368],[-3.5034,40.3359],[-3.5037,40.3353],[-3.5043,40.3346],[-3.5051,40.3335],[-3.5054,40.3331],[-3.5058,40.3329],[-3.5062,40.3326],[-3.5066,40.3323],[-3.5067,40.3318],[-3.5067,40.3307],[-3.5065,40.33],[-3.5064,40.3295],[-3.5063,40.329],[-3.5061,40.3282],[-3.5062,40.328],[-3.5063,40.3276],[-3.5064,40.3271],[-3.5064,40.3264],[-3.5064,40.326],[-3.5065,40.3257],[-3.5065,40.3255],[-3.5066,40.3253],[-3.5068,40.3251],[-3.5071,40.3249],[-3.5078,40.3247],[-3.5116,40.3233],[-3.512,40.3231],[-3.512,40.323],[-3.5121,40.3229],[-3.5123,40.3229],[-3.5124,40.3229],[-3.5125,40.323],[-3.5127,40.3229],[-3.513,40.3228],[-3.5135,40.3227],[-3.5139,40.3225],[-3.5142,40.3224],[-3.5145,40.3223],[-3.5148,40.3222],[-3.5148,40.3222],[-3.5146,40.3219],[-3.5145,40.3219],[-3.5138,40.3218],[-3.5138,40.3219],[-3.5138,40.322],[-3.5136,40.3221],[-3.5128,40.3222],[-3.5103,40.3225],[-3.5086,40.3227],[-3.5077,40.3229],[-3.5063,40.3232],[-3.5056,40.3234],[-3.5051,40.3238],[-3.5047,40.3242],[-3.5044,40.3245],[-3.5039,40.3247],[-3.503,40.325],[-3.5021,40.3255],[-3.5016,40.3259],[-3.5012,40.3265],[-3.5009,40.3268],[-3.5006,40.3269],[-3.5002,40.3269],[-3.4997,40.3268],[-3.4991,40.3264],[-3.4987,40.3261],[-3.4984,40.3258],[-3.4981,40.3255],[-3.4978,40.3254],[-3.4974,40.3254],[-3.4969,40.3255],[-3.496,40.3257],[-3.495,40.3261],[-3.4944,40.3264],[-3.494,40.3268],[-3.4937,40.327],[-3.4934,40.3271],[-3.493,40.3271],[-3.4924,40.327],[-3.4917,40.3269],[-3.4913,40.3269],[-3.4907,40.3269],[-3.4901,40.327],[-3.4892,40.3273],[-3.4888,40.3275],[-3.4879,40.328],[-3.4873,40.3285],[-3.4883,40.3289],[-3.4884,40.3293],[-3.4887,40.3295],[-3.4891,40.3295],[-3.4895,40.3295],[-3.4902,40.3293],[-3.4907,40.3293],[-3.4909,40.3294],[-3.491,40.3296],[-3.491,40.33],[-3.4906,40.3309],[-3.4906,40.3312],[-3.4908,40.3313],[-3.4911,40.3314],[-3.4922,40.3308],[-3.4925,40.3307],[-3.4929,40.3308],[-3.4932,40.331],[-3.4936,40.3312],[-3.494,40.3313],[-3.4944,40.3313],[-3.495,40.3314],[-3.4953,40.3316],[-3.4957,40.332],[-3.4959,40.3322],[-3.4963,40.3322],[-3.4967,40.3321],[-3.4971,40.3319],[-3.4975,40.3316],[-3.4979,40.3315],[-3.4984,40.3314],[-3.4988,40.3314],[-3.499,40.3316],[-3.499,40.332],[-3.4989,40.3323],[-3.4987,40.3325],[-3.4984,40.3329],[-3.498,40.3332],[-3.4974,40.3335],[-3.4972,40.3337],[-3.497,40.334],[-3.497,40.3348],[-3.4972,40.3354],[-3.4974,40.3357],[-3.4975,40.3365],[-3.4974,40.3368],[-3.497,40.3376],[-3.4968,40.3385],[-3.4966,40.3391],[-3.4963,40.3393],[-3.4958,40.3394],[-3.4954,40.3394],[-3.4949,40.3394],[-3.4947,40.3394]]]]},"geometry_name":"GEOMETRY1","properties":{"DS_TIPO_ZONA":"Zonas C: Degradadas a Regenerar","CD_AREA":"C1","NM_AREA_M":22189193,"NM_AREA_HA":2219}},{"type":"Feature","id":"IDEM_MA_PR_SURESTE.6","geometry":{"type":"MultiPolygon","coordinates":[[[[-3.6255,40.1322],[-3.6245,40.1325],[-3.6237,40.133],[-3.6233,40.1333],[-3.6228,40.134],[-3.622,40.1351],[-3.6218,40.1357],[-3.6218,40.1361],[-3.6218,40.1368],[-3.6221,40.1372],[-3.6236,40.1386],[-3.6244,40.1394],[-3.6248,40.1399],[-3.6253,40.1404],[-3.626,40.141],[-3.627,40.1417],[-3.6281,40.1423],[-3.63,40.1453],[-3.63,40.1451],[-3.63,40.1447],[-3.6301,40.1446],[-3.6302,40.1443],[-3.6302,40.1441],[-3.6303,40.1439],[-3.6304,40.1439],[-3.6304,40.1438],[-3.6304,40.1436],[-3.6304,40.1435],[-3.6305,40.1431],[-3.6306,40.1429],[-3.6308,40.1426],[-3.6309,40.1424],[-3.631,40.1423],[-3.631,40.1422],[-3.6311,40.142],[-3.6311,40.1418],[-3.6312,40.1417],[-3.6313,40.1415],[-3.6314,40.1413],[-3.6315,40.1411],[-3.6316,40.1409],[-3.6317,40.1408],[-3.6317,40.1407],[-3.6317,40.1406],[-3.6316,40.1404],[-3.6316,40.1403],[-3.6316,40.1402],[-3.6316,40.14],[-3.6316,40.1399],[-3.6316,40.1399],[-3.6319,40.1397],[-3.6323,40.1396],[-3.6326,40.1395],[-3.633,40.1394],[-3.6336,40.1393],[-3.6339,40.1391],[-3.6341,40.139],[-3.6344,40.1389],[-3.6346,40.1388],[-3.6348,40.1386],[-3.635,40.1385],[-3.6356,40.1383],[-3.6358,40.1381],[-3.636,40.138],[-3.6362,40.1378],[-3.6364,40.1377],[-3.6365,40.1375],[-3.6367,40.1373],[-3.637,40.1368],[-3.6371,40.1367],[-3.6372,40.1366],[-3.6375,40.1363],[-3.6377,40.1361],[-3.6379,40.1359],[-3.6382,40.1356],[-3.6385,40.1354],[-3.6388,40.135],[-3.6391,40.1348],[-3.6394,40.1346],[-3.6395,40.1345],[-3.6397,40.1345],[-3.6401,40.1344],[-3.6403,40.1344],[-3.6408,40.1342],[-3.6409,40.1341],[-3.6411,40.1341],[-3.6412,40.134],[-3.6413,40.1339],[-3.6415,40.1336],[-3.6416,40.1335],[-3.642,40.1331],[-3.6423,40.1327],[-3.6426,40.1325],[-3.6431,40.1322],[-3.6437,40.1317],[-3.6438,40.1317],[-3.644,40.1315],[-3.6442,40.1313],[-3.6444,40.1312],[-3.6446,40.131],[-3.6447,40.131],[-3.6449,40.1309],[-3.6452,40.1309],[-3.6453,40.1308],[-3.6454,40.1308],[-3.6455,40.1307],[-3.6456,40.1307],[-3.6458,40.1305],[-3.646,40.1304],[-3.6462,40.1303],[-3.6463,40.1301],[-3.6464,40.13],[-3.6466,40.1299],[-3.6467,40.1297],[-3.6468,40.1296],[-3.647,40.1293],[-3.6471,40.1291],[-3.6472,40.1289],[-3.6473,40.1286],[-3.6474,40.1283],[-3.6474,40.1281],[-3.6475,40.128],[-3.6477,40.1278],[-3.6479,40.1278],[-3.648,40.1278],[-3.6482,40.1277],[-3.6485,40.1277],[-3.649,40.1277],[-3.6495,40.1277],[-3.6498,40.1276],[-3.65,40.1276],[-3.6507,40.1279],[-3.6512,40.1281],[-3.6514,40.1277],[-3.6516,40.1274],[-3.6517,40.1273],[-3.6516,40.1272],[-3.6512,40.1271],[-3.6512,40.1271],[-3.6509,40.1265],[-3.6507,40.1263],[-3.6505,40.1261],[-3.6506,40.1259],[-3.6509,40.1258],[-3.6512,40.1257],[-3.6513,40.1257],[-3.6515,40.1257],[-3.6518,40.1256],[-3.6523,40.1256],[-3.6527,40.1255],[-3.653,40.1254],[-3.6534,40.1253],[-3.6534,40.1253],[-3.6515,40.1248],[-3.6507,40.1247],[-3.6498,40.1246],[-3.6489,40.1245],[-3.6482,40.1244],[-3.6474,40.1239],[-3.6469,40.1235],[-3.6463,40.1231],[-3.6459,40.1228],[-3.6454,40.1225],[-3.6444,40.1225],[-3.6433,40.1221],[-3.642,40.1216],[-3.6414,40.1214],[-3.6409,40.1213],[-3.6408,40.1213],[-3.6406,40.1216],[-3.6403,40.1219],[-3.6403,40.1225],[-3.6403,40.1228],[-3.6401,40.123],[-3.6391,40.1235],[-3.639,40.1238],[-3.6392,40.124],[-3.64,40.1241],[-3.6404,40.1245],[-3.6409,40.125],[-3.6417,40.126],[-3.6424,40.127],[-3.6426,40.1274],[-3.643,40.1282],[-3.6429,40.1286],[-3.6427,40.1287],[-3.6425,40.1287],[-3.6422,40.1285],[-3.6419,40.1282],[-3.6415,40.1279],[-3.6411,40.1278],[-3.6403,40.1275],[-3.6392,40.1272],[-3.6385,40.1274],[-3.6381,40.1276],[-3.638,40.1279],[-3.6383,40.1287],[-3.6383,40.129],[-3.6381,40.1292],[-3.6379,40.1293],[-3.6376,40.1293],[-3.6368,40.1292],[-3.6365,40.129],[-3.6362,40.1288],[-3.6359,40.1286],[-3.6357,40.1283],[-3.6351,40.1277],[-3.634,40.1264],[-3.6333,40.1256],[-3.633,40.1253],[-3.6326,40.125],[-3.6323,40.125],[-3.6319,40.125],[-3.6314,40.1251],[-3.6313,40.1252],[-3.6313,40.1254],[-3.6313,40.1258],[-3.6316,40.1262],[-3.6317,40.1265],[-3.6319,40.1272],[-3.6321,40.1275],[-3.6325,40.1278],[-3.6337,40.1286],[-3.634,40.1288],[-3.6346,40.1294],[-3.6346,40.1297],[-3.6345,40.1298],[-3.6335,40.1301],[-3.6332,40.1303],[-3.6325,40.1309],[-3.6316,40.1316],[-3.6309,40.1319],[-3.6304,40.132],[-3.6296,40.1319],[-3.6286,40.1318],[-3.6276,40.1318],[-3.6265,40.1319],[-3.6255,40.1322]]],[[[-3.5961,40.2797],[-3.5964,40.2797],[-3.5975,40.2798],[-3.5987,40.2798],[-3.5999,40.2799],[-3.6009,40.2799],[-3.6014,40.2798],[-3.6022,40.2797],[-3.6028,40.2796],[-3.6035,40.2795],[-3.6042,40.2794],[-3.6048,40.2794],[-3.6056,40.2795],[-3.6059,40.2796],[-3.606,40.2795],[-3.6058,40.2792],[-3.6057,40.2792],[-3.6056,40.2789],[-3.6054,40.2781],[-3.6052,40.2771],[-3.6049,40.2767],[-3.6044,40.2763],[-3.6039,40.276],[-3.6036,40.276],[-3.6031,40.276],[-3.6028,40.276],[-3.6022,40.276],[-3.6021,40.2759],[-3.602,40.2758],[-3.602,40.2757],[-3.6012,40.2759],[-3.5998,40.2762],[-3.5994,40.2764],[-3.5991,40.2766],[-3.5988,40.2769],[-3.5985,40.277],[-3.5979,40.2772],[-3.5971,40.2772],[-3.5961,40.2772],[-3.5961,40.2776],[-3.5961,40.2781],[-3.5961,40.2791],[-3.5961,40.2797]]],[[[-3.5528,40.3104],[-3.5517,40.3115],[-3.5511,40.3121],[-3.5506,40.3128],[-3.5504,40.3132],[-3.5504,40.3137],[-3.5505,40.3142],[-3.5508,40.3146],[-3.5518,40.3153],[-3.5523,40.3157],[-3.5537,40.3165],[-3.5544,40.317],[-3.5548,40.3173],[-3.5551,40.3176],[-3.5555,40.3174],[-3.5559,40.3173],[-3.5562,40.317],[-3.5567,40.3167],[-3.5571,40.3164],[-3.5574,40.3162],[-3.5577,40.3158],[-3.5579,40.3156],[-3.5577,40.3153],[-3.5576,40.315],[-3.5575,40.3146],[-3.5576,40.3141],[-3.5577,40.3136],[-3.5579,40.3129],[-3.5581,40.3125],[-3.5583,40.3122],[-3.5585,40.3121],[-3.5589,40.3119],[-3.5593,40.3117],[-3.5598,40.3116],[-3.5604,40.3114],[-3.5609,40.3113],[-3.5613,40.311],[-3.5616,40.3106],[-3.5619,40.31],[-3.5619,40.3098],[-3.562,40.3096],[-3.5622,40.3095],[-3.5624,40.3095],[-3.5627,40.3095],[-3.5628,40.3094],[-3.5629,40.3092],[-3.5629,40.309],[-3.5629,40.3086],[-3.5628,40.3081],[-3.5627,40.3077],[-3.5625,40.3073],[-3.5624,40.3069],[-3.5624,40.3067],[-3.5625,40.3065],[-3.5629,40.3063],[-3.5642,40.3055],[-3.5657,40.3048],[-3.5677,40.3037],[-3.5688,40.3029],[-3.5697,40.3022],[-3.5703,40.3017],[-3.5722,40.3001],[-3.5733,40.2992],[-3.5749,40.2978],[-3.5784,40.2945],[-3.5793,40.2938],[-3.5797,40.2935],[-3.5799,40.2931],[-3.5801,40.2928],[-3.5802,40.2925],[-3.5803,40.2922],[-3.5806,40.2915],[-3.5809,40.2908],[-3.5812,40.2904],[-3.5809,40.2903],[-3.5806,40.2902],[-3.5804,40.2902],[-3.58,40.2903],[-3.5787,40.2905],[-3.5784,40.2905],[-3.5781,40.2905],[-3.5781,40.2906],[-3.578,40.2907],[-3.5781,40.2909],[-3.5783,40.2912],[-3.5784,40.2913],[-3.5784,40.2914],[-3.5783,40.2915],[-3.5781,40.2915],[-3.5773,40.2915],[-3.5767,40.2915],[-3.5759,40.2916],[-3.5751,40.2917],[-3.5744,40.2919],[-3.5741,40.2919],[-3.5738,40.292],[-3.5736,40.2919],[-3.5736,40.2917],[-3.5735,40.2914],[-3.5733,40.2913],[-3.573,40.2913],[-3.5726,40.2914],[-3.5721,40.2917],[-3.5718,40.2918],[-3.5714,40.292],[-3.5709,40.2923],[-3.5704,40.2926],[-3.5702,40.2927],[-3.5701,40.2928],[-3.5699,40.2928],[-3.5698,40.2926],[-3.5698,40.2919],[-3.5698,40.2903],[-3.5701,40.2896],[-3.5704,40.2888],[-3.5709,40.2879],[-3.5711,40.2876],[-3.5705,40.2877],[-3.5702,40.2877],[-3.5694,40.288],[-3.5688,40.2883],[-3.5678,40.289],[-3.567,40.2898],[-3.5658,40.2909],[-3.565,40.2916],[-3.5646,40.2918],[-3.5642,40.2919],[-3.5641,40.2921],[-3.5638,40.2922],[-3.5636,40.2922],[-3.5633,40.2925],[-3.5631,40.2927],[-3.5628,40.2928],[-3.5624,40.2928],[-3.562,40.2928],[-3.5616,40.293],[-3.5626,40.2935],[-3.5628,40.2937],[-3.563,40.2946],[-3.5631,40.2949],[-3.5633,40.2953],[-3.5635,40.2957],[-3.5639,40.2962],[-3.5643,40.2969],[-3.5645,40.2974],[-3.5645,40.2977],[-3.5645,40.2982],[-3.5645,40.2986],[-3.5645,40.2991],[-3.5644,40.2994],[-3.5642,40.2998],[-3.5637,40.3003],[-3.5634,40.3006],[-3.5628,40.3007],[-3.5618,40.301],[-3.5609,40.3011],[-3.5605,40.3011],[-3.5602,40.3012],[-3.5602,40.3014],[-3.5602,40.3016],[-3.5604,40.3022],[-3.5608,40.3029],[-3.5609,40.3031],[-3.5609,40.3039],[-3.5609,40.3042],[-3.5608,40.3046],[-3.5605,40.305],[-3.5601,40.3052],[-3.5588,40.3061],[-3.5574,40.307],[-3.556,40.3081],[-3.5545,40.3092],[-3.5528,40.3104]]],[[[-3.493,40.3394],[-3.4937,40.3409],[-3.494,40.3414],[-3.4944,40.342],[-3.4949,40.3424],[-3.4958,40.3428],[-3.4964,40.3431],[-3.4976,40.3438],[-3.4989,40.3438],[-3.4997,40.3436],[-3.4999,40.3434],[-3.4999,40.3431],[-3.4997,40.3426],[-3.4996,40.3422],[-3.4993,40.3418],[-3.499,40.3416],[-3.4978,40.3414],[-3.4971,40.3414],[-3.4957,40.3414],[-3.4952,40.3412],[-3.495,40.341],[-3.4949,40.3404],[-3.4947,40.3403],[-3.4945,40.3401],[-3.4946,40.3397],[-3.4947,40.3394],[-3.4949,40.3394],[-3.4954,40.3394],[-3.4958,40.3394],[-3.4963,40.3393],[-3.4966,40.3391],[-3.4968,40.3385],[-3.497,40.3376],[-3.4974,40.3368],[-3.4975,40.3365],[-3.4974,40.3357],[-3.4972,40.3354],[-3.497,40.3348],[-3.497,40.334],[-3.4972,40.3337],[-3.4974,40.3335],[-3.498,40.3332],[-3.4984,40.3329],[-3.4987,40.3325],[-3.4989,40.3323],[-3.499,40.332],[-3.499,40.3316],[-3.4988,40.3314],[-3.4984,40.3314],[-3.4979,40.3315],[-3.4975,40.3316],[-3.4971,40.3319],[-3.4967,40.3321],[-3.4963,40.3322],[-3.4959,40.3322],[-3.4957,40.332],[-3.4953,40.3316],[-3.495,40.3314],[-3.4944,40.3313],[-3.494,40.3313],[-3.4936,40.3312],[-3.4932,40.331],[-3.4929,40.3308],[-3.4925,40.3307],[-3.4922,40.3308],[-3.4911,40.3314],[-3.4908,40.3313],[-3.4906,40.3312],[-3.4906,40.3309],[-3.491,40.33],[-3.491,40.3296],[-3.4909,40.3294],[-3.4907,40.3293],[-3.4902,40.3293],[-3.4895,40.3295],[-3.4891,40.3295],[-3.4887,40.3295],[-3.4884,40.3293],[-3.4883,40.3289],[-3.4873,40.3285],[-3.4867,40.3288],[-3.4861,40.329],[-3.4856,40.3292],[-3.4852,40.3296],[-3.4846,40.3302],[-3.4842,40.3307],[-3.4841,40.3311],[-3.4842,40.3315],[-3.4844,40.332],[-3.4851,40.3328],[-3.4857,40.3334],[-3.4862,40.3337],[-3.4878,40.3345],[-3.4887,40.3348],[-3.489,40.335],[-3.4903,40.3359],[-3.4906,40.3363],[-3.4908,40.3366],[-3.4911,40.3372],[-3.4914,40.3375],[-3.4919,40.338],[-3.4927,40.3387],[-3.4929,40.339],[-3.493,40.3394]]],[[[-3.4666,40.34],[-3.4651,40.3405],[-3.4625,40.3414],[-3.4609,40.3419],[-3.4591,40.3423],[-3.4566,40.3428],[-3.4542,40.3432],[-3.4538,40.3432],[-3.4536,40.3433],[-3.4535,40.3433],[-3.4534,40.3443],[-3.4534,40.3454],[-3.4533,40.3474],[-3.4532,40.3489],[-3.4531,40.3499],[-3.453,40.3511],[-3.453,40.3523],[-3.4529,40.3527],[-3.4531,40.3527],[-3.4539,40.3525],[-3.4549,40.3523],[-3.4559,40.352],[-3.4567,40.3516],[-3.4573,40.3513],[-3.4581,40.3509],[-3.4592,40.3501],[-3.4603,40.3492],[-3.4618,40.3485],[-3.4634,40.3478],[-3.4654,40.3472],[-3.4658,40.347],[-3.4659,40.3468],[-3.466,40.3465],[-3.4659,40.346],[-3.4659,40.3457],[-3.4661,40.3454],[-3.4667,40.3451],[-3.4678,40.3444],[-3.4692,40.3438],[-3.4729,40.3422],[-3.4724,40.3415],[-3.4717,40.341],[-3.4708,40.3403],[-3.4701,40.3395],[-3.4698,40.339],[-3.4697,40.3388],[-3.4666,40.34]]],[[[-3.4912,40.3634],[-3.4911,40.3634],[-3.4909,40.3635],[-3.4908,40.3636],[-3.4907,40.3639],[-3.4907,40.3641],[-3.4907,40.3642],[-3.4916,40.3646],[-3.4933,40.3656],[-3.4948,40.3664],[-3.4957,40.3672],[-3.4966,40.3685],[-3.4987,40.3685],[-3.4993,40.3687],[-3.5003,40.3691],[-3.5033,40.3673],[-3.5036,40.3671],[-3.5025,40.3668],[-3.5016,40.366],[-3.5016,40.3653],[-3.5007,40.3647],[-3.4998,40.3648],[-3.4989,40.3648],[-3.497,40.3648],[-3.4963,40.3647],[-3.496,40.3647],[-3.4947,40.3642],[-3.4946,40.3641],[-3.4939,40.364],[-3.4931,40.3636],[-3.4925,40.3633],[-3.4921,40.3633],[-3.4917,40.3633],[-3.4912,40.3634]]],[[[-3.4992,40.4117],[-3.4994,40.4118],[-3.4993,40.4123],[-3.4992,40.4127],[-3.499,40.4136],[-3.4987,40.4148],[-3.4985,40.4158],[-3.4985,40.4161],[-3.4984,40.4168],[-3.4983,40.4171],[-3.4983,40.4179],[-3.4982,40.4187],[-3.4981,40.4198],[-3.4981,40.42],[-3.498,40.421],[-3.498,40.4213],[-3.498,40.4215],[-3.4981,40.4218],[-3.4982,40.422],[-3.4983,40.4223],[-3.4983,40.4225],[-3.4984,40.4224],[-3.4988,40.4222],[-3.4997,40.4218],[-3.5001,40.4217],[-3.5005,40.4213],[-3.5007,40.4212],[-3.5008,40.4209],[-3.5009,40.4207],[-3.5012,40.4203],[-3.5013,40.4199],[-3.5014,40.4193],[-3.5014,40.4189],[-3.5015,40.4188],[-3.5018,40.4183],[-3.5021,40.4179],[-3.5026,40.4176],[-3.5031,40.4172],[-3.5038,40.4169],[-3.5045,40.4166],[-3.5051,40.4164],[-3.5053,40.4163],[-3.5054,40.4161],[-3.5055,40.416],[-3.5056,40.4157],[-3.5056,40.4155],[-3.5057,40.4155],[-3.5059,40.4155],[-3.5061,40.4152],[-3.5067,40.4147],[-3.507,40.4142],[-3.5074,40.414],[-3.5081,40.4137],[-3.5082,40.4136],[-3.5086,40.4133],[-3.5092,40.4128],[-3.5095,40.4125],[-3.51,40.412],[-3.5101,40.4118],[-3.5103,40.4115],[-3.5106,40.4112],[-3.5107,40.4108],[-3.5108,40.4103],[-3.5109,40.4098],[-3.5109,40.4094],[-3.5109,40.4091],[-3.5109,40.4086],[-3.5108,40.4083],[-3.5107,40.408],[-3.5106,40.4078],[-3.5102,40.4075],[-3.5099,40.4072],[-3.5096,40.4071],[-3.5092,40.407],[-3.5089,40.4069],[-3.5087,40.4069],[-3.5085,40.4069],[-3.5082,40.407],[-3.5079,40.407],[-3.5073,40.4071],[-3.5067,40.4071],[-3.5062,40.4071],[-3.506,40.4071],[-3.5057,40.4071],[-3.5054,40.4072],[-3.5052,40.4072],[-3.5044,40.4073],[-3.504,40.4074],[-3.5035,40.4075],[-3.5033,40.4075],[-3.5032,40.4076],[-3.5032,40.4078],[-3.5029,40.4082],[-3.5025,40.4086],[-3.502,40.4092],[-3.5017,40.4094],[-3.5013,40.4095],[-3.5008,40.4096],[-3.5005,40.4096],[-3.5002,40.4095],[-3.5,40.4096],[-3.4995,40.4094],[-3.499,40.4094],[-3.4984,40.4094],[-3.4982,40.4094],[-3.498,40.4093],[-3.4977,40.4093],[-3.4975,40.4093],[-3.4971,40.4093],[-3.4992,40.4117]]]]},"geometry_name":"GEOMETRY1","properties":{"DS_TIPO_ZONA":"Zonas C: Degradadas a Regenerar","CD_AREA":"C2","NM_AREA_M":8270901,"NM_AREA_HA":827}},{"type":"Feature","id":"IDEM_MA_PR_SURESTE.7","geometry":{"type":"MultiPolygon","coordinates":[[[[-3.5953,40.2659],[-3.5954,40.2661],[-3.5955,40.2665],[-3.5955,40.2667],[-3.5959,40.2672],[-3.596,40.2674],[-3.5968,40.2677],[-3.5973,40.268],[-3.5974,40.2682],[-3.5976,40.2685],[-3.5977,40.2689],[-3.5979,40.2693],[-3.5982,40.2697],[-3.5986,40.2702],[-3.5992,40.2711],[-3.5995,40.2716],[-3.5996,40.2718],[-3.5996,40.2716],[-3.5999,40.2713],[-3.6003,40.2706],[-3.6012,40.2703],[-3.6015,40.2702],[-3.602,40.2699],[-3.6022,40.2695],[-3.6026,40.2687],[-3.6033,40.2675],[-3.6034,40.2672],[-3.6036,40.2666],[-3.6038,40.2661],[-3.604,40.2659],[-3.6044,40.2657],[-3.6051,40.2656],[-3.6053,40.2656],[-3.6057,40.2659],[-3.6059,40.2661],[-3.6065,40.2674],[-3.6071,40.2685],[-3.6077,40.269],[-3.608,40.2692],[-3.6083,40.2692],[-3.6091,40.269],[-3.6095,40.2688],[-3.61,40.2685],[-3.6105,40.2684],[-3.6114,40.2684],[-3.6122,40.2682],[-3.6127,40.2679],[-3.6132,40.2677],[-3.6137,40.2675],[-3.6151,40.2671],[-3.6157,40.267],[-3.6162,40.2668],[-3.6167,40.2665],[-3.617,40.2663],[-3.6178,40.2654],[-3.6182,40.2649],[-3.6185,40.2642],[-3.6188,40.2632],[-3.619,40.2625],[-3.6194,40.2618],[-3.6196,40.2614],[-3.6196,40.261],[-3.6193,40.2607],[-3.6184,40.2597],[-3.6179,40.2592],[-3.6175,40.2591],[-3.6167,40.2592],[-3.6162,40.2595],[-3.6159,40.2601],[-3.6157,40.2603],[-3.6154,40.2604],[-3.6151,40.2602],[-3.6144,40.2593],[-3.6137,40.259],[-3.6133,40.2587],[-3.6131,40.2585],[-3.6134,40.258],[-3.6135,40.2576],[-3.6134,40.2573],[-3.6127,40.2567],[-3.6111,40.2556],[-3.6106,40.2554],[-3.6102,40.2554],[-3.6098,40.2554],[-3.6092,40.2554],[-3.6086,40.2554],[-3.6075,40.2557],[-3.6069,40.2561],[-3.6056,40.2566],[-3.605,40.2567],[-3.6048,40.2567],[-3.6049,40.2564],[-3.6055,40.2558],[-3.6059,40.2556],[-3.6062,40.2554],[-3.6065,40.2551],[-3.6067,40.2548],[-3.6069,40.2541],[-3.607,40.2533],[-3.6067,40.252],[-3.6066,40.2515],[-3.6063,40.2509],[-3.6057,40.2503],[-3.6048,40.2493],[-3.6045,40.2491],[-3.6037,40.2488],[-3.6033,40.2485],[-3.6026,40.248],[-3.602,40.2475],[-3.6013,40.2466],[-3.6007,40.246],[-3.5998,40.2454],[-3.5996,40.2452],[-3.5997,40.2449],[-3.5998,40.2445],[-3.6001,40.2439],[-3.6003,40.2431],[-3.6002,40.242],[-3.6002,40.2414],[-3.6007,40.2404],[-3.6014,40.2396],[-3.6012,40.2394],[-3.6007,40.239],[-3.6004,40.2388],[-3.6001,40.2387],[-3.5997,40.2387],[-3.5994,40.2386],[-3.5991,40.2384],[-3.5989,40.2385],[-3.5986,40.2386],[-3.5982,40.2387],[-3.5979,40.2387],[-3.5976,40.2388],[-3.5972,40.239],[-3.597,40.2393],[-3.5969,40.2394],[-3.5951,40.2389],[-3.5956,40.2375],[-3.5955,40.2375],[-3.595,40.2375],[-3.5947,40.2376],[-3.5944,40.2376],[-3.5941,40.2376],[-3.5937,40.2377],[-3.5935,40.2377],[-3.5932,40.2377],[-3.5927,40.2376],[-3.5923,40.2375],[-3.5918,40.2374],[-3.5914,40.2374],[-3.591,40.2373],[-3.5906,40.2372],[-3.5897,40.2369],[-3.5891,40.2367],[-3.5888,40.2366],[-3.5886,40.2366],[-3.5883,40.2365],[-3.5876,40.2363],[-3.5872,40.2362],[-3.5869,40.2361],[-3.5864,40.2361],[-3.586,40.236],[-3.5858,40.236],[-3.5851,40.2361],[-3.5849,40.2361],[-3.5844,40.2361],[-3.5838,40.2362],[-3.5834,40.2363],[-3.5832,40.2363],[-3.5829,40.2363],[-3.5824,40.2364],[-3.5821,40.2364],[-3.5817,40.2365],[-3.5813,40.2365],[-3.5808,40.2366],[-3.5805,40.2366],[-3.5801,40.2367],[-3.58,40.2367],[-3.5799,40.2367],[-3.5795,40.2366],[-3.579,40.2364],[-3.5786,40.2363],[-3.5782,40.2363],[-3.5778,40.2362],[-3.5776,40.2362],[-3.5774,40.2361],[-3.5774,40.2364],[-3.5774,40.2371],[-3.5774,40.2376],[-3.5774,40.2379],[-3.5775,40.2382],[-3.5786,40.2401],[-3.579,40.2407],[-3.58,40.2428],[-3.5814,40.245],[-3.5822,40.2465],[-3.5828,40.2476],[-3.5835,40.249],[-3.5838,40.2497],[-3.584,40.2502],[-3.5842,40.2506],[-3.5844,40.2508],[-3.5854,40.2516],[-3.5858,40.2519],[-3.5869,40.2529],[-3.5872,40.2532],[-3.5874,40.2535],[-3.5875,40.2537],[-3.5875,40.254],[-3.5876,40.2544],[-3.5876,40.2552],[-3.5877,40.2563],[-3.5878,40.2572],[-3.5878,40.2575],[-3.588,40.258],[-3.5884,40.2584],[-3.5888,40.259],[-3.5897,40.2599],[-3.5902,40.2605],[-3.5905,40.2608],[-3.5906,40.2611],[-3.5907,40.2613],[-3.5908,40.2618],[-3.5913,40.2626],[-3.5921,40.2636],[-3.5928,40.2646],[-3.593,40.2648],[-3.5933,40.2651],[-3.5938,40.2652],[-3.5946,40.2654],[-3.595,40.2656],[-3.5953,40.2659]]],[[[-3.4259,40.2748],[-3.4257,40.2752],[-3.4257,40.2754],[-3.4256,40.2755],[-3.4257,40.2755],[-3.4262,40.2754],[-3.4285,40.275],[-3.4298,40.2748],[-3.4302,40.2747],[-3.4309,40.2747],[-3.4316,40.2747],[-3.4322,40.2745],[-3.4325,40.2743],[-3.4332,40.2742],[-3.4336,40.2742],[-3.4342,40.2742],[-3.4345,40.2742],[-3.4356,40.2741],[-3.4361,40.2741],[-3.4364,40.2741],[-3.437,40.2743],[-3.4375,40.2744],[-3.438,40.2744],[-3.4384,40.2745],[-3.4389,40.2746],[-3.4397,40.2747],[-3.4407,40.2749],[-3.4401,40.2739],[-3.4398,40.2737],[-3.439,40.2736],[-3.4386,40.2735],[-3.4377,40.2732],[-3.4373,40.2729],[-3.4371,40.2727],[-3.437,40.2724],[-3.437,40.2721],[-3.4372,40.2718],[-3.4374,40.2716],[-3.4378,40.2716],[-3.4387,40.2718],[-3.4389,40.2717],[-3.439,40.2716],[-3.439,40.2713],[-3.4387,40.2709],[-3.4385,40.2707],[-3.4382,40.2705],[-3.4376,40.2702],[-3.4368,40.2701],[-3.4357,40.2698],[-3.4346,40.2696],[-3.4339,40.2699],[-3.4337,40.2705],[-3.4336,40.2707],[-3.4333,40.2709],[-3.4323,40.2707],[-3.432,40.2708],[-3.4317,40.2711],[-3.4312,40.2712],[-3.431,40.2712],[-3.4306,40.2708],[-3.4304,40.2702],[-3.4299,40.27],[-3.4294,40.2701],[-3.429,40.2704],[-3.4286,40.2705],[-3.4283,40.2704],[-3.427,40.2704],[-3.4257,40.2706],[-3.4257,40.2706],[-3.4258,40.2708],[-3.4259,40.2709],[-3.426,40.2711],[-3.426,40.2712],[-3.426,40.2713],[-3.426,40.2715],[-3.4259,40.2716],[-3.4259,40.2717],[-3.4259,40.2718],[-3.426,40.2719],[-3.4261,40.272],[-3.4263,40.2721],[-3.4264,40.2722],[-3.4264,40.2723],[-3.4265,40.2724],[-3.4265,40.2725],[-3.4265,40.2726],[-3.4264,40.2729],[-3.4263,40.2733],[-3.4262,40.2736],[-3.4262,40.2737],[-3.4261,40.2738],[-3.4261,40.274],[-3.426,40.2741],[-3.426,40.2744],[-3.4259,40.2746],[-3.4259,40.2748]]],[[[-3.4222,40.2829],[-3.4223,40.2829],[-3.4224,40.283],[-3.4226,40.283],[-3.4229,40.2832],[-3.423,40.2833],[-3.4231,40.2835],[-3.4233,40.2838],[-3.4234,40.284],[-3.4235,40.2842],[-3.4236,40.2843],[-3.4237,40.2843],[-3.4238,40.2844],[-3.4239,40.2845],[-3.4241,40.2846],[-3.4243,40.2847],[-3.4245,40.2848],[-3.4247,40.2849],[-3.425,40.2849],[-3.4252,40.2852],[-3.4254,40.2858],[-3.4255,40.286],[-3.4256,40.2861],[-3.426,40.2864],[-3.4267,40.2869],[-3.4268,40.2871],[-3.4269,40.2874],[-3.427,40.2877],[-3.4271,40.2878],[-3.4271,40.288],[-3.4272,40.2881],[-3.4274,40.2883],[-3.4276,40.2884],[-3.4278,40.2885],[-3.428,40.2885],[-3.4281,40.2885],[-3.4282,40.2885],[-3.4284,40.2886],[-3.4286,40.2887],[-3.4288,40.2887],[-3.4289,40.2888],[-3.429,40.289],[-3.4291,40.2893],[-3.4292,40.2893],[-3.4302,40.2895],[-3.4311,40.2895],[-3.4326,40.2899],[-3.4333,40.29],[-3.4333,40.29],[-3.4331,40.2894],[-3.4328,40.289],[-3.4319,40.2879],[-3.4315,40.2872],[-3.4311,40.2867],[-3.4309,40.2861],[-3.4306,40.2852],[-3.4303,40.2845],[-3.43,40.2835],[-3.4299,40.2832],[-3.4296,40.2825],[-3.4288,40.2815],[-3.4276,40.2805],[-3.4261,40.2791],[-3.4256,40.2785],[-3.4253,40.2778],[-3.4253,40.2771],[-3.4253,40.2768],[-3.4249,40.2767],[-3.4246,40.2767],[-3.4245,40.2767],[-3.4242,40.2768],[-3.424,40.2768],[-3.4239,40.2768],[-3.4237,40.2768],[-3.4234,40.2767],[-3.4229,40.2766],[-3.4225,40.2766],[-3.4223,40.2767],[-3.4222,40.2767],[-3.4222,40.2766],[-3.4221,40.2766],[-3.4217,40.2765],[-3.4214,40.2764],[-3.4212,40.2764],[-3.4208,40.2763],[-3.4207,40.2763],[-3.42,40.2762],[-3.4198,40.2762],[-3.4191,40.2764],[-3.4188,40.2765],[-3.4186,40.2765],[-3.418,40.2768],[-3.4181,40.2768],[-3.4182,40.277],[-3.4187,40.2776],[-3.4188,40.2778],[-3.4189,40.2779],[-3.419,40.2781],[-3.419,40.2785],[-3.4191,40.2786],[-3.4192,40.2788],[-3.4195,40.2793],[-3.4197,40.2794],[-3.4197,40.2795],[-3.4198,40.2796],[-3.4199,40.2797],[-3.42,40.2797],[-3.4202,40.2797],[-3.4203,40.2798],[-3.4204,40.2799],[-3.4205,40.28],[-3.4206,40.2801],[-3.4206,40.2802],[-3.4206,40.2804],[-3.4205,40.2806],[-3.4204,40.2809],[-3.4203,40.281],[-3.4202,40.2814],[-3.4198,40.2816],[-3.4197,40.2817],[-3.4197,40.2818],[-3.4198,40.2819],[-3.4198,40.282],[-3.4198,40.2823],[-3.4198,40.2823],[-3.4199,40.2824],[-3.4201,40.2824],[-3.4203,40.2824],[-3.4205,40.2824],[-3.4207,40.2824],[-3.4208,40.2825],[-3.4209,40.2825],[-3.421,40.2825],[-3.4212,40.2825],[-3.4218,40.2829],[-3.4219,40.2829],[-3.4221,40.2829],[-3.4222,40.2829]]]]},"geometry_name":"GEOMETRY1","properties":{"DS_TIPO_ZONA":"Zonas D: De Explotación Ordenada de los Recursos Naturales","CD_AREA":"D1","NM_AREA_M":7854028,"NM_AREA_HA":785}},{"type":"Feature","id":"IDEM_MA_PR_SURESTE.8","geometry":{"type":"MultiPolygon","coordinates":[[[[-3.5595,40.1219],[-3.5591,40.1226],[-3.5584,40.1239],[-3.5577,40.1251],[-3.5578,40.1252],[-3.5581,40.1253],[-3.5589,40.1254],[-3.5604,40.1256],[-3.5616,40.1258],[-3.5627,40.1255],[-3.5643,40.1251],[-3.5659,40.1247],[-3.5675,40.1244],[-3.5693,40.124],[-3.5708,40.1237],[-3.5716,40.1233],[-3.573,40.1225],[-3.5739,40.122],[-3.575,40.1216],[-3.5757,40.1223],[-3.5774,40.1242],[-3.5787,40.1255],[-3.5789,40.1249],[-3.5794,40.1236],[-3.5798,40.1228],[-3.58,40.1221],[-3.5804,40.1212],[-3.581,40.1201],[-3.5818,40.1188],[-3.5821,40.1184],[-3.5836,40.1169],[-3.5847,40.1157],[-3.5863,40.114],[-3.5872,40.113],[-3.5874,40.1125],[-3.5879,40.1117],[-3.5884,40.111],[-3.5888,40.1105],[-3.5894,40.1099],[-3.59,40.1094],[-3.5911,40.1081],[-3.5914,40.1075],[-3.5922,40.1066],[-3.5925,40.1061],[-3.5931,40.1056],[-3.5934,40.1051],[-3.5944,40.1038],[-3.5951,40.1028],[-3.5953,40.1023],[-3.5953,40.1019],[-3.5952,40.1014],[-3.5951,40.1012],[-3.5951,40.1011],[-3.5949,40.1012],[-3.5947,40.1011],[-3.5945,40.1009],[-3.5944,40.1008],[-3.5943,40.1007],[-3.5942,40.1007],[-3.594,40.1006],[-3.5938,40.1006],[-3.5935,40.1006],[-3.5933,40.1006],[-3.5931,40.1006],[-3.593,40.1005],[-3.5929,40.1006],[-3.5928,40.1006],[-3.5927,40.1006],[-3.5925,40.1006],[-3.5924,40.1006],[-3.5922,40.1006],[-3.5919,40.1005],[-3.5917,40.1005],[-3.5914,40.1004],[-3.5913,40.1004],[-3.5908,40.1003],[-3.5907,40.1003],[-3.5906,40.1003],[-3.5905,40.1002],[-3.5904,40.1002],[-3.5902,40.1001],[-3.5901,40.1001],[-3.59,40.1],[-3.5898,40.0999],[-3.5897,40.0999],[-3.5895,40.0999],[-3.5893,40.0999],[-3.589,40.0999],[-3.5889,40.1],[-3.5887,40.1],[-3.5885,40.1001],[-3.5884,40.1001],[-3.5881,40.1001],[-3.5879,40.1001],[-3.5877,40.1001],[-3.5876,40.1002],[-3.5869,40.1003],[-3.5868,40.1004],[-3.5867,40.1005],[-3.5864,40.1005],[-3.5863,40.1006],[-3.5862,40.1007],[-3.5861,40.1008],[-3.5859,40.1008],[-3.5858,40.1008],[-3.5856,40.1008],[-3.5853,40.1008],[-3.5851,40.1007],[-3.5851,40.1007],[-3.5847,40.1007],[-3.5846,40.1007],[-3.5845,40.1007],[-3.5844,40.1007],[-3.5842,40.1007],[-3.5841,40.1007],[-3.5839,40.1007],[-3.5836,40.1007],[-3.5833,40.1007],[-3.5832,40.1008],[-3.583,40.1008],[-3.5829,40.1007],[-3.5826,40.1007],[-3.5821,40.1008],[-3.5816,40.1009],[-3.5814,40.1009],[-3.5812,40.1008],[-3.581,40.1008],[-3.5807,40.1009],[-3.5807,40.1016],[-3.5806,40.1022],[-3.5799,40.1027],[-3.5793,40.1031],[-3.579,40.1044],[-3.5787,40.1055],[-3.5784,40.107],[-3.5772,40.1083],[-3.577,40.1093],[-3.5766,40.111],[-3.5761,40.1123],[-3.5757,40.1133],[-3.5748,40.1142],[-3.5724,40.115],[-3.5709,40.1151],[-3.5699,40.1152],[-3.5696,40.1153],[-3.5692,40.1155],[-3.5686,40.1158],[-3.5675,40.1165],[-3.5662,40.1174],[-3.565,40.1182],[-3.5638,40.1196],[-3.5626,40.12],[-3.5617,40.1204],[-3.56,40.1211],[-3.5595,40.1219]]],[[[-3.6564,40.2705],[-3.6565,40.2707],[-3.6567,40.2709],[-3.6569,40.2712],[-3.6573,40.2715],[-3.6579,40.272],[-3.6586,40.2728],[-3.6591,40.2732],[-3.6594,40.2735],[-3.6599,40.2741],[-3.6607,40.2749],[-3.6619,40.2764],[-3.6622,40.277],[-3.6623,40.2774],[-3.6624,40.2778],[-3.6626,40.2782],[-3.6629,40.2786],[-3.6632,40.2792],[-3.6639,40.2797],[-3.6647,40.2803],[-3.6674,40.2783],[-3.6681,40.2778],[-3.6697,40.2777],[-3.671,40.2776],[-3.6718,40.2774],[-3.6721,40.2772],[-3.6725,40.2769],[-3.6732,40.276],[-3.6744,40.275],[-3.6751,40.2745],[-3.6758,40.2742],[-3.6764,40.2738],[-3.6764,40.2686],[-3.6766,40.2647],[-3.6767,40.2578],[-3.6769,40.2523],[-3.677,40.2522],[-3.6771,40.2521],[-3.6769,40.2521],[-3.6763,40.2521],[-3.6756,40.2522],[-3.6749,40.2523],[-3.674,40.2524],[-3.6733,40.2524],[-3.6729,40.2526],[-3.6726,40.2527],[-3.6725,40.253],[-3.6725,40.2534],[-3.6726,40.2538],[-3.6727,40.2542],[-3.6727,40.2545],[-3.6726,40.2548],[-3.6725,40.2548],[-3.6723,40.2549],[-3.6721,40.2549],[-3.6719,40.255],[-3.672,40.2552],[-3.6721,40.2555],[-3.6722,40.2558],[-3.6723,40.256],[-3.6724,40.2563],[-3.6724,40.2566],[-3.6723,40.2571],[-3.6722,40.2576],[-3.6713,40.259],[-3.671,40.2595],[-3.6706,40.26],[-3.6703,40.2604],[-3.6694,40.2614],[-3.6676,40.2631],[-3.667,40.2636],[-3.6663,40.2643],[-3.6654,40.2652],[-3.665,40.2656],[-3.6643,40.2663],[-3.6631,40.2677],[-3.6627,40.2681],[-3.6624,40.2683],[-3.6621,40.2685],[-3.6616,40.2687],[-3.6613,40.2688],[-3.661,40.2689],[-3.6602,40.2691],[-3.6594,40.2693],[-3.6591,40.2694],[-3.6589,40.2695],[-3.6579,40.2702],[-3.6578,40.2703],[-3.6575,40.2703],[-3.6573,40.2702],[-3.657,40.2701],[-3.6566,40.2698],[-3.656,40.2696],[-3.6558,40.2696],[-3.656,40.2699],[-3.6562,40.2702],[-3.6564,40.2705]]],[[[-3.444,40.2873],[-3.4437,40.2879],[-3.4434,40.2887],[-3.4433,40.289],[-3.4434,40.2892],[-3.4445,40.2892],[-3.4457,40.2893],[-3.4462,40.2892],[-3.4462,40.2891],[-3.4461,40.2889],[-3.4461,40.2887],[-3.4462,40.2884],[-3.4464,40.2881],[-3.4464,40.288],[-3.4465,40.2879],[-3.4466,40.2878],[-3.4468,40.2877],[-3.447,40.2877],[-3.4475,40.2877],[-3.4478,40.2876],[-3.4483,40.2876],[-3.4488,40.2876],[-3.4489,40.2876],[-3.4491,40.2876],[-3.4492,40.2875],[-3.4495,40.2872],[-3.4497,40.2871],[-3.4498,40.2869],[-3.45,40.2869],[-3.4501,40.2868],[-3.4502,40.2868],[-3.4502,40.2868],[-3.4503,40.2867],[-3.4504,40.2868],[-3.4506,40.2868],[-3.4513,40.2869],[-3.4521,40.287],[-3.4526,40.2871],[-3.4533,40.2871],[-3.4547,40.2874],[-3.4542,40.2867],[-3.454,40.2865],[-3.4539,40.2863],[-3.4538,40.2861],[-3.4532,40.2851],[-3.4511,40.2821],[-3.451,40.2818],[-3.4509,40.2816],[-3.4508,40.2814],[-3.4508,40.2812],[-3.4507,40.2808],[-3.4505,40.2799],[-3.4504,40.2794],[-3.4503,40.2788],[-3.4502,40.2781],[-3.45,40.2773],[-3.4498,40.2761],[-3.4497,40.2753],[-3.4497,40.2737],[-3.4497,40.2732],[-3.4501,40.2732],[-3.451,40.2739],[-3.4519,40.2749],[-3.4538,40.2759],[-3.4546,40.2764],[-3.4562,40.277],[-3.4577,40.2774],[-3.4582,40.2775],[-3.4586,40.2774],[-3.4608,40.2774],[-3.462,40.2775],[-3.4631,40.2782],[-3.4639,40.2788],[-3.4644,40.2793],[-3.465,40.2799],[-3.4655,40.2802],[-3.466,40.2803],[-3.4661,40.2803],[-3.4666,40.2802],[-3.467,40.2798],[-3.4677,40.2794],[-3.4681,40.2789],[-3.4688,40.2784],[-3.4698,40.2778],[-3.4706,40.2783],[-3.4727,40.2797],[-3.4739,40.2803],[-3.4746,40.2806],[-3.4749,40.2812],[-3.4753,40.2824],[-3.476,40.2829],[-3.4775,40.2835],[-3.4782,40.2837],[-3.4782,40.2834],[-3.4781,40.283],[-3.4778,40.2825],[-3.4772,40.2818],[-3.4772,40.2814],[-3.4773,40.2811],[-3.4774,40.281],[-3.4779,40.2809],[-3.4789,40.2811],[-3.4795,40.2812],[-3.48,40.2814],[-3.4805,40.2815],[-3.4809,40.2816],[-3.4812,40.2818],[-3.4815,40.2825],[-3.4815,40.2828],[-3.4817,40.283],[-3.4819,40.2832],[-3.4823,40.2832],[-3.4827,40.283],[-3.4831,40.2828],[-3.4836,40.2823],[-3.4838,40.2821],[-3.4842,40.2818],[-3.4847,40.2817],[-3.4851,40.2817],[-3.4855,40.2819],[-3.4858,40.2821],[-3.4867,40.2833],[-3.487,40.2836],[-3.4874,40.2838],[-3.488,40.2839],[-3.4884,40.2839],[-3.4887,40.2839],[-3.489,40.2837],[-3.4891,40.2834],[-3.489,40.2823],[-3.489,40.282],[-3.4891,40.2819],[-3.4895,40.2818],[-3.4899,40.2819],[-3.4908,40.2823],[-3.4917,40.2827],[-3.4926,40.2828],[-3.4934,40.2827],[-3.4936,40.2825],[-3.4937,40.2822],[-3.4936,40.2819],[-3.4934,40.2815],[-3.4931,40.2811],[-3.4928,40.2809],[-3.4922,40.2807],[-3.4908,40.2801],[-3.4897,40.28],[-3.4884,40.2799],[-3.4874,40.2801],[-3.4869,40.2801],[-3.4868,40.2799],[-3.4871,40.2792],[-3.4872,40.2781],[-3.4869,40.2775],[-3.4867,40.2776],[-3.4863,40.2776],[-3.486,40.2776],[-3.4857,40.2775],[-3.4852,40.2772],[-3.4849,40.2771],[-3.4843,40.277],[-3.4836,40.277],[-3.4827,40.2771],[-3.4815,40.277],[-3.4808,40.2771],[-3.4804,40.277],[-3.4798,40.277],[-3.4791,40.2771],[-3.4777,40.2773],[-3.4774,40.2773],[-3.477,40.2773],[-3.4747,40.2767],[-3.4735,40.2764],[-3.4728,40.2761],[-3.4722,40.2757],[-3.4715,40.275],[-3.4712,40.2745],[-3.471,40.2741],[-3.4706,40.2737],[-3.47,40.2733],[-3.4693,40.2732],[-3.4684,40.273],[-3.4673,40.2728],[-3.4669,40.2727],[-3.4666,40.2725],[-3.4658,40.272],[-3.4655,40.2719],[-3.4652,40.2719],[-3.4648,40.272],[-3.4643,40.2721],[-3.4639,40.2723],[-3.4635,40.2726],[-3.4626,40.2729],[-3.462,40.273],[-3.4612,40.2731],[-3.4609,40.2731],[-3.4606,40.273],[-3.4601,40.2728],[-3.4596,40.2724],[-3.4592,40.272],[-3.459,40.2718],[-3.4588,40.2717],[-3.4585,40.2717],[-3.4581,40.2718],[-3.4579,40.2719],[-3.4568,40.2726],[-3.4566,40.2727],[-3.4561,40.2729],[-3.4558,40.2729],[-3.4555,40.2728],[-3.4543,40.2721],[-3.4535,40.2717],[-3.4532,40.2716],[-3.4527,40.2713],[-3.4521,40.2711],[-3.4515,40.2709],[-3.451,40.2706],[-3.4508,40.2704],[-3.4503,40.2701],[-3.4501,40.27],[-3.45,40.2701],[-3.4498,40.2702],[-3.4496,40.2704],[-3.4493,40.2715],[-3.449,40.2719],[-3.4488,40.272],[-3.4486,40.2722],[-3.4483,40.2722],[-3.4481,40.2722],[-3.4479,40.2722],[-3.4476,40.2722],[-3.4471,40.2721],[-3.4469,40.272],[-3.4467,40.2719],[-3.4465,40.2716],[-3.4465,40.2711],[-3.4462,40.2707],[-3.4456,40.2699],[-3.4453,40.2694],[-3.4453,40.2691],[-3.4454,40.2689],[-3.4457,40.2683],[-3.4457,40.268],[-3.4454,40.2678],[-3.4448,40.2674],[-3.4443,40.2672],[-3.443,40.2665],[-3.4428,40.2664],[-3.4423,40.2664],[-3.442,40.2663],[-3.4413,40.2661],[-3.4405,40.266],[-3.4403,40.266],[-3.44,40.266],[-3.4397,40.2661],[-3.4393,40.2663],[-3.4391,40.2664],[-3.4375,40.2676],[-3.437,40.2679],[-3.4364,40.2681],[-3.4361,40.2682],[-3.4357,40.2683],[-3.4354,40.2682],[-3.4349,40.268],[-3.4348,40.2678],[-3.4346,40.2675],[-3.4347,40.2673],[-3.4348,40.2668],[-3.4348,40.2666],[-3.4346,40.2663],[-3.4345,40.2661],[-3.4342,40.2658],[-3.4338,40.2654],[-3.4335,40.265],[-3.4333,40.2648],[-3.4332,40.2645],[-3.4332,40.2641],[-3.4332,40.2639],[-3.4333,40.2635],[-3.4333,40.2632],[-3.4332,40.2629],[-3.4331,40.2625],[-3.4329,40.2621],[-3.4327,40.2617],[-3.4326,40.2612],[-3.4329,40.261],[-3.4334,40.2612],[-3.4337,40.2612],[-3.4339,40.2612],[-3.4347,40.261],[-3.4352,40.2609],[-3.4355,40.2609],[-3.4359,40.2609],[-3.4365,40.2611],[-3.4368,40.2612],[-3.437,40.2614],[-3.4375,40.2616],[-3.4377,40.2616],[-3.438,40.2615],[-3.4382,40.2614],[-3.4383,40.2613],[-3.4384,40.2611],[-3.4386,40.2607],[-3.4387,40.2607],[-3.4395,40.2614],[-3.4396,40.2616],[-3.4398,40.2617],[-3.4402,40.2621],[-3.4406,40.2623],[-3.4411,40.2624],[-3.4413,40.2624],[-3.4415,40.2623],[-3.442,40.262],[-3.4423,40.2618],[-3.4429,40.2613],[-3.4433,40.2609],[-3.4436,40.2604],[-3.4437,40.2601],[-3.4438,40.2599],[-3.4439,40.2598],[-3.4442,40.2603],[-3.4444,40.2605],[-3.445,40.2606],[-3.4452,40.2608],[-3.4454,40.261],[-3.4454,40.2611],[-3.4452,40.2614],[-3.4452,40.2615],[-3.4454,40.2616],[-3.4456,40.2617],[-3.4459,40.2616],[-3.446,40.2615],[-3.446,40.2612],[-3.446,40.261],[-3.4461,40.2608],[-3.4465,40.2605],[-3.4468,40.2601],[-3.4469,40.26],[-3.4471,40.26],[-3.4473,40.2601],[-3.4475,40.2603],[-3.4477,40.2605],[-3.4475,40.2609],[-3.4471,40.2617],[-3.4472,40.2619],[-3.4472,40.2621],[-3.4474,40.2622],[-3.4475,40.2623],[-3.4477,40.2622],[-3.4484,40.2617],[-3.4486,40.2617],[-3.4488,40.2617],[-3.4491,40.2618],[-3.45,40.2624],[-3.4504,40.2626],[-3.451,40.2629],[-3.4517,40.2635],[-3.4519,40.2636],[-3.4522,40.2635],[-3.4528,40.2632],[-3.4534,40.2627],[-3.4539,40.2623],[-3.454,40.2621],[-3.4542,40.262],[-3.4545,40.2619],[-3.4558,40.2619],[-3.4567,40.262],[-3.4572,40.262],[-3.4574,40.2621],[-3.4576,40.262],[-3.4587,40.2614],[-3.4592,40.2614],[-3.4604,40.2618],[-3.4605,40.2618],[-3.461,40.2618],[-3.4614,40.2619],[-3.4623,40.262],[-3.4628,40.262],[-3.463,40.262],[-3.4632,40.2617],[-3.4633,40.2614],[-3.4638,40.2609],[-3.4641,40.2608],[-3.4642,40.2609],[-3.4646,40.261],[-3.4649,40.2611],[-3.4653,40.2614],[-3.4657,40.2615],[-3.466,40.2616],[-3.4668,40.2618],[-3.4672,40.2616],[-3.4685,40.2613],[-3.4689,40.2618],[-3.469,40.2624],[-3.469,40.2625],[-3.4689,40.263],[-3.4689,40.2635],[-3.4689,40.2636],[-3.469,40.2637],[-3.4697,40.2641],[-3.4701,40.2641],[-3.4707,40.2639],[-3.4709,40.2638],[-3.4718,40.2632],[-3.472,40.2632],[-3.4722,40.2632],[-3.473,40.2634],[-3.4731,40.2636],[-3.473,40.2636],[-3.4728,40.264],[-3.4727,40.2643],[-3.473,40.2646],[-3.4736,40.265],[-3.4749,40.2662],[-3.4753,40.2665],[-3.4758,40.267],[-3.4763,40.2674],[-3.4767,40.2676],[-3.4769,40.2676],[-3.4772,40.2675],[-3.4774,40.2673],[-3.4778,40.267],[-3.4783,40.2667],[-3.4785,40.2666],[-3.4788,40.2666],[-3.479,40.2667],[-3.4793,40.2667],[-3.4795,40.2666],[-3.48,40.2663],[-3.4803,40.2661],[-3.4806,40.2661],[-3.4815,40.2661],[-3.4821,40.2661],[-3.4824,40.2662],[-3.4826,40.2663],[-3.4825,40.2665],[-3.4824,40.2667],[-3.4819,40.2669],[-3.4819,40.267],[-3.482,40.2673],[-3.4825,40.2676],[-3.4832,40.2679],[-3.4838,40.2681],[-3.4841,40.2683],[-3.4841,40.2684],[-3.484,40.2686],[-3.4838,40.2686],[-3.483,40.2685],[-3.4829,40.2685],[-3.4829,40.2686],[-3.4831,40.2688],[-3.4835,40.2691],[-3.4836,40.2693],[-3.4837,40.2695],[-3.4843,40.2692],[-3.4846,40.2688],[-3.4853,40.268],[-3.4861,40.2678],[-3.4878,40.2678],[-3.4901,40.2681],[-3.4896,40.2674],[-3.4892,40.267],[-3.4889,40.2662],[-3.4887,40.2657],[-3.4886,40.2655],[-3.4883,40.2652],[-3.4883,40.2647],[-3.4881,40.2646],[-3.4867,40.2634],[-3.4864,40.2624],[-3.4861,40.2612],[-3.4863,40.2603],[-3.4857,40.2599],[-3.485,40.2589],[-3.4845,40.2583],[-3.4831,40.2573],[-3.4827,40.2569],[-3.4826,40.2568],[-3.4811,40.2561],[-3.4811,40.2561],[-3.4792,40.256],[-3.4789,40.2561],[-3.477,40.2564],[-3.4757,40.2561],[-3.474,40.2557],[-3.4726,40.2554],[-3.4703,40.2553],[-3.468,40.2556],[-3.4667,40.2558],[-3.466,40.2559],[-3.4625,40.2568],[-3.4614,40.2573],[-3.4604,40.2577],[-3.4595,40.2582],[-3.4591,40.2583],[-3.4583,40.2583],[-3.456,40.2582],[-3.4535,40.2574],[-3.4529,40.2572],[-3.4514,40.2573],[-3.4496,40.2574],[-3.4489,40.2574],[-3.4472,40.2574],[-3.4454,40.2577],[-3.443,40.2579],[-3.4417,40.2581],[-3.4404,40.2581],[-3.4377,40.258],[-3.4356,40.2579],[-3.4348,40.2578],[-3.4329,40.2575],[-3.4326,40.2574],[-3.4293,40.2563],[-3.4282,40.2561],[-3.427,40.2559],[-3.4265,40.2558],[-3.4264,40.2565],[-3.4263,40.2572],[-3.4262,40.2572],[-3.4261,40.2573],[-3.426,40.2574],[-3.4259,40.2574],[-3.4254,40.2576],[-3.425,40.2578],[-3.4248,40.2578],[-3.4246,40.2578],[-3.4244,40.2578],[-3.4241,40.2578],[-3.4239,40.2577],[-3.4237,40.2576],[-3.4236,40.2576],[-3.4234,40.2577],[-3.4233,40.2577],[-3.4231,40.2577],[-3.4228,40.2578],[-3.4226,40.2578],[-3.4225,40.2579],[-3.4224,40.2579],[-3.4223,40.258],[-3.4223,40.2583],[-3.4223,40.2585],[-3.4223,40.2592],[-3.4224,40.2596],[-3.4226,40.2599],[-3.4226,40.26],[-3.4228,40.2601],[-3.423,40.2603],[-3.4234,40.2605],[-3.4237,40.2608],[-3.4238,40.2609],[-3.4241,40.2611],[-3.4243,40.2612],[-3.4245,40.2613],[-3.4246,40.2614],[-3.4248,40.2615],[-3.425,40.2617],[-3.4251,40.2619],[-3.4252,40.262],[-3.4253,40.2622],[-3.4253,40.2623],[-3.4253,40.2624],[-3.4254,40.2625],[-3.4255,40.2625],[-3.4255,40.2626],[-3.4255,40.2627],[-3.4254,40.2628],[-3.4252,40.2631],[-3.4251,40.2634],[-3.425,40.2636],[-3.425,40.2638],[-3.425,40.264],[-3.4251,40.2641],[-3.4251,40.2643],[-3.4251,40.2644],[-3.4251,40.2645],[-3.4252,40.2647],[-3.4252,40.2648],[-3.4252,40.2649],[-3.4251,40.265],[-3.425,40.2652],[-3.425,40.2654],[-3.425,40.2655],[-3.425,40.2657],[-3.425,40.2659],[-3.4249,40.2662],[-3.4248,40.2663],[-3.4247,40.2664],[-3.4246,40.2665],[-3.4246,40.2666],[-3.4246,40.2666],[-3.4245,40.2667],[-3.4246,40.2669],[-3.4246,40.267],[-3.4245,40.2672],[-3.4245,40.2672],[-3.4245,40.2676],[-3.4244,40.2679],[-3.4244,40.268],[-3.4244,40.2681],[-3.4243,40.2685],[-3.4242,40.2687],[-3.4242,40.2689],[-3.4242,40.2691],[-3.4242,40.2692],[-3.4243,40.2692],[-3.4244,40.2693],[-3.4246,40.2694],[-3.4248,40.2694],[-3.4249,40.2695],[-3.425,40.2696],[-3.4251,40.2697],[-3.4252,40.2698],[-3.4253,40.2699],[-3.4254,40.2701],[-3.4254,40.2702],[-3.4254,40.2703],[-3.4255,40.2704],[-3.4255,40.2704],[-3.4256,40.2705],[-3.4257,40.2706],[-3.427,40.2704],[-3.4283,40.2704],[-3.4286,40.2705],[-3.429,40.2704],[-3.4294,40.2701],[-3.4299,40.27],[-3.4304,40.2702],[-3.4306,40.2708],[-3.431,40.2712],[-3.4312,40.2712],[-3.4317,40.2711],[-3.432,40.2708],[-3.4323,40.2707],[-3.4333,40.2709],[-3.4336,40.2707],[-3.4337,40.2705],[-3.4339,40.2699],[-3.4346,40.2696],[-3.4357,40.2698],[-3.4368,40.2701],[-3.4376,40.2702],[-3.4382,40.2705],[-3.4385,40.2707],[-3.4387,40.2709],[-3.439,40.2713],[-3.439,40.2716],[-3.4389,40.2717],[-3.4387,40.2718],[-3.4378,40.2716],[-3.4374,40.2716],[-3.4372,40.2718],[-3.437,40.2721],[-3.437,40.2724],[-3.4371,40.2727],[-3.4373,40.2729],[-3.4377,40.2732],[-3.4386,40.2735],[-3.439,40.2736],[-3.4398,40.2737],[-3.4401,40.2739],[-3.4407,40.2749],[-3.4414,40.2749],[-3.4416,40.2749],[-3.4417,40.275],[-3.4418,40.2753],[-3.4421,40.2756],[-3.4424,40.2761],[-3.4426,40.2764],[-3.4426,40.2768],[-3.4427,40.2771],[-3.4427,40.2774],[-3.4426,40.2777],[-3.4426,40.2779],[-3.4426,40.2781],[-3.4427,40.2783],[-3.4427,40.2786],[-3.4428,40.2789],[-3.4428,40.2796],[-3.4429,40.2799],[-3.4431,40.2804],[-3.4434,40.2812],[-3.4437,40.2822],[-3.4441,40.2828],[-3.4444,40.2832],[-3.4448,40.2837],[-3.4454,40.2842],[-3.4456,40.2845],[-3.4457,40.2848],[-3.4455,40.2851],[-3.4451,40.2858],[-3.4446,40.2863],[-3.444,40.2873]]],[[[-3.5629,40.3063],[-3.5625,40.3065],[-3.5624,40.3067],[-3.5624,40.3069],[-3.5625,40.3073],[-3.5627,40.3077],[-3.5628,40.3081],[-3.5629,40.3086],[-3.5629,40.309],[-3.5632,40.3088],[-3.5637,40.3085],[-3.5645,40.308],[-3.5651,40.3078],[-3.5655,40.3075],[-3.5658,40.3071],[-3.566,40.3068],[-3.5663,40.3066],[-3.5669,40.3064],[-3.5682,40.3062],[-3.569,40.3062],[-3.5695,40.3062],[-3.5699,40.3061],[-3.5701,40.306],[-3.5703,40.3058],[-3.5705,40.3055],[-3.5708,40.3052],[-3.5712,40.3049],[-3.5716,40.3048],[-3.5728,40.3046],[-3.5734,40.3046],[-3.574,40.3044],[-3.5744,40.3042],[-3.5751,40.3038],[-3.5756,40.3035],[-3.577,40.3026],[-3.5785,40.3018],[-3.5794,40.3013],[-3.5799,40.3011],[-3.581,40.3011],[-3.5833,40.3008],[-3.5862,40.3006],[-3.5877,40.3004],[-3.5889,40.3002],[-3.5906,40.2999],[-3.5923,40.2998],[-3.5932,40.2997],[-3.5936,40.2998],[-3.5942,40.2999],[-3.5944,40.2999],[-3.5948,40.2999],[-3.5952,40.2998],[-3.5956,40.2999],[-3.5962,40.2999],[-3.597,40.2998],[-3.5974,40.2999],[-3.5977,40.3],[-3.598,40.3002],[-3.5982,40.3003],[-3.5984,40.3006],[-3.5987,40.3008],[-3.599,40.3008],[-3.5993,40.3008],[-3.5997,40.3006],[-3.6001,40.3004],[-3.6005,40.3004],[-3.6008,40.3004],[-3.6013,40.3004],[-3.6016,40.3006],[-3.6019,40.3009],[-3.6021,40.3012],[-3.6025,40.3019],[-3.6028,40.3024],[-3.6032,40.3025],[-3.6035,40.3025],[-3.6038,40.3025],[-3.6039,40.3024],[-3.6042,40.3023],[-3.6049,40.3016],[-3.6059,40.3005],[-3.6074,40.2988],[-3.6081,40.2979],[-3.6085,40.2976],[-3.6091,40.2973],[-3.6095,40.2969],[-3.6097,40.2963],[-3.6099,40.2961],[-3.6108,40.2955],[-3.6113,40.2952],[-3.613,40.2938],[-3.6134,40.2932],[-3.6137,40.2925],[-3.6139,40.2921],[-3.6145,40.2916],[-3.6148,40.2914],[-3.6159,40.2912],[-3.6166,40.2911],[-3.6168,40.2909],[-3.6171,40.2906],[-3.6174,40.2905],[-3.6186,40.2902],[-3.6199,40.2901],[-3.6212,40.2898],[-3.6234,40.2894],[-3.6258,40.289],[-3.6282,40.2888],[-3.6307,40.2885],[-3.6319,40.2884],[-3.6355,40.2881],[-3.6358,40.2881],[-3.6359,40.2885],[-3.636,40.2895],[-3.6361,40.2903],[-3.6363,40.2904],[-3.6365,40.2904],[-3.6369,40.2903],[-3.639,40.2901],[-3.6409,40.2899],[-3.6422,40.2897],[-3.6431,40.2896],[-3.6439,40.2894],[-3.6452,40.2891],[-3.6461,40.2889],[-3.6473,40.2888],[-3.6479,40.2887],[-3.6484,40.2885],[-3.6486,40.2884],[-3.6515,40.2872],[-3.6547,40.2858],[-3.6566,40.2848],[-3.6574,40.2844],[-3.6588,40.2839],[-3.6591,40.2837],[-3.6602,40.2831],[-3.6616,40.2822],[-3.6612,40.2822],[-3.6604,40.2821],[-3.6593,40.2821],[-3.6577,40.2822],[-3.6564,40.282],[-3.6554,40.2818],[-3.6549,40.2816],[-3.6539,40.2814],[-3.6528,40.2812],[-3.6514,40.2809],[-3.6496,40.2807],[-3.6484,40.2804],[-3.648,40.2802],[-3.6475,40.28],[-3.6473,40.2799],[-3.6472,40.2796],[-3.6472,40.2793],[-3.6473,40.279],[-3.6475,40.2786],[-3.6475,40.2784],[-3.6475,40.2782],[-3.6477,40.2782],[-3.6479,40.2782],[-3.6481,40.278],[-3.6482,40.2779],[-3.6482,40.2777],[-3.6482,40.2775],[-3.648,40.2771],[-3.6475,40.2765],[-3.6473,40.2761],[-3.6471,40.2755],[-3.6469,40.275],[-3.6467,40.2746],[-3.6466,40.2745],[-3.6463,40.2745],[-3.6461,40.2746],[-3.6457,40.2748],[-3.6456,40.2749],[-3.6454,40.2749],[-3.6452,40.2748],[-3.645,40.275],[-3.645,40.2752],[-3.645,40.2754],[-3.6448,40.2754],[-3.6447,40.2753],[-3.6446,40.275],[-3.6444,40.2748],[-3.6441,40.2747],[-3.6438,40.2749],[-3.6437,40.2749],[-3.6435,40.2749],[-3.6433,40.2748],[-3.6432,40.2748],[-3.6429,40.2747],[-3.6425,40.2746],[-3.6422,40.2745],[-3.642,40.2745],[-3.6418,40.2746],[-3.6418,40.275],[-3.6417,40.2753],[-3.6415,40.2754],[-3.6413,40.2754],[-3.6411,40.2752],[-3.6409,40.275],[-3.6408,40.2749],[-3.6406,40.2748],[-3.6404,40.2748],[-3.6401,40.2749],[-3.6397,40.2752],[-3.6394,40.2752],[-3.6394,40.2754],[-3.6394,40.2757],[-3.6394,40.276],[-3.6392,40.2762],[-3.639,40.2763],[-3.6388,40.2764],[-3.6383,40.2764],[-3.6379,40.2762],[-3.6377,40.2762],[-3.6369,40.2761],[-3.6366,40.2761],[-3.6363,40.2762],[-3.6355,40.2763],[-3.6353,40.2763],[-3.6352,40.2763],[-3.635,40.2765],[-3.635,40.2766],[-3.6352,40.2767],[-3.6352,40.277],[-3.635,40.2775],[-3.6348,40.2775],[-3.6345,40.2776],[-3.6341,40.2778],[-3.6339,40.2781],[-3.6335,40.2784],[-3.6332,40.2786],[-3.633,40.2788],[-3.6329,40.279],[-3.6327,40.2791],[-3.6323,40.2791],[-3.6322,40.2791],[-3.6318,40.2785],[-3.6298,40.2773],[-3.6294,40.2772],[-3.6277,40.2769],[-3.6275,40.2768],[-3.6269,40.2758],[-3.6265,40.2751],[-3.6254,40.2734],[-3.6242,40.2717],[-3.6236,40.2708],[-3.6228,40.2712],[-3.6228,40.2712],[-3.6228,40.2712],[-3.6226,40.2713],[-3.6217,40.2714],[-3.6203,40.2714],[-3.6195,40.2713],[-3.619,40.2711],[-3.6188,40.271],[-3.6187,40.2709],[-3.6188,40.2706],[-3.6189,40.2703],[-3.6191,40.27],[-3.6195,40.2695],[-3.62,40.2689],[-3.621,40.268],[-3.6213,40.2677],[-3.6218,40.2672],[-3.6226,40.2663],[-3.6232,40.2658],[-3.624,40.2652],[-3.6244,40.265],[-3.6244,40.2649],[-3.6243,40.2647],[-3.6243,40.2646],[-3.6242,40.2644],[-3.6243,40.2642],[-3.6243,40.264],[-3.6243,40.2638],[-3.6244,40.2637],[-3.6244,40.2635],[-3.6245,40.2633],[-3.6246,40.2632],[-3.6247,40.263],[-3.6248,40.2628],[-3.625,40.2627],[-3.6251,40.2626],[-3.6253,40.2624],[-3.6254,40.2623],[-3.6256,40.2622],[-3.6258,40.262],[-3.6259,40.2619],[-3.626,40.2617],[-3.6261,40.2616],[-3.6262,40.2614],[-3.6263,40.2612],[-3.6263,40.261],[-3.6263,40.2609],[-3.6263,40.2607],[-3.6262,40.2605],[-3.6262,40.2603],[-3.6262,40.2602],[-3.6262,40.26],[-3.6262,40.2598],[-3.6262,40.2596],[-3.6262,40.2594],[-3.6261,40.2593],[-3.6261,40.2591],[-3.6262,40.2589],[-3.6262,40.2587],[-3.6263,40.2585],[-3.6264,40.2584],[-3.6265,40.2582],[-3.6267,40.2581],[-3.6268,40.258],[-3.627,40.2578],[-3.6271,40.2577],[-3.6273,40.2576],[-3.6274,40.2574],[-3.6275,40.2573],[-3.6277,40.2571],[-3.6278,40.2569],[-3.6279,40.2568],[-3.628,40.2566],[-3.6281,40.2565],[-3.6282,40.2563],[-3.6283,40.2562],[-3.6284,40.256],[-3.6285,40.2558],[-3.6286,40.2557],[-3.6287,40.2555],[-3.6288,40.2553],[-3.6289,40.2552],[-3.629,40.255],[-3.6291,40.2548],[-3.6293,40.2547],[-3.6295,40.2546],[-3.6296,40.2545],[-3.6298,40.2544],[-3.63,40.2542],[-3.6302,40.2541],[-3.6304,40.254],[-3.6305,40.2539],[-3.6307,40.2538],[-3.6309,40.2537],[-3.6311,40.2535],[-3.6313,40.2534],[-3.6315,40.2533],[-3.6316,40.2532],[-3.6318,40.2531],[-3.632,40.253],[-3.6322,40.2529],[-3.6324,40.2528],[-3.6326,40.2527],[-3.6328,40.2526],[-3.6329,40.2525],[-3.6331,40.2523],[-3.6333,40.2522],[-3.6335,40.2521],[-3.6337,40.252],[-3.6339,40.252],[-3.6341,40.2521],[-3.6343,40.2522],[-3.6345,40.2523],[-3.6347,40.2524],[-3.6349,40.2525],[-3.6351,40.2526],[-3.6353,40.2527],[-3.6355,40.2527],[-3.6358,40.2528],[-3.636,40.2529],[-3.6362,40.253],[-3.6364,40.2531],[-3.6366,40.2531],[-3.6368,40.2532],[-3.637,40.2533],[-3.6372,40.2534],[-3.6374,40.2535],[-3.6376,40.2536],[-3.6378,40.2537],[-3.638,40.2538],[-3.6382,40.2539],[-3.6384,40.254],[-3.6386,40.2541],[-3.6388,40.2542],[-3.639,40.2543],[-3.6392,40.2544],[-3.6394,40.2545],[-3.6396,40.2546],[-3.6398,40.2547],[-3.64,40.2548],[-3.6402,40.2549],[-3.6404,40.255],[-3.6406,40.2551],[-3.6408,40.2552],[-3.641,40.2553],[-3.6412,40.2554],[-3.6414,40.2554],[-3.6416,40.2555],[-3.6418,40.2556],[-3.642,40.2557],[-3.6421,40.2558],[-3.6423,40.256],[-3.6425,40.2561],[-3.6426,40.2563],[-3.6427,40.2564],[-3.6428,40.2566],[-3.643,40.2567],[-3.6431,40.2569],[-3.6432,40.257],[-3.6434,40.2571],[-3.6436,40.2572],[-3.6438,40.2574],[-3.644,40.2575],[-3.6442,40.2575],[-3.6444,40.2576],[-3.6446,40.2577],[-3.6448,40.2578],[-3.6448,40.2579],[-3.6453,40.2579],[-3.6455,40.258],[-3.6462,40.2582],[-3.6466,40.2583],[-3.6476,40.2584],[-3.6483,40.2584],[-3.6483,40.2584],[-3.6483,40.2584],[-3.649,40.2582],[-3.6502,40.258],[-3.6509,40.2578],[-3.6514,40.2576],[-3.6531,40.2568],[-3.6541,40.2565],[-3.6544,40.2564],[-3.6547,40.2563],[-3.6551,40.2563],[-3.6551,40.2562],[-3.6551,40.2561],[-3.6549,40.2559],[-3.6547,40.2558],[-3.6546,40.2556],[-3.6543,40.2552],[-3.6542,40.255],[-3.654,40.2548],[-3.6539,40.2546],[-3.6539,40.2544],[-3.6539,40.2541],[-3.654,40.2539],[-3.6539,40.2537],[-3.6538,40.2534],[-3.6538,40.2532],[-3.6539,40.2529],[-3.6541,40.2527],[-3.6544,40.2526],[-3.6547,40.2525],[-3.6549,40.2524],[-3.6552,40.2523],[-3.6553,40.2523],[-3.6571,40.2525],[-3.6577,40.2526],[-3.6582,40.2527],[-3.6585,40.2527],[-3.659,40.2526],[-3.6596,40.2524],[-3.6601,40.2522],[-3.6613,40.2518],[-3.662,40.2516],[-3.6627,40.2514],[-3.6633,40.2513],[-3.664,40.251],[-3.6647,40.2508],[-3.6655,40.2504],[-3.6668,40.2498],[-3.6693,40.2486],[-3.6701,40.2482],[-3.6704,40.2481],[-3.6707,40.248],[-3.6711,40.2479],[-3.6715,40.2478],[-3.6721,40.2474],[-3.6728,40.247],[-3.6734,40.2466],[-3.6742,40.2461],[-3.6753,40.2456],[-3.6756,40.2454],[-3.6757,40.2453],[-3.6755,40.2452],[-3.675,40.2448],[-3.6745,40.2443],[-3.6741,40.244],[-3.6738,40.2436],[-3.6737,40.2434],[-3.6735,40.2431],[-3.6735,40.2429],[-3.6737,40.2427],[-3.6746,40.2416],[-3.6754,40.2406],[-3.6757,40.2402],[-3.6759,40.2401],[-3.6761,40.2401],[-3.6773,40.24],[-3.6776,40.24],[-3.6776,40.24],[-3.6773,40.2396],[-3.6771,40.2395],[-3.6767,40.2393],[-3.6763,40.2391],[-3.6759,40.2389],[-3.6756,40.2388],[-3.6747,40.2386],[-3.674,40.2384],[-3.6728,40.238],[-3.6709,40.2375],[-3.6692,40.2371],[-3.6674,40.2367],[-3.6668,40.2366],[-3.6664,40.2365],[-3.6659,40.2363],[-3.6656,40.2361],[-3.6652,40.2358],[-3.6649,40.2356],[-3.6647,40.2354],[-3.6641,40.2351],[-3.6636,40.2349],[-3.6633,40.2347],[-3.663,40.2346],[-3.6624,40.2345],[-3.6614,40.2341],[-3.6612,40.2341],[-3.6603,40.2337],[-3.6599,40.2335],[-3.6595,40.2333],[-3.6596,40.2331],[-3.6598,40.233],[-3.6666,40.233],[-3.6835,40.2329],[-3.6835,40.2328],[-3.6838,40.2324],[-3.6841,40.2316],[-3.6839,40.2315],[-3.6833,40.231],[-3.6829,40.2307],[-3.6828,40.2305],[-3.6834,40.2305],[-3.6836,40.2304],[-3.6839,40.2304],[-3.6842,40.2303],[-3.6846,40.2303],[-3.6849,40.2302],[-3.685,40.2302],[-3.6853,40.2302],[-3.6855,40.2302],[-3.6852,40.23],[-3.6847,40.2296],[-3.6846,40.2295],[-3.6844,40.2293],[-3.6839,40.2288],[-3.6837,40.2287],[-3.6834,40.2282],[-3.6832,40.228],[-3.6831,40.2278],[-3.6829,40.2277],[-3.6827,40.2275],[-3.6826,40.2274],[-3.6823,40.2273],[-3.682,40.2272],[-3.6817,40.2271],[-3.6815,40.2269],[-3.6814,40.2267],[-3.6812,40.2265],[-3.6811,40.2263],[-3.6808,40.226],[-3.6805,40.2258],[-3.6804,40.2257],[-3.6803,40.2255],[-3.6803,40.2254],[-3.6803,40.2253],[-3.6804,40.225],[-3.6805,40.2248],[-3.6805,40.2246],[-3.6806,40.2244],[-3.6803,40.2244],[-3.6801,40.2243],[-3.6798,40.2242],[-3.6797,40.2241],[-3.6799,40.2238],[-3.68,40.2236],[-3.6801,40.2234],[-3.6803,40.2231],[-3.6803,40.223],[-3.6802,40.223],[-3.6799,40.2229],[-3.6793,40.2229],[-3.6791,40.2229],[-3.679,40.2228],[-3.6789,40.2228],[-3.6788,40.2226],[-3.6786,40.2223],[-3.6786,40.2222],[-3.6785,40.222],[-3.6785,40.2218],[-3.6785,40.2217],[-3.6785,40.2212],[-3.678,40.2213],[-3.6772,40.2214],[-3.6764,40.2215],[-3.6757,40.2216],[-3.6746,40.2217],[-3.6737,40.2218],[-3.6726,40.2214],[-3.6715,40.221],[-3.6707,40.2207],[-3.6695,40.2203],[-3.6685,40.2199],[-3.6679,40.2199],[-3.6664,40.2202],[-3.6655,40.2205],[-3.6646,40.2207],[-3.6639,40.2208],[-3.6634,40.2209],[-3.6629,40.2214],[-3.6623,40.2211],[-3.6593,40.2222],[-3.6583,40.2226],[-3.6575,40.2228],[-3.6558,40.2235],[-3.6541,40.2242],[-3.6527,40.2247],[-3.6512,40.2254],[-3.6501,40.2259],[-3.6486,40.2268],[-3.6473,40.2275],[-3.6455,40.2286],[-3.6446,40.2291],[-3.6438,40.2297],[-3.6435,40.2299],[-3.643,40.2307],[-3.6426,40.2313],[-3.642,40.2321],[-3.6415,40.2331],[-3.6409,40.2341],[-3.6404,40.2349],[-3.64,40.2357],[-3.6398,40.2363],[-3.6394,40.237],[-3.6392,40.2375],[-3.6388,40.2381],[-3.6384,40.2385],[-3.6382,40.2388],[-3.6376,40.2387],[-3.6372,40.2387],[-3.6369,40.2387],[-3.6364,40.2387],[-3.6359,40.2388],[-3.6355,40.2389],[-3.6349,40.239],[-3.6344,40.2392],[-3.6341,40.2393],[-3.6338,40.2394],[-3.6334,40.2394],[-3.6328,40.2394],[-3.6326,40.2394],[-3.6324,40.2395],[-3.632,40.2396],[-3.6315,40.2397],[-3.6308,40.2398],[-3.6302,40.2399],[-3.6298,40.24],[-3.6294,40.2401],[-3.6289,40.2401],[-3.6285,40.2402],[-3.628,40.2402],[-3.6276,40.2402],[-3.6273,40.2402],[-3.6269,40.2401],[-3.6264,40.2399],[-3.6258,40.2398],[-3.6251,40.2396],[-3.6247,40.2394],[-3.6241,40.2392],[-3.6238,40.2391],[-3.6234,40.239],[-3.6231,40.2389],[-3.6228,40.2388],[-3.6226,40.2387],[-3.6223,40.2386],[-3.6222,40.2385],[-3.6221,40.2385],[-3.6219,40.2384],[-3.6216,40.2384],[-3.6213,40.2384],[-3.6209,40.2383],[-3.6205,40.2383],[-3.6201,40.2382],[-3.6199,40.2382],[-3.6196,40.2381],[-3.6193,40.238],[-3.619,40.2379],[-3.6185,40.2379],[-3.6181,40.2378],[-3.6179,40.2378],[-3.6177,40.2379],[-3.617,40.2379],[-3.6161,40.2379],[-3.6152,40.238],[-3.6145,40.238],[-3.613,40.2382],[-3.6123,40.2383],[-3.6115,40.2384],[-3.6108,40.2384],[-3.6104,40.2384],[-3.61,40.2384],[-3.6096,40.2382],[-3.6092,40.2381],[-3.6088,40.238],[-3.6085,40.2379],[-3.6083,40.2379],[-3.608,40.2379],[-3.6077,40.2379],[-3.6072,40.2379],[-3.6067,40.2379],[-3.6064,40.238],[-3.606,40.238],[-3.6057,40.238],[-3.6054,40.2379],[-3.6051,40.2379],[-3.6048,40.2378],[-3.6045,40.2377],[-3.604,40.2376],[-3.6035,40.2375],[-3.6024,40.2373],[-3.6019,40.2376],[-3.6019,40.2377],[-3.6015,40.2391],[-3.6014,40.2396],[-3.6007,40.2404],[-3.6002,40.2414],[-3.6002,40.242],[-3.6003,40.2431],[-3.6001,40.2439],[-3.5998,40.2445],[-3.5997,40.2449],[-3.5996,40.2452],[-3.5998,40.2454],[-3.6007,40.246],[-3.6013,40.2466],[-3.602,40.2475],[-3.6026,40.248],[-3.6033,40.2485],[-3.6037,40.2488],[-3.6045,40.2491],[-3.6048,40.2493],[-3.6057,40.2503],[-3.6063,40.2509],[-3.6066,40.2515],[-3.6067,40.252],[-3.607,40.2533],[-3.6069,40.2541],[-3.6067,40.2548],[-3.6065,40.2551],[-3.6062,40.2554],[-3.6059,40.2556],[-3.6055,40.2558],[-3.6049,40.2564],[-3.6048,40.2567],[-3.605,40.2567],[-3.6056,40.2566],[-3.6069,40.2561],[-3.6075,40.2557],[-3.6086,40.2554],[-3.6092,40.2554],[-3.6098,40.2554],[-3.6102,40.2554],[-3.6106,40.2554],[-3.6111,40.2556],[-3.6127,40.2567],[-3.6134,40.2573],[-3.6135,40.2576],[-3.6134,40.258],[-3.6131,40.2585],[-3.6133,40.2587],[-3.6137,40.259],[-3.6144,40.2593],[-3.6151,40.2602],[-3.6154,40.2604],[-3.6157,40.2603],[-3.6159,40.2601],[-3.6162,40.2595],[-3.6167,40.2592],[-3.6175,40.2591],[-3.6179,40.2592],[-3.6184,40.2597],[-3.6193,40.2607],[-3.6196,40.261],[-3.6196,40.2614],[-3.6194,40.2618],[-3.619,40.2625],[-3.6188,40.2632],[-3.6185,40.2642],[-3.6182,40.2649],[-3.6178,40.2654],[-3.617,40.2663],[-3.6167,40.2665],[-3.6162,40.2668],[-3.6157,40.267],[-3.6151,40.2671],[-3.6137,40.2675],[-3.6132,40.2677],[-3.6127,40.2679],[-3.6122,40.2682],[-3.6114,40.2684],[-3.6105,40.2684],[-3.61,40.2685],[-3.6095,40.2688],[-3.6091,40.269],[-3.6083,40.2692],[-3.608,40.2692],[-3.6077,40.269],[-3.6071,40.2685],[-3.6065,40.2674],[-3.6059,40.2661],[-3.6057,40.2659],[-3.6053,40.2656],[-3.6051,40.2656],[-3.6044,40.2657],[-3.604,40.2659],[-3.6038,40.2661],[-3.6036,40.2666],[-3.6034,40.2672],[-3.6033,40.2675],[-3.6026,40.2687],[-3.6022,40.2695],[-3.602,40.2699],[-3.6015,40.2702],[-3.6012,40.2703],[-3.6003,40.2706],[-3.5999,40.2713],[-3.5996,40.2716],[-3.5996,40.2718],[-3.5996,40.2718],[-3.6001,40.273],[-3.6004,40.2736],[-3.6007,40.2738],[-3.601,40.2739],[-3.6015,40.274],[-3.6019,40.2742],[-3.602,40.2743],[-3.602,40.2745],[-3.6019,40.2748],[-3.6019,40.2751],[-3.6019,40.2754],[-3.602,40.2757],[-3.602,40.2758],[-3.6021,40.2759],[-3.6022,40.276],[-3.6028,40.276],[-3.6031,40.276],[-3.6036,40.276],[-3.6039,40.276],[-3.6044,40.2763],[-3.6049,40.2767],[-3.6052,40.2771],[-3.6054,40.2781],[-3.6056,40.2789],[-3.6057,40.2792],[-3.6058,40.2792],[-3.606,40.2795],[-3.6064,40.2795],[-3.6068,40.2796],[-3.6077,40.28],[-3.608,40.2802],[-3.6082,40.2803],[-3.6085,40.2803],[-3.6091,40.2806],[-3.6095,40.2809],[-3.6098,40.2811],[-3.61,40.2813],[-3.6105,40.2815],[-3.611,40.2816],[-3.6115,40.2816],[-3.6116,40.2817],[-3.6117,40.2819],[-3.6119,40.2823],[-3.612,40.2824],[-3.6123,40.2826],[-3.6126,40.283],[-3.6126,40.2833],[-3.6122,40.2835],[-3.611,40.2838],[-3.6099,40.2844],[-3.6089,40.2849],[-3.608,40.2854],[-3.6077,40.2856],[-3.6074,40.2857],[-3.6073,40.2857],[-3.6071,40.2855],[-3.6071,40.2852],[-3.6073,40.2848],[-3.6073,40.2846],[-3.6071,40.2844],[-3.6068,40.2842],[-3.6064,40.284],[-3.6059,40.284],[-3.6053,40.2841],[-3.6047,40.2843],[-3.6045,40.2845],[-3.6045,40.2848],[-3.6046,40.285],[-3.6049,40.2854],[-3.6049,40.2856],[-3.6047,40.2859],[-3.6044,40.2859],[-3.604,40.2859],[-3.6036,40.2859],[-3.6032,40.286],[-3.602,40.2863],[-3.6008,40.2866],[-3.6,40.2868],[-3.5993,40.2868],[-3.5984,40.2869],[-3.5981,40.2869],[-3.5978,40.2869],[-3.5974,40.2869],[-3.597,40.2869],[-3.5965,40.2869],[-3.5959,40.2871],[-3.5955,40.2873],[-3.5951,40.2875],[-3.5946,40.2875],[-3.5941,40.2876],[-3.5936,40.2876],[-3.5933,40.2876],[-3.5925,40.2876],[-3.5921,40.2875],[-3.5917,40.2874],[-3.5913,40.2872],[-3.591,40.287],[-3.5908,40.287],[-3.5901,40.287],[-3.5896,40.2871],[-3.589,40.2874],[-3.5888,40.2875],[-3.5885,40.2879],[-3.5882,40.288],[-3.5875,40.2882],[-3.587,40.2883],[-3.5864,40.2883],[-3.5852,40.2883],[-3.5846,40.2884],[-3.5838,40.2886],[-3.5832,40.2889],[-3.5825,40.2894],[-3.582,40.2898],[-3.5815,40.2901],[-3.5812,40.2904],[-3.5809,40.2908],[-3.5806,40.2915],[-3.5803,40.2922],[-3.5802,40.2925],[-3.5801,40.2928],[-3.5799,40.2931],[-3.5797,40.2935],[-3.5793,40.2938],[-3.5784,40.2945],[-3.5749,40.2978],[-3.5733,40.2992],[-3.5722,40.3001],[-3.5703,40.3017],[-3.5697,40.3022],[-3.5688,40.3029],[-3.5677,40.3037],[-3.5657,40.3048],[-3.5642,40.3055],[-3.5629,40.3063]]],[[[-3.4636,40.3234],[-3.464,40.3239],[-3.4651,40.3246],[-3.4657,40.3251],[-3.4664,40.3259],[-3.4673,40.3276],[-3.4678,40.3284],[-3.4678,40.3285],[-3.4678,40.3287],[-3.4677,40.3289],[-3.4671,40.33],[-3.4669,40.3308],[-3.4668,40.3312],[-3.4667,40.3317],[-3.4668,40.3325],[-3.467,40.3334],[-3.4672,40.3343],[-3.4675,40.3352],[-3.4676,40.3354],[-3.4684,40.3364],[-3.4688,40.3371],[-3.4697,40.3388],[-3.4698,40.339],[-3.4701,40.3395],[-3.4708,40.3403],[-3.4717,40.341],[-3.4724,40.3415],[-3.4729,40.3422],[-3.4725,40.3414],[-3.472,40.3404],[-3.4715,40.3395],[-3.4704,40.3374],[-3.47,40.3364],[-3.4698,40.3356],[-3.4698,40.3348],[-3.4698,40.3343],[-3.4703,40.3335],[-3.4709,40.3327],[-3.4712,40.332],[-3.4713,40.3315],[-3.4714,40.3307],[-3.4717,40.3302],[-3.4723,40.3297],[-3.4733,40.3291],[-3.4739,40.3288],[-3.4745,40.3285],[-3.475,40.3284],[-3.4763,40.3283],[-3.4778,40.3283],[-3.4795,40.3281],[-3.4809,40.3279],[-3.4817,40.3277],[-3.4822,40.3274],[-3.4827,40.327],[-3.4831,40.3267],[-3.4838,40.3258],[-3.4844,40.325],[-3.4851,40.3242],[-3.4858,40.3232],[-3.486,40.3228],[-3.4862,40.3224],[-3.4865,40.3221],[-3.4872,40.3215],[-3.4878,40.3208],[-3.4883,40.3202],[-3.4892,40.3188],[-3.4896,40.3182],[-3.4902,40.3174],[-3.4907,40.3166],[-3.4911,40.3161],[-3.4913,40.316],[-3.4916,40.3159],[-3.4918,40.3159],[-3.492,40.316],[-3.4924,40.3162],[-3.4924,40.3164],[-3.492,40.3169],[-3.4914,40.3177],[-3.491,40.3182],[-3.4909,40.3185],[-3.4906,40.3188],[-3.4908,40.319],[-3.491,40.319],[-3.4912,40.3188],[-3.4924,40.3181],[-3.4936,40.3175],[-3.4941,40.3173],[-3.495,40.3169],[-3.4958,40.3167],[-3.4964,40.3166],[-3.4967,40.3165],[-3.4969,40.3165],[-3.4981,40.3167],[-3.4989,40.3169],[-3.4995,40.317],[-3.5,40.3169],[-3.5007,40.3169],[-3.5016,40.3168],[-3.5025,40.3167],[-3.5033,40.3166],[-3.504,40.3164],[-3.5045,40.3164],[-3.5052,40.3163],[-3.5057,40.3164],[-3.5076,40.3169],[-3.5096,40.3173],[-3.5105,40.3176],[-3.5114,40.3179],[-3.5121,40.3181],[-3.5128,40.3184],[-3.5142,40.3189],[-3.5109,40.3172],[-3.5086,40.3162],[-3.5062,40.3156],[-3.5033,40.3151],[-3.5016,40.315],[-3.4994,40.3149],[-3.4973,40.3146],[-3.495,40.3146],[-3.4919,40.3126],[-3.4915,40.3123],[-3.4905,40.3135],[-3.4877,40.317],[-3.4853,40.32],[-3.4841,40.3215],[-3.483,40.3229],[-3.4826,40.3232],[-3.4819,40.3225],[-3.481,40.3218],[-3.4784,40.3201],[-3.4786,40.3195],[-3.4774,40.3192],[-3.476,40.3187],[-3.4757,40.3185],[-3.4753,40.3183],[-3.4746,40.3182],[-3.4742,40.3181],[-3.4738,40.3181],[-3.4727,40.3181],[-3.4718,40.3181],[-3.4713,40.3181],[-3.4709,40.3181],[-3.4706,40.3182],[-3.4701,40.3186],[-3.4692,40.3192],[-3.4688,40.3195],[-3.4686,40.3198],[-3.4684,40.32],[-3.4682,40.3204],[-3.4681,40.3208],[-3.4679,40.3211],[-3.4676,40.3217],[-3.4671,40.3215],[-3.4653,40.3207],[-3.4642,40.3225],[-3.464,40.3229],[-3.4635,40.3231],[-3.4636,40.3234]]],[[[-3.4878,40.3611],[-3.4889,40.361],[-3.4903,40.3611],[-3.4913,40.3613],[-3.492,40.3616],[-3.4927,40.362],[-3.4936,40.3623],[-3.4949,40.3627],[-3.4957,40.3629],[-3.4962,40.3628],[-3.4967,40.3627],[-3.4972,40.3625],[-3.4975,40.3623],[-3.4979,40.3618],[-3.4983,40.3611],[-3.4989,40.36],[-3.4997,40.3588],[-3.5,40.3585],[-3.5007,40.358],[-3.5018,40.3576],[-3.5028,40.3575],[-3.5039,40.3575],[-3.505,40.3578],[-3.5058,40.3581],[-3.5063,40.3585],[-3.5058,40.3578],[-3.5049,40.3561],[-3.5041,40.3549],[-3.5028,40.3529],[-3.5021,40.352],[-3.5015,40.3515],[-3.5012,40.3511],[-3.5009,40.3502],[-3.5003,40.3492],[-3.5,40.3487],[-3.4997,40.3482],[-3.4994,40.3477],[-3.4982,40.3464],[-3.4977,40.3462],[-3.4972,40.3461],[-3.4968,40.346],[-3.4965,40.346],[-3.4961,40.3459],[-3.4959,40.3457],[-3.4958,40.3454],[-3.4953,40.3449],[-3.494,40.3442],[-3.4931,40.3435],[-3.4923,40.343],[-3.4916,40.3426],[-3.4913,40.3423],[-3.491,40.3418],[-3.491,40.3413],[-3.4909,40.3406],[-3.4906,40.3399],[-3.4901,40.3389],[-3.4895,40.3379],[-3.4888,40.3372],[-3.4882,40.3368],[-3.4875,40.3363],[-3.4866,40.3357],[-3.4855,40.3352],[-3.484,40.3344],[-3.4832,40.3338],[-3.4827,40.3332],[-3.482,40.3326],[-3.4816,40.3322],[-3.4813,40.3318],[-3.4811,40.3315],[-3.4811,40.3312],[-3.4812,40.3307],[-3.4814,40.3301],[-3.4818,40.3295],[-3.4821,40.3292],[-3.4808,40.3295],[-3.4793,40.3297],[-3.4784,40.3299],[-3.4776,40.3303],[-3.4774,40.3305],[-3.4766,40.3309],[-3.4754,40.3312],[-3.4745,40.3314],[-3.4739,40.3315],[-3.4736,40.3316],[-3.4733,40.3317],[-3.4729,40.3321],[-3.4729,40.3324],[-3.4727,40.3329],[-3.4725,40.3333],[-3.4723,40.3336],[-3.4722,40.334],[-3.4722,40.3349],[-3.4724,40.3364],[-3.4726,40.3372],[-3.473,40.3383],[-3.4741,40.341],[-3.4749,40.3424],[-3.4753,40.3431],[-3.4759,40.3444],[-3.4768,40.3465],[-3.4778,40.3483],[-3.4781,40.3489],[-3.4786,40.3494],[-3.479,40.3496],[-3.4797,40.3496],[-3.4803,40.3495],[-3.482,40.3492],[-3.4829,40.3491],[-3.4831,40.3491],[-3.4835,40.3495],[-3.4842,40.3499],[-3.4845,40.3502],[-3.4849,40.3508],[-3.4852,40.3514],[-3.4851,40.352],[-3.485,40.3526],[-3.485,40.3536],[-3.485,40.3546],[-3.485,40.3552],[-3.4849,40.3558],[-3.4847,40.3563],[-3.4844,40.3567],[-3.4841,40.3574],[-3.4837,40.3583],[-3.4835,40.3594],[-3.4839,40.3603],[-3.4843,40.3609],[-3.4847,40.3612],[-3.4852,40.3612],[-3.4862,40.3611],[-3.487,40.3609],[-3.4878,40.3611]]],[[[-3.5068,40.3891],[-3.5064,40.3901],[-3.506,40.3909],[-3.5053,40.3921],[-3.5053,40.3923],[-3.5055,40.3932],[-3.5055,40.3934],[-3.5058,40.3936],[-3.5077,40.3948],[-3.5077,40.3943],[-3.5078,40.3933],[-3.5079,40.3922],[-3.508,40.3911],[-3.5081,40.3905],[-3.5084,40.3895],[-3.509,40.3886],[-3.5097,40.3877],[-3.5103,40.387],[-3.5114,40.3864],[-3.5138,40.3856],[-3.5155,40.3851],[-3.5161,40.3848],[-3.5164,40.3845],[-3.5165,40.3843],[-3.5165,40.384],[-3.5165,40.3836],[-3.5164,40.3824],[-3.5161,40.3814],[-3.5157,40.38],[-3.5155,40.3793],[-3.5152,40.3788],[-3.515,40.3779],[-3.5149,40.3774],[-3.5149,40.3767],[-3.5149,40.3763],[-3.5149,40.376],[-3.5146,40.3756],[-3.5141,40.375],[-3.5137,40.3748],[-3.5132,40.3746],[-3.5125,40.3745],[-3.5115,40.3741],[-3.5107,40.3736],[-3.5103,40.3733],[-3.51,40.3729],[-3.51,40.3727],[-3.5092,40.3726],[-3.5081,40.3725],[-3.5067,40.3724],[-3.5057,40.3727],[-3.5055,40.3728],[-3.506,40.3718],[-3.5045,40.3707],[-3.5027,40.3701],[-3.501,40.3695],[-3.5003,40.3691],[-3.4993,40.3687],[-3.4987,40.3685],[-3.4966,40.3685],[-3.4984,40.3705],[-3.4993,40.3716],[-3.5003,40.3728],[-3.5024,40.3756],[-3.5025,40.3759],[-3.5024,40.3762],[-3.5023,40.3763],[-3.5015,40.3766],[-3.5002,40.3772],[-3.5002,40.3772],[-3.5003,40.378],[-3.5003,40.378],[-3.5005,40.3792],[-3.5006,40.3794],[-3.5015,40.3805],[-3.5028,40.3814],[-3.5035,40.3818],[-3.5049,40.3819],[-3.5052,40.382],[-3.506,40.3826],[-3.506,40.3827],[-3.5051,40.3847],[-3.5048,40.3843],[-3.5005,40.3852],[-3.5007,40.3873],[-3.5009,40.3872],[-3.5012,40.3873],[-3.5019,40.3875],[-3.5024,40.3879],[-3.5028,40.3883],[-3.5028,40.3885],[-3.5029,40.3899],[-3.5017,40.3904],[-3.5024,40.3929],[-3.5037,40.392],[-3.5039,40.3917],[-3.5043,40.3908],[-3.5047,40.3897],[-3.5048,40.3893],[-3.505,40.3892],[-3.5066,40.3886],[-3.5068,40.3891]]],[[[-3.5114,40.4076],[-3.5117,40.4081],[-3.5118,40.4084],[-3.5119,40.4089],[-3.5119,40.4094],[-3.5118,40.4097],[-3.5118,40.4098],[-3.5116,40.4103],[-3.5116,40.4105],[-3.5117,40.4108],[-3.512,40.4111],[-3.5121,40.411],[-3.515,40.4106],[-3.5151,40.4105],[-3.5151,40.4104],[-3.5152,40.4098],[-3.5156,40.4082],[-3.5163,40.4073],[-3.5164,40.4072],[-3.5167,40.4075],[-3.5171,40.4076],[-3.517,40.4097],[-3.5164,40.4095],[-3.516,40.4095],[-3.5159,40.4097],[-3.5155,40.4099],[-3.5154,40.4101],[-3.5152,40.4105],[-3.5163,40.4103],[-3.5172,40.4101],[-3.5177,40.41],[-3.5181,40.4099],[-3.5184,40.4099],[-3.5196,40.4097],[-3.5191,40.409],[-3.5191,40.4089],[-3.5191,40.4087],[-3.5191,40.4081],[-3.5192,40.4075],[-3.5192,40.4067],[-3.5183,40.4067],[-3.5171,40.4066],[-3.5166,40.4069],[-3.5168,40.4053],[-3.5163,40.405],[-3.5167,40.405],[-3.5167,40.4049],[-3.5166,40.4043],[-3.5165,40.4037],[-3.5182,40.4037],[-3.5184,40.4038],[-3.5182,40.4035],[-3.5181,40.4031],[-3.518,40.4026],[-3.518,40.4023],[-3.5181,40.4018],[-3.5182,40.401],[-3.5185,40.4002],[-3.5186,40.3997],[-3.5192,40.3984],[-3.5192,40.3982],[-3.5192,40.3974],[-3.5192,40.3967],[-3.5192,40.3966],[-3.5191,40.3961],[-3.5191,40.3949],[-3.519,40.3947],[-3.5187,40.3945],[-3.5184,40.3943],[-3.5178,40.394],[-3.5178,40.394],[-3.5176,40.394],[-3.5167,40.3936],[-3.5166,40.3925],[-3.5166,40.3919],[-3.5166,40.3913],[-3.5167,40.3908],[-3.5167,40.3905],[-3.5167,40.3898],[-3.5163,40.3893],[-3.5162,40.3884],[-3.5162,40.3881],[-3.5163,40.3878],[-3.5164,40.3873],[-3.5164,40.3868],[-3.5164,40.3866],[-3.5164,40.3866],[-3.5159,40.3869],[-3.5152,40.3874],[-3.5144,40.3879],[-3.5137,40.3882],[-3.5123,40.3887],[-3.5117,40.389],[-3.5113,40.3894],[-3.5111,40.3895],[-3.5109,40.3897],[-3.5108,40.3899],[-3.5105,40.3901],[-3.5102,40.3906],[-3.51,40.391],[-3.51,40.3912],[-3.5099,40.3916],[-3.51,40.392],[-3.51,40.3924],[-3.51,40.3929],[-3.51,40.3935],[-3.5101,40.3938],[-3.51,40.394],[-3.5099,40.3944],[-3.5097,40.3949],[-3.5096,40.3953],[-3.5095,40.3957],[-3.5095,40.3958],[-3.5098,40.3966],[-3.5101,40.3972],[-3.5105,40.398],[-3.5108,40.3986],[-3.5111,40.3992],[-3.5112,40.3995],[-3.5112,40.3996],[-3.5111,40.3998],[-3.511,40.4001],[-3.5107,40.4005],[-3.5104,40.4009],[-3.5102,40.4011],[-3.51,40.4013],[-3.5097,40.4016],[-3.5085,40.4026],[-3.5085,40.4027],[-3.5086,40.4048],[-3.5077,40.4047],[-3.5052,40.4046],[-3.5048,40.4046],[-3.5046,40.4045],[-3.5045,40.4043],[-3.5045,40.4042],[-3.5045,40.404],[-3.5044,40.404],[-3.5043,40.404],[-3.504,40.4043],[-3.5039,40.4044],[-3.5037,40.4047],[-3.5036,40.405],[-3.5035,40.4056],[-3.5036,40.4057],[-3.5037,40.4059],[-3.504,40.406],[-3.5046,40.4061],[-3.5054,40.4063],[-3.5058,40.4064],[-3.5062,40.4064],[-3.5069,40.4064],[-3.5079,40.4063],[-3.5087,40.4063],[-3.5095,40.4063],[-3.51,40.4063],[-3.5105,40.4065],[-3.511,40.407],[-3.5114,40.4076]]],[[[-3.4878,40.42],[-3.4878,40.4205],[-3.4878,40.4208],[-3.4878,40.4209],[-3.4879,40.421],[-3.4882,40.421],[-3.4891,40.4211],[-3.4899,40.4212],[-3.4907,40.4212],[-3.4911,40.4212],[-3.4913,40.4211],[-3.4915,40.4211],[-3.4916,40.421],[-3.4917,40.4209],[-3.4919,40.4207],[-3.4923,40.4202],[-3.4928,40.4195],[-3.4929,40.4195],[-3.493,40.4194],[-3.4931,40.4194],[-3.4932,40.4194],[-3.4934,40.4194],[-3.4944,40.4194],[-3.4949,40.4194],[-3.4953,40.4195],[-3.496,40.4196],[-3.4966,40.4197],[-3.4971,40.4198],[-3.4975,40.4198],[-3.4981,40.4198],[-3.4982,40.4187],[-3.4983,40.4179],[-3.4983,40.4171],[-3.4984,40.4168],[-3.4985,40.4161],[-3.4985,40.4158],[-3.4987,40.4148],[-3.499,40.4136],[-3.4992,40.4127],[-3.4993,40.4123],[-3.4994,40.4118],[-3.4992,40.4117],[-3.4971,40.4093],[-3.4968,40.4094],[-3.4965,40.4096],[-3.4965,40.4097],[-3.4963,40.4104],[-3.4961,40.4107],[-3.4959,40.4111],[-3.4954,40.4116],[-3.495,40.4118],[-3.4947,40.4119],[-3.494,40.412],[-3.4935,40.412],[-3.493,40.412],[-3.4927,40.412],[-3.4924,40.4121],[-3.4922,40.4122],[-3.4921,40.4123],[-3.4919,40.4124],[-3.4917,40.4125],[-3.4915,40.4126],[-3.4912,40.4127],[-3.4906,40.4129],[-3.4902,40.4132],[-3.4897,40.4134],[-3.4894,40.4134],[-3.489,40.4135],[-3.4885,40.4136],[-3.4879,40.4137],[-3.4874,40.4135],[-3.4869,40.4134],[-3.4865,40.4133],[-3.486,40.4134],[-3.4855,40.4136],[-3.485,40.4138],[-3.4845,40.4139],[-3.484,40.414],[-3.4835,40.414],[-3.4833,40.4141],[-3.4831,40.4142],[-3.4836,40.4157],[-3.4837,40.4164],[-3.4836,40.4168],[-3.4835,40.4174],[-3.4834,40.4179],[-3.4833,40.4183],[-3.4834,40.4186],[-3.4836,40.4191],[-3.4837,40.4193],[-3.484,40.4196],[-3.4845,40.4199],[-3.4849,40.4201],[-3.4854,40.4199],[-3.4869,40.4196],[-3.4878,40.4193],[-3.4878,40.42]]],[[[-3.4619,40.4287],[-3.4626,40.4302],[-3.4633,40.4314],[-3.4644,40.4335],[-3.4649,40.4345],[-3.465,40.4345],[-3.4654,40.4345],[-3.4656,40.4343],[-3.4657,40.4342],[-3.4656,40.4341],[-3.4657,40.4339],[-3.4658,40.4337],[-3.466,40.4335],[-3.466,40.4334],[-3.466,40.433],[-3.4658,40.4326],[-3.4656,40.4323],[-3.4654,40.4319],[-3.4651,40.4315],[-3.4649,40.4312],[-3.4648,40.4309],[-3.4647,40.4305],[-3.4647,40.4301],[-3.4647,40.4298],[-3.4648,40.4294],[-3.4651,40.429],[-3.4653,40.4287],[-3.4655,40.4285],[-3.4658,40.4282],[-3.466,40.428],[-3.4662,40.4279],[-3.4664,40.4278],[-3.4666,40.4277],[-3.4668,40.4276],[-3.4669,40.4276],[-3.4674,40.4276],[-3.468,40.4276],[-3.4683,40.4277],[-3.4685,40.4277],[-3.4687,40.4278],[-3.4691,40.428],[-3.4694,40.4282],[-3.4697,40.4284],[-3.4699,40.4287],[-3.4702,40.4289],[-3.4704,40.429],[-3.4706,40.429],[-3.4707,40.429],[-3.471,40.4289],[-3.4713,40.4288],[-3.4716,40.4286],[-3.472,40.4283],[-3.4723,40.4281],[-3.4725,40.4278],[-3.4727,40.4275],[-3.4728,40.4272],[-3.4729,40.427],[-3.4729,40.4267],[-3.4729,40.4264],[-3.4729,40.4261],[-3.4729,40.4257],[-3.4728,40.4254],[-3.4727,40.4249],[-3.4727,40.4241],[-3.4727,40.4238],[-3.4727,40.4236],[-3.4725,40.423],[-3.4725,40.4229],[-3.4725,40.4226],[-3.4725,40.4222],[-3.4727,40.4216],[-3.4728,40.4213],[-3.4729,40.4211],[-3.4732,40.4208],[-3.4733,40.4207],[-3.4737,40.4203],[-3.4739,40.4201],[-3.474,40.42],[-3.4744,40.4193],[-3.4745,40.4192],[-3.4751,40.4185],[-3.4754,40.4183],[-3.4756,40.4182],[-3.476,40.4181],[-3.4764,40.418],[-3.4768,40.418],[-3.4771,40.4181],[-3.4774,40.4181],[-3.4779,40.4183],[-3.4783,40.4184],[-3.4785,40.4183],[-3.4787,40.4182],[-3.4788,40.418],[-3.479,40.4177],[-3.4792,40.4174],[-3.4793,40.4171],[-3.4793,40.417],[-3.4796,40.4166],[-3.48,40.416],[-3.4802,40.4157],[-3.4802,40.4155],[-3.4804,40.4149],[-3.4804,40.4149],[-3.4793,40.4154],[-3.4786,40.4158],[-3.4779,40.4161],[-3.4772,40.4163],[-3.4763,40.4165],[-3.4749,40.4168],[-3.4736,40.4171],[-3.4728,40.4173],[-3.472,40.4176],[-3.4711,40.4181],[-3.4693,40.4189],[-3.4678,40.4196],[-3.4661,40.4201],[-3.4645,40.4207],[-3.4617,40.4217],[-3.4609,40.4221],[-3.4602,40.4225],[-3.4602,40.4226],[-3.4596,40.4242],[-3.4598,40.4245],[-3.4611,40.4271],[-3.4619,40.4287]]],[[[-3.5152,40.4457],[-3.5161,40.4466],[-3.5169,40.4464],[-3.5195,40.4459],[-3.5214,40.4455],[-3.5233,40.4451],[-3.5264,40.4444],[-3.528,40.4441],[-3.5309,40.4434],[-3.5307,40.4432],[-3.5305,40.443],[-3.5301,40.443],[-3.5295,40.443],[-3.5293,40.4431],[-3.5287,40.4432],[-3.5283,40.4432],[-3.5279,40.4431],[-3.5277,40.4429],[-3.5276,40.4428],[-3.5271,40.4424],[-3.5269,40.4421],[-3.5265,40.4418],[-3.5263,40.4415],[-3.526,40.4412],[-3.5259,40.441],[-3.5256,40.4404],[-3.5254,40.4397],[-3.5252,40.4392],[-3.525,40.4383],[-3.5245,40.4374],[-3.5243,40.4369],[-3.5241,40.4363],[-3.5238,40.436],[-3.5237,40.4358],[-3.5235,40.4356],[-3.5234,40.4353],[-3.5233,40.4349],[-3.5228,40.4338],[-3.5226,40.4334],[-3.5223,40.4329],[-3.522,40.4326],[-3.5218,40.4325],[-3.521,40.4323],[-3.5204,40.4323],[-3.5196,40.4322],[-3.5189,40.4322],[-3.5183,40.4321],[-3.5176,40.4319],[-3.517,40.4316],[-3.5165,40.4313],[-3.5157,40.4307],[-3.5154,40.4305],[-3.5147,40.4294],[-3.5141,40.4286],[-3.5136,40.4278],[-3.5131,40.4273],[-3.5127,40.427],[-3.512,40.4271],[-3.5112,40.4273],[-3.5104,40.4276],[-3.5094,40.4279],[-3.5084,40.428],[-3.5073,40.4279],[-3.5061,40.4275],[-3.5052,40.427],[-3.5042,40.4262],[-3.5031,40.4253],[-3.5021,40.4245],[-3.5012,40.4235],[-3.5005,40.4224],[-3.5003,40.422],[-3.5003,40.4218],[-3.5005,40.4213],[-3.5001,40.4217],[-3.4997,40.4218],[-3.4988,40.4222],[-3.4984,40.4224],[-3.4983,40.4225],[-3.4984,40.4225],[-3.4985,40.4226],[-3.4986,40.4227],[-3.4986,40.4229],[-3.4986,40.4232],[-3.4984,40.4239],[-3.4981,40.4246],[-3.4981,40.4248],[-3.4981,40.4249],[-3.4982,40.4252],[-3.4985,40.4255],[-3.4987,40.4258],[-3.4991,40.4261],[-3.5007,40.4277],[-3.5033,40.4303],[-3.5039,40.4309],[-3.5044,40.4314],[-3.5049,40.4321],[-3.506,40.4335],[-3.5067,40.4344],[-3.5073,40.4351],[-3.5084,40.4363],[-3.5089,40.4368],[-3.5094,40.4373],[-3.5097,40.4376],[-3.5101,40.438],[-3.5103,40.4381],[-3.5107,40.4384],[-3.5113,40.439],[-3.5115,40.4393],[-3.5116,40.4396],[-3.5118,40.4404],[-3.5119,40.4408],[-3.5124,40.4429],[-3.5127,40.4441],[-3.5127,40.4442],[-3.5127,40.4443],[-3.5128,40.4446],[-3.5128,40.4447],[-3.5128,40.4447],[-3.5129,40.4447],[-3.5133,40.4447],[-3.5136,40.4446],[-3.514,40.4445],[-3.5152,40.4457]]]]},"geometry_name":"GEOMETRY1","properties":{"DS_TIPO_ZONA":"Zonas D: De Explotación Ordenada de los Recursos Naturales","CD_AREA":"D2","NM_AREA_M":58375858,"NM_AREA_HA":5838}},{"type":"Feature","id":"IDEM_MA_PR_SURESTE.9","geometry":{"type":"MultiPolygon","coordinates":[[[[-3.5591,40.134],[-3.5599,40.1341],[-3.5604,40.1342],[-3.5607,40.1342],[-3.5614,40.1342],[-3.5618,40.1342],[-3.5619,40.1342],[-3.562,40.1341],[-3.5621,40.1339],[-3.5622,40.1336],[-3.5624,40.1331],[-3.5625,40.1328],[-3.5625,40.1325],[-3.5625,40.1323],[-3.5625,40.1321],[-3.5624,40.132],[-3.5624,40.1318],[-3.5624,40.1317],[-3.5625,40.1316],[-3.5625,40.1316],[-3.5627,40.1316],[-3.5629,40.1316],[-3.5631,40.1316],[-3.5633,40.1316],[-3.5635,40.1316],[-3.5636,40.1315],[-3.5637,40.1313],[-3.5637,40.1311],[-3.5638,40.1309],[-3.5638,40.1308],[-3.564,40.1308],[-3.5642,40.1308],[-3.5643,40.1308],[-3.5645,40.1308],[-3.5646,40.1308],[-3.5648,40.1307],[-3.5648,40.1307],[-3.5649,40.1306],[-3.5649,40.1305],[-3.5649,40.1304],[-3.5649,40.1302],[-3.5649,40.1301],[-3.565,40.1301],[-3.5651,40.1301],[-3.5655,40.1301],[-3.566,40.13],[-3.5677,40.13],[-3.5683,40.13],[-3.5686,40.1299],[-3.5691,40.1297],[-3.5695,40.1297],[-3.5699,40.1297],[-3.5703,40.1297],[-3.5709,40.1299],[-3.5715,40.13],[-3.5721,40.1302],[-3.5724,40.1302],[-3.5727,40.1301],[-3.5733,40.1303],[-3.5739,40.1306],[-3.5744,40.1308],[-3.5747,40.1308],[-3.575,40.1308],[-3.5754,40.1307],[-3.5756,40.1305],[-3.5759,40.1303],[-3.5764,40.1299],[-3.5771,40.1293],[-3.5778,40.1289],[-3.5784,40.1284],[-3.5789,40.1281],[-3.5794,40.128],[-3.5799,40.1279],[-3.5804,40.1278],[-3.5809,40.1277],[-3.5816,40.1277],[-3.5818,40.1276],[-3.5822,40.1276],[-3.5825,40.1275],[-3.5829,40.1273],[-3.5833,40.127],[-3.5835,40.1268],[-3.5837,40.1266],[-3.5837,40.1264],[-3.5837,40.1261],[-3.5837,40.1259],[-3.5838,40.1258],[-3.584,40.1257],[-3.5843,40.1257],[-3.5846,40.1257],[-3.5848,40.1257],[-3.5852,40.1257],[-3.5855,40.1258],[-3.5861,40.1259],[-3.5864,40.126],[-3.5869,40.126],[-3.5874,40.126],[-3.5878,40.126],[-3.588,40.126],[-3.5884,40.126],[-3.5887,40.126],[-3.589,40.126],[-3.5891,40.126],[-3.5894,40.1258],[-3.5898,40.1255],[-3.5903,40.1251],[-3.5915,40.124],[-3.5924,40.1232],[-3.5933,40.1223],[-3.594,40.1215],[-3.5943,40.1213],[-3.5947,40.1208],[-3.595,40.1204],[-3.5958,40.1198],[-3.5962,40.1196],[-3.5974,40.119],[-3.5979,40.1187],[-3.598,40.1186],[-3.598,40.1184],[-3.5979,40.1182],[-3.5974,40.1177],[-3.5971,40.1173],[-3.5967,40.1168],[-3.5963,40.1162],[-3.5961,40.1154],[-3.596,40.115],[-3.596,40.1146],[-3.596,40.1139],[-3.5961,40.1131],[-3.5962,40.1125],[-3.5964,40.112],[-3.5968,40.1115],[-3.5971,40.1112],[-3.598,40.1103],[-3.5985,40.1099],[-3.5993,40.109],[-3.5997,40.1087],[-3.6004,40.1084],[-3.6006,40.1083],[-3.6011,40.1081],[-3.6016,40.1078],[-3.6023,40.1076],[-3.6027,40.1075],[-3.6028,40.1075],[-3.603,40.1076],[-3.6034,40.1077],[-3.6036,40.1077],[-3.6039,40.1077],[-3.6041,40.1076],[-3.6046,40.1074],[-3.6055,40.1069],[-3.6063,40.1067],[-3.607,40.1064],[-3.6075,40.1061],[-3.6077,40.106],[-3.6081,40.1058],[-3.6082,40.1056],[-3.6083,40.1054],[-3.6084,40.1053],[-3.6086,40.105],[-3.6086,40.1047],[-3.6084,40.1042],[-3.6083,40.1038],[-3.6082,40.1029],[-3.6082,40.1025],[-3.6081,40.102],[-3.6079,40.1016],[-3.608,40.1015],[-3.6085,40.1003],[-3.6087,40.1001],[-3.6094,40.0997],[-3.6102,40.0992],[-3.6102,40.099],[-3.61,40.0987],[-3.6092,40.0981],[-3.6086,40.0978],[-3.6084,40.0978],[-3.608,40.0978],[-3.6075,40.0975],[-3.6072,40.0973],[-3.6068,40.0974],[-3.6062,40.0975],[-3.6059,40.0976],[-3.6056,40.0975],[-3.6053,40.0975],[-3.6051,40.0975],[-3.605,40.0976],[-3.6048,40.0977],[-3.6047,40.0975],[-3.6043,40.0974],[-3.6038,40.0973],[-3.603,40.0972],[-3.6024,40.0971],[-3.602,40.0969],[-3.6015,40.0967],[-3.6011,40.0965],[-3.6008,40.0964],[-3.6005,40.0964],[-3.6003,40.0965],[-3.6001,40.0966],[-3.6001,40.0966],[-3.6,40.0967],[-3.6,40.0968],[-3.5998,40.0968],[-3.5996,40.0968],[-3.5994,40.0968],[-3.5993,40.0968],[-3.599,40.0965],[-3.5988,40.0962],[-3.5987,40.0959],[-3.5985,40.0957],[-3.5984,40.0955],[-3.5982,40.0958],[-3.5978,40.0968],[-3.5974,40.0973],[-3.5972,40.0976],[-3.5969,40.098],[-3.5963,40.0992],[-3.596,40.0997],[-3.5956,40.1005],[-3.5955,40.1007],[-3.5953,40.1009],[-3.5951,40.101],[-3.5951,40.1011],[-3.5951,40.1012],[-3.5952,40.1014],[-3.5953,40.1019],[-3.5953,40.1023],[-3.5951,40.1028],[-3.5944,40.1038],[-3.5934,40.1051],[-3.5931,40.1056],[-3.5925,40.1061],[-3.5922,40.1066],[-3.5914,40.1075],[-3.5911,40.1081],[-3.59,40.1094],[-3.5894,40.1099],[-3.5888,40.1105],[-3.5884,40.111],[-3.5879,40.1117],[-3.5874,40.1125],[-3.5872,40.113],[-3.5863,40.114],[-3.5847,40.1157],[-3.5836,40.1169],[-3.5821,40.1184],[-3.5818,40.1188],[-3.581,40.1201],[-3.5804,40.1212],[-3.58,40.1221],[-3.5798,40.1228],[-3.5794,40.1236],[-3.5789,40.1249],[-3.5787,40.1255],[-3.5774,40.1242],[-3.5757,40.1223],[-3.575,40.1216],[-3.5739,40.122],[-3.573,40.1225],[-3.5716,40.1233],[-3.5708,40.1237],[-3.5693,40.124],[-3.5675,40.1244],[-3.5659,40.1247],[-3.5643,40.1251],[-3.5627,40.1255],[-3.5616,40.1258],[-3.5604,40.1256],[-3.5589,40.1254],[-3.5581,40.1253],[-3.5578,40.1252],[-3.5577,40.1251],[-3.5576,40.1252],[-3.5574,40.1267],[-3.5573,40.1278],[-3.557,40.1297],[-3.557,40.13],[-3.5563,40.1324],[-3.5562,40.1327],[-3.5563,40.1329],[-3.5564,40.133],[-3.5569,40.1335],[-3.5572,40.1337],[-3.5575,40.1339],[-3.5578,40.134],[-3.558,40.134],[-3.5583,40.134],[-3.5588,40.134],[-3.5591,40.134]]],[[[-3.5458,40.2855],[-3.5448,40.2858],[-3.5443,40.2862],[-3.544,40.2867],[-3.5438,40.2873],[-3.5437,40.2883],[-3.5437,40.2886],[-3.5437,40.2891],[-3.5439,40.2896],[-3.5441,40.2901],[-3.5442,40.2905],[-3.5442,40.2908],[-3.5442,40.2916],[-3.5441,40.2921],[-3.5438,40.2928],[-3.5436,40.2936],[-3.5435,40.294],[-3.5434,40.295],[-3.5433,40.2962],[-3.5433,40.2967],[-3.5435,40.2975],[-3.5439,40.2983],[-3.5441,40.2986],[-3.5444,40.2984],[-3.5444,40.2983],[-3.5444,40.2979],[-3.5449,40.2971],[-3.5454,40.2962],[-3.5456,40.296],[-3.5461,40.2954],[-3.5475,40.2931],[-3.5481,40.293],[-3.5484,40.2929],[-3.5488,40.2927],[-3.549,40.2925],[-3.5495,40.292],[-3.5498,40.2918],[-3.5501,40.2915],[-3.5504,40.2911],[-3.5504,40.2908],[-3.5505,40.2905],[-3.5506,40.2901],[-3.551,40.2889],[-3.5515,40.2876],[-3.5524,40.2857],[-3.5526,40.2851],[-3.5536,40.2834],[-3.5543,40.2825],[-3.5555,40.2804],[-3.5572,40.2772],[-3.5576,40.2765],[-3.5577,40.2761],[-3.5579,40.2755],[-3.5579,40.2752],[-3.5579,40.2748],[-3.558,40.2745],[-3.5585,40.2736],[-3.5587,40.2732],[-3.5587,40.2729],[-3.5587,40.2726],[-3.5585,40.272],[-3.5583,40.2714],[-3.5584,40.271],[-3.5585,40.2705],[-3.5587,40.2697],[-3.5592,40.2681],[-3.5592,40.2679],[-3.5592,40.2673],[-3.559,40.2662],[-3.559,40.2657],[-3.559,40.2639],[-3.559,40.2627],[-3.5589,40.2618],[-3.5587,40.2615],[-3.5585,40.261],[-3.5584,40.2607],[-3.5586,40.2602],[-3.5589,40.2598],[-3.5594,40.2595],[-3.5595,40.2594],[-3.5594,40.2593],[-3.5594,40.2592],[-3.5592,40.2588],[-3.5591,40.2585],[-3.5591,40.2582],[-3.5593,40.258],[-3.5599,40.2575],[-3.5604,40.2572],[-3.5607,40.2569],[-3.5609,40.2566],[-3.5611,40.2563],[-3.5614,40.256],[-3.5618,40.2558],[-3.562,40.2554],[-3.5628,40.2543],[-3.5631,40.2537],[-3.5632,40.2532],[-3.5632,40.2531],[-3.5631,40.2528],[-3.5631,40.2524],[-3.5632,40.2517],[-3.5633,40.2512],[-3.5633,40.251],[-3.5635,40.2506],[-3.5636,40.2501],[-3.5647,40.2469],[-3.5654,40.2452],[-3.5656,40.2446],[-3.5658,40.2443],[-3.5667,40.2434],[-3.5699,40.2408],[-3.5713,40.2395],[-3.5719,40.2388],[-3.5721,40.2382],[-3.5724,40.2377],[-3.5729,40.2373],[-3.5733,40.2371],[-3.5735,40.2368],[-3.5738,40.2367],[-3.5755,40.2362],[-3.5766,40.2361],[-3.5774,40.2361],[-3.5776,40.2362],[-3.5776,40.2361],[-3.5775,40.2359],[-3.5774,40.2352],[-3.5773,40.2349],[-3.5772,40.2348],[-3.5772,40.2346],[-3.5762,40.2333],[-3.5758,40.2328],[-3.5756,40.2325],[-3.575,40.2311],[-3.5745,40.2297],[-3.5739,40.2285],[-3.5737,40.2279],[-3.5732,40.2267],[-3.5715,40.2226],[-3.5712,40.222],[-3.5711,40.2217],[-3.5706,40.2203],[-3.5704,40.2195],[-3.5695,40.2195],[-3.5691,40.2196],[-3.5663,40.2196],[-3.5662,40.2198],[-3.5612,40.2197],[-3.5632,40.2187],[-3.5633,40.2186],[-3.5639,40.2183],[-3.5644,40.2179],[-3.5647,40.2174],[-3.5647,40.2173],[-3.5648,40.2171],[-3.5651,40.217],[-3.5654,40.2167],[-3.5656,40.2164],[-3.5656,40.2163],[-3.5655,40.2162],[-3.5656,40.216],[-3.5656,40.2145],[-3.5662,40.2145],[-3.5664,40.2143],[-3.5667,40.2127],[-3.5668,40.2117],[-3.5671,40.2111],[-3.5678,40.2103],[-3.5679,40.2102],[-3.5671,40.2102],[-3.5668,40.2101],[-3.5663,40.2099],[-3.5661,40.2098],[-3.5663,40.2094],[-3.5667,40.2089],[-3.5668,40.2086],[-3.5671,40.2082],[-3.5667,40.208],[-3.5666,40.2078],[-3.5667,40.2075],[-3.5672,40.2073],[-3.5674,40.207],[-3.5676,40.2068],[-3.5677,40.2066],[-3.5678,40.2064],[-3.5678,40.2061],[-3.5677,40.206],[-3.5679,40.2059],[-3.5684,40.2059],[-3.5686,40.2059],[-3.5688,40.2059],[-3.569,40.2058],[-3.5692,40.2058],[-3.5692,40.2057],[-3.5692,40.2055],[-3.5689,40.2054],[-3.569,40.2052],[-3.5691,40.205],[-3.5694,40.2051],[-3.5694,40.2049],[-3.5694,40.2047],[-3.5695,40.2042],[-3.5696,40.2042],[-3.57,40.2043],[-3.5703,40.2045],[-3.5705,40.2046],[-3.5707,40.2047],[-3.5712,40.2052],[-3.5713,40.2051],[-3.5716,40.2047],[-3.5717,40.2047],[-3.5718,40.2047],[-3.5719,40.2046],[-3.5722,40.2045],[-3.5723,40.2044],[-3.5728,40.2045],[-3.5726,40.2047],[-3.5727,40.2049],[-3.5729,40.205],[-3.573,40.2052],[-3.5731,40.2054],[-3.5732,40.2055],[-3.5733,40.2057],[-3.5734,40.2057],[-3.5752,40.2058],[-3.5763,40.2059],[-3.5773,40.2059],[-3.5774,40.2059],[-3.5794,40.2055],[-3.5789,40.2046],[-3.5798,40.2045],[-3.5806,40.2044],[-3.5809,40.2043],[-3.5813,40.2033],[-3.5813,40.2032],[-3.5819,40.2018],[-3.5833,40.2021],[-3.5831,40.2029],[-3.583,40.2036],[-3.583,40.2037],[-3.5829,40.2039],[-3.5829,40.2041],[-3.5846,40.2046],[-3.5849,40.2044],[-3.5854,40.2043],[-3.5857,40.2042],[-3.5867,40.2039],[-3.5882,40.2035],[-3.5882,40.2033],[-3.5892,40.2024],[-3.5894,40.2023],[-3.5897,40.202],[-3.5897,40.2018],[-3.5899,40.2018],[-3.5915,40.2016],[-3.5923,40.2013],[-3.5924,40.2013],[-3.5924,40.2012],[-3.5923,40.2007],[-3.5921,40.2001],[-3.5918,40.1994],[-3.5916,40.199],[-3.5915,40.1984],[-3.5916,40.1977],[-3.5917,40.197],[-3.5917,40.1966],[-3.5916,40.1962],[-3.5916,40.1957],[-3.5918,40.1954],[-3.592,40.195],[-3.5921,40.1948],[-3.592,40.1945],[-3.5921,40.1942],[-3.5922,40.194],[-3.5923,40.1936],[-3.5924,40.1934],[-3.5925,40.1931],[-3.5928,40.1926],[-3.593,40.1921],[-3.5932,40.1917],[-3.5933,40.1912],[-3.5933,40.1908],[-3.5933,40.1905],[-3.5935,40.1901],[-3.5935,40.1897],[-3.5939,40.1892],[-3.5941,40.189],[-3.5941,40.1888],[-3.594,40.1885],[-3.5941,40.1883],[-3.5941,40.1881],[-3.5942,40.1878],[-3.5943,40.1875],[-3.5944,40.1873],[-3.5946,40.1871],[-3.5947,40.1868],[-3.5947,40.1865],[-3.5947,40.1862],[-3.5947,40.1858],[-3.5946,40.1856],[-3.5947,40.1854],[-3.5951,40.1846],[-3.5956,40.1839],[-3.5957,40.1837],[-3.5958,40.1833],[-3.5958,40.1828],[-3.5961,40.1822],[-3.5964,40.1817],[-3.5969,40.1802],[-3.597,40.1794],[-3.5972,40.1789],[-3.5977,40.1782],[-3.5979,40.1777],[-3.5981,40.1769],[-3.5984,40.176],[-3.5991,40.1746],[-3.5997,40.1736],[-3.5999,40.1731],[-3.6001,40.1722],[-3.6004,40.1716],[-3.6008,40.1709],[-3.6012,40.1703],[-3.6014,40.17],[-3.6016,40.1696],[-3.6016,40.1693],[-3.6016,40.1687],[-3.6016,40.1678],[-3.6016,40.167],[-3.6015,40.1667],[-3.6014,40.1661],[-3.6018,40.165],[-3.602,40.1638],[-3.6025,40.1627],[-3.6027,40.1622],[-3.6028,40.1619],[-3.6028,40.1618],[-3.6032,40.1615],[-3.6037,40.1611],[-3.6047,40.1606],[-3.605,40.1607],[-3.6052,40.1607],[-3.6055,40.1608],[-3.6059,40.161],[-3.6064,40.1614],[-3.6069,40.162],[-3.6073,40.1627],[-3.6077,40.1631],[-3.6083,40.1636],[-3.6086,40.1638],[-3.609,40.1642],[-3.6095,40.1647],[-3.61,40.1656],[-3.6105,40.1665],[-3.6108,40.1671],[-3.6111,40.1678],[-3.6113,40.1681],[-3.6117,40.1685],[-3.6132,40.1693],[-3.6139,40.1697],[-3.6145,40.1702],[-3.6149,40.1705],[-3.6156,40.1713],[-3.616,40.1717],[-3.6162,40.1719],[-3.6176,40.1727],[-3.6181,40.1732],[-3.6187,40.1736],[-3.6202,40.1741],[-3.6207,40.1741],[-3.6206,40.1737],[-3.6199,40.1705],[-3.6196,40.1704],[-3.6192,40.1702],[-3.6186,40.1698],[-3.6182,40.1696],[-3.6177,40.1692],[-3.6171,40.1688],[-3.6164,40.1683],[-3.6161,40.168],[-3.6154,40.1674],[-3.6154,40.1674],[-3.6143,40.167],[-3.6125,40.1652],[-3.6113,40.1638],[-3.6103,40.1626],[-3.6096,40.1619],[-3.6084,40.1608],[-3.6074,40.16],[-3.6068,40.1595],[-3.6069,40.1595],[-3.607,40.1594],[-3.607,40.1592],[-3.607,40.1591],[-3.607,40.159],[-3.6069,40.1589],[-3.6068,40.1588],[-3.607,40.1587],[-3.607,40.1586],[-3.6072,40.1584],[-3.6075,40.1582],[-3.6078,40.1581],[-3.6082,40.1579],[-3.6086,40.1578],[-3.6088,40.1577],[-3.609,40.1577],[-3.609,40.1574],[-3.609,40.1572],[-3.6088,40.1566],[-3.6086,40.1561],[-3.6081,40.1551],[-3.6078,40.1542],[-3.6077,40.1534],[-3.6075,40.1526],[-3.6073,40.1522],[-3.6073,40.1514],[-3.6072,40.1506],[-3.6076,40.1481],[-3.6078,40.1473],[-3.608,40.1467],[-3.6091,40.145],[-3.6099,40.1437],[-3.6106,40.1429],[-3.611,40.1425],[-3.6115,40.1419],[-3.6125,40.1405],[-3.6126,40.1402],[-3.6129,40.1399],[-3.6132,40.1396],[-3.6132,40.1393],[-3.6132,40.1389],[-3.6136,40.1382],[-3.6141,40.1373],[-3.6144,40.1365],[-3.6149,40.1347],[-3.6152,40.1339],[-3.6153,40.133],[-3.6156,40.1321],[-3.6158,40.1316],[-3.6162,40.1307],[-3.6168,40.1297],[-3.6175,40.1288],[-3.6184,40.1274],[-3.6188,40.127],[-3.619,40.1268],[-3.6191,40.1266],[-3.6191,40.1264],[-3.6191,40.1261],[-3.6189,40.125],[-3.6189,40.1242],[-3.6187,40.123],[-3.6187,40.1226],[-3.6188,40.1223],[-3.6189,40.1216],[-3.6194,40.1203],[-3.6197,40.1194],[-3.6202,40.1178],[-3.6212,40.1153],[-3.6212,40.1152],[-3.6201,40.1145],[-3.6192,40.1139],[-3.619,40.1138],[-3.6187,40.1137],[-3.6174,40.1131],[-3.6163,40.1126],[-3.6151,40.1121],[-3.6124,40.1114],[-3.6092,40.1098],[-3.6085,40.1094],[-3.6071,40.1098],[-3.6061,40.11],[-3.6054,40.1101],[-3.6046,40.1102],[-3.6022,40.1104],[-3.6017,40.1105],[-3.6014,40.1106],[-3.601,40.111],[-3.6007,40.1113],[-3.5998,40.113],[-3.5993,40.114],[-3.5992,40.1143],[-3.5991,40.1145],[-3.5991,40.1148],[-3.5993,40.1152],[-3.5994,40.1153],[-3.5996,40.1155],[-3.6002,40.1158],[-3.6008,40.1161],[-3.601,40.1163],[-3.6012,40.1165],[-3.6017,40.117],[-3.6017,40.1173],[-3.6017,40.1174],[-3.6016,40.1177],[-3.6012,40.1182],[-3.601,40.1184],[-3.6007,40.1186],[-3.6002,40.1189],[-3.599,40.1196],[-3.5979,40.12],[-3.597,40.1205],[-3.5966,40.1208],[-3.5964,40.1209],[-3.5963,40.1211],[-3.5962,40.1214],[-3.5961,40.1222],[-3.5961,40.1239],[-3.5961,40.1241],[-3.596,40.1244],[-3.5958,40.125],[-3.5957,40.1252],[-3.5955,40.1255],[-3.5947,40.1263],[-3.5938,40.127],[-3.5932,40.1273],[-3.5922,40.1277],[-3.5915,40.1279],[-3.5907,40.128],[-3.5886,40.128],[-3.5872,40.1281],[-3.587,40.1282],[-3.5867,40.1283],[-3.5865,40.1285],[-3.5859,40.1294],[-3.5851,40.1304],[-3.5849,40.1307],[-3.5848,40.1309],[-3.5846,40.1315],[-3.5846,40.1323],[-3.5844,40.1343],[-3.5842,40.1348],[-3.5838,40.1353],[-3.5833,40.1359],[-3.5822,40.1369],[-3.5819,40.1372],[-3.5816,40.1374],[-3.5813,40.1375],[-3.5803,40.138],[-3.5792,40.1383],[-3.5782,40.1386],[-3.5777,40.1386],[-3.5768,40.1387],[-3.5765,40.1388],[-3.5763,40.1388],[-3.5761,40.1389],[-3.5758,40.139],[-3.5756,40.1392],[-3.5755,40.1394],[-3.5754,40.1399],[-3.5755,40.1401],[-3.5772,40.1418],[-3.5785,40.1428],[-3.5785,40.1429],[-3.5783,40.1437],[-3.5784,40.1446],[-3.5783,40.1463],[-3.5782,40.1464],[-3.5777,40.1464],[-3.5774,40.1465],[-3.5771,40.1466],[-3.5766,40.1469],[-3.576,40.1474],[-3.5756,40.1477],[-3.5753,40.1478],[-3.5746,40.1479],[-3.5744,40.148],[-3.5734,40.1485],[-3.5728,40.1487],[-3.5725,40.1488],[-3.5721,40.1489],[-3.5713,40.1488],[-3.5706,40.1488],[-3.5703,40.1489],[-3.5699,40.149],[-3.5694,40.1492],[-3.569,40.1494],[-3.5687,40.1497],[-3.5686,40.1499],[-3.5684,40.1503],[-3.5679,40.1511],[-3.5677,40.1515],[-3.5676,40.1517],[-3.5673,40.1521],[-3.567,40.1521],[-3.5666,40.1521],[-3.5663,40.1524],[-3.5662,40.1528],[-3.5661,40.1535],[-3.5658,40.1546],[-3.5652,40.1552],[-3.564,40.1562],[-3.5639,40.1563],[-3.5637,40.1568],[-3.5634,40.1576],[-3.5635,40.1578],[-3.5638,40.158],[-3.564,40.1583],[-3.5643,40.1588],[-3.5646,40.1593],[-3.5647,40.1598],[-3.5646,40.1603],[-3.5645,40.1607],[-3.5645,40.1609],[-3.5645,40.1614],[-3.5645,40.1624],[-3.5645,40.1632],[-3.5645,40.164],[-3.5646,40.1652],[-3.5647,40.1656],[-3.565,40.166],[-3.5652,40.1662],[-3.5656,40.1664],[-3.5658,40.1665],[-3.5662,40.1666],[-3.5665,40.1668],[-3.5667,40.167],[-3.5667,40.1674],[-3.5667,40.168],[-3.5668,40.1687],[-3.5668,40.169],[-3.5667,40.1693],[-3.5667,40.1694],[-3.5665,40.1695],[-3.5664,40.1697],[-3.5664,40.1699],[-3.5663,40.1704],[-3.5662,40.1705],[-3.5659,40.1706],[-3.5657,40.1708],[-3.5633,40.1724],[-3.5628,40.1729],[-3.5626,40.1731],[-3.5626,40.1735],[-3.5626,40.1739],[-3.5626,40.1743],[-3.5625,40.1747],[-3.5624,40.1749],[-3.5621,40.1749],[-3.5617,40.1749],[-3.5613,40.1749],[-3.5611,40.1749],[-3.5609,40.175],[-3.5607,40.1754],[-3.5606,40.1757],[-3.5606,40.1759],[-3.5607,40.176],[-3.5608,40.1763],[-3.5611,40.1767],[-3.561,40.177],[-3.5609,40.1773],[-3.5605,40.1776],[-3.5601,40.1778],[-3.5596,40.1778],[-3.5593,40.178],[-3.5593,40.1783],[-3.5592,40.1788],[-3.5589,40.1794],[-3.5587,40.1798],[-3.5584,40.1804],[-3.558,40.1811],[-3.5578,40.1816],[-3.5578,40.1819],[-3.5578,40.1821],[-3.5578,40.1823],[-3.5581,40.1826],[-3.5585,40.183],[-3.559,40.1835],[-3.5595,40.184],[-3.5598,40.1844],[-3.5599,40.185],[-3.5601,40.1854],[-3.5602,40.1858],[-3.5602,40.1864],[-3.5601,40.1871],[-3.5601,40.1878],[-3.56,40.1881],[-3.5599,40.1886],[-3.5598,40.189],[-3.5596,40.1896],[-3.5595,40.1902],[-3.5594,40.1906],[-3.5594,40.1912],[-3.5595,40.192],[-3.5594,40.1922],[-3.5592,40.1925],[-3.5591,40.1927],[-3.5591,40.1931],[-3.5592,40.1936],[-3.5594,40.1939],[-3.5595,40.1943],[-3.5595,40.1945],[-3.5595,40.1948],[-3.5596,40.1951],[-3.5597,40.1955],[-3.5598,40.1963],[-3.5598,40.1969],[-3.5598,40.1974],[-3.5598,40.198],[-3.5597,40.1989],[-3.5597,40.1994],[-3.5597,40.2001],[-3.5598,40.2009],[-3.5599,40.2013],[-3.56,40.2017],[-3.5601,40.202],[-3.56,40.2022],[-3.5603,40.2028],[-3.5604,40.2031],[-3.5606,40.2032],[-3.5615,40.2038],[-3.5624,40.2045],[-3.5634,40.2053],[-3.5637,40.2057],[-3.5643,40.2064],[-3.5644,40.2067],[-3.5644,40.207],[-3.5643,40.2075],[-3.5641,40.2083],[-3.5641,40.2087],[-3.5641,40.2091],[-3.5642,40.2094],[-3.5643,40.2097],[-3.5644,40.21],[-3.5641,40.2103],[-3.5637,40.2108],[-3.5633,40.2113],[-3.5629,40.2116],[-3.5624,40.2119],[-3.5618,40.212],[-3.5613,40.2121],[-3.5607,40.2122],[-3.5599,40.2127],[-3.5591,40.2137],[-3.5583,40.2145],[-3.5576,40.2152],[-3.5568,40.2157],[-3.5557,40.2161],[-3.5545,40.2167],[-3.5539,40.217],[-3.5532,40.2174],[-3.553,40.2177],[-3.5526,40.218],[-3.552,40.2185],[-3.551,40.2193],[-3.5493,40.2209],[-3.5489,40.2212],[-3.5488,40.2215],[-3.5488,40.2219],[-3.549,40.2224],[-3.5492,40.223],[-3.5492,40.2234],[-3.5492,40.2236],[-3.5491,40.2239],[-3.5488,40.2243],[-3.5484,40.2247],[-3.548,40.2252],[-3.5477,40.2258],[-3.5475,40.2264],[-3.5472,40.227],[-3.5467,40.2274],[-3.546,40.2281],[-3.5456,40.2283],[-3.5451,40.2289],[-3.5446,40.2292],[-3.5441,40.2295],[-3.5434,40.2299],[-3.543,40.2303],[-3.5423,40.231],[-3.5419,40.2314],[-3.5414,40.2324],[-3.5412,40.2326],[-3.541,40.2329],[-3.5409,40.2335],[-3.5408,40.2342],[-3.5408,40.2347],[-3.5411,40.2355],[-3.5414,40.2363],[-3.5418,40.2368],[-3.5419,40.2369],[-3.5424,40.2373],[-3.5431,40.2377],[-3.5442,40.2383],[-3.5451,40.2388],[-3.5457,40.2393],[-3.5462,40.2398],[-3.5467,40.2404],[-3.5469,40.2408],[-3.547,40.2411],[-3.547,40.2418],[-3.547,40.2421],[-3.547,40.2426],[-3.547,40.2432],[-3.547,40.2436],[-3.5473,40.2442],[-3.5476,40.2446],[-3.5482,40.2455],[-3.5484,40.246],[-3.5486,40.2464],[-3.5486,40.247],[-3.5485,40.2475],[-3.5482,40.248],[-3.5477,40.2486],[-3.5466,40.2498],[-3.5458,40.2504],[-3.5449,40.2513],[-3.5438,40.2523],[-3.5436,40.2525],[-3.5433,40.2529],[-3.5431,40.2533],[-3.5431,40.2537],[-3.5431,40.2548],[-3.5431,40.2555],[-3.5429,40.2567],[-3.5428,40.2572],[-3.5426,40.2579],[-3.542,40.2592],[-3.5418,40.2595],[-3.5414,40.2598],[-3.5412,40.26],[-3.5411,40.2603],[-3.5409,40.2608],[-3.5407,40.2612],[-3.5405,40.2618],[-3.5404,40.2626],[-3.5404,40.2633],[-3.5404,40.2639],[-3.5409,40.2646],[-3.5414,40.2652],[-3.5421,40.2656],[-3.5429,40.2661],[-3.5431,40.2663],[-3.5436,40.2665],[-3.544,40.2669],[-3.5443,40.2671],[-3.5446,40.2673],[-3.5451,40.2673],[-3.5462,40.2672],[-3.5475,40.2671],[-3.5486,40.2668],[-3.5489,40.2668],[-3.5491,40.267],[-3.5494,40.2674],[-3.5498,40.268],[-3.5501,40.2687],[-3.5508,40.2696],[-3.5511,40.2699],[-3.5512,40.2704],[-3.5513,40.2708],[-3.5512,40.2711],[-3.5509,40.2714],[-3.5506,40.2718],[-3.5504,40.2722],[-3.5504,40.2727],[-3.5506,40.273],[-3.5506,40.2732],[-3.5509,40.2733],[-3.5512,40.2735],[-3.5512,40.2739],[-3.5512,40.2743],[-3.551,40.2749],[-3.5509,40.2754],[-3.551,40.276],[-3.5512,40.2767],[-3.5513,40.2772],[-3.5512,40.2775],[-3.5511,40.2777],[-3.5507,40.2781],[-3.5502,40.2784],[-3.5498,40.2787],[-3.5495,40.2789],[-3.5495,40.2793],[-3.5496,40.2795],[-3.5499,40.2798],[-3.5503,40.2799],[-3.5507,40.28],[-3.5512,40.28],[-3.5516,40.2799],[-3.5524,40.2798],[-3.5526,40.2797],[-3.5528,40.2799],[-3.5528,40.2801],[-3.5528,40.2804],[-3.5527,40.2807],[-3.5526,40.2811],[-3.5525,40.2815],[-3.5525,40.2819],[-3.5525,40.2829],[-3.5525,40.2834],[-3.5522,40.284],[-3.5519,40.2845],[-3.5515,40.285],[-3.5511,40.2853],[-3.5502,40.2854],[-3.5496,40.2854],[-3.5489,40.2853],[-3.5482,40.2852],[-3.5474,40.2853],[-3.5468,40.2853],[-3.5462,40.2854],[-3.5458,40.2855]]],[[[-3.5273,40.2361],[-3.5272,40.2361],[-3.5264,40.2363],[-3.5257,40.2365],[-3.5249,40.2367],[-3.5247,40.2369],[-3.5247,40.2371],[-3.5247,40.2374],[-3.5247,40.2375],[-3.524,40.2377],[-3.5222,40.2381],[-3.5214,40.2383],[-3.5212,40.2383],[-3.5212,40.2384],[-3.5212,40.2385],[-3.5218,40.2392],[-3.5224,40.2396],[-3.5236,40.2405],[-3.524,40.241],[-3.5245,40.2419],[-3.5249,40.2428],[-3.525,40.2432],[-3.525,40.2438],[-3.5249,40.2446],[-3.5249,40.2451],[-3.5249,40.2457],[-3.5247,40.2462],[-3.5244,40.247],[-3.5242,40.2475],[-3.5242,40.2482],[-3.5244,40.2488],[-3.5244,40.2492],[-3.5244,40.2493],[-3.5244,40.2494],[-3.5242,40.2495],[-3.5241,40.2495],[-3.5237,40.2494],[-3.5233,40.2492],[-3.5231,40.249],[-3.5226,40.2486],[-3.5222,40.2482],[-3.522,40.248],[-3.5218,40.2478],[-3.5216,40.2478],[-3.5213,40.2477],[-3.5211,40.2476],[-3.521,40.2476],[-3.5209,40.2478],[-3.521,40.248],[-3.5211,40.2482],[-3.5211,40.2485],[-3.5208,40.2488],[-3.5204,40.2491],[-3.5199,40.2493],[-3.5197,40.2495],[-3.5197,40.2497],[-3.5196,40.2498],[-3.5196,40.2501],[-3.5197,40.2501],[-3.5202,40.2501],[-3.5204,40.2502],[-3.5205,40.2503],[-3.5206,40.2505],[-3.5206,40.2508],[-3.5206,40.251],[-3.5208,40.2512],[-3.521,40.2514],[-3.5211,40.2516],[-3.521,40.2523],[-3.5208,40.2525],[-3.5206,40.2525],[-3.5204,40.2525],[-3.5202,40.2523],[-3.5201,40.252],[-3.52,40.2518],[-3.5198,40.2517],[-3.5196,40.2514],[-3.5194,40.2513],[-3.5192,40.2512],[-3.5189,40.2512],[-3.5187,40.2512],[-3.5185,40.251],[-3.5183,40.2508],[-3.5181,40.2508],[-3.5179,40.2509],[-3.5176,40.2511],[-3.5174,40.2513],[-3.517,40.2517],[-3.5168,40.2519],[-3.5166,40.252],[-3.5163,40.252],[-3.5159,40.2518],[-3.5156,40.2516],[-3.5153,40.2515],[-3.5151,40.2514],[-3.5149,40.2514],[-3.5147,40.2514],[-3.5147,40.2516],[-3.5148,40.2517],[-3.5148,40.2519],[-3.5148,40.252],[-3.5145,40.2521],[-3.5141,40.252],[-3.5138,40.252],[-3.5133,40.252],[-3.513,40.252],[-3.5126,40.252],[-3.5121,40.2519],[-3.5117,40.2517],[-3.5114,40.2516],[-3.5111,40.2515],[-3.5109,40.2515],[-3.5107,40.2514],[-3.5105,40.2514],[-3.5104,40.2516],[-3.5106,40.2517],[-3.5109,40.2519],[-3.5111,40.2521],[-3.5113,40.2522],[-3.5113,40.2523],[-3.5113,40.2524],[-3.5115,40.2525],[-3.5116,40.2527],[-3.5116,40.253],[-3.5115,40.2532],[-3.5113,40.2535],[-3.5109,40.2536],[-3.5109,40.2537],[-3.511,40.2537],[-3.5112,40.2537],[-3.5114,40.2537],[-3.5116,40.2536],[-3.5117,40.2536],[-3.5118,40.2537],[-3.5119,40.2538],[-3.512,40.2539],[-3.5121,40.2539],[-3.5122,40.2539],[-3.5123,40.2537],[-3.5124,40.2537],[-3.5125,40.2537],[-3.5126,40.2537],[-3.5128,40.2538],[-3.5129,40.2538],[-3.5131,40.2537],[-3.5133,40.2536],[-3.5135,40.2535],[-3.5139,40.2535],[-3.5144,40.2536],[-3.5145,40.2538],[-3.5145,40.2539],[-3.5145,40.2541],[-3.5146,40.2542],[-3.5147,40.2544],[-3.5149,40.2543],[-3.5151,40.2542],[-3.5152,40.2542],[-3.5154,40.2541],[-3.5155,40.2541],[-3.5158,40.2541],[-3.5162,40.2543],[-3.5163,40.2545],[-3.5163,40.2548],[-3.5162,40.255],[-3.5159,40.2552],[-3.5159,40.2553],[-3.5161,40.2553],[-3.5163,40.2553],[-3.5165,40.2554],[-3.5168,40.2554],[-3.517,40.2555],[-3.5172,40.2556],[-3.5172,40.2558],[-3.5171,40.2561],[-3.5168,40.2562],[-3.5166,40.2563],[-3.5162,40.2564],[-3.516,40.2565],[-3.5158,40.2566],[-3.5157,40.2568],[-3.5155,40.2569],[-3.5153,40.2571],[-3.5153,40.2573],[-3.5157,40.2575],[-3.516,40.2577],[-3.5162,40.2578],[-3.5162,40.2579],[-3.516,40.2583],[-3.5158,40.2583],[-3.5157,40.2584],[-3.5158,40.2586],[-3.5158,40.2587],[-3.5158,40.2589],[-3.5161,40.2589],[-3.5163,40.2588],[-3.5164,40.2587],[-3.5166,40.2587],[-3.5169,40.2587],[-3.5171,40.2587],[-3.5175,40.2586],[-3.5178,40.2585],[-3.5181,40.2583],[-3.5182,40.2581],[-3.5184,40.2579],[-3.5187,40.2579],[-3.519,40.2579],[-3.5193,40.258],[-3.5195,40.2583],[-3.5198,40.2584],[-3.52,40.2585],[-3.5201,40.2586],[-3.5201,40.2588],[-3.5199,40.2588],[-3.5192,40.2589],[-3.5186,40.2589],[-3.5182,40.2589],[-3.5179,40.2589],[-3.5178,40.2591],[-3.5178,40.2596],[-3.5179,40.2601],[-3.5179,40.2605],[-3.5178,40.2608],[-3.5175,40.2612],[-3.5172,40.2613],[-3.517,40.2614],[-3.5169,40.2615],[-3.5171,40.2615],[-3.518,40.2615],[-3.5199,40.2616],[-3.5203,40.2616],[-3.5205,40.2616],[-3.5206,40.2616],[-3.5208,40.2617],[-3.5209,40.262],[-3.521,40.2629],[-3.521,40.2632],[-3.5211,40.2636],[-3.5211,40.2639],[-3.5211,40.2642],[-3.5211,40.2647],[-3.5212,40.2649],[-3.5215,40.2651],[-3.5218,40.2655],[-3.5218,40.2658],[-3.5218,40.2661],[-3.5218,40.2665],[-3.5217,40.2669],[-3.5214,40.2673],[-3.521,40.2677],[-3.5206,40.268],[-3.5201,40.2684],[-3.5195,40.2691],[-3.5191,40.2696],[-3.5188,40.2699],[-3.5185,40.2701],[-3.5184,40.2701],[-3.5182,40.2701],[-3.5179,40.2699],[-3.5178,40.2698],[-3.5175,40.2698],[-3.5174,40.2699],[-3.5172,40.2699],[-3.517,40.2699],[-3.517,40.27],[-3.5175,40.2704],[-3.5179,40.2707],[-3.518,40.2709],[-3.5181,40.2711],[-3.5184,40.2713],[-3.5185,40.2715],[-3.5184,40.2717],[-3.5182,40.2718],[-3.5171,40.2723],[-3.5167,40.2726],[-3.5163,40.2729],[-3.516,40.2731],[-3.5156,40.2734],[-3.5153,40.2738],[-3.515,40.2742],[-3.5149,40.2745],[-3.5147,40.2747],[-3.5144,40.2748],[-3.5141,40.2748],[-3.5137,40.2749],[-3.5134,40.275],[-3.5132,40.2752],[-3.5128,40.2756],[-3.5126,40.2757],[-3.5124,40.2757],[-3.5122,40.2757],[-3.512,40.2754],[-3.512,40.2751],[-3.5121,40.2749],[-3.5122,40.2746],[-3.5119,40.2744],[-3.5116,40.2741],[-3.5115,40.2739],[-3.5115,40.2737],[-3.5116,40.2735],[-3.5115,40.2734],[-3.5111,40.2733],[-3.5107,40.2732],[-3.5102,40.273],[-3.51,40.2728],[-3.5099,40.2725],[-3.5098,40.2724],[-3.5094,40.2723],[-3.5091,40.272],[-3.5092,40.2717],[-3.5092,40.2714],[-3.5092,40.2713],[-3.509,40.2713],[-3.5088,40.2717],[-3.5083,40.2721],[-3.5083,40.2725],[-3.5084,40.2731],[-3.5083,40.2735],[-3.508,40.2738],[-3.5079,40.2739],[-3.5077,40.274],[-3.5068,40.2739],[-3.5061,40.2737],[-3.5055,40.2733],[-3.505,40.273],[-3.5042,40.2722],[-3.5037,40.2717],[-3.5031,40.2712],[-3.5024,40.2705],[-3.5021,40.2699],[-3.5019,40.2694],[-3.5015,40.269],[-3.5009,40.2689],[-3.5003,40.2686],[-3.5,40.2681],[-3.4997,40.2679],[-3.4992,40.2679],[-3.4986,40.2679],[-3.4983,40.2676],[-3.4981,40.2672],[-3.4977,40.2668],[-3.4971,40.2662],[-3.4967,40.2658],[-3.4965,40.2654],[-3.496,40.2652],[-3.4957,40.2651],[-3.4953,40.2651],[-3.4949,40.2651],[-3.4945,40.2648],[-3.4941,40.2647],[-3.4939,40.2648],[-3.4939,40.2653],[-3.4941,40.2659],[-3.4941,40.2661],[-3.4945,40.2664],[-3.4948,40.2667],[-3.4948,40.267],[-3.495,40.2673],[-3.4953,40.268],[-3.4953,40.2685],[-3.4951,40.2691],[-3.4951,40.2693],[-3.4954,40.2693],[-3.496,40.2693],[-3.4963,40.2695],[-3.4966,40.2698],[-3.4966,40.2701],[-3.497,40.2702],[-3.4973,40.2702],[-3.4974,40.2707],[-3.4975,40.2707],[-3.4978,40.2708],[-3.4978,40.271],[-3.4981,40.271],[-3.4984,40.271],[-3.4988,40.2712],[-3.4991,40.2717],[-3.4995,40.2718],[-3.5,40.2722],[-3.5,40.2726],[-3.4999,40.2728],[-3.5,40.2729],[-3.5005,40.2733],[-3.5007,40.2733],[-3.501,40.2732],[-3.5013,40.2731],[-3.5018,40.2731],[-3.5024,40.2735],[-3.5029,40.2739],[-3.504,40.2749],[-3.5047,40.2757],[-3.5049,40.2761],[-3.505,40.2764],[-3.5048,40.2767],[-3.5044,40.2768],[-3.5039,40.2768],[-3.5031,40.2768],[-3.5018,40.2766],[-3.5018,40.2762],[-3.5009,40.2757],[-3.5004,40.2753],[-3.5,40.2748],[-3.4996,40.2741],[-3.4993,40.2737],[-3.4987,40.2732],[-3.4985,40.273],[-3.4982,40.2723],[-3.498,40.2721],[-3.4971,40.2718],[-3.4955,40.2713],[-3.4949,40.2711],[-3.4945,40.2711],[-3.4943,40.2712],[-3.4938,40.2713],[-3.4934,40.2712],[-3.4927,40.271],[-3.4922,40.2704],[-3.4917,40.2697],[-3.4916,40.2696],[-3.4916,40.2691],[-3.4916,40.2687],[-3.4916,40.2686],[-3.4913,40.2684],[-3.491,40.2684],[-3.4906,40.2683],[-3.4901,40.2681],[-3.4878,40.2678],[-3.4861,40.2678],[-3.4853,40.268],[-3.4846,40.2688],[-3.4843,40.2692],[-3.4837,40.2695],[-3.4835,40.2697],[-3.4832,40.2698],[-3.4826,40.2698],[-3.4825,40.2698],[-3.4825,40.2699],[-3.4827,40.2701],[-3.483,40.2702],[-3.4832,40.2703],[-3.4833,40.2704],[-3.4833,40.2706],[-3.4832,40.2708],[-3.483,40.2712],[-3.4831,40.2713],[-3.4832,40.2713],[-3.4835,40.2713],[-3.484,40.2711],[-3.4843,40.271],[-3.4846,40.2709],[-3.485,40.2709],[-3.4853,40.2709],[-3.4854,40.271],[-3.4856,40.2712],[-3.4854,40.2717],[-3.4854,40.2718],[-3.4856,40.2719],[-3.4859,40.2719],[-3.4861,40.2718],[-3.4865,40.2715],[-3.4867,40.2714],[-3.4869,40.2714],[-3.4871,40.2716],[-3.4878,40.2719],[-3.4882,40.2723],[-3.4883,40.2724],[-3.4883,40.2726],[-3.4882,40.2727],[-3.4879,40.2728],[-3.4879,40.2729],[-3.4879,40.273],[-3.4882,40.2735],[-3.4881,40.2736],[-3.4879,40.2736],[-3.4876,40.2736],[-3.4873,40.2735],[-3.4868,40.2733],[-3.4864,40.2733],[-3.4863,40.2733],[-3.4861,40.2735],[-3.4859,40.2736],[-3.4857,40.2735],[-3.4853,40.2735],[-3.485,40.2735],[-3.4849,40.2736],[-3.4849,40.2739],[-3.4855,40.2741],[-3.4857,40.2743],[-3.4857,40.2744],[-3.4856,40.2746],[-3.4856,40.2748],[-3.4857,40.2749],[-3.4865,40.2751],[-3.4867,40.2752],[-3.4867,40.2754],[-3.4868,40.2755],[-3.4877,40.2757],[-3.4882,40.276],[-3.4884,40.276],[-3.4885,40.2762],[-3.4884,40.2764],[-3.4882,40.2764],[-3.4879,40.2765],[-3.4875,40.2764],[-3.487,40.2763],[-3.4865,40.2763],[-3.4864,40.2764],[-3.4863,40.2766],[-3.4864,40.2767],[-3.4869,40.2769],[-3.4871,40.2771],[-3.4872,40.2772],[-3.4871,40.2774],[-3.4869,40.2775],[-3.4872,40.2781],[-3.4871,40.2792],[-3.4868,40.2799],[-3.4869,40.2801],[-3.4874,40.2801],[-3.4884,40.2799],[-3.4897,40.28],[-3.4908,40.2801],[-3.4922,40.2807],[-3.4928,40.2809],[-3.4931,40.2811],[-3.4934,40.2815],[-3.4936,40.2819],[-3.4937,40.2822],[-3.4936,40.2825],[-3.4934,40.2827],[-3.4926,40.2828],[-3.4917,40.2827],[-3.4908,40.2823],[-3.4899,40.2819],[-3.4895,40.2818],[-3.4891,40.2819],[-3.489,40.282],[-3.489,40.2823],[-3.4891,40.2834],[-3.489,40.2837],[-3.4887,40.2839],[-3.4884,40.2839],[-3.488,40.2839],[-3.4874,40.2838],[-3.487,40.2836],[-3.4867,40.2833],[-3.4858,40.2821],[-3.4855,40.2819],[-3.4851,40.2817],[-3.4847,40.2817],[-3.4842,40.2818],[-3.4838,40.2821],[-3.4836,40.2823],[-3.4831,40.2828],[-3.4827,40.283],[-3.4823,40.2832],[-3.4819,40.2832],[-3.4817,40.283],[-3.4815,40.2828],[-3.4815,40.2825],[-3.4812,40.2818],[-3.4809,40.2816],[-3.4805,40.2815],[-3.48,40.2814],[-3.4795,40.2812],[-3.4789,40.2811],[-3.4779,40.2809],[-3.4774,40.281],[-3.4773,40.2811],[-3.4772,40.2814],[-3.4772,40.2818],[-3.4778,40.2825],[-3.4781,40.283],[-3.4782,40.2834],[-3.4782,40.2837],[-3.479,40.284],[-3.48,40.2843],[-3.481,40.2846],[-3.4821,40.2846],[-3.4833,40.2845],[-3.4839,40.2844],[-3.4841,40.2844],[-3.4843,40.2845],[-3.4846,40.2847],[-3.4848,40.2848],[-3.4849,40.2849],[-3.4851,40.2851],[-3.4854,40.2854],[-3.4856,40.2855],[-3.4862,40.2859],[-3.4865,40.286],[-3.4866,40.2861],[-3.4867,40.2862],[-3.487,40.2864],[-3.4872,40.2866],[-3.4876,40.2869],[-3.4879,40.287],[-3.488,40.2871],[-3.4884,40.2874],[-3.4897,40.2885],[-3.4904,40.289],[-3.491,40.2894],[-3.4916,40.2898],[-3.492,40.2901],[-3.4923,40.2904],[-3.4915,40.2907],[-3.491,40.291],[-3.4904,40.2913],[-3.4893,40.2918],[-3.4886,40.2922],[-3.4884,40.2923],[-3.4882,40.2926],[-3.4881,40.2928],[-3.4881,40.293],[-3.4882,40.2932],[-3.4882,40.2934],[-3.4882,40.2936],[-3.4881,40.2938],[-3.488,40.2938],[-3.4872,40.2942],[-3.4867,40.2946],[-3.4864,40.2948],[-3.4861,40.295],[-3.4858,40.2952],[-3.4852,40.2956],[-3.4847,40.296],[-3.4845,40.2962],[-3.4841,40.2964],[-3.4836,40.2968],[-3.4833,40.2969],[-3.4829,40.2973],[-3.483,40.299],[-3.4834,40.2999],[-3.4842,40.3005],[-3.4863,40.3028],[-3.4888,40.3055],[-3.4919,40.3089],[-3.4923,40.3094],[-3.4927,40.3098],[-3.4941,40.3113],[-3.4947,40.3119],[-3.4954,40.3124],[-3.4957,40.3126],[-3.4962,40.313],[-3.4968,40.3133],[-3.4952,40.3131],[-3.4915,40.3123],[-3.4919,40.3126],[-3.495,40.3146],[-3.4973,40.3146],[-3.4994,40.3149],[-3.5016,40.315],[-3.5033,40.3151],[-3.5062,40.3156],[-3.5086,40.3162],[-3.5109,40.3172],[-3.5142,40.3189],[-3.5135,40.3183],[-3.5141,40.3179],[-3.5136,40.3173],[-3.5127,40.3178],[-3.5125,40.3177],[-3.5124,40.3176],[-3.5114,40.3172],[-3.511,40.3171],[-3.5108,40.317],[-3.5106,40.3169],[-3.5105,40.3166],[-3.5104,40.3153],[-3.5103,40.3142],[-3.5102,40.3131],[-3.5102,40.3128],[-3.5102,40.3126],[-3.5103,40.3126],[-3.5104,40.3126],[-3.5105,40.3126],[-3.5112,40.313],[-3.5122,40.3137],[-3.5126,40.314],[-3.5129,40.3144],[-3.5132,40.3148],[-3.5132,40.315],[-3.5131,40.3158],[-3.513,40.3161],[-3.5127,40.3164],[-3.5127,40.3165],[-3.5139,40.3169],[-3.5147,40.3151],[-3.5169,40.3154],[-3.5171,40.3201],[-3.5185,40.3204],[-3.5192,40.3205],[-3.5197,40.3205],[-3.5202,40.3204],[-3.5206,40.3203],[-3.521,40.32],[-3.5214,40.3197],[-3.522,40.3186],[-3.5225,40.3175],[-3.5229,40.3165],[-3.5229,40.3159],[-3.5229,40.3155],[-3.5231,40.3152],[-3.5233,40.3147],[-3.5239,40.3139],[-3.5247,40.313],[-3.525,40.3126],[-3.5253,40.3122],[-3.5257,40.3116],[-3.5261,40.3112],[-3.5266,40.3108],[-3.5276,40.3103],[-3.5259,40.3103],[-3.5238,40.3102],[-3.5226,40.3101],[-3.5215,40.31],[-3.521,40.31],[-3.52,40.3101],[-3.5197,40.3101],[-3.5195,40.3099],[-3.5193,40.3093],[-3.5193,40.3085],[-3.5192,40.3078],[-3.5192,40.3073],[-3.5191,40.3068],[-3.5191,40.3065],[-3.5192,40.3059],[-3.5194,40.3055],[-3.5199,40.3051],[-3.5229,40.3037],[-3.526,40.3022],[-3.5263,40.302],[-3.5266,40.3016],[-3.5272,40.3002],[-3.5273,40.3],[-3.535,40.3025],[-3.5354,40.3026],[-3.5357,40.3026],[-3.5359,40.3026],[-3.5361,40.3024],[-3.5366,40.302],[-3.5369,40.3019],[-3.5379,40.3016],[-3.5382,40.3014],[-3.539,40.3011],[-3.5394,40.3008],[-3.5399,40.3005],[-3.5405,40.3002],[-3.541,40.2999],[-3.5412,40.2997],[-3.5414,40.2995],[-3.5415,40.2992],[-3.5416,40.2989],[-3.5418,40.2974],[-3.542,40.2966],[-3.542,40.2959],[-3.5421,40.2947],[-3.5421,40.2943],[-3.5421,40.2938],[-3.5422,40.2935],[-3.5423,40.2931],[-3.5423,40.2929],[-3.5422,40.2926],[-3.5421,40.2923],[-3.542,40.292],[-3.542,40.2916],[-3.542,40.2912],[-3.542,40.2898],[-3.542,40.289],[-3.542,40.2886],[-3.542,40.2884],[-3.542,40.2881],[-3.5421,40.2876],[-3.5422,40.2873],[-3.5423,40.2868],[-3.5427,40.2862],[-3.5429,40.2859],[-3.5434,40.2854],[-3.5439,40.2849],[-3.5441,40.2845],[-3.5446,40.2835],[-3.5449,40.2829],[-3.5451,40.2823],[-3.5454,40.2816],[-3.5455,40.2814],[-3.5459,40.281],[-3.5462,40.2807],[-3.5465,40.2804],[-3.5467,40.2803],[-3.5469,40.2803],[-3.5471,40.2803],[-3.5474,40.2803],[-3.5476,40.2802],[-3.5477,40.28],[-3.5477,40.2799],[-3.5477,40.2797],[-3.5474,40.2795],[-3.5471,40.2793],[-3.5469,40.279],[-3.5468,40.2788],[-3.5467,40.2784],[-3.5466,40.2781],[-3.5463,40.2776],[-3.546,40.2772],[-3.5457,40.2768],[-3.5455,40.2765],[-3.5453,40.2758],[-3.545,40.275],[-3.5448,40.2746],[-3.5446,40.2743],[-3.5443,40.2737],[-3.544,40.2727],[-3.5439,40.2722],[-3.5438,40.2716],[-3.5437,40.271],[-3.5437,40.2705],[-3.5437,40.2703],[-3.5437,40.2701],[-3.543,40.27],[-3.5412,40.2698],[-3.5389,40.2695],[-3.538,40.2694],[-3.538,40.2693],[-3.538,40.2691],[-3.5383,40.2686],[-3.5387,40.2682],[-3.539,40.2676],[-3.539,40.267],[-3.539,40.2668],[-3.5388,40.2665],[-3.5384,40.2662],[-3.5382,40.2657],[-3.5379,40.265],[-3.5375,40.2641],[-3.5373,40.2634],[-3.5372,40.2625],[-3.5372,40.2616],[-3.5372,40.261],[-3.5372,40.2606],[-3.5374,40.2599],[-3.5377,40.2596],[-3.5379,40.2592],[-3.538,40.2587],[-3.5379,40.2581],[-3.5378,40.2576],[-3.5378,40.257],[-3.5379,40.2564],[-3.5382,40.2557],[-3.539,40.2548],[-3.5395,40.2543],[-3.5407,40.253],[-3.5415,40.2521],[-3.5421,40.251],[-3.5425,40.25],[-3.5427,40.2492],[-3.5429,40.2488],[-3.5429,40.2471],[-3.5428,40.2458],[-3.5428,40.2448],[-3.5428,40.244],[-3.543,40.2431],[-3.5433,40.2421],[-3.5437,40.2412],[-3.5437,40.2407],[-3.5436,40.2403],[-3.5431,40.2396],[-3.5424,40.2391],[-3.5411,40.2381],[-3.5403,40.2375],[-3.5398,40.2371],[-3.5388,40.2364],[-3.538,40.2356],[-3.5376,40.235],[-3.5375,40.234],[-3.5378,40.2331],[-3.5381,40.2323],[-3.5385,40.2318],[-3.539,40.2309],[-3.5396,40.2304],[-3.5402,40.2302],[-3.5405,40.23],[-3.5407,40.2298],[-3.541,40.2293],[-3.5412,40.229],[-3.5415,40.2286],[-3.5418,40.2283],[-3.5421,40.2282],[-3.5422,40.2279],[-3.5423,40.2277],[-3.5427,40.2274],[-3.5433,40.2267],[-3.5442,40.2259],[-3.5449,40.2251],[-3.5452,40.2244],[-3.5455,40.2237],[-3.5455,40.2232],[-3.5453,40.2227],[-3.5454,40.2222],[-3.5456,40.2215],[-3.5458,40.2208],[-3.5462,40.2197],[-3.5466,40.2186],[-3.5472,40.2176],[-3.5479,40.2167],[-3.5491,40.216],[-3.5501,40.2156],[-3.5508,40.2154],[-3.5521,40.215],[-3.553,40.2144],[-3.5544,40.2135],[-3.556,40.2124],[-3.5566,40.2117],[-3.5571,40.2111],[-3.5576,40.2104],[-3.5583,40.2095],[-3.5587,40.2088],[-3.5589,40.2079],[-3.5592,40.2065],[-3.5592,40.2057],[-3.5591,40.2052],[-3.559,40.2046],[-3.5585,40.2032],[-3.558,40.2019],[-3.5577,40.2006],[-3.5577,40.2001],[-3.5577,40.1994],[-3.558,40.1987],[-3.5583,40.1983],[-3.5586,40.1976],[-3.5586,40.1972],[-3.5584,40.1964],[-3.5583,40.1956],[-3.5582,40.195],[-3.5581,40.1944],[-3.558,40.1937],[-3.5577,40.193],[-3.5574,40.1926],[-3.5573,40.1928],[-3.5567,40.193],[-3.5534,40.1945],[-3.5525,40.195],[-3.5524,40.1951],[-3.5517,40.1965],[-3.5512,40.1978],[-3.551,40.1982],[-3.5506,40.1994],[-3.5506,40.1995],[-3.5539,40.1996],[-3.5559,40.1996],[-3.5563,40.2001],[-3.5561,40.2004],[-3.5559,40.2011],[-3.556,40.2012],[-3.5559,40.2015],[-3.5559,40.2019],[-3.5559,40.2022],[-3.5558,40.2024],[-3.5557,40.2027],[-3.5555,40.2032],[-3.5554,40.2036],[-3.5554,40.204],[-3.5554,40.2045],[-3.5554,40.2049],[-3.5556,40.2051],[-3.5557,40.2054],[-3.5558,40.2057],[-3.5557,40.2059],[-3.5557,40.2061],[-3.5553,40.2064],[-3.5549,40.2066],[-3.5546,40.2067],[-3.5543,40.2068],[-3.554,40.2071],[-3.5538,40.2073],[-3.5485,40.2069],[-3.5483,40.2071],[-3.5482,40.2067],[-3.5478,40.2058],[-3.5475,40.205],[-3.5464,40.204],[-3.5461,40.2038],[-3.5463,40.2044],[-3.5463,40.2049],[-3.5462,40.2055],[-3.546,40.2064],[-3.5461,40.2069],[-3.5462,40.2071],[-3.5466,40.2074],[-3.5468,40.2076],[-3.5468,40.2079],[-3.5466,40.2084],[-3.5464,40.2086],[-3.5464,40.2088],[-3.5465,40.2091],[-3.5467,40.2093],[-3.5467,40.2095],[-3.5466,40.2098],[-3.5466,40.2101],[-3.5467,40.2108],[-3.5467,40.2113],[-3.5467,40.212],[-3.5467,40.2124],[-3.5466,40.2127],[-3.5463,40.2131],[-3.5455,40.2139],[-3.5444,40.2145],[-3.5437,40.2149],[-3.5429,40.2157],[-3.5421,40.2166],[-3.5412,40.2174],[-3.54,40.2189],[-3.5395,40.2197],[-3.539,40.2206],[-3.5388,40.2212],[-3.5385,40.222],[-3.5384,40.223],[-3.5383,40.2234],[-3.5381,40.2239],[-3.5379,40.2245],[-3.5376,40.2251],[-3.5373,40.2255],[-3.5368,40.2262],[-3.5363,40.2269],[-3.5358,40.2277],[-3.5353,40.2286],[-3.5347,40.2295],[-3.534,40.2305],[-3.5339,40.2305],[-3.5338,40.2305],[-3.5336,40.2305],[-3.5334,40.2302],[-3.5332,40.2299],[-3.533,40.2295],[-3.5325,40.2287],[-3.5322,40.2283],[-3.5319,40.2279],[-3.5317,40.2277],[-3.5314,40.2275],[-3.5311,40.2273],[-3.531,40.2272],[-3.5308,40.2271],[-3.5305,40.2272],[-3.5302,40.2273],[-3.5299,40.2273],[-3.5299,40.2272],[-3.5298,40.227],[-3.53,40.2268],[-3.5303,40.2265],[-3.5304,40.2263],[-3.5304,40.2261],[-3.5304,40.2261],[-3.5302,40.226],[-3.53,40.226],[-3.5299,40.2259],[-3.53,40.2257],[-3.5301,40.2254],[-3.5302,40.2253],[-3.5301,40.2251],[-3.5301,40.225],[-3.5302,40.2249],[-3.5302,40.2248],[-3.5301,40.2248],[-3.5298,40.2248],[-3.5297,40.2248],[-3.5295,40.2249],[-3.5295,40.225],[-3.5295,40.2252],[-3.5291,40.2256],[-3.5288,40.2257],[-3.5285,40.2258],[-3.5284,40.2259],[-3.5283,40.2262],[-3.5281,40.2264],[-3.5278,40.2266],[-3.5275,40.2266],[-3.5272,40.2265],[-3.5269,40.2263],[-3.5269,40.226],[-3.5269,40.2258],[-3.5268,40.2257],[-3.5267,40.2257],[-3.5267,40.2255],[-3.5269,40.2251],[-3.5271,40.225],[-3.5274,40.2249],[-3.5276,40.2247],[-3.5278,40.2245],[-3.5278,40.2243],[-3.5277,40.2243],[-3.5274,40.2244],[-3.5273,40.2245],[-3.5272,40.2244],[-3.527,40.2242],[-3.527,40.2241],[-3.5268,40.2238],[-3.5267,40.2238],[-3.5267,40.224],[-3.5264,40.2244],[-3.5261,40.2248],[-3.5258,40.225],[-3.5255,40.225],[-3.5253,40.2253],[-3.5251,40.2253],[-3.5249,40.2258],[-3.5249,40.2261],[-3.5249,40.2264],[-3.5249,40.2268],[-3.525,40.2269],[-3.5252,40.2269],[-3.5255,40.2271],[-3.5265,40.2278],[-3.5269,40.2284],[-3.5271,40.2286],[-3.5272,40.2289],[-3.5278,40.2296],[-3.528,40.2301],[-3.5283,40.2306],[-3.5286,40.231],[-3.5292,40.2314],[-3.5297,40.2316],[-3.5299,40.2319],[-3.5299,40.2312],[-3.5298,40.2289],[-3.5304,40.2291],[-3.5309,40.2293],[-3.5319,40.2295],[-3.5321,40.2295],[-3.5326,40.2295],[-3.533,40.23],[-3.5334,40.2303],[-3.5335,40.2305],[-3.5334,40.2308],[-3.5332,40.2311],[-3.533,40.2313],[-3.5332,40.2321],[-3.5317,40.2322],[-3.5311,40.2323],[-3.5312,40.2323],[-3.5316,40.2325],[-3.5323,40.2328],[-3.5325,40.2331],[-3.5326,40.2335],[-3.5326,40.2337],[-3.5325,40.2339],[-3.5321,40.2342],[-3.531,40.2347],[-3.5301,40.2352],[-3.5293,40.2355],[-3.5285,40.2358],[-3.5273,40.2361]],[[-3.5273,40.2361],[-3.5278,40.2362],[-3.5284,40.2362],[-3.5291,40.2361],[-3.529,40.2356],[-3.5296,40.2355],[-3.5297,40.2354],[-3.5302,40.2354],[-3.5302,40.2356],[-3.5306,40.2356],[-3.5315,40.2353],[-3.5315,40.2352],[-3.5319,40.2351],[-3.532,40.2352],[-3.5324,40.235],[-3.5328,40.2348],[-3.5334,40.2345],[-3.5335,40.2347],[-3.5342,40.2345],[-3.535,40.2357],[-3.5355,40.2361],[-3.5356,40.2363],[-3.5356,40.2369],[-3.5354,40.2374],[-3.5353,40.2377],[-3.5352,40.2383],[-3.5352,40.2387],[-3.5353,40.2392],[-3.5359,40.2406],[-3.5363,40.2418],[-3.5366,40.2428],[-3.5368,40.2439],[-3.5368,40.2446],[-3.5364,40.2449],[-3.5362,40.245],[-3.5359,40.2447],[-3.5356,40.2444],[-3.5353,40.2441],[-3.5352,40.2439],[-3.5348,40.2439],[-3.5345,40.2439],[-3.5344,40.244],[-3.5341,40.2437],[-3.5339,40.2435],[-3.5337,40.2433],[-3.5336,40.2431],[-3.5333,40.243],[-3.533,40.2431],[-3.5328,40.2432],[-3.5326,40.2431],[-3.5327,40.2429],[-3.5323,40.2425],[-3.5318,40.2421],[-3.5316,40.2418],[-3.5315,40.2417],[-3.5312,40.2415],[-3.5311,40.2415],[-3.5308,40.2415],[-3.5306,40.2413],[-3.5306,40.2412],[-3.5304,40.2411],[-3.53,40.2409],[-3.5298,40.2408],[-3.5297,40.2407],[-3.5295,40.2405],[-3.5291,40.2402],[-3.5287,40.24],[-3.5283,40.2398],[-3.5281,40.2397],[-3.528,40.2398],[-3.5275,40.2399],[-3.5273,40.24],[-3.5271,40.2399],[-3.5267,40.2398],[-3.5265,40.2398],[-3.5264,40.2365],[-3.5273,40.2364],[-3.5273,40.2361]],[[-3.5063,40.2937],[-3.5061,40.293],[-3.506,40.2928],[-3.5053,40.2915],[-3.5049,40.2909],[-3.5045,40.2903],[-3.5041,40.2897],[-3.5038,40.2895],[-3.5022,40.2864],[-3.5071,40.2861],[-3.5076,40.2904],[-3.5079,40.2929],[-3.508,40.2929],[-3.5107,40.2924],[-3.5115,40.2923],[-3.5115,40.2917],[-3.5115,40.2914],[-3.5116,40.2911],[-3.5121,40.2901],[-3.5123,40.2899],[-3.5128,40.2894],[-3.5131,40.2892],[-3.5134,40.289],[-3.5137,40.2889],[-3.5143,40.2888],[-3.5146,40.2887],[-3.5157,40.29],[-3.5171,40.2916],[-3.5215,40.2896],[-3.5223,40.2904],[-3.5224,40.2919],[-3.5219,40.2922],[-3.5227,40.2933],[-3.5216,40.2939],[-3.5213,40.2943],[-3.5208,40.2948],[-3.5203,40.2952],[-3.5196,40.2959],[-3.5188,40.2965],[-3.518,40.2973],[-3.5177,40.2976],[-3.5159,40.2984],[-3.5143,40.2992],[-3.5139,40.2993],[-3.5126,40.2993],[-3.5124,40.2994],[-3.5115,40.2998],[-3.5106,40.3001],[-3.5104,40.3002],[-3.5103,40.3003],[-3.5114,40.3006],[-3.5108,40.3016],[-3.5114,40.3023],[-3.5116,40.3026],[-3.5091,40.3022],[-3.509,40.3023],[-3.5085,40.3025],[-3.5082,40.3028],[-3.5081,40.3033],[-3.5079,40.3037],[-3.5079,40.3039],[-3.508,40.3043],[-3.508,40.3045],[-3.5081,40.3047],[-3.5084,40.3048],[-3.5088,40.3048],[-3.509,40.3048],[-3.509,40.3049],[-3.509,40.3051],[-3.5091,40.3058],[-3.5092,40.3061],[-3.5092,40.3064],[-3.5092,40.3065],[-3.509,40.3066],[-3.5087,40.3067],[-3.5081,40.3068],[-3.5079,40.3069],[-3.5075,40.3069],[-3.507,40.3069],[-3.5064,40.3068],[-3.5061,40.3067],[-3.5053,40.3063],[-3.505,40.3062],[-3.5049,40.3062],[-3.5047,40.3063],[-3.5045,40.3066],[-3.5043,40.3068],[-3.5041,40.3069],[-3.5036,40.3069],[-3.5029,40.3068],[-3.5021,40.3067],[-3.5014,40.3066],[-3.5004,40.3067],[-3.4997,40.3069],[-3.4974,40.3075],[-3.4964,40.3078],[-3.4962,40.3078],[-3.4962,40.3077],[-3.4962,40.3075],[-3.4964,40.3072],[-3.497,40.3067],[-3.4972,40.3065],[-3.4975,40.3061],[-3.4977,40.3059],[-3.498,40.3057],[-3.4981,40.3056],[-3.4979,40.3055],[-3.4966,40.3045],[-3.4963,40.3043],[-3.4959,40.3041],[-3.4956,40.304],[-3.4953,40.3039],[-3.4951,40.3038],[-3.4949,40.3036],[-3.4949,40.3034],[-3.4947,40.3031],[-3.4945,40.3029],[-3.4942,40.3028],[-3.4939,40.3026],[-3.4936,40.3025],[-3.4934,40.3022],[-3.4933,40.3021],[-3.4933,40.3021],[-3.4934,40.302],[-3.4937,40.302],[-3.4942,40.302],[-3.4951,40.3019],[-3.4953,40.3019],[-3.4954,40.3019],[-3.4954,40.3017],[-3.4952,40.3015],[-3.4949,40.3013],[-3.4947,40.3012],[-3.4945,40.3012],[-3.4941,40.3012],[-3.4938,40.3011],[-3.4936,40.301],[-3.4936,40.3008],[-3.4936,40.3007],[-3.4938,40.3004],[-3.494,40.3002],[-3.4943,40.2999],[-3.4945,40.2997],[-3.4947,40.2994],[-3.495,40.2989],[-3.4951,40.2985],[-3.4952,40.2981],[-3.4952,40.2975],[-3.4952,40.2971],[-3.4952,40.2966],[-3.4953,40.2964],[-3.4954,40.2962],[-3.4957,40.2959],[-3.4958,40.2958],[-3.4961,40.2958],[-3.4963,40.2958],[-3.4965,40.2958],[-3.4967,40.2961],[-3.4969,40.2962],[-3.4972,40.2962],[-3.4974,40.2961],[-3.4976,40.296],[-3.4977,40.2959],[-3.4976,40.2957],[-3.4974,40.2954],[-3.4974,40.2953],[-3.4975,40.2952],[-3.4988,40.2947],[-3.4996,40.2943],[-3.4999,40.2942],[-3.5,40.2942],[-3.5003,40.2942],[-3.5007,40.2943],[-3.5009,40.2945],[-3.501,40.2947],[-3.501,40.2949],[-3.5015,40.2952],[-3.5018,40.2953],[-3.502,40.2952],[-3.5022,40.2951],[-3.5024,40.295],[-3.5028,40.2952],[-3.5029,40.2953],[-3.5032,40.2957],[-3.5035,40.2961],[-3.5042,40.2969],[-3.5048,40.2974],[-3.5058,40.2979],[-3.5068,40.2982],[-3.5075,40.2984],[-3.5082,40.2984],[-3.5082,40.2984],[-3.5081,40.2972],[-3.508,40.2972],[-3.5079,40.2971],[-3.5076,40.2965],[-3.5073,40.2959],[-3.507,40.2952],[-3.5068,40.2948],[-3.5066,40.2942],[-3.5063,40.2937]]]]},"geometry_name":"GEOMETRY1","properties":{"DS_TIPO_ZONA":"Zonas D: De Explotación Ordenada de los Recursos Naturales","CD_AREA":"D3","NM_AREA_M":73854385,"NM_AREA_HA":7385}},{"type":"Feature","id":"IDEM_MA_PR_SURESTE.10","geometry":{"type":"MultiPolygon","coordinates":[[[[-3.477,40.2773],[-3.4774,40.2773],[-3.4777,40.2773],[-3.4791,40.2771],[-3.4798,40.277],[-3.4804,40.277],[-3.4808,40.2771],[-3.4815,40.277],[-3.4827,40.2771],[-3.4823,40.2768],[-3.4816,40.2766],[-3.4811,40.2766],[-3.4792,40.2762],[-3.4775,40.2755],[-3.477,40.2752],[-3.4768,40.275],[-3.4766,40.2743],[-3.4767,40.2737],[-3.4769,40.2733],[-3.4772,40.273],[-3.4775,40.2728],[-3.4778,40.2727],[-3.4782,40.2726],[-3.4786,40.2726],[-3.4793,40.2729],[-3.4801,40.2736],[-3.4805,40.2736],[-3.4812,40.2736],[-3.4816,40.2736],[-3.4819,40.2737],[-3.4826,40.2742],[-3.483,40.2743],[-3.4833,40.2743],[-3.4835,40.2741],[-3.4835,40.2737],[-3.4833,40.2732],[-3.4833,40.2728],[-3.4834,40.2726],[-3.4838,40.2725],[-3.4842,40.2725],[-3.4844,40.2724],[-3.4845,40.2722],[-3.4845,40.272],[-3.4842,40.2719],[-3.4838,40.2715],[-3.4832,40.2713],[-3.4831,40.2713],[-3.483,40.2712],[-3.4832,40.2708],[-3.4833,40.2706],[-3.4833,40.2704],[-3.4832,40.2703],[-3.483,40.2702],[-3.4827,40.2701],[-3.4825,40.2699],[-3.4825,40.2698],[-3.4826,40.2698],[-3.4832,40.2698],[-3.4835,40.2697],[-3.4837,40.2695],[-3.4836,40.2693],[-3.4835,40.2691],[-3.4831,40.2688],[-3.4829,40.2686],[-3.4829,40.2685],[-3.483,40.2685],[-3.4838,40.2686],[-3.484,40.2686],[-3.4841,40.2684],[-3.4841,40.2683],[-3.4838,40.2681],[-3.4832,40.2679],[-3.4825,40.2676],[-3.482,40.2673],[-3.4819,40.267],[-3.4819,40.2669],[-3.4824,40.2667],[-3.4825,40.2665],[-3.4826,40.2663],[-3.4824,40.2662],[-3.4821,40.2661],[-3.4815,40.2661],[-3.4806,40.2661],[-3.4803,40.2661],[-3.48,40.2663],[-3.4795,40.2666],[-3.4793,40.2667],[-3.479,40.2667],[-3.4788,40.2666],[-3.4785,40.2666],[-3.4783,40.2667],[-3.4778,40.267],[-3.4774,40.2673],[-3.4772,40.2675],[-3.4769,40.2676],[-3.4767,40.2676],[-3.4763,40.2674],[-3.4758,40.267],[-3.4753,40.2665],[-3.4749,40.2662],[-3.4736,40.265],[-3.473,40.2646],[-3.4727,40.2643],[-3.4728,40.264],[-3.473,40.2636],[-3.4731,40.2636],[-3.473,40.2634],[-3.4722,40.2632],[-3.472,40.2632],[-3.4718,40.2632],[-3.4709,40.2638],[-3.4707,40.2639],[-3.4701,40.2641],[-3.4697,40.2641],[-3.469,40.2637],[-3.4689,40.2636],[-3.4689,40.2635],[-3.4689,40.263],[-3.469,40.2625],[-3.469,40.2624],[-3.4689,40.2618],[-3.4685,40.2613],[-3.4678,40.2624],[-3.4671,40.2637],[-3.4667,40.2644],[-3.4665,40.2647],[-3.4654,40.2657],[-3.4652,40.266],[-3.4648,40.2666],[-3.4648,40.2672],[-3.4645,40.2683],[-3.4642,40.2689],[-3.4634,40.2699],[-3.4632,40.2703],[-3.4631,40.2706],[-3.4633,40.271],[-3.4637,40.2718],[-3.4639,40.2723],[-3.4643,40.2721],[-3.4648,40.272],[-3.4652,40.2719],[-3.4655,40.2719],[-3.4658,40.272],[-3.4666,40.2725],[-3.4669,40.2727],[-3.4673,40.2728],[-3.4684,40.273],[-3.4693,40.2732],[-3.47,40.2733],[-3.4706,40.2737],[-3.471,40.2741],[-3.4712,40.2745],[-3.4715,40.275],[-3.4722,40.2757],[-3.4728,40.2761],[-3.4735,40.2764],[-3.4747,40.2767],[-3.477,40.2773]]],[[[-3.53,40.3336],[-3.5306,40.3339],[-3.5313,40.3342],[-3.5325,40.3345],[-3.5336,40.3348],[-3.5341,40.335],[-3.5346,40.3352],[-3.5353,40.3356],[-3.5358,40.3361],[-3.5366,40.3373],[-3.5379,40.339],[-3.538,40.3392],[-3.5385,40.3401],[-3.5387,40.3407],[-3.5387,40.341],[-3.5388,40.3414],[-3.5392,40.342],[-3.5404,40.3429],[-3.5443,40.3464],[-3.5454,40.3475],[-3.5465,40.3484],[-3.5486,40.3502],[-3.5499,40.3514],[-3.5521,40.3533],[-3.553,40.3541],[-3.5532,40.354],[-3.5546,40.3529],[-3.555,40.3526],[-3.5562,40.3519],[-3.5566,40.3516],[-3.5569,40.3512],[-3.5574,40.3504],[-3.5577,40.3501],[-3.558,40.3499],[-3.5586,40.3493],[-3.5596,40.3481],[-3.5603,40.3471],[-3.5607,40.3466],[-3.5633,40.3442],[-3.565,40.3426],[-3.5662,40.3412],[-3.5668,40.3405],[-3.568,40.3385],[-3.5687,40.3372],[-3.5695,40.336],[-3.5706,40.3341],[-3.5711,40.3333],[-3.5716,40.3327],[-3.5722,40.3322],[-3.5729,40.3315],[-3.574,40.3308],[-3.5748,40.3302],[-3.5751,40.3299],[-3.5761,40.3287],[-3.5765,40.3283],[-3.5771,40.3278],[-3.5774,40.3276],[-3.5784,40.3271],[-3.5808,40.3258],[-3.5814,40.3253],[-3.5816,40.3251],[-3.5818,40.3247],[-3.5823,40.3238],[-3.5828,40.3228],[-3.583,40.3223],[-3.5832,40.321],[-3.5833,40.3199],[-3.5834,40.3187],[-3.5833,40.3177],[-3.5827,40.3163],[-3.5822,40.3148],[-3.5821,40.3143],[-3.5817,40.3138],[-3.5799,40.3135],[-3.5781,40.3135],[-3.5764,40.3142],[-3.5753,40.3148],[-3.5726,40.3155],[-3.5692,40.3172],[-3.568,40.3179],[-3.5663,40.3189],[-3.5646,40.3199],[-3.5633,40.3205],[-3.5617,40.3215],[-3.5605,40.3223],[-3.5594,40.3231],[-3.5577,40.3243],[-3.5564,40.3254],[-3.5553,40.3261],[-3.5546,40.3267],[-3.5537,40.3274],[-3.553,40.3279],[-3.5526,40.3282],[-3.552,40.3284],[-3.5505,40.3294],[-3.5492,40.3301],[-3.547,40.331],[-3.5457,40.3314],[-3.5448,40.3316],[-3.5438,40.3316],[-3.5427,40.3318],[-3.541,40.3321],[-3.5395,40.3323],[-3.5382,40.3325],[-3.5366,40.3328],[-3.5355,40.333],[-3.5347,40.3331],[-3.5331,40.3331],[-3.532,40.333],[-3.5316,40.333],[-3.5313,40.3328],[-3.5304,40.3321],[-3.5288,40.3307],[-3.5278,40.3301],[-3.5272,40.3298],[-3.5266,40.3295],[-3.5264,40.3293],[-3.5262,40.3289],[-3.5259,40.3282],[-3.5256,40.3277],[-3.5254,40.3271],[-3.5252,40.3263],[-3.5252,40.326],[-3.5253,40.3255],[-3.5255,40.3249],[-3.5254,40.3242],[-3.5249,40.3226],[-3.5248,40.3221],[-3.5246,40.3217],[-3.524,40.3213],[-3.5235,40.3211],[-3.523,40.3211],[-3.5228,40.3212],[-3.5215,40.3216],[-3.5207,40.3219],[-3.5199,40.3219],[-3.5192,40.3218],[-3.5188,40.3217],[-3.5174,40.3215],[-3.5164,40.3213],[-3.5147,40.3207],[-3.5125,40.32],[-3.5109,40.3197],[-3.5104,40.3195],[-3.5102,40.3193],[-3.5098,40.319],[-3.5088,40.3187],[-3.5082,40.3185],[-3.5081,40.3186],[-3.5081,40.3187],[-3.5081,40.3188],[-3.5084,40.319],[-3.5094,40.3194],[-3.5101,40.3199],[-3.5104,40.3202],[-3.5108,40.3203],[-3.511,40.3203],[-3.5113,40.3204],[-3.5116,40.3206],[-3.5118,40.3206],[-3.5132,40.3212],[-3.5138,40.3215],[-3.5139,40.3217],[-3.5138,40.3218],[-3.5145,40.3219],[-3.5146,40.3219],[-3.5148,40.3222],[-3.5148,40.3222],[-3.5154,40.3223],[-3.5164,40.3226],[-3.5167,40.3229],[-3.5169,40.3233],[-3.5175,40.3238],[-3.5191,40.325],[-3.5198,40.3254],[-3.521,40.3263],[-3.522,40.327],[-3.5221,40.3272],[-3.5223,40.3274],[-3.5235,40.3285],[-3.5286,40.3325],[-3.53,40.3336]]],[[[-3.4779,40.3525],[-3.4784,40.3537],[-3.4795,40.3559],[-3.48,40.3571],[-3.4806,40.3583],[-3.4814,40.3598],[-3.4816,40.3601],[-3.4821,40.3605],[-3.4826,40.3607],[-3.483,40.361],[-3.4827,40.3605],[-3.4826,40.3602],[-3.4824,40.3598],[-3.4823,40.3592],[-3.4823,40.3586],[-3.4824,40.3581],[-3.4826,40.3573],[-3.4828,40.3562],[-3.4833,40.355],[-3.4835,40.3543],[-3.4836,40.3538],[-3.4837,40.3533],[-3.4838,40.3525],[-3.4839,40.3519],[-3.4838,40.3515],[-3.4837,40.3512],[-3.4835,40.3508],[-3.483,40.3504],[-3.4827,40.3503],[-3.4822,40.3503],[-3.4819,40.3503],[-3.4812,40.3505],[-3.4806,40.3507],[-3.4798,40.3508],[-3.4791,40.3508],[-3.4781,40.3507],[-3.4774,40.3506],[-3.4769,40.3504],[-3.4779,40.3525]]],[[[-3.4896,40.4125],[-3.4897,40.4134],[-3.4902,40.4132],[-3.4906,40.4129],[-3.4912,40.4127],[-3.4915,40.4126],[-3.4917,40.4125],[-3.4919,40.4124],[-3.4921,40.4123],[-3.4922,40.4122],[-3.4924,40.4121],[-3.4927,40.412],[-3.493,40.412],[-3.4935,40.412],[-3.494,40.412],[-3.4947,40.4119],[-3.495,40.4118],[-3.4954,40.4116],[-3.4959,40.4111],[-3.4961,40.4107],[-3.4963,40.4104],[-3.4965,40.4097],[-3.4965,40.4096],[-3.4968,40.4094],[-3.4971,40.4093],[-3.4967,40.4092],[-3.4964,40.4091],[-3.4964,40.409],[-3.4964,40.4089],[-3.4962,40.4087],[-3.4959,40.4085],[-3.4952,40.4082],[-3.4943,40.4078],[-3.4942,40.4077],[-3.494,40.4075],[-3.4937,40.407],[-3.4936,40.4065],[-3.4935,40.4061],[-3.4933,40.4059],[-3.4929,40.4063],[-3.4916,40.4073],[-3.4897,40.409],[-3.489,40.4096],[-3.4893,40.4107],[-3.4895,40.4116],[-3.4896,40.4125]]]]},"geometry_name":"GEOMETRY1","properties":{"DS_TIPO_ZONA":"Zonas E: Con destino Agrario, Forestal, Recreativo, Educacional y/o Equipamientos Ambientales y/o Usos Especiales","CD_AREA":"E1","NM_AREA_M":10927158,"NM_AREA_HA":1093}},{"type":"Feature","id":"IDEM_MA_PR_SURESTE.11","geometry":{"type":"MultiPolygon","coordinates":[[[[-3.4588,40.2717],[-3.459,40.2718],[-3.4592,40.272],[-3.4596,40.2724],[-3.4601,40.2728],[-3.4606,40.273],[-3.4609,40.2731],[-3.4612,40.2731],[-3.462,40.273],[-3.4626,40.2729],[-3.4635,40.2726],[-3.4639,40.2723],[-3.4637,40.2718],[-3.4633,40.271],[-3.4631,40.2706],[-3.4632,40.2703],[-3.4634,40.2699],[-3.4642,40.2689],[-3.4645,40.2683],[-3.4648,40.2672],[-3.4648,40.2666],[-3.4652,40.266],[-3.4654,40.2657],[-3.4665,40.2647],[-3.4667,40.2644],[-3.4671,40.2637],[-3.4678,40.2624],[-3.4685,40.2613],[-3.4672,40.2616],[-3.4668,40.2618],[-3.466,40.2616],[-3.4657,40.2615],[-3.4653,40.2614],[-3.4649,40.2611],[-3.4646,40.261],[-3.4642,40.2609],[-3.4641,40.2608],[-3.4638,40.2609],[-3.4633,40.2614],[-3.4632,40.2617],[-3.463,40.262],[-3.4628,40.262],[-3.4623,40.262],[-3.4614,40.2619],[-3.461,40.2618],[-3.4605,40.2618],[-3.4604,40.2618],[-3.4592,40.2614],[-3.4587,40.2614],[-3.4576,40.262],[-3.4574,40.2621],[-3.4572,40.262],[-3.4567,40.262],[-3.4558,40.2619],[-3.4545,40.2619],[-3.4542,40.262],[-3.454,40.2621],[-3.4539,40.2623],[-3.4534,40.2627],[-3.4528,40.2632],[-3.4522,40.2635],[-3.4519,40.2636],[-3.4517,40.2635],[-3.451,40.2629],[-3.4504,40.2626],[-3.45,40.2624],[-3.4491,40.2618],[-3.4488,40.2617],[-3.4486,40.2617],[-3.4484,40.2617],[-3.4477,40.2622],[-3.4475,40.2623],[-3.4474,40.2622],[-3.4472,40.2621],[-3.4472,40.2619],[-3.4471,40.2617],[-3.4475,40.2609],[-3.4477,40.2605],[-3.4475,40.2603],[-3.4473,40.2601],[-3.4471,40.26],[-3.4469,40.26],[-3.4468,40.2601],[-3.4465,40.2605],[-3.4461,40.2608],[-3.446,40.261],[-3.446,40.2612],[-3.446,40.2615],[-3.4459,40.2616],[-3.4456,40.2617],[-3.4454,40.2616],[-3.4452,40.2615],[-3.4452,40.2614],[-3.4454,40.2611],[-3.4454,40.261],[-3.4452,40.2608],[-3.445,40.2606],[-3.4444,40.2605],[-3.4442,40.2603],[-3.4439,40.2598],[-3.4438,40.2599],[-3.4437,40.2601],[-3.4436,40.2604],[-3.4433,40.2609],[-3.4429,40.2613],[-3.4423,40.2618],[-3.442,40.262],[-3.4415,40.2623],[-3.4413,40.2624],[-3.4411,40.2624],[-3.4406,40.2623],[-3.4402,40.2621],[-3.4398,40.2617],[-3.4396,40.2616],[-3.4395,40.2614],[-3.4387,40.2607],[-3.4386,40.2607],[-3.4384,40.2611],[-3.4383,40.2613],[-3.4382,40.2614],[-3.438,40.2615],[-3.4377,40.2616],[-3.4375,40.2616],[-3.437,40.2614],[-3.4368,40.2612],[-3.4365,40.2611],[-3.4359,40.2609],[-3.4355,40.2609],[-3.4352,40.2609],[-3.4347,40.261],[-3.4339,40.2612],[-3.4337,40.2612],[-3.4334,40.2612],[-3.4329,40.261],[-3.4326,40.2612],[-3.4327,40.2617],[-3.4329,40.2621],[-3.4331,40.2625],[-3.4332,40.2629],[-3.4333,40.2632],[-3.4333,40.2635],[-3.4332,40.2639],[-3.4332,40.2641],[-3.4332,40.2645],[-3.4333,40.2648],[-3.4335,40.265],[-3.4338,40.2654],[-3.4342,40.2658],[-3.4345,40.2661],[-3.4346,40.2663],[-3.4348,40.2666],[-3.4348,40.2668],[-3.4347,40.2673],[-3.4346,40.2675],[-3.4348,40.2678],[-3.4349,40.268],[-3.4354,40.2682],[-3.4357,40.2683],[-3.4361,40.2682],[-3.4364,40.2681],[-3.437,40.2679],[-3.4375,40.2676],[-3.4391,40.2664],[-3.4393,40.2663],[-3.4397,40.2661],[-3.44,40.266],[-3.4403,40.266],[-3.4405,40.266],[-3.4413,40.2661],[-3.442,40.2663],[-3.4423,40.2664],[-3.4428,40.2664],[-3.443,40.2665],[-3.4443,40.2672],[-3.4448,40.2674],[-3.4454,40.2678],[-3.4457,40.268],[-3.4457,40.2683],[-3.4454,40.2689],[-3.4453,40.2691],[-3.4453,40.2694],[-3.4456,40.2699],[-3.4462,40.2707],[-3.4465,40.2711],[-3.4465,40.2716],[-3.4467,40.2719],[-3.4469,40.272],[-3.4471,40.2721],[-3.4476,40.2722],[-3.4479,40.2722],[-3.4481,40.2722],[-3.4483,40.2722],[-3.4486,40.2722],[-3.4488,40.272],[-3.449,40.2719],[-3.4493,40.2715],[-3.4496,40.2704],[-3.4498,40.2702],[-3.45,40.2701],[-3.4501,40.27],[-3.4503,40.2701],[-3.4508,40.2704],[-3.451,40.2706],[-3.4515,40.2709],[-3.4521,40.2711],[-3.4527,40.2713],[-3.4532,40.2716],[-3.4535,40.2717],[-3.4543,40.2721],[-3.4555,40.2728],[-3.4558,40.2729],[-3.4561,40.2729],[-3.4566,40.2727],[-3.4568,40.2726],[-3.4579,40.2719],[-3.4581,40.2718],[-3.4585,40.2717],[-3.4588,40.2717]]],[[[-3.4849,40.2771],[-3.4852,40.2772],[-3.4857,40.2775],[-3.486,40.2776],[-3.4863,40.2776],[-3.4867,40.2776],[-3.4869,40.2775],[-3.4871,40.2774],[-3.4872,40.2772],[-3.4871,40.2771],[-3.4869,40.2769],[-3.4864,40.2767],[-3.4863,40.2766],[-3.4864,40.2764],[-3.4865,40.2763],[-3.487,40.2763],[-3.4875,40.2764],[-3.4879,40.2765],[-3.4882,40.2764],[-3.4884,40.2764],[-3.4885,40.2762],[-3.4884,40.276],[-3.4882,40.276],[-3.4877,40.2757],[-3.4868,40.2755],[-3.4867,40.2754],[-3.4867,40.2752],[-3.4865,40.2751],[-3.4857,40.2749],[-3.4856,40.2748],[-3.4856,40.2746],[-3.4857,40.2744],[-3.4857,40.2743],[-3.4855,40.2741],[-3.4849,40.2739],[-3.4849,40.2736],[-3.485,40.2735],[-3.4853,40.2735],[-3.4857,40.2735],[-3.4859,40.2736],[-3.4861,40.2735],[-3.4863,40.2733],[-3.4864,40.2733],[-3.4868,40.2733],[-3.4873,40.2735],[-3.4876,40.2736],[-3.4879,40.2736],[-3.4881,40.2736],[-3.4882,40.2735],[-3.4879,40.273],[-3.4879,40.2729],[-3.4879,40.2728],[-3.4882,40.2727],[-3.4883,40.2726],[-3.4883,40.2724],[-3.4882,40.2723],[-3.4878,40.2719],[-3.4871,40.2716],[-3.4869,40.2714],[-3.4867,40.2714],[-3.4865,40.2715],[-3.4861,40.2718],[-3.4859,40.2719],[-3.4856,40.2719],[-3.4854,40.2718],[-3.4854,40.2717],[-3.4856,40.2712],[-3.4854,40.271],[-3.4853,40.2709],[-3.485,40.2709],[-3.4846,40.2709],[-3.4843,40.271],[-3.484,40.2711],[-3.4835,40.2713],[-3.4832,40.2713],[-3.4838,40.2715],[-3.4842,40.2719],[-3.4845,40.272],[-3.4845,40.2722],[-3.4844,40.2724],[-3.4842,40.2725],[-3.4838,40.2725],[-3.4834,40.2726],[-3.4833,40.2728],[-3.4833,40.2732],[-3.4835,40.2737],[-3.4835,40.2741],[-3.4833,40.2743],[-3.483,40.2743],[-3.4826,40.2742],[-3.4819,40.2737],[-3.4816,40.2736],[-3.4812,40.2736],[-3.4805,40.2736],[-3.4801,40.2736],[-3.4793,40.2729],[-3.4786,40.2726],[-3.4782,40.2726],[-3.4778,40.2727],[-3.4775,40.2728],[-3.4772,40.273],[-3.4769,40.2733],[-3.4767,40.2737],[-3.4766,40.2743],[-3.4768,40.275],[-3.477,40.2752],[-3.4775,40.2755],[-3.4792,40.2762],[-3.4811,40.2766],[-3.4816,40.2766],[-3.4823,40.2768],[-3.4827,40.2771],[-3.4836,40.277],[-3.4843,40.277],[-3.4849,40.2771]]],[[[-3.497,40.3067],[-3.4964,40.3072],[-3.4962,40.3075],[-3.4962,40.3077],[-3.4962,40.3078],[-3.4964,40.3078],[-3.4974,40.3075],[-3.4997,40.3069],[-3.5004,40.3067],[-3.5014,40.3066],[-3.5021,40.3067],[-3.5029,40.3068],[-3.5036,40.3069],[-3.5041,40.3069],[-3.5043,40.3068],[-3.5045,40.3066],[-3.5047,40.3063],[-3.5049,40.3062],[-3.505,40.3062],[-3.5053,40.3063],[-3.5061,40.3067],[-3.5064,40.3068],[-3.507,40.3069],[-3.5075,40.3069],[-3.5079,40.3069],[-3.5081,40.3068],[-3.5087,40.3067],[-3.509,40.3066],[-3.5092,40.3065],[-3.5092,40.3064],[-3.5092,40.3061],[-3.5091,40.3058],[-3.509,40.3051],[-3.509,40.3049],[-3.509,40.3048],[-3.5088,40.3048],[-3.5084,40.3048],[-3.5081,40.3047],[-3.508,40.3045],[-3.508,40.3043],[-3.5079,40.3039],[-3.5079,40.3037],[-3.5081,40.3033],[-3.5082,40.3028],[-3.5085,40.3025],[-3.509,40.3023],[-3.5091,40.3022],[-3.5116,40.3026],[-3.5114,40.3023],[-3.5108,40.3016],[-3.5114,40.3006],[-3.5103,40.3003],[-3.5104,40.3002],[-3.5106,40.3001],[-3.5115,40.2998],[-3.5124,40.2994],[-3.5126,40.2993],[-3.5139,40.2993],[-3.5143,40.2992],[-3.5159,40.2984],[-3.5177,40.2976],[-3.518,40.2973],[-3.5188,40.2965],[-3.5196,40.2959],[-3.5203,40.2952],[-3.5208,40.2948],[-3.5213,40.2943],[-3.5216,40.2939],[-3.5227,40.2933],[-3.5219,40.2922],[-3.5224,40.2919],[-3.5223,40.2904],[-3.5215,40.2896],[-3.5171,40.2916],[-3.5157,40.29],[-3.5146,40.2887],[-3.5143,40.2888],[-3.5137,40.2889],[-3.5134,40.289],[-3.5131,40.2892],[-3.5128,40.2894],[-3.5123,40.2899],[-3.5121,40.2901],[-3.5116,40.2911],[-3.5115,40.2914],[-3.5115,40.2917],[-3.5115,40.2923],[-3.5107,40.2924],[-3.508,40.2929],[-3.5079,40.2929],[-3.5084,40.2974],[-3.5082,40.2972],[-3.5082,40.2972],[-3.508,40.2972],[-3.5081,40.2972],[-3.5082,40.2984],[-3.5082,40.2984],[-3.5075,40.2984],[-3.5068,40.2982],[-3.5058,40.2979],[-3.5048,40.2974],[-3.5042,40.2969],[-3.5035,40.2961],[-3.5032,40.2957],[-3.5029,40.2953],[-3.5028,40.2952],[-3.5024,40.295],[-3.5022,40.2951],[-3.502,40.2952],[-3.5018,40.2953],[-3.5015,40.2952],[-3.501,40.2949],[-3.501,40.2947],[-3.5009,40.2945],[-3.5007,40.2943],[-3.5003,40.2942],[-3.5,40.2942],[-3.4999,40.2942],[-3.4996,40.2943],[-3.4988,40.2947],[-3.4975,40.2952],[-3.4974,40.2953],[-3.4974,40.2954],[-3.4976,40.2957],[-3.4977,40.2959],[-3.4976,40.296],[-3.4974,40.2961],[-3.4972,40.2962],[-3.4969,40.2962],[-3.4967,40.2961],[-3.4965,40.2958],[-3.4963,40.2958],[-3.4961,40.2958],[-3.4958,40.2958],[-3.4957,40.2959],[-3.4954,40.2962],[-3.4953,40.2964],[-3.4952,40.2966],[-3.4952,40.2971],[-3.4952,40.2975],[-3.4952,40.2981],[-3.4951,40.2985],[-3.495,40.2989],[-3.4947,40.2994],[-3.4945,40.2997],[-3.4943,40.2999],[-3.494,40.3002],[-3.4938,40.3004],[-3.4936,40.3007],[-3.4936,40.3008],[-3.4936,40.301],[-3.4938,40.3011],[-3.4941,40.3012],[-3.4945,40.3012],[-3.4947,40.3012],[-3.4949,40.3013],[-3.4952,40.3015],[-3.4954,40.3017],[-3.4954,40.3019],[-3.4953,40.3019],[-3.4951,40.3019],[-3.4942,40.302],[-3.4937,40.302],[-3.4934,40.302],[-3.4933,40.3021],[-3.4933,40.3021],[-3.4934,40.3022],[-3.4936,40.3025],[-3.4939,40.3026],[-3.4942,40.3028],[-3.4945,40.3029],[-3.4947,40.3031],[-3.4949,40.3034],[-3.4949,40.3036],[-3.4951,40.3038],[-3.4953,40.3039],[-3.4956,40.304],[-3.4959,40.3041],[-3.4963,40.3043],[-3.4966,40.3045],[-3.4979,40.3055],[-3.4981,40.3056],[-3.498,40.3057],[-3.4977,40.3059],[-3.4975,40.3061],[-3.4972,40.3065],[-3.497,40.3067]]],[[[-3.636,40.3163],[-3.6368,40.3163],[-3.6374,40.3162],[-3.6377,40.3162],[-3.6382,40.3162],[-3.639,40.3162],[-3.6394,40.3162],[-3.6398,40.3162],[-3.6397,40.3161],[-3.6393,40.3159],[-3.6389,40.3157],[-3.6385,40.3155],[-3.6381,40.3152],[-3.6377,40.3149],[-3.637,40.3144],[-3.6362,40.3137],[-3.6355,40.3131],[-3.6351,40.3128],[-3.6349,40.3127],[-3.6345,40.3122],[-3.6332,40.3108],[-3.6319,40.3094],[-3.6304,40.3077],[-3.6298,40.3071],[-3.6295,40.3067],[-3.6293,40.3063],[-3.6291,40.3058],[-3.6289,40.3055],[-3.6285,40.3052],[-3.6263,40.3034],[-3.6251,40.3025],[-3.6247,40.3021],[-3.6225,40.2999],[-3.6211,40.2986],[-3.6204,40.2978],[-3.6202,40.2976],[-3.62,40.2974],[-3.6197,40.2968],[-3.6195,40.2966],[-3.6193,40.2965],[-3.6184,40.2959],[-3.6182,40.2958],[-3.6179,40.2956],[-3.6178,40.2955],[-3.6177,40.2951],[-3.6174,40.2941],[-3.6175,40.2941],[-3.6189,40.294],[-3.6205,40.2938],[-3.6222,40.2937],[-3.6252,40.2934],[-3.6295,40.2929],[-3.6313,40.2927],[-3.6346,40.2922],[-3.6365,40.2919],[-3.6382,40.2917],[-3.6384,40.2917],[-3.6396,40.2918],[-3.6416,40.2921],[-3.6423,40.2921],[-3.6429,40.2922],[-3.6436,40.2923],[-3.6445,40.2928],[-3.6448,40.2929],[-3.6456,40.2931],[-3.646,40.2932],[-3.6462,40.2933],[-3.6464,40.2934],[-3.6476,40.2941],[-3.6478,40.2943],[-3.648,40.2944],[-3.6484,40.2946],[-3.649,40.2945],[-3.6497,40.2944],[-3.65,40.2943],[-3.6506,40.2943],[-3.6513,40.2942],[-3.6521,40.2941],[-3.6525,40.2941],[-3.6528,40.294],[-3.653,40.2939],[-3.6531,40.2938],[-3.6532,40.2937],[-3.6534,40.2937],[-3.6536,40.2936],[-3.6538,40.2935],[-3.654,40.2934],[-3.6541,40.2933],[-3.6542,40.2933],[-3.6544,40.2932],[-3.6547,40.2931],[-3.6549,40.2929],[-3.6551,40.2928],[-3.6553,40.2927],[-3.6555,40.2926],[-3.6557,40.2925],[-3.6559,40.2923],[-3.6562,40.2921],[-3.6565,40.2919],[-3.6567,40.2918],[-3.6569,40.2918],[-3.6571,40.2917],[-3.6573,40.2917],[-3.6573,40.2913],[-3.6576,40.291],[-3.6578,40.2909],[-3.6582,40.2905],[-3.6586,40.29],[-3.6587,40.29],[-3.6589,40.2898],[-3.6591,40.2896],[-3.6592,40.2894],[-3.6595,40.2893],[-3.6598,40.289],[-3.66,40.2888],[-3.66,40.2888],[-3.6605,40.2886],[-3.6608,40.2885],[-3.6612,40.2884],[-3.6615,40.2884],[-3.6617,40.2883],[-3.6619,40.2881],[-3.6622,40.288],[-3.6625,40.288],[-3.6626,40.2879],[-3.6627,40.2878],[-3.6628,40.2876],[-3.6628,40.2875],[-3.663,40.2873],[-3.6631,40.2872],[-3.6631,40.287],[-3.6632,40.2866],[-3.6633,40.2861],[-3.6634,40.2858],[-3.6635,40.2856],[-3.6639,40.2854],[-3.6641,40.2852],[-3.6646,40.2848],[-3.6649,40.2845],[-3.6652,40.2843],[-3.6653,40.2843],[-3.6656,40.2841],[-3.666,40.284],[-3.6663,40.2839],[-3.6666,40.2838],[-3.6669,40.2838],[-3.6672,40.2837],[-3.6674,40.2836],[-3.6677,40.2836],[-3.6681,40.2835],[-3.6688,40.2833],[-3.669,40.2832],[-3.6696,40.2831],[-3.6698,40.283],[-3.67,40.2828],[-3.6704,40.2825],[-3.6706,40.2824],[-3.6708,40.2822],[-3.671,40.282],[-3.6712,40.2819],[-3.6714,40.2817],[-3.6716,40.2815],[-3.6719,40.2811],[-3.6724,40.2805],[-3.6725,40.2803],[-3.6725,40.2802],[-3.6728,40.2799],[-3.6729,40.2797],[-3.6732,40.2792],[-3.6734,40.2789],[-3.6735,40.2785],[-3.6736,40.2782],[-3.6738,40.2779],[-3.674,40.2777],[-3.6743,40.2774],[-3.6746,40.2772],[-3.6748,40.2771],[-3.6753,40.277],[-3.6755,40.2769],[-3.6758,40.2768],[-3.676,40.2767],[-3.6761,40.276],[-3.6762,40.2751],[-3.6764,40.2738],[-3.6758,40.2742],[-3.6751,40.2745],[-3.6744,40.275],[-3.6732,40.276],[-3.6725,40.2769],[-3.6721,40.2772],[-3.6718,40.2774],[-3.671,40.2776],[-3.6697,40.2777],[-3.6681,40.2778],[-3.6674,40.2783],[-3.6647,40.2803],[-3.6643,40.2803],[-3.6641,40.2804],[-3.6636,40.2808],[-3.6626,40.2816],[-3.6616,40.2822],[-3.6602,40.2831],[-3.6591,40.2837],[-3.6588,40.2839],[-3.6574,40.2844],[-3.6566,40.2848],[-3.6547,40.2858],[-3.6515,40.2872],[-3.6486,40.2884],[-3.6484,40.2885],[-3.6479,40.2887],[-3.6473,40.2888],[-3.6461,40.2889],[-3.6452,40.2891],[-3.6439,40.2894],[-3.6431,40.2896],[-3.6422,40.2897],[-3.6409,40.2899],[-3.639,40.2901],[-3.6369,40.2903],[-3.6365,40.2904],[-3.6363,40.2904],[-3.6361,40.2903],[-3.636,40.2895],[-3.6359,40.2885],[-3.6358,40.2881],[-3.6355,40.2881],[-3.6319,40.2884],[-3.6307,40.2885],[-3.6282,40.2888],[-3.6258,40.289],[-3.6234,40.2894],[-3.6212,40.2898],[-3.6199,40.2901],[-3.6186,40.2902],[-3.6174,40.2905],[-3.6171,40.2906],[-3.6168,40.2909],[-3.6166,40.2911],[-3.6159,40.2912],[-3.6148,40.2914],[-3.6145,40.2916],[-3.6139,40.2921],[-3.6137,40.2925],[-3.6134,40.2932],[-3.613,40.2938],[-3.6113,40.2952],[-3.6108,40.2955],[-3.6099,40.2961],[-3.6097,40.2963],[-3.6095,40.2969],[-3.6091,40.2973],[-3.6085,40.2976],[-3.6081,40.2979],[-3.6074,40.2988],[-3.6059,40.3005],[-3.6049,40.3016],[-3.6042,40.3023],[-3.6039,40.3024],[-3.6038,40.3025],[-3.6035,40.3025],[-3.6032,40.3025],[-3.6028,40.3024],[-3.6025,40.3019],[-3.6021,40.3012],[-3.6019,40.3009],[-3.6016,40.3006],[-3.6013,40.3004],[-3.6008,40.3004],[-3.6005,40.3004],[-3.6001,40.3004],[-3.5997,40.3006],[-3.5993,40.3008],[-3.599,40.3008],[-3.5987,40.3008],[-3.5984,40.3006],[-3.5982,40.3003],[-3.598,40.3002],[-3.5977,40.3],[-3.5974,40.2999],[-3.597,40.2998],[-3.5962,40.2999],[-3.5956,40.2999],[-3.5952,40.2998],[-3.5948,40.2999],[-3.5944,40.2999],[-3.5942,40.2999],[-3.5936,40.2998],[-3.5932,40.2997],[-3.5923,40.2998],[-3.5906,40.2999],[-3.5889,40.3002],[-3.5877,40.3004],[-3.5862,40.3006],[-3.5833,40.3008],[-3.581,40.3011],[-3.5799,40.3011],[-3.5794,40.3013],[-3.5785,40.3018],[-3.577,40.3026],[-3.5756,40.3035],[-3.5751,40.3038],[-3.5744,40.3042],[-3.574,40.3044],[-3.5734,40.3046],[-3.5728,40.3046],[-3.5716,40.3048],[-3.5712,40.3049],[-3.5708,40.3052],[-3.5705,40.3055],[-3.5703,40.3058],[-3.5701,40.306],[-3.5699,40.3061],[-3.5695,40.3062],[-3.569,40.3062],[-3.5682,40.3062],[-3.5669,40.3064],[-3.5663,40.3066],[-3.566,40.3068],[-3.5658,40.3071],[-3.5655,40.3075],[-3.5651,40.3078],[-3.5645,40.308],[-3.5637,40.3085],[-3.5632,40.3088],[-3.5629,40.309],[-3.5629,40.3092],[-3.5628,40.3094],[-3.5627,40.3095],[-3.5624,40.3095],[-3.5622,40.3095],[-3.562,40.3096],[-3.5619,40.3098],[-3.5619,40.31],[-3.5616,40.3106],[-3.5613,40.311],[-3.5609,40.3113],[-3.5604,40.3114],[-3.5598,40.3116],[-3.5593,40.3117],[-3.5589,40.3119],[-3.5585,40.3121],[-3.5583,40.3122],[-3.5581,40.3125],[-3.5579,40.3129],[-3.5577,40.3136],[-3.5576,40.3141],[-3.5575,40.3146],[-3.5576,40.315],[-3.5577,40.3153],[-3.5579,40.3156],[-3.558,40.3155],[-3.5582,40.3153],[-3.5587,40.3151],[-3.5599,40.3148],[-3.5609,40.3144],[-3.5613,40.3143],[-3.5626,40.3141],[-3.5632,40.314],[-3.5634,40.314],[-3.564,40.3139],[-3.5643,40.3138],[-3.5648,40.3136],[-3.5654,40.3134],[-3.5661,40.313],[-3.5667,40.3126],[-3.5675,40.3124],[-3.5683,40.312],[-3.5698,40.3111],[-3.5705,40.3107],[-3.5713,40.3105],[-3.5727,40.3099],[-3.5743,40.3092],[-3.5745,40.3091],[-3.5753,40.3083],[-3.5761,40.3076],[-3.5766,40.3071],[-3.5774,40.3066],[-3.5783,40.3062],[-3.5788,40.306],[-3.5797,40.3058],[-3.5803,40.3058],[-3.581,40.3058],[-3.5815,40.3059],[-3.5822,40.306],[-3.5833,40.3061],[-3.5841,40.3062],[-3.5846,40.3062],[-3.5851,40.3062],[-3.5855,40.3061],[-3.5862,40.3059],[-3.5873,40.3055],[-3.5885,40.305],[-3.5889,40.3049],[-3.5892,40.3047],[-3.5896,40.3047],[-3.5913,40.3043],[-3.5916,40.3042],[-3.5918,40.3041],[-3.5921,40.304],[-3.5924,40.3038],[-3.5927,40.3037],[-3.5931,40.3035],[-3.5934,40.3035],[-3.5937,40.3035],[-3.5944,40.3035],[-3.5953,40.3036],[-3.5962,40.3036],[-3.5969,40.3037],[-3.5971,40.3038],[-3.5975,40.3039],[-3.5978,40.3041],[-3.5982,40.3041],[-3.5985,40.3041],[-3.5994,40.304],[-3.6004,40.3039],[-3.6011,40.3039],[-3.6014,40.3041],[-3.6019,40.3044],[-3.6028,40.3046],[-3.6032,40.3047],[-3.6035,40.3046],[-3.6035,40.3044],[-3.604,40.3041],[-3.6048,40.3039],[-3.6054,40.3038],[-3.6059,40.3039],[-3.6061,40.3041],[-3.6061,40.3043],[-3.6061,40.3045],[-3.6062,40.3046],[-3.6067,40.3049],[-3.6074,40.3052],[-3.6078,40.3053],[-3.6085,40.3054],[-3.609,40.3055],[-3.61,40.3056],[-3.6115,40.3058],[-3.6127,40.3057],[-3.6133,40.3055],[-3.6141,40.3052],[-3.6148,40.305],[-3.6153,40.305],[-3.6159,40.3051],[-3.6167,40.3053],[-3.6176,40.3059],[-3.6182,40.3064],[-3.6183,40.3069],[-3.6184,40.3074],[-3.6183,40.3076],[-3.6182,40.3079],[-3.6182,40.3081],[-3.6183,40.3083],[-3.6187,40.3089],[-3.6192,40.3094],[-3.6196,40.3099],[-3.6199,40.3103],[-3.6201,40.3106],[-3.6204,40.311],[-3.6209,40.3114],[-3.622,40.3119],[-3.6226,40.3121],[-3.6233,40.3124],[-3.6245,40.3125],[-3.6252,40.3126],[-3.6262,40.3129],[-3.6282,40.3137],[-3.6286,40.3138],[-3.6295,40.3141],[-3.6303,40.3144],[-3.6309,40.3146],[-3.6324,40.3154],[-3.6328,40.3155],[-3.6336,40.3156],[-3.6353,40.3162],[-3.636,40.3163]]],[[[-3.5668,40.3405],[-3.5662,40.3412],[-3.565,40.3426],[-3.5633,40.3442],[-3.5607,40.3466],[-3.5603,40.3471],[-3.5596,40.3481],[-3.5586,40.3493],[-3.558,40.3499],[-3.5577,40.3501],[-3.5574,40.3504],[-3.5569,40.3512],[-3.5566,40.3516],[-3.5562,40.3519],[-3.555,40.3526],[-3.5546,40.3529],[-3.5532,40.354],[-3.553,40.3541],[-3.5531,40.3542],[-3.5537,40.3547],[-3.5541,40.3557],[-3.5544,40.3563],[-3.5548,40.3569],[-3.5553,40.3572],[-3.5562,40.3578],[-3.5577,40.358],[-3.5601,40.3586],[-3.5615,40.3589],[-3.5622,40.3591],[-3.5622,40.3591],[-3.5622,40.3589],[-3.5623,40.3588],[-3.5624,40.3586],[-3.5629,40.3581],[-3.5631,40.358],[-3.5638,40.3574],[-3.5643,40.3568],[-3.5647,40.3564],[-3.5648,40.3564],[-3.5648,40.3564],[-3.5658,40.3554],[-3.5663,40.355],[-3.5665,40.3547],[-3.5674,40.354],[-3.5676,40.3537],[-3.5678,40.3536],[-3.5679,40.3535],[-3.5681,40.3533],[-3.5681,40.3533],[-3.5681,40.3533],[-3.5684,40.353],[-3.5698,40.3513],[-3.5706,40.3504],[-3.5709,40.3501],[-3.5719,40.3492],[-3.5725,40.3487],[-3.5732,40.3482],[-3.574,40.3476],[-3.5748,40.3469],[-3.5758,40.3462],[-3.5779,40.3447],[-3.5795,40.3437],[-3.5821,40.3419],[-3.5833,40.341],[-3.5839,40.3406],[-3.5837,40.3404],[-3.5834,40.3401],[-3.5831,40.3398],[-3.5822,40.3396],[-3.5814,40.3393],[-3.5802,40.339],[-3.5796,40.3388],[-3.5794,40.3387],[-3.5788,40.3389],[-3.5781,40.339],[-3.5778,40.339],[-3.5773,40.3388],[-3.5767,40.3385],[-3.5759,40.3381],[-3.5752,40.3377],[-3.5749,40.3375],[-3.5732,40.3362],[-3.5728,40.3359],[-3.5726,40.3358],[-3.5725,40.3359],[-3.5722,40.3363],[-3.572,40.3364],[-3.5719,40.3364],[-3.5717,40.3362],[-3.5715,40.3359],[-3.5712,40.3356],[-3.572,40.3345],[-3.5726,40.3338],[-3.5732,40.3334],[-3.5736,40.3331],[-3.5741,40.3327],[-3.5746,40.3324],[-3.5751,40.332],[-3.5756,40.3315],[-3.5761,40.3309],[-3.5767,40.3303],[-3.5773,40.3298],[-3.5793,40.3281],[-3.5801,40.3276],[-3.5814,40.3268],[-3.5825,40.3263],[-3.5828,40.3256],[-3.5835,40.3242],[-3.5839,40.3235],[-3.5842,40.3229],[-3.5844,40.3224],[-3.5845,40.3222],[-3.5846,40.3219],[-3.5848,40.3213],[-3.5851,40.3205],[-3.585,40.3193],[-3.5851,40.3185],[-3.5849,40.3181],[-3.5847,40.3176],[-3.585,40.3174],[-3.5854,40.3171],[-3.5856,40.3169],[-3.5861,40.3166],[-3.5865,40.3164],[-3.587,40.3161],[-3.5876,40.3159],[-3.5878,40.3158],[-3.5886,40.3152],[-3.5888,40.315],[-3.589,40.3151],[-3.5892,40.3153],[-3.59,40.3162],[-3.5905,40.3166],[-3.5909,40.3169],[-3.5918,40.3174],[-3.5927,40.318],[-3.5934,40.3186],[-3.5936,40.3188],[-3.5943,40.3199],[-3.5949,40.3207],[-3.5954,40.3213],[-3.5961,40.3219],[-3.5963,40.3221],[-3.5972,40.3233],[-3.5978,40.3243],[-3.599,40.3257],[-3.5996,40.3267],[-3.6002,40.3277],[-3.6004,40.3281],[-3.6009,40.3287],[-3.601,40.3288],[-3.6021,40.3274],[-3.6043,40.326],[-3.605,40.3255],[-3.6056,40.3253],[-3.6082,40.3239],[-3.6085,40.3238],[-3.6087,40.3237],[-3.6093,40.3234],[-3.6096,40.3233],[-3.6108,40.3225],[-3.6111,40.3223],[-3.6115,40.322],[-3.6124,40.3212],[-3.6124,40.3211],[-3.6125,40.321],[-3.6126,40.3209],[-3.6127,40.3209],[-3.6135,40.3201],[-3.6144,40.3191],[-3.6157,40.3176],[-3.6158,40.3176],[-3.616,40.3177],[-3.6161,40.3178],[-3.6161,40.3178],[-3.6163,40.3178],[-3.6164,40.3176],[-3.6161,40.3174],[-3.6141,40.3154],[-3.6112,40.314],[-3.6109,40.3136],[-3.6107,40.3135],[-3.6106,40.3133],[-3.6106,40.3132],[-3.6059,40.3124],[-3.6011,40.312],[-3.598,40.3117],[-3.5894,40.3123],[-3.5799,40.3135],[-3.5817,40.3138],[-3.5821,40.3143],[-3.5822,40.3148],[-3.5827,40.3163],[-3.5833,40.3177],[-3.5834,40.3187],[-3.5833,40.3199],[-3.5832,40.321],[-3.583,40.3223],[-3.5828,40.3228],[-3.5823,40.3238],[-3.5818,40.3247],[-3.5816,40.3251],[-3.5814,40.3253],[-3.5808,40.3258],[-3.5784,40.3271],[-3.5774,40.3276],[-3.5771,40.3278],[-3.5765,40.3283],[-3.5761,40.3287],[-3.5751,40.3299],[-3.5748,40.3302],[-3.574,40.3308],[-3.5729,40.3315],[-3.5722,40.3322],[-3.5716,40.3327],[-3.5711,40.3333],[-3.5706,40.3341],[-3.5695,40.336],[-3.5687,40.3372],[-3.568,40.3385],[-3.5668,40.3405]]],[[[-3.4704,40.4333],[-3.4694,40.434],[-3.4687,40.4345],[-3.4681,40.4348],[-3.4676,40.4351],[-3.4675,40.4353],[-3.4673,40.4356],[-3.4672,40.436],[-3.4672,40.4364],[-3.4671,40.4367],[-3.4669,40.4369],[-3.467,40.4371],[-3.467,40.4371],[-3.4671,40.4371],[-3.4673,40.4369],[-3.4673,40.4368],[-3.4681,40.436],[-3.4682,40.4359],[-3.4684,40.4358],[-3.4686,40.4357],[-3.4697,40.4353],[-3.4703,40.4351],[-3.4706,40.435],[-3.4709,40.4348],[-3.4733,40.4332],[-3.4741,40.4335],[-3.4742,40.4335],[-3.4746,40.4334],[-3.4756,40.4331],[-3.4755,40.4328],[-3.4759,40.4328],[-3.4791,40.432],[-3.4794,40.4319],[-3.4798,40.4318],[-3.4807,40.4315],[-3.4811,40.4314],[-3.4815,40.4312],[-3.4824,40.4306],[-3.4825,40.4306],[-3.4826,40.4306],[-3.4826,40.4306],[-3.4828,40.4306],[-3.4831,40.4306],[-3.4841,40.4303],[-3.485,40.4301],[-3.4858,40.43],[-3.4863,40.4299],[-3.4873,40.4296],[-3.4881,40.4294],[-3.4882,40.4293],[-3.4883,40.4292],[-3.4883,40.4292],[-3.4883,40.4291],[-3.4887,40.4289],[-3.4894,40.4285],[-3.4898,40.4281],[-3.4902,40.4277],[-3.4906,40.4274],[-3.4914,40.4266],[-3.4918,40.4263],[-3.4921,40.426],[-3.4925,40.4257],[-3.4929,40.4253],[-3.4938,40.4248],[-3.4943,40.4246],[-3.495,40.4243],[-3.4956,40.4238],[-3.4962,40.4235],[-3.4966,40.4232],[-3.497,40.423],[-3.4976,40.4227],[-3.4981,40.4225],[-3.4983,40.4225],[-3.4983,40.4223],[-3.4982,40.422],[-3.4981,40.4218],[-3.498,40.4215],[-3.498,40.4213],[-3.498,40.421],[-3.4981,40.42],[-3.4981,40.4198],[-3.4975,40.4198],[-3.4971,40.4198],[-3.4966,40.4197],[-3.496,40.4196],[-3.4953,40.4195],[-3.4949,40.4194],[-3.4944,40.4194],[-3.4934,40.4194],[-3.4932,40.4194],[-3.4931,40.4194],[-3.493,40.4194],[-3.4929,40.4195],[-3.4928,40.4195],[-3.4923,40.4202],[-3.4919,40.4207],[-3.4917,40.4209],[-3.4916,40.421],[-3.4915,40.4211],[-3.4913,40.4211],[-3.4911,40.4212],[-3.4907,40.4212],[-3.4899,40.4212],[-3.4891,40.4211],[-3.4882,40.421],[-3.4879,40.421],[-3.4878,40.4209],[-3.4878,40.4208],[-3.4878,40.4205],[-3.4878,40.42],[-3.4878,40.4193],[-3.4869,40.4196],[-3.4854,40.4199],[-3.4849,40.4201],[-3.4847,40.4203],[-3.4846,40.4204],[-3.4841,40.4212],[-3.484,40.4216],[-3.484,40.4217],[-3.4841,40.422],[-3.4841,40.4221],[-3.4838,40.4226],[-3.4838,40.4227],[-3.4838,40.4229],[-3.4837,40.4232],[-3.4835,40.4234],[-3.483,40.4237],[-3.4821,40.4242],[-3.482,40.4243],[-3.4818,40.4246],[-3.4816,40.4249],[-3.4814,40.4253],[-3.4811,40.4255],[-3.4802,40.4261],[-3.4793,40.4267],[-3.4791,40.4269],[-3.4788,40.4271],[-3.4787,40.4274],[-3.4787,40.4277],[-3.4787,40.428],[-3.4787,40.4283],[-3.4785,40.4285],[-3.4784,40.4287],[-3.478,40.4288],[-3.4777,40.4289],[-3.4773,40.4289],[-3.4757,40.4296],[-3.4738,40.4304],[-3.4734,40.4306],[-3.4731,40.4309],[-3.4727,40.4313],[-3.4723,40.4317],[-3.4718,40.4321],[-3.4711,40.4326],[-3.4704,40.4333]]]]},"geometry_name":"GEOMETRY1","properties":{"DS_TIPO_ZONA":"Zonas E: Con destino Agrario, Forestal, Recreativo, Educacional y/o Equipamientos Ambientales y/o Usos Especiales","CD_AREA":"E2","NM_AREA_M":19706233,"NM_AREA_HA":1971}},{"type":"Feature","id":"IDEM_MA_PR_SURESTE.12","geometry":{"type":"MultiPolygon","coordinates":[[[[-3.4455,40.3217],[-3.4456,40.3219],[-3.4459,40.3226],[-3.4461,40.323],[-3.4462,40.3231],[-3.4462,40.3232],[-3.4463,40.3235],[-3.4464,40.3237],[-3.4469,40.3252],[-3.4472,40.3263],[-3.4474,40.327],[-3.4476,40.3276],[-3.4478,40.3281],[-3.448,40.3285],[-3.4482,40.3292],[-3.4482,40.3294],[-3.4483,40.3299],[-3.4485,40.3306],[-3.4486,40.3308],[-3.4486,40.3312],[-3.4487,40.3316],[-3.4488,40.332],[-3.4489,40.3324],[-3.4491,40.3328],[-3.4492,40.333],[-3.4495,40.3334],[-3.4495,40.3335],[-3.4496,40.3337],[-3.4498,40.3339],[-3.45,40.3343],[-3.4502,40.3348],[-3.4504,40.3351],[-3.4504,40.3353],[-3.4505,40.3356],[-3.4507,40.3358],[-3.4508,40.3361],[-3.4508,40.3364],[-3.451,40.3366],[-3.4512,40.3371],[-3.4514,40.3374],[-3.4516,40.3378],[-3.4521,40.3382],[-3.4523,40.3385],[-3.4527,40.3389],[-3.4528,40.3391],[-3.4528,40.3394],[-3.4527,40.3396],[-3.4527,40.34],[-3.4527,40.3405],[-3.4527,40.3408],[-3.4528,40.341],[-3.4529,40.3413],[-3.4531,40.3418],[-3.4532,40.3421],[-3.4533,40.3426],[-3.4533,40.3428],[-3.4534,40.343],[-3.4535,40.3433],[-3.4536,40.3433],[-3.4538,40.3432],[-3.4542,40.3432],[-3.4566,40.3428],[-3.4591,40.3423],[-3.4609,40.3419],[-3.4625,40.3414],[-3.4651,40.3405],[-3.4666,40.34],[-3.4697,40.3388],[-3.4688,40.3371],[-3.4684,40.3364],[-3.4676,40.3354],[-3.4675,40.3352],[-3.4672,40.3343],[-3.467,40.3334],[-3.4668,40.3325],[-3.4667,40.3317],[-3.4668,40.3312],[-3.4669,40.3308],[-3.4671,40.33],[-3.4677,40.3289],[-3.4678,40.3287],[-3.4678,40.3285],[-3.4678,40.3284],[-3.4673,40.3276],[-3.4664,40.3259],[-3.4657,40.3251],[-3.4651,40.3246],[-3.464,40.3239],[-3.4636,40.3234],[-3.4635,40.3231],[-3.4625,40.3226],[-3.4608,40.3219],[-3.4601,40.3216],[-3.4594,40.3211],[-3.4581,40.3216],[-3.4572,40.3216],[-3.4566,40.3215],[-3.4561,40.3214],[-3.4558,40.3213],[-3.4556,40.3212],[-3.4555,40.3211],[-3.4553,40.321],[-3.4551,40.3209],[-3.4547,40.3208],[-3.4545,40.3208],[-3.454,40.3208],[-3.4534,40.3207],[-3.4528,40.3206],[-3.4522,40.3204],[-3.4516,40.3203],[-3.4508,40.3202],[-3.4503,40.3201],[-3.45,40.3201],[-3.4496,40.3201],[-3.4491,40.3201],[-3.4487,40.3201],[-3.4482,40.3202],[-3.4475,40.3204],[-3.4467,40.3206],[-3.446,40.3208],[-3.4457,40.3209],[-3.4455,40.3211],[-3.4453,40.3212],[-3.4453,40.3213],[-3.4455,40.3217]]],[[[-3.4932,40.3934],[-3.4931,40.3936],[-3.4931,40.394],[-3.4932,40.3945],[-3.4933,40.3956],[-3.4934,40.3959],[-3.4935,40.3962],[-3.4936,40.3964],[-3.4936,40.3965],[-3.4938,40.3966],[-3.4939,40.3967],[-3.4941,40.3968],[-3.4942,40.397],[-3.4944,40.3972],[-3.4947,40.3973],[-3.495,40.3974],[-3.4955,40.3975],[-3.4992,40.3977],[-3.4999,40.3977],[-3.4997,40.3979],[-3.499,40.3982],[-3.4987,40.3983],[-3.4982,40.3985],[-3.4975,40.3987],[-3.4963,40.3991],[-3.4958,40.3992],[-3.4954,40.3994],[-3.495,40.3996],[-3.4946,40.3998],[-3.4942,40.4002],[-3.4935,40.4009],[-3.4932,40.4013],[-3.493,40.4015],[-3.493,40.4017],[-3.493,40.4018],[-3.4931,40.402],[-3.4934,40.4022],[-3.4934,40.4022],[-3.4935,40.4022],[-3.4937,40.4023],[-3.4939,40.4026],[-3.494,40.4029],[-3.4941,40.4031],[-3.4943,40.4033],[-3.4945,40.4035],[-3.4946,40.4036],[-3.4948,40.4033],[-3.4986,40.4028],[-3.5009,40.4025],[-3.5017,40.4024],[-3.5025,40.4023],[-3.5032,40.4022],[-3.5038,40.402],[-3.5044,40.4015],[-3.5052,40.4007],[-3.5062,40.3998],[-3.507,40.3991],[-3.5077,40.3984],[-3.5081,40.3979],[-3.5083,40.3975],[-3.5085,40.3971],[-3.5085,40.3967],[-3.5085,40.3964],[-3.5085,40.3961],[-3.5083,40.3957],[-3.5082,40.3954],[-3.5077,40.3948],[-3.5058,40.3936],[-3.5055,40.3934],[-3.5055,40.3932],[-3.5053,40.3923],[-3.5053,40.3921],[-3.506,40.3909],[-3.5064,40.3901],[-3.5068,40.3891],[-3.5066,40.3886],[-3.505,40.3892],[-3.5048,40.3893],[-3.5047,40.3897],[-3.5043,40.3908],[-3.5039,40.3917],[-3.5037,40.392],[-3.5024,40.3929],[-3.5017,40.3904],[-3.5029,40.3899],[-3.5028,40.3885],[-3.5028,40.3883],[-3.5024,40.3879],[-3.5019,40.3875],[-3.5012,40.3873],[-3.5009,40.3872],[-3.5007,40.3873],[-3.5005,40.3852],[-3.5048,40.3843],[-3.5051,40.3847],[-3.506,40.3827],[-3.506,40.3826],[-3.5052,40.382],[-3.5049,40.3819],[-3.5035,40.3818],[-3.5028,40.3814],[-3.5015,40.3805],[-3.5006,40.3794],[-3.5005,40.3792],[-3.5003,40.378],[-3.5003,40.378],[-3.5002,40.3772],[-3.5002,40.3772],[-3.5015,40.3766],[-3.5023,40.3763],[-3.5024,40.3762],[-3.5025,40.3759],[-3.5024,40.3756],[-3.5003,40.3728],[-3.4993,40.3716],[-3.4984,40.3705],[-3.4966,40.3685],[-3.4957,40.3672],[-3.4948,40.3664],[-3.4933,40.3656],[-3.4916,40.3646],[-3.4907,40.3642],[-3.4907,40.3641],[-3.4907,40.3639],[-3.4908,40.3636],[-3.4909,40.3635],[-3.4908,40.3634],[-3.49,40.3632],[-3.4889,40.3631],[-3.4879,40.3631],[-3.4867,40.363],[-3.4851,40.3628],[-3.4849,40.3627],[-3.4843,40.3626],[-3.4837,40.3622],[-3.4833,40.3616],[-3.483,40.361],[-3.4826,40.3607],[-3.4821,40.3605],[-3.4816,40.3601],[-3.4814,40.3598],[-3.4806,40.3583],[-3.48,40.3571],[-3.4795,40.3559],[-3.4784,40.3537],[-3.4779,40.3525],[-3.4769,40.3504],[-3.4765,40.3496],[-3.4759,40.3483],[-3.4751,40.3465],[-3.4744,40.3449],[-3.4729,40.3422],[-3.4692,40.3438],[-3.4678,40.3444],[-3.4667,40.3451],[-3.4661,40.3454],[-3.4659,40.3457],[-3.4659,40.346],[-3.466,40.3465],[-3.4659,40.3468],[-3.4658,40.347],[-3.4654,40.3472],[-3.4634,40.3478],[-3.4618,40.3485],[-3.4603,40.3492],[-3.4592,40.3501],[-3.4581,40.3509],[-3.4573,40.3513],[-3.4567,40.3516],[-3.4559,40.352],[-3.4549,40.3523],[-3.4539,40.3525],[-3.4531,40.3527],[-3.4529,40.3527],[-3.4529,40.3528],[-3.4528,40.353],[-3.4526,40.3532],[-3.4519,40.3541],[-3.4513,40.3549],[-3.4513,40.3551],[-3.4513,40.3552],[-3.4513,40.3555],[-3.4515,40.3561],[-3.4515,40.3564],[-3.4515,40.3571],[-3.4515,40.3577],[-3.4516,40.3579],[-3.4525,40.3593],[-3.4528,40.3597],[-3.4538,40.3609],[-3.4548,40.3618],[-3.4552,40.364],[-3.4553,40.3647],[-3.4558,40.3666],[-3.457,40.3696],[-3.4571,40.3701],[-3.4573,40.3704],[-3.4575,40.3711],[-3.4577,40.3715],[-3.4585,40.3729],[-3.459,40.3751],[-3.4591,40.3753],[-3.4591,40.3773],[-3.4591,40.3774],[-3.4593,40.379],[-3.4597,40.3803],[-3.4614,40.3811],[-3.4626,40.3821],[-3.4638,40.383],[-3.4642,40.3834],[-3.464,40.3842],[-3.4637,40.3846],[-3.4637,40.3849],[-3.4639,40.3852],[-3.4641,40.3855],[-3.4645,40.3858],[-3.4648,40.3861],[-3.4649,40.3863],[-3.4649,40.3867],[-3.4649,40.387],[-3.4651,40.3869],[-3.4659,40.3866],[-3.4664,40.3871],[-3.4676,40.3863],[-3.4696,40.3847],[-3.4722,40.3832],[-3.4742,40.382],[-3.4782,40.3807],[-3.4846,40.3789],[-3.4869,40.3785],[-3.489,40.3781],[-3.4913,40.3783],[-3.492,40.3783],[-3.4928,40.3783],[-3.4954,40.3781],[-3.4972,40.378],[-3.4973,40.3785],[-3.4981,40.3817],[-3.4924,40.3826],[-3.4923,40.3822],[-3.4923,40.382],[-3.4899,40.3819],[-3.49,40.3824],[-3.4901,40.3827],[-3.4902,40.383],[-3.4903,40.3832],[-3.4909,40.3844],[-3.491,40.3848],[-3.4911,40.3861],[-3.4911,40.387],[-3.4913,40.3879],[-3.4915,40.389],[-3.4917,40.3897],[-3.4918,40.3901],[-3.4919,40.3903],[-3.492,40.3905],[-3.4922,40.3907],[-3.4924,40.3909],[-3.4928,40.3914],[-3.4931,40.3917],[-3.4932,40.3919],[-3.4933,40.3924],[-3.4934,40.3925],[-3.4934,40.3927],[-3.4933,40.393],[-3.4932,40.3934]]]]},"geometry_name":"GEOMETRY1","properties":{"DS_TIPO_ZONA":"Zona F: Periférica de Protección","CD_AREA":"F1","NM_AREA_M":16659563,"NM_AREA_HA":1666}},{"type":"Feature","id":"IDEM_MA_PR_SURESTE.13","geometry":{"type":"MultiPolygon","coordinates":[[[[-3.6069,40.1595],[-3.6068,40.1595],[-3.6074,40.16],[-3.6084,40.1608],[-3.6096,40.1619],[-3.6103,40.1626],[-3.6113,40.1638],[-3.6125,40.1652],[-3.6143,40.167],[-3.6154,40.1674],[-3.615,40.167],[-3.6143,40.1663],[-3.6137,40.1657],[-3.6132,40.1652],[-3.6128,40.1647],[-3.6123,40.1642],[-3.612,40.1638],[-3.6117,40.1636],[-3.6114,40.1631],[-3.611,40.1624],[-3.6105,40.1612],[-3.6102,40.1604],[-3.6099,40.1595],[-3.6093,40.1594],[-3.609,40.1594],[-3.6086,40.1594],[-3.6085,40.1594],[-3.6082,40.1593],[-3.608,40.1593],[-3.6075,40.1593],[-3.607,40.1592],[-3.607,40.1594],[-3.6069,40.1595]]],[[[-3.5882,40.2033],[-3.5882,40.2035],[-3.5884,40.2035],[-3.5887,40.2034],[-3.5893,40.2032],[-3.5894,40.2032],[-3.5895,40.2033],[-3.5899,40.2032],[-3.5903,40.2031],[-3.5906,40.203],[-3.5909,40.2029],[-3.591,40.2028],[-3.5912,40.2028],[-3.5913,40.2027],[-3.5916,40.2026],[-3.5917,40.2025],[-3.5919,40.2024],[-3.592,40.2023],[-3.5922,40.2021],[-3.5923,40.202],[-3.5924,40.2019],[-3.5924,40.2017],[-3.5924,40.2015],[-3.5924,40.2013],[-3.5923,40.2013],[-3.5915,40.2016],[-3.5899,40.2018],[-3.5897,40.2018],[-3.5897,40.202],[-3.5894,40.2023],[-3.5892,40.2024],[-3.5882,40.2033]]],[[[-3.5813,40.2032],[-3.5813,40.2033],[-3.5815,40.2033],[-3.583,40.2037],[-3.583,40.2036],[-3.5831,40.2029],[-3.5833,40.2021],[-3.5819,40.2018],[-3.5813,40.2032]]],[[[-3.5828,40.2045],[-3.5829,40.2048],[-3.5829,40.2048],[-3.5831,40.2054],[-3.5832,40.2053],[-3.5833,40.2052],[-3.5837,40.205],[-3.5841,40.2048],[-3.5844,40.2046],[-3.5846,40.2046],[-3.5829,40.2041],[-3.5828,40.2045]]],[[[-3.5774,40.2059],[-3.5773,40.2069],[-3.5778,40.2068],[-3.5781,40.2067],[-3.5786,40.2066],[-3.5793,40.2064],[-3.5795,40.2064],[-3.5797,40.2062],[-3.5794,40.2055],[-3.5774,40.2059]]],[[[-3.5538,40.2073],[-3.554,40.2071],[-3.5543,40.2068],[-3.5546,40.2067],[-3.5549,40.2066],[-3.5553,40.2064],[-3.5557,40.2061],[-3.5557,40.2059],[-3.5558,40.2057],[-3.5557,40.2054],[-3.5556,40.2051],[-3.5554,40.2049],[-3.5554,40.2045],[-3.5554,40.204],[-3.5554,40.2036],[-3.5555,40.2032],[-3.5557,40.2027],[-3.5558,40.2024],[-3.5559,40.2022],[-3.5559,40.2019],[-3.5559,40.2015],[-3.556,40.2012],[-3.5559,40.2011],[-3.5561,40.2004],[-3.5563,40.2001],[-3.5559,40.1996],[-3.5539,40.1996],[-3.5506,40.1995],[-3.5502,40.1995],[-3.5497,40.1999],[-3.5492,40.2003],[-3.5489,40.2005],[-3.5487,40.2007],[-3.5485,40.2008],[-3.548,40.201],[-3.5474,40.2012],[-3.547,40.2015],[-3.5468,40.2017],[-3.5466,40.202],[-3.5463,40.2023],[-3.5462,40.2027],[-3.5462,40.2029],[-3.5462,40.203],[-3.5461,40.2033],[-3.546,40.2034],[-3.546,40.2035],[-3.5459,40.2035],[-3.5456,40.2036],[-3.5461,40.2038],[-3.5464,40.204],[-3.5475,40.205],[-3.5478,40.2058],[-3.5482,40.2067],[-3.5483,40.2071],[-3.5485,40.2069],[-3.5538,40.2073]]],[[[-3.5612,40.2197],[-3.5662,40.2198],[-3.5663,40.2196],[-3.5691,40.2196],[-3.5695,40.2195],[-3.5704,40.2195],[-3.5704,40.2194],[-3.5703,40.2192],[-3.5702,40.2186],[-3.57,40.2181],[-3.5698,40.2175],[-3.5697,40.2167],[-3.5695,40.216],[-3.5695,40.2157],[-3.5695,40.2153],[-3.5698,40.2148],[-3.5701,40.2143],[-3.5702,40.2141],[-3.5702,40.2139],[-3.5702,40.2139],[-3.5705,40.2128],[-3.5704,40.2127],[-3.5689,40.2134],[-3.5688,40.2141],[-3.5688,40.2142],[-3.5686,40.2143],[-3.5686,40.2147],[-3.5687,40.2156],[-3.5682,40.2167],[-3.5677,40.2177],[-3.5671,40.2184],[-3.5669,40.2184],[-3.5667,40.2184],[-3.5665,40.2184],[-3.5662,40.2179],[-3.5664,40.2175],[-3.5665,40.2169],[-3.566,40.2166],[-3.5657,40.2164],[-3.5662,40.2157],[-3.5667,40.2152],[-3.5671,40.2146],[-3.5664,40.2143],[-3.5662,40.2145],[-3.5656,40.2145],[-3.5656,40.216],[-3.5655,40.2162],[-3.5656,40.2163],[-3.5656,40.2164],[-3.5654,40.2167],[-3.5651,40.217],[-3.5648,40.2171],[-3.5647,40.2173],[-3.5647,40.2174],[-3.5644,40.2179],[-3.5639,40.2183],[-3.5633,40.2186],[-3.5632,40.2187],[-3.5612,40.2197]]],[[[-3.5299,40.2312],[-3.5299,40.2319],[-3.53,40.232],[-3.53,40.2321],[-3.5302,40.2322],[-3.5305,40.2322],[-3.5309,40.2322],[-3.5311,40.2323],[-3.5317,40.2322],[-3.5332,40.2321],[-3.533,40.2313],[-3.5332,40.2311],[-3.5334,40.2308],[-3.5335,40.2305],[-3.5334,40.2303],[-3.533,40.23],[-3.5326,40.2295],[-3.5321,40.2295],[-3.5319,40.2295],[-3.5309,40.2293],[-3.5304,40.2291],[-3.5298,40.2289],[-3.5299,40.2312]]],[[[-3.5352,40.2439],[-3.5353,40.2441],[-3.5356,40.2444],[-3.5359,40.2447],[-3.5362,40.245],[-3.5364,40.2449],[-3.5368,40.2446],[-3.5368,40.2439],[-3.5366,40.2428],[-3.5363,40.2418],[-3.5359,40.2406],[-3.5353,40.2392],[-3.5352,40.2387],[-3.5352,40.2383],[-3.5353,40.2377],[-3.5354,40.2374],[-3.5356,40.2369],[-3.5356,40.2363],[-3.5355,40.2361],[-3.535,40.2357],[-3.5342,40.2345],[-3.5335,40.2347],[-3.5334,40.2345],[-3.5328,40.2348],[-3.5324,40.235],[-3.532,40.2352],[-3.5319,40.2351],[-3.5315,40.2352],[-3.5315,40.2353],[-3.5306,40.2356],[-3.5302,40.2356],[-3.5302,40.2354],[-3.5297,40.2354],[-3.5296,40.2355],[-3.529,40.2356],[-3.5291,40.2361],[-3.5284,40.2362],[-3.5278,40.2362],[-3.5273,40.2361],[-3.5273,40.2364],[-3.5264,40.2365],[-3.5265,40.2398],[-3.5267,40.2398],[-3.5271,40.2399],[-3.5273,40.24],[-3.5275,40.2399],[-3.528,40.2398],[-3.5281,40.2397],[-3.5283,40.2398],[-3.5287,40.24],[-3.5291,40.2402],[-3.5295,40.2405],[-3.5297,40.2407],[-3.5298,40.2408],[-3.53,40.2409],[-3.5304,40.2411],[-3.5306,40.2412],[-3.5306,40.2413],[-3.5308,40.2415],[-3.5311,40.2415],[-3.5312,40.2415],[-3.5315,40.2417],[-3.5316,40.2418],[-3.5318,40.2421],[-3.5323,40.2425],[-3.5327,40.2429],[-3.5326,40.2431],[-3.5328,40.2432],[-3.533,40.2431],[-3.5333,40.243],[-3.5336,40.2431],[-3.5337,40.2433],[-3.5339,40.2435],[-3.5341,40.2437],[-3.5344,40.244],[-3.5345,40.2439],[-3.5348,40.2439],[-3.5352,40.2439]]],[[[-3.4385,40.2892],[-3.4386,40.2892],[-3.4388,40.2893],[-3.4389,40.2893],[-3.4391,40.2894],[-3.4395,40.2895],[-3.4397,40.2895],[-3.4401,40.2895],[-3.4408,40.2896],[-3.4404,40.2907],[-3.4406,40.2907],[-3.4408,40.2908],[-3.4411,40.2909],[-3.4413,40.2909],[-3.4414,40.2909],[-3.4415,40.2909],[-3.4416,40.2908],[-3.4417,40.2907],[-3.4418,40.2906],[-3.442,40.2905],[-3.4421,40.2904],[-3.4422,40.2904],[-3.4423,40.2903],[-3.4422,40.2902],[-3.4422,40.29],[-3.4422,40.2899],[-3.4421,40.2898],[-3.4416,40.2896],[-3.4416,40.2896],[-3.4412,40.2896],[-3.4407,40.2895],[-3.44,40.2895],[-3.44,40.2888],[-3.4391,40.2888],[-3.4394,40.2884],[-3.439,40.2871],[-3.4372,40.2868],[-3.4362,40.2873],[-3.4362,40.2878],[-3.4385,40.2892]]],[[[-3.5022,40.2864],[-3.5038,40.2895],[-3.5041,40.2897],[-3.5045,40.2903],[-3.5049,40.2909],[-3.5053,40.2915],[-3.506,40.2928],[-3.5061,40.293],[-3.5063,40.2937],[-3.5066,40.2942],[-3.5068,40.2948],[-3.507,40.2952],[-3.5073,40.2959],[-3.5076,40.2965],[-3.5079,40.2971],[-3.508,40.2972],[-3.5082,40.2972],[-3.5082,40.2972],[-3.5084,40.2974],[-3.5079,40.2929],[-3.5076,40.2904],[-3.5071,40.2861],[-3.5022,40.2864]]],[[[-3.5141,40.3179],[-3.5135,40.3183],[-3.5142,40.3189],[-3.5146,40.3194],[-3.515,40.3198],[-3.5152,40.32],[-3.5154,40.32],[-3.5159,40.3202],[-3.5163,40.3202],[-3.5171,40.3203],[-3.5171,40.3202],[-3.5171,40.3201],[-3.5169,40.3154],[-3.5147,40.3151],[-3.5139,40.3169],[-3.5127,40.3165],[-3.5127,40.3164],[-3.513,40.3161],[-3.5131,40.3158],[-3.5132,40.315],[-3.5132,40.3148],[-3.5129,40.3144],[-3.5126,40.314],[-3.5122,40.3137],[-3.5112,40.313],[-3.5105,40.3126],[-3.5104,40.3126],[-3.5103,40.3126],[-3.5102,40.3126],[-3.5102,40.3128],[-3.5102,40.3131],[-3.5103,40.3142],[-3.5104,40.3153],[-3.5105,40.3166],[-3.5106,40.3169],[-3.5108,40.317],[-3.511,40.3171],[-3.5114,40.3172],[-3.5124,40.3176],[-3.5125,40.3177],[-3.5127,40.3178],[-3.5136,40.3173],[-3.5141,40.3179]]],[[[-3.6397,40.3179],[-3.6387,40.3187],[-3.6396,40.3194],[-3.639,40.3199],[-3.6404,40.3206],[-3.6421,40.3219],[-3.6448,40.3202],[-3.6437,40.3197],[-3.6433,40.3195],[-3.6431,40.3194],[-3.6429,40.3192],[-3.6423,40.3186],[-3.6411,40.3174],[-3.6409,40.3172],[-3.6397,40.3179]]],[[[-3.6144,40.3191],[-3.6135,40.3201],[-3.6127,40.3209],[-3.6126,40.3209],[-3.6125,40.321],[-3.6124,40.3211],[-3.6124,40.3212],[-3.6115,40.322],[-3.6111,40.3223],[-3.6108,40.3225],[-3.6096,40.3233],[-3.6093,40.3234],[-3.6087,40.3237],[-3.6085,40.3238],[-3.6082,40.3239],[-3.6056,40.3253],[-3.605,40.3255],[-3.6043,40.326],[-3.6021,40.3274],[-3.601,40.3288],[-3.6007,40.3292],[-3.5999,40.3298],[-3.5979,40.3311],[-3.5951,40.3343],[-3.5933,40.3356],[-3.5922,40.3363],[-3.592,40.3364],[-3.5867,40.339],[-3.5859,40.3394],[-3.5843,40.3403],[-3.5839,40.3406],[-3.5833,40.341],[-3.5821,40.3419],[-3.5795,40.3437],[-3.5779,40.3447],[-3.5758,40.3462],[-3.5748,40.3469],[-3.574,40.3476],[-3.5732,40.3482],[-3.5725,40.3487],[-3.5719,40.3492],[-3.5709,40.3501],[-3.5706,40.3504],[-3.5698,40.3513],[-3.5684,40.353],[-3.5681,40.3533],[-3.5681,40.3533],[-3.5681,40.3533],[-3.5679,40.3535],[-3.5678,40.3536],[-3.5676,40.3537],[-3.5674,40.354],[-3.5665,40.3547],[-3.5663,40.355],[-3.5658,40.3554],[-3.5648,40.3564],[-3.5648,40.3564],[-3.5647,40.3564],[-3.5643,40.3568],[-3.5638,40.3574],[-3.5631,40.358],[-3.5629,40.3581],[-3.5624,40.3586],[-3.5623,40.3588],[-3.5622,40.3589],[-3.5622,40.3591],[-3.5626,40.3586],[-3.5639,40.3573],[-3.5656,40.3557],[-3.5671,40.3543],[-3.5678,40.3537],[-3.568,40.3536],[-3.5684,40.3535],[-3.5687,40.3533],[-3.5689,40.3531],[-3.5691,40.3528],[-3.5702,40.3515],[-3.5709,40.3507],[-3.5715,40.35],[-3.5718,40.3497],[-3.5721,40.3495],[-3.5729,40.3491],[-3.5735,40.3487],[-3.5761,40.3466],[-3.5774,40.3455],[-3.5798,40.3438],[-3.5821,40.3423],[-3.5826,40.3419],[-3.5834,40.3413],[-3.5842,40.3408],[-3.5852,40.3402],[-3.586,40.3396],[-3.5863,40.3394],[-3.587,40.3391],[-3.5873,40.339],[-3.5876,40.3388],[-3.5879,40.3386],[-3.5888,40.3382],[-3.5895,40.3379],[-3.5903,40.3375],[-3.5909,40.3374],[-3.5916,40.3372],[-3.5923,40.337],[-3.5926,40.3369],[-3.593,40.3365],[-3.5935,40.3361],[-3.5944,40.3354],[-3.5949,40.335],[-3.5954,40.3348],[-3.5957,40.3346],[-3.596,40.3344],[-3.5962,40.3343],[-3.5965,40.334],[-3.5967,40.3335],[-3.5969,40.3329],[-3.597,40.3327],[-3.5971,40.3326],[-3.5976,40.3321],[-3.5979,40.3317],[-3.5982,40.3314],[-3.599,40.3309],[-3.5998,40.3303],[-3.6002,40.3301],[-3.6006,40.3298],[-3.6008,40.3296],[-3.6011,40.3294],[-3.6012,40.3292],[-3.6013,40.3292],[-3.6018,40.3283],[-3.602,40.3281],[-3.6023,40.3279],[-3.6026,40.3276],[-3.6031,40.3273],[-3.6035,40.327],[-3.6042,40.3266],[-3.6046,40.3263],[-3.6048,40.3261],[-3.605,40.3259],[-3.6052,40.3257],[-3.6057,40.3255],[-3.606,40.3254],[-3.6066,40.3251],[-3.6075,40.3246],[-3.6082,40.3243],[-3.6087,40.324],[-3.6094,40.3237],[-3.6096,40.3236],[-3.6103,40.3233],[-3.6108,40.323],[-3.611,40.3229],[-3.6112,40.3228],[-3.6114,40.3226],[-3.6116,40.3225],[-3.6118,40.3223],[-3.612,40.3221],[-3.6123,40.3216],[-3.6126,40.3212],[-3.6128,40.321],[-3.613,40.3209],[-3.6131,40.3208],[-3.6137,40.3206],[-3.6138,40.3206],[-3.614,40.3204],[-3.6146,40.3196],[-3.6147,40.3195],[-3.615,40.3193],[-3.6153,40.319],[-3.6156,40.3188],[-3.6157,40.3187],[-3.6158,40.3184],[-3.6159,40.3183],[-3.6163,40.3178],[-3.6161,40.3178],[-3.6161,40.3178],[-3.616,40.3177],[-3.6158,40.3176],[-3.6157,40.3176],[-3.6144,40.3191]]],[[[-3.5169,40.386],[-3.5164,40.3862],[-3.5164,40.3866],[-3.5164,40.3866],[-3.5164,40.3868],[-3.5164,40.3873],[-3.5163,40.3878],[-3.5162,40.3881],[-3.5162,40.3884],[-3.5163,40.3893],[-3.5167,40.3898],[-3.5167,40.3905],[-3.5167,40.3908],[-3.5166,40.3913],[-3.5166,40.3919],[-3.5166,40.3925],[-3.5167,40.3936],[-3.5176,40.394],[-3.5178,40.394],[-3.5179,40.394],[-3.5179,40.3939],[-3.5182,40.3934],[-3.5183,40.3929],[-3.5182,40.3904],[-3.5181,40.3869],[-3.5183,40.3861],[-3.5182,40.386],[-3.518,40.3859],[-3.5174,40.3859],[-3.5169,40.386]]],[[[-3.5166,40.4069],[-3.5171,40.4066],[-3.5183,40.4067],[-3.5192,40.4067],[-3.5192,40.4067],[-3.5192,40.406],[-3.519,40.405],[-3.5189,40.4046],[-3.5185,40.404],[-3.5184,40.4038],[-3.5182,40.4037],[-3.5165,40.4037],[-3.5166,40.4043],[-3.5167,40.4049],[-3.5167,40.405],[-3.5163,40.405],[-3.5168,40.4053],[-3.5166,40.4069]]],[[[-3.5152,40.4098],[-3.5151,40.4104],[-3.5151,40.4105],[-3.5152,40.4105],[-3.5154,40.4101],[-3.5155,40.4099],[-3.5159,40.4097],[-3.516,40.4095],[-3.5164,40.4095],[-3.517,40.4097],[-3.5171,40.4076],[-3.5167,40.4075],[-3.5164,40.4072],[-3.5163,40.4073],[-3.5156,40.4082],[-3.5152,40.4098]]],[[[-3.5263,40.4338],[-3.5267,40.4336],[-3.5266,40.4335],[-3.5264,40.4331],[-3.5263,40.4326],[-3.5262,40.4324],[-3.526,40.4317],[-3.5259,40.4313],[-3.5256,40.4308],[-3.5252,40.4301],[-3.5249,40.4296],[-3.5247,40.4294],[-3.5246,40.4293],[-3.5242,40.4289],[-3.524,40.4287],[-3.5239,40.4286],[-3.5239,40.4284],[-3.5238,40.4283],[-3.5236,40.4281],[-3.5235,40.428],[-3.5233,40.4279],[-3.5217,40.4286],[-3.5208,40.429],[-3.5199,40.4295],[-3.5192,40.4297],[-3.5188,40.4299],[-3.5181,40.4303],[-3.5178,40.4305],[-3.5176,40.4305],[-3.5174,40.4306],[-3.5177,40.4308],[-3.5178,40.4309],[-3.5183,40.4311],[-3.5189,40.4313],[-3.5193,40.4313],[-3.5202,40.4313],[-3.5206,40.4313],[-3.5211,40.4313],[-3.5215,40.4314],[-3.5221,40.4315],[-3.5227,40.4317],[-3.523,40.4318],[-3.5235,40.432],[-3.5238,40.4321],[-3.5246,40.4325],[-3.5251,40.4329],[-3.5255,40.4327],[-3.5263,40.4338]]]]},"geometry_name":"GEOMETRY1","properties":{"DS_TIPO_ZONA":"Zonas G: A Ordenar por el Planeamiento Urbanístico","CD_AREA":"G","NM_AREA_M":2988541,"NM_AREA_HA":299}},{"type":"Feature","id":"IDEM_MA_PR_SURESTE.14","geometry":{"type":"MultiPolygon","coordinates":[[[[-3.6195,40.2695],[-3.6191,40.27],[-3.6189,40.2703],[-3.6188,40.2706],[-3.6187,40.2709],[-3.6188,40.271],[-3.619,40.2711],[-3.6195,40.2713],[-3.6203,40.2714],[-3.6217,40.2714],[-3.6226,40.2713],[-3.6228,40.2712],[-3.6228,40.2712],[-3.6228,40.2712],[-3.6236,40.2708],[-3.6236,40.2708],[-3.6238,40.2706],[-3.6249,40.2698],[-3.6258,40.2693],[-3.6261,40.2693],[-3.6266,40.2693],[-3.6275,40.2694],[-3.6288,40.2694],[-3.6294,40.2694],[-3.6314,40.2695],[-3.6328,40.2696],[-3.6333,40.2695],[-3.6335,40.2694],[-3.6335,40.2694],[-3.6335,40.2694],[-3.6339,40.2692],[-3.6342,40.2688],[-3.6351,40.2674],[-3.6359,40.2664],[-3.6361,40.266],[-3.6362,40.2657],[-3.6364,40.2655],[-3.6366,40.2654],[-3.637,40.2651],[-3.6394,40.2638],[-3.641,40.2629],[-3.6424,40.2621],[-3.6429,40.2619],[-3.6431,40.2618],[-3.6435,40.2618],[-3.6437,40.2618],[-3.6442,40.2617],[-3.6442,40.2617],[-3.6442,40.2617],[-3.6443,40.2616],[-3.6456,40.2607],[-3.6461,40.2602],[-3.6464,40.2598],[-3.6471,40.259],[-3.6472,40.2589],[-3.6476,40.2586],[-3.6483,40.2584],[-3.6483,40.2584],[-3.6483,40.2584],[-3.6476,40.2584],[-3.6466,40.2583],[-3.6462,40.2582],[-3.6455,40.258],[-3.6453,40.2579],[-3.6448,40.2579],[-3.6448,40.2578],[-3.6446,40.2577],[-3.6444,40.2576],[-3.6442,40.2575],[-3.644,40.2575],[-3.6438,40.2574],[-3.6436,40.2572],[-3.6434,40.2571],[-3.6432,40.257],[-3.6431,40.2569],[-3.643,40.2567],[-3.6428,40.2566],[-3.6427,40.2564],[-3.6426,40.2563],[-3.6425,40.2561],[-3.6423,40.256],[-3.6421,40.2558],[-3.642,40.2557],[-3.6418,40.2556],[-3.6416,40.2555],[-3.6414,40.2554],[-3.6412,40.2554],[-3.641,40.2553],[-3.6408,40.2552],[-3.6406,40.2551],[-3.6404,40.255],[-3.6402,40.2549],[-3.64,40.2548],[-3.6398,40.2547],[-3.6396,40.2546],[-3.6394,40.2545],[-3.6392,40.2544],[-3.639,40.2543],[-3.6388,40.2542],[-3.6386,40.2541],[-3.6384,40.254],[-3.6382,40.2539],[-3.638,40.2538],[-3.6378,40.2537],[-3.6376,40.2536],[-3.6374,40.2535],[-3.6372,40.2534],[-3.637,40.2533],[-3.6368,40.2532],[-3.6366,40.2531],[-3.6364,40.2531],[-3.6362,40.253],[-3.636,40.2529],[-3.6358,40.2528],[-3.6355,40.2527],[-3.6353,40.2527],[-3.6351,40.2526],[-3.6349,40.2525],[-3.6347,40.2524],[-3.6345,40.2523],[-3.6343,40.2522],[-3.6341,40.2521],[-3.6339,40.252],[-3.6337,40.252],[-3.6335,40.2521],[-3.6333,40.2522],[-3.6331,40.2523],[-3.6329,40.2525],[-3.6328,40.2526],[-3.6326,40.2527],[-3.6324,40.2528],[-3.6322,40.2529],[-3.632,40.253],[-3.6318,40.2531],[-3.6316,40.2532],[-3.6315,40.2533],[-3.6313,40.2534],[-3.6311,40.2535],[-3.6309,40.2537],[-3.6307,40.2538],[-3.6305,40.2539],[-3.6304,40.254],[-3.6302,40.2541],[-3.63,40.2542],[-3.6298,40.2544],[-3.6296,40.2545],[-3.6295,40.2546],[-3.6293,40.2547],[-3.6291,40.2548],[-3.629,40.255],[-3.6289,40.2552],[-3.6288,40.2553],[-3.6287,40.2555],[-3.6286,40.2557],[-3.6285,40.2558],[-3.6284,40.256],[-3.6283,40.2562],[-3.6282,40.2563],[-3.6281,40.2565],[-3.628,40.2566],[-3.6279,40.2568],[-3.6278,40.2569],[-3.6277,40.2571],[-3.6275,40.2573],[-3.6274,40.2574],[-3.6273,40.2576],[-3.6271,40.2577],[-3.627,40.2578],[-3.6268,40.258],[-3.6267,40.2581],[-3.6265,40.2582],[-3.6264,40.2584],[-3.6263,40.2585],[-3.6262,40.2587],[-3.6262,40.2589],[-3.6261,40.2591],[-3.6261,40.2593],[-3.6262,40.2594],[-3.6262,40.2596],[-3.6262,40.2598],[-3.6262,40.26],[-3.6262,40.2602],[-3.6262,40.2603],[-3.6262,40.2605],[-3.6263,40.2607],[-3.6263,40.2609],[-3.6263,40.261],[-3.6263,40.2612],[-3.6262,40.2614],[-3.6261,40.2616],[-3.626,40.2617],[-3.6259,40.2619],[-3.6258,40.262],[-3.6256,40.2622],[-3.6254,40.2623],[-3.6253,40.2624],[-3.6251,40.2626],[-3.625,40.2627],[-3.6248,40.2628],[-3.6247,40.263],[-3.6246,40.2632],[-3.6245,40.2633],[-3.6244,40.2635],[-3.6244,40.2637],[-3.6243,40.2638],[-3.6243,40.264],[-3.6243,40.2642],[-3.6242,40.2644],[-3.6243,40.2646],[-3.6243,40.2647],[-3.6244,40.2649],[-3.6244,40.265],[-3.624,40.2652],[-3.6232,40.2658],[-3.6226,40.2663],[-3.6218,40.2672],[-3.6213,40.2677],[-3.621,40.268],[-3.62,40.2689],[-3.6195,40.2695]]],[[[-3.5629,40.2758],[-3.5637,40.277],[-3.5644,40.2791],[-3.563,40.2794],[-3.5633,40.2799],[-3.5655,40.2805],[-3.5659,40.2815],[-3.5689,40.2814],[-3.5694,40.2804],[-3.5693,40.2803],[-3.5677,40.2788],[-3.5677,40.2776],[-3.5651,40.2763],[-3.5658,40.275],[-3.5635,40.2744],[-3.5629,40.2758]]],[[[-3.5796,40.3388],[-3.5802,40.339],[-3.5814,40.3393],[-3.5822,40.3396],[-3.5831,40.3398],[-3.5834,40.3401],[-3.5837,40.3404],[-3.5839,40.3406],[-3.5843,40.3403],[-3.5859,40.3394],[-3.5867,40.339],[-3.592,40.3364],[-3.5922,40.3363],[-3.5933,40.3356],[-3.5951,40.3343],[-3.5979,40.3311],[-3.5999,40.3298],[-3.6007,40.3292],[-3.601,40.3288],[-3.6009,40.3287],[-3.6004,40.3281],[-3.6002,40.3277],[-3.5996,40.3267],[-3.599,40.3257],[-3.5978,40.3243],[-3.5972,40.3233],[-3.5963,40.3221],[-3.5961,40.3219],[-3.5954,40.3213],[-3.5949,40.3207],[-3.5943,40.3199],[-3.5936,40.3188],[-3.5934,40.3186],[-3.5927,40.318],[-3.5918,40.3174],[-3.5909,40.3169],[-3.5905,40.3166],[-3.59,40.3162],[-3.5892,40.3153],[-3.589,40.3151],[-3.5888,40.315],[-3.5886,40.3152],[-3.5878,40.3158],[-3.5876,40.3159],[-3.587,40.3161],[-3.5865,40.3164],[-3.5861,40.3166],[-3.5856,40.3169],[-3.5854,40.3171],[-3.585,40.3174],[-3.5847,40.3176],[-3.5849,40.3181],[-3.5851,40.3185],[-3.585,40.3193],[-3.5851,40.3205],[-3.5848,40.3213],[-3.5846,40.3219],[-3.5845,40.3222],[-3.5844,40.3224],[-3.5842,40.3229],[-3.5839,40.3235],[-3.5835,40.3242],[-3.5828,40.3256],[-3.5825,40.3263],[-3.5814,40.3268],[-3.5801,40.3276],[-3.5793,40.3281],[-3.5773,40.3298],[-3.5767,40.3303],[-3.5761,40.3309],[-3.5756,40.3315],[-3.5751,40.332],[-3.5746,40.3324],[-3.5741,40.3327],[-3.5736,40.3331],[-3.5732,40.3334],[-3.5726,40.3338],[-3.572,40.3345],[-3.5712,40.3356],[-3.5715,40.3359],[-3.5717,40.3362],[-3.5719,40.3364],[-3.572,40.3364],[-3.5722,40.3363],[-3.5725,40.3359],[-3.5726,40.3358],[-3.5728,40.3359],[-3.5732,40.3362],[-3.5749,40.3375],[-3.5752,40.3377],[-3.5759,40.3381],[-3.5767,40.3385],[-3.5773,40.3388],[-3.5778,40.339],[-3.5781,40.339],[-3.5788,40.3389],[-3.5794,40.3387],[-3.5796,40.3388]]]]},"geometry_name":"GEOMETRY1","properties":{"DS_TIPO_ZONA":"Zonas E: Con destino Agrario, Forestal, Recreativo, Educacional y/o Equipamientos Ambientales y/o Usos Especiales","CD_AREA":"E3","NM_AREA_M":6129874,"NM_AREA_HA":613}}],"totalFeatures":14,"numberMatched":14,"numberReturned":14,"timeStamp":"2026-09-17T20:34:43.550Z","crs":{"type":"name","properties":{"name":"urn:ogc:def:crs:EPSG::4326"}}}