{"type":"FeatureCollection","features":[{"type":"Feature","id":"V112_RZ_ENPZonificacion.19","geometry":{"type":"Polygon","coordinates":[[[725779.8744,4574201.3911],[725776.2429,4574193.2198],[725769.9291,4574166.1602],[725769.027,4574134.5887],[725768.1249,4574105.7236],[725764.3145,4574093.3447],[725755.0576,4574090.0385],[725723.3195,4574103.9246],[725698.855,4574106.5702],[725678.3573,4574099.2972],[725657.1738,4574079.5678],[725648.1534,4574057.9199],[725638.2308,4574029.9571],[725621.0922,4573997.4851],[725613.876,4573980.3458],[725611.1697,4573965.0116],[725601.0668,4573919.5501],[725598.9023,4573895.0145],[725609.005,4573861.0989],[725630.6538,4573807.6986],[725630.6538,4573791.1007],[725627.7672,4573754.2979],[725628.6693,4573733.552],[725639.4942,4573720.9229],[725653.9264,4573711.9023],[725672.8695,4573701.0773],[725673.7717,4573683.9388],[725665.6534,4573678.5272],[725636.7878,4573697.4706],[725611.5306,4573703.7852],[725563.723,4573703.7863],[725520.3297,4573697.9568],[725481.6366,4573706.4946],[725458.1828,4573715.5155],[725436.5344,4573737.1639],[725413.0814,4573761.5201],[725398.648,4573774.1482],[725373.3909,4573777.7573],[725322.8767,4573787.6809],[725294.0112,4573777.7592],[725283.0365,4573768.9797],[725293.9945,4573777.8326],[725316.9318,4573878.3305],[725324.8691,4573928.8296],[725285.1813,4573976.3299],[725253.431,4574010.8302],[725219.0556,4574055.8303],[725171.4303,4574068.8313],[725142.3051,4574079.8319],[725129.055,4574092.8321],[725099.9923,4574100.8327],[725073.492,4574124.333],[725036.4914,4574217.3326],[725025.8662,4574267.3322],[724970.3032,4574285.8334],[724946.4905,4574307.3337],[724949.1779,4574333.8332],[724935.9276,4574378.333],[724938.5525,4574418.3324],[724938.5523,4574460.8318],[724930.6147,4574481.8317],[724930.6145,4574518.8312],[724927.9894,4574545.3309],[724917.4267,4574561.331],[724941.2392,4574595.3299],[724957.7393,4574615.3292],[725003.4271,4574619.8279],[725091.9903,4574612.8257],[725154.8033,4574605.3241],[725239.054,4574588.3221],[725251.9291,4574579.8219],[725230.4915,4574561.3227],[725204.8038,4574554.3235],[725187.6787,4574544.3241],[725187.6788,4574522.8244],[725189.0539,4574499.8247],[725189.054,4574482.825],[725177.6789,4574469.8254],[725174.804,4574449.8258],[725166.2415,4574426.8264],[725163.3666,4574398.3268],[725169.1167,4574379.827],[725199.0544,4574381.3262],[725233.3671,4574374.3254],[725276.18,4574361.3245],[725333.3055,4574311.3237],[725376.1183,4574301.3228],[725421.8061,4574281.3219],[725471.8065,4574267.3209],[725517.4943,4574259.8199],[725567.4946,4574257.3186],[725608.8699,4574261.3175],[725644.5576,4574264.3166],[725683.1204,4574254.3158],[725717.4331,4574237.3152],[725750.2459,4574211.3148],[725776.246,4574193.3144],[725779.8744,4574201.3911]]]},"geometry_name":"shape","properties":{"objectid":19,"enpassociated":"PORN de los Sotos y Galachos del Ebro (Tramo Zaragoza-Escatrón)","zonetype":"PORN","zonename":"Resto del ámbito del PORN","planificationzone":"PORN","area":null,"zonecode":"PORN104_005","codeara":"PORN104"},"bbox":[724917.4267,4573678.5272,725779.8744,4574619.8279]},{"type":"Feature","id":"V112_RZ_ENPZonificacion.35","geometry":{"type":"Polygon","coordinates":[[[722699.2366,4581124.4524],[723092.9499,4580750.4247],[723283.2447,4580481.3873],[723519.4727,4580277.9687],[723690.9931,4580147.2944],[723732.598,4580115.5973],[723781.906,4580078.0316],[723788.5102,4579930.1886],[723808.1958,4579805.5127],[723847.5672,4579667.7131],[723847.5672,4579536.4753],[723867.2528,4579411.7994],[723946.6441,4579298.6374],[723946.7644,4579298.3107],[723952.4521,4579292.3104],[723965.5189,4579278.3719],[723965.5468,4579278.3422],[723966.4963,4579277.3248],[723966.7477,4579277.0601],[723969.2146,4579274.4632],[723969.7991,4579273.8479],[723970.5693,4579273.0372],[723970.5727,4579273.0335],[723988.3404,4579254.3297],[723993.2654,4579249.3079],[724009.8402,4579219.3184],[724021.4657,4579198.3921],[724026.0813,4579184.5451],[724035.5787,4579156.3045],[724035.9044,4579153.6991],[724038.1685,4579137.8519],[724038.1781,4579137.7848],[724038.3912,4579136.304],[724031.9017,4579117.9958],[724025.4429,4579099.6706],[724024.5917,4579097.8343],[724023.7033,4579095.8039],[724011.3907,4579069.3046],[724000.4323,4579056.2158],[723959.9648,4579007.6571],[723959.7026,4579007.3075],[723936.7648,4578979.8087],[723925.2021,4578967.3093],[723902.2643,4578942.8105],[723875.238,4578914.8668],[723874.7132,4578914.3201],[723874.7076,4578914.3183],[723874.7014,4578914.312],[723855.9511,4578908.3128],[723837.9507,4578902.8136],[723819.5755,4578884.3145],[723803.9235,4578867.4425],[723793.1606,4578855.7442],[723777.8013,4578840.898],[723777.7813,4578840.8786],[723758.6997,4578822.3176],[723751.5199,4578814.8563],[723738.0258,4578800.6137],[723723.0935,4578778.7901],[723713.9041,4578755.8183],[723712.533,4578752.8021],[723712.5293,4578752.7938],[723702.4492,4578730.3209],[723695.5742,4578711.3213],[723687.4208,4578688.8908],[723681.7434,4578673.1202],[723677.2479,4578660.4516],[723677.2458,4578660.4456],[723669.1367,4578637.3232],[723658.7618,4578606.3239],[723655.5743,4578596.8241],[723651.8868,4578585.8244],[723639.5117,4578556.3252],[723608.5117,4578487.3271],[723597.5741,4578460.8278],[723588.7616,4578439.3284],[723577.5118,4578394.3293],[723565.9492,4578374.8299],[723559.1366,4578363.3303],[723507.0111,4578309.8328],[723491.761,4578290.3336],[723481.6359,4578277.3341],[723475.3858,4578265.8345],[723464.7608,4578246.3351],[723457.6595,4578227.9211],[723454.191,4578218.8162],[723453.4483,4578216.8358],[723446.1983,4578203.3362],[723435.1357,4578182.8368],[723417.2252,4578148.3002],[723415.9663,4578145.8565],[723409.0942,4578113.214],[723406.9484,4578102.8386],[723400.1985,4578070.3392],[723398.3861,4578051.3394],[723397.9486,4578046.8395],[723399.1987,4578043.3395],[723403.3142,4578031.3675],[723404.6916,4578027.4653],[723420.042,4577995.6669],[723420.4494,4577994.8391],[723420.4558,4577994.8098],[723420.4771,4577994.7657],[723429.498,4577953.047],[723429.5066,4577952.8663],[723429.5124,4577952.8392],[723431.7628,4577905.8395],[723431.751,4577905.7376],[723431.7533,4577905.6893],[723426.5512,4577860.9449],[723426.1381,4577857.3402],[723426.1275,4577857.2999],[723426.1165,4577857.2056],[723423.9134,4577849.0073],[723412.3884,4577805.8413],[723388.0131,4577786.8423],[723360.471,4577763.1646],[723353.7276,4577757.3089],[723320.3519,4577740.1716],[723291.4858,4577739.2705],[723273.9504,4577741.8686],[723267.1364,4577742.8472],[723243.6986,4577732.8481],[723240.8685,4577728.839],[723230.1463,4577713.1139],[723200.8819,4577686.5116],[723200.3857,4577685.8501],[723192.1588,4577664.0131],[723186.829,4577649.7212],[723181.8979,4577639.8588],[723173.7609,4577623.3516],[723163.1812,4577608.2595],[723135.8367,4577568.6588],[723125.3853,4577526.8544],[723124.4849,4577520.577],[723116.2246,4577462.7543],[723110.6141,4577432.8307],[723108.3866,4577420.8557],[723082.2615,4577382.857],[723068.7075,4577372.2946],[723050.8503,4577358.159],[723012.9332,4577337.24],[722978.9381,4577334.626],[722960.5193,4577333.4387],[722946.5724,4577332.3622],[722938.3847,4577331.8625],[722907.7833,4577318.8909],[722901.795,4577316.3248],[722854.9017,4577272.2836],[722758.3813,4577130.3463],[722757.2586,4577127.1688],[722737.8217,4577071.8715],[722729.9961,4577050.0094],[722722.0873,4577027.6257],[722696.9008,4576991.6477],[722669.5873,4576974.6953],[722655.5715,4576965.8751],[722649.3727,4576962.1488],[722644.7307,4576959.2677],[722616.5575,4576934.9379],[722616.5546,4576934.9353],[722605.1338,4576924.8771],[722588.9464,4576888.8779],[722576.1294,4576884.7951],[722569.2481,4576882.4814],[722569.2351,4576882.477],[722566.0086,4576881.3787],[722565.9919,4576881.3865],[722565.9888,4576881.3855],[722564.8692,4576881.9133],[722545.7583,4576890.8794],[722526.0078,4576906.8799],[722524.3203,4576908.88],[722499.0071,4576935.8807],[722497.3422,4576935.632],[722416.2559,4576923.2964],[722411.0269,4576919.462],[722398.2559,4576909.8843],[722389.2558,4576903.3846],[722385.1783,4576897.662],[722380.3337,4576890.741],[722376.6973,4576885.3908],[722382.0752,4576849.5395],[722382.0756,4576813.5594],[722382.0692,4576813.5493],[722382.0692,4576813.3854],[722377.3739,4576806.1154],[722361.4081,4576780.8374],[722360.5068,4576779.3863],[722355.9815,4576776.0496],[722319.1106,4576748.7979],[722259.7438,4576718.2173],[722139.2109,4576649.8606],[722122.1855,4576638.4338],[722116.1926,4576634.3954],[722074.7549,4576606.3969],[722032.0673,4576569.3985],[721982.755,4576492.9005],[721970.0879,4576467.6752],[721958.8825,4576445.2641],[721939.9351,4576408.5544],[721939.9313,4576408.5471],[721931.6305,4576392.4026],[721928.7193,4576386.6441],[721895.5243,4576320.2554],[721895.5179,4576320.2425],[721870.1939,4576269.4052],[721827.3403,4576153.4622],[721898.1217,4576121.6087],[721922.2053,4576102.8022],[721926.1342,4576099.9041],[721944.2401,4576090.1414],[721966.1639,4576078.5342],[722007.3438,4576044.4135],[722052.0527,4576024.4112],[722052.0742,4576024.4005],[722052.8652,4576023.278],[722096.7616,4575962.0537],[722119.1172,4575945.5822],[722146.1778,4575938.5218],[722166.1787,4575945.5807],[722170.1384,4575966.1707],[722172.0762,4575976.3969],[722172.4681,4575980.8512],[722173.4823,4575992.5208],[722174.3884,4576003.3967],[722178.9141,4576007.23],[722185.0023,4576012.6416],[722200.298,4576009.1114],[722205.4213,4576003.4757],[722212.0766,4575996.3956],[722219.1392,4575995.3954],[722229.7018,4575993.8951],[722246.2022,4575979.8946],[722274.3903,4575953.8939],[722296.5088,4575942.4693],[722317.9527,4575931.4572],[722343.8369,4575924.3969],[722373.2507,4575905.5719],[722377.038,4575902.6863],[722382.3297,4575898.8908],[722415.6225,4575873.2886],[722422.6658,4575867.9222],[722446.9624,4575849.9247],[722447.0415,4575849.8661],[722454.4561,4575844.3889],[722456.1789,4575843.892],[722487.3766,4575834.9773],[722505.0244,4575838.5065],[722505.7377,4575839.5367],[722506.2692,4575840.3873],[722515.6301,4575853.8666],[722520.2817,4575872.477],[722516.8133,4575878.7594],[722512.4426,4575886.409],[722510.8937,4575888.8869],[722508.5812,4575892.3869],[722501.8597,4575902.1637],[722500.3173,4575904.3914],[722501.1919,4575906.7238],[722503.8309,4575913.8869],[722507.3847,4575916.8993],[722513.2596,4575922.0395],[722555.615,4575898.5067],[722596.7935,4575907.9181],[722600.4263,4575912.3581],[722607.3888,4575920.8766],[722607.8518,4575922.1499],[722609.0195,4575925.3836],[722616.7694,4575946.8832],[722641.9872,4575995.9813],[722642.6786,4575997.3327],[722642.6896,4575997.3489],[722642.7067,4575997.3821],[722665.0191,4576030.3812],[722679.5191,4576042.8806],[722682.8677,4576045.6771],[722690.9161,4576052.6279],[722752.0968,4576052.626],[722819.1593,4576049.0942],[722854.456,4576051.4461],[722876.8101,4576069.093],[722877.1144,4576070.3712],[722877.3962,4576071.8741],[722882.6919,4576093.8045],[722881.0945,4576103.3881],[722880.3333,4576107.8738],[722880.3465,4576107.8755],[722880.3395,4576107.9174],[722896.9229,4576110.1118],[722932.209,4576114.8721],[722943.71,4576116.303],[722960.3443,4576118.5041],[722969.524,4576117.3355],[722982.5221,4576115.8705],[723025.0852,4576110.3692],[723072.086,4576086.8679],[723101.5241,4576059.8672],[723146.2121,4576060.8658],[723178.025,4576060.8648],[723707.9696,4575957.3492],[724073.5948,4575850.9161],[724657.6614,4575681.0241],[724666.3125,4575678.5521],[724674.7946,4575676.323],[724727.4202,4575661.3216],[724763.0455,4575679.8203],[724966.6731,4575577.3156],[724975.7496,4575572.5279],[724978.0317,4575571.3793],[725006.0395,4575552.9694],[725023.2827,4575538.0578],[725026.4863,4575535.3145],[725040.924,4575523.3142],[725075.737,4575466.814],[725103.3624,4575433.3137],[725103.9402,4575430.1361],[725113.299,4575382.0057],[725113.2683,4575381.9781],[725113.3002,4575381.8141],[725104.5916,4575374.1559],[725095.6995,4575366.1396],[725074.0007,4575356.8406],[725072.7999,4575356.3156],[725069.4321,4575354.8827],[725061.0645,4575351.2967],[725035.5,4575339.7532],[725013.5388,4575324.9724],[724992.6118,4575310.8186],[724990.2696,4575305.1501],[724985.1969,4575292.7506],[724990.9702,4575275.4327],[724995.5563,4575271.4026],[724999.737,4575267.819],[725005.3274,4575262.8161],[725018.1833,4575251.5189],[725033.2363,4575245.7023],[725047.6751,4575240.318],[725051.2886,4575238.7267],[725054.4672,4575237.4985],[725099.4836,4575227.8513],[725135.301,4575220.3158],[725229.302,4575184.8137],[725333.1781,4575131.3115],[725427.1791,4575081.8096],[725492.4297,4575046.3084],[725508.8674,4575037.308],[725564.923,4575017.31],[725564.9306,4575017.3077],[725590.9306,4575009.8062],[725622.4226,4575000.3529],[725629.2451,4574998.3409],[725642.7554,4574996.4037],[725700.3066,4574988.3036],[725780.1823,4574976.8016],[725797.7257,4574974.0492],[725815.2257,4574971.407],[725815.2309,4574971.3029],[725815.2451,4574971.3007],[725822.4953,4574826.8028],[725838.433,4574826.3024],[725842.4608,4574826.1412],[725850.9309,4574825.9443],[725857.8208,4574762.0353],[725859.241,4574748.862],[725865.9958,4574686.304],[725869.5019,4574653.6839],[725871.7503,4574632.8287],[725874.6179,4574633.377],[725889.3086,4574636.3042],[725905.1213,4574564.305],[725905.1138,4574564.2776],[725905.1506,4574564.1103],[725899.7465,4574544.8952],[725899.744,4574544.8861],[725899.2112,4574542.9068],[725919.0362,4574462.9475],[725919.0425,4574462.8729],[725919.059,4574462.8063],[725920.8091,4574442.3066],[725922.3716,4574423.8069],[725923.103,4574419.419],[725924.8162,4574409.2392],[725925.0591,4574407.8071],[725925.0578,4574407.8039],[725925.0799,4574407.6729],[725916.9402,4574389.7655],[725916.9344,4574389.7527],[725913.8091,4574382.8078],[725907.1216,4574368.8082],[725902.7564,4574358.4263],[725902.5058,4574357.8178],[725899.2003,4574318.8082],[725881.3301,4574299.8872],[725876.7466,4574294.8102],[725848.3714,4574271.8113],[725822.4963,4574250.8123],[725808.3729,4574234.9698],[725805.5593,4574231.7811],[725800.7637,4574226.9369],[725800.7477,4574226.9207],[725783.4336,4574209.3139],[725779.8744,4574201.3911],[725776.246,4574193.3144],[725750.2459,4574211.3148],[725717.4331,4574237.3152],[725683.1204,4574254.3158],[725644.5576,4574264.3166],[725608.8699,4574261.3175],[725567.4946,4574257.3186],[725517.4943,4574259.8199],[725471.8065,4574267.3209],[725421.8061,4574281.3219],[725376.1183,4574301.3228],[725333.3055,4574311.3237],[725276.18,4574361.3245],[725233.3671,4574374.3254],[725199.0544,4574381.3262],[725169.1167,4574379.827],[725163.3666,4574398.3268],[725166.2415,4574426.8264],[725174.804,4574449.8258],[725177.6789,4574469.8254],[725189.054,4574482.825],[725189.0539,4574499.8247],[725187.6788,4574522.8244],[725187.6787,4574544.3241],[725204.8038,4574554.3235],[725230.4915,4574561.3227],[725251.9291,4574579.8219],[725239.054,4574588.3221],[725154.8033,4574605.3241],[725091.9903,4574612.8257],[725003.4271,4574619.8279],[724957.7393,4574615.3292],[724941.2392,4574595.3299],[724917.4267,4574561.331],[724927.9894,4574545.3309],[724930.6145,4574518.8312],[724930.6147,4574481.8317],[724938.5523,4574460.8318],[724938.5525,4574418.3324],[724935.9276,4574378.333],[724949.1779,4574333.8332],[724946.4905,4574307.3337],[724970.3032,4574285.8334],[725025.8662,4574267.3322],[725036.4914,4574217.3326],[725073.492,4574124.333],[725099.9923,4574100.8327],[725129.055,4574092.8321],[725142.3051,4574079.8319],[725171.4303,4574068.8313],[725219.0556,4574055.8303],[725253.431,4574010.8302],[725285.1813,4573976.3299],[725324.8691,4573928.8296],[725316.9318,4573878.3305],[725293.9945,4573777.8326],[725283.0365,4573768.9797],[725262.4319,4573752.3337],[725251.2444,4573747.334],[725246.5875,4573746.8503],[725236.2798,4573745.2869],[725228.7942,4573744.1699],[725187.9316,4573737.8357],[725176.244,4573765.3355],[725174.3954,4573769.8625],[725173.1959,4573772.68],[725145.1125,4573821.1864],[725129.5559,4573847.8355],[725087.3462,4573923.0545],[725051.5403,4573986.6745],[725034.3092,4574016.6549],[725029.8672,4574024.3354],[725024.4296,4574033.8354],[725023.6027,4574034.4936],[725012.5214,4574043.1123],[725001.279,4574045.7068],[724995.3044,4574046.836],[724992.1794,4574046.8361],[724982.1168,4574046.3363],[724978.6458,4574044.4258],[724968.5074,4574038.5875],[724941.4143,4574028.6275],[724919.4291,4574020.3382],[724904.3358,4574016.6658],[724902.2946,4574016.141],[724894.179,4574013.8389],[724887.0751,4574016.328],[724884.9839,4574016.9972],[724881.6164,4574017.8392],[724876.2125,4574019.8043],[724876.1382,4574019.8281],[724876.1311,4574019.8339],[724876.1164,4574019.8393],[724874.1163,4574021.3393],[724867.9913,4574026.3394],[724855.9287,4574036.3396],[724851.3661,4574041.8396],[724848.1841,4574045.8171],[724832.1179,4574065.2913],[724826.4301,4574072.2041],[724797.7405,4574106.8401],[724788.2902,4574118.5586],[724785.211,4574122.3009],[724737.929,4574175.256],[724731.9272,4574181.8407],[724731.1147,4574182.8407],[724728.1408,4574185.8652],[724686.3469,4574227.6603],[724680.0486,4574231.5967],[724677.1141,4574233.3415],[724619.9261,4574259.3426],[724618.4261,4574259.8427],[724596.676,4574266.8431],[724573.1758,4574274.3436],[724557.0506,4574278.344],[724548.7362,4574280.5153],[724535.9569,4574283.6978],[724494.7948,4574301.6524],[724487.5537,4574311.829],[724481.6749,4574319.8454],[724472.2679,4574341.6839],[724462.0609,4574365.0983],[724461.5409,4574366.973],[724461.4245,4574367.3453],[724453.7992,4574394.8452],[724453.7991,4574394.8823],[724453.799,4574409.845],[724449.1741,4574425.845],[724444.174,4574436.345],[724443.2431,4574438.2915],[724433.1947,4574459.1996],[724424.5357,4574477.096],[724422.6263,4574487.5968],[724421.736,4574492.3449],[724430.4856,4574519.3444],[724436.1108,4574536.8439],[724443.9735,4574550.5083],[724466.0366,4574589.1855],[724473.4857,4574602.3422],[724478.8514,4574611.7533],[724485.1289,4574622.8786],[724483.3508,4574624.3605],[724473.6061,4574632.1571],[724473.6188,4574632.3352],[724473.6106,4574632.3418],[724473.9855,4574637.8417],[724474.1661,4574640.2494],[724472.175,4574641.4441],[724468.7355,4574643.3418],[724465.607,4574645.385],[724462.6369,4574647.1671],[724440.1223,4574625.2298],[724402.5966,4574614.2627],[724360.4533,4574625.8094],[724333.8967,4574640.8196],[724327.5468,4574655.2529],[724269.8153,4574659.2951],[724256.2543,4574663.8161],[724252.4837,4574664.8473],[724250.2491,4574667.8775],[724245.2603,4574674.113],[724240.921,4574679.3475],[724240.6707,4574685.3539],[724240.2282,4574694.6553],[724232.5849,4574706.5021],[724225.7957,4574716.8475],[724220.6081,4574719.8476],[724206.2955,4574728.3479],[724195.8038,4574729.6238],[724180.2827,4574731.1764],[724177.4202,4574731.3486],[724173.0704,4574732.2705],[724164.1211,4574733.9282],[724157.9826,4574734.8491],[724156.2325,4574744.849],[724149.2948,4574757.3491],[724131.7003,4574766.1178],[724130.2503,4574766.8209],[724130.2503,4574766.8404],[724130.2321,4574766.8495],[724130.2321,4574773.79],[724128.4887,4574777.7112],[724127.9195,4574778.8494],[724119.8472,4574780.639],[724103.1162,4574784.1414],[724074.2503,4574788.1828],[724052.9896,4574789.4338],[724044.7937,4574789.8515],[724042.8451,4574790.7275],[724028.1144,4574796.8235],[724028.0653,4574796.8438],[724028.0435,4574796.8519],[724028.3768,4574804.3159],[724028.6428,4574810.6985],[724009.5923,4574814.1632],[724000.3154,4574818.3798],[723996.9182,4574819.8525],[723994.9807,4574812.8527],[723993.4182,4574807.3528],[723991.1058,4574796.353],[723990.6311,4574794.2434],[723990.5407,4574793.8138],[723984.1734,4574792.8085],[723984.1697,4574792.8079],[723963.1566,4574789.3622],[723965.6481,4574781.3188],[723968.1682,4574773.3538],[723969.7933,4574766.8538],[723971.4681,4574759.9833],[723972.2111,4574757.0111],[723977.9847,4574746.0421],[723978.5623,4574732.7649],[723977.2413,4574729.683],[723975.6686,4574725.8541],[723975.3804,4574725.3417],[723975.1329,4574724.7643],[723977.0437,4574718.3541],[723979.4043,4574710.3286],[723982.0257,4574701.5906],[723981.9922,4574701.53],[723982.0439,4574701.3542],[723963.7315,4574668.3551],[723960.5339,4574662.7005],[723957.7796,4574657.7164],[723949.697,4574653.6748],[723886.4073,4574667.3365],[723869.4807,4574670.8576],[723866.175,4574670.4509],[723843.3162,4574666.6411],[723841.7305,4574666.3583],[723841.5688,4574666.2074],[723830.1933,4574654.8332],[723827.3938,4574653.825],[723810.0429,4574647.3594],[723770.2303,4574622.3607],[723766.8025,4574620.3684],[723766.7923,4574620.3614],[723708.2106,4574579.1386],[723702.9177,4574575.363],[723697.9177,4574572.8632],[723669.5191,4574559.8287],[723652.1755,4574551.7355],[723605.9458,4574529.1863],[723586.7774,4574511.1463],[723556.7209,4574513.0858],[723551.7921,4574513.3676],[723538.1669,4574514.3679],[723501.1041,4574517.8689],[723478.1611,4574523.0602],[723445.8329,4574530.318],[723441.2576,4574532.2463],[723433.6035,4574535.3705],[723415.7283,4574542.8709],[723409.3781,4574542.4155],[723401.8158,4574541.6957],[723387.002,4574535.8764],[723383.3002,4574534.3757],[723383.1511,4574530.3525],[723383.1495,4574530.3102],[723382.6697,4574516.4829],[723393.8814,4574482.8492],[723439.7388,4574431.47],[723520.1682,4574341.37],[723531.2434,4574329.1234],[723653.0773,4574194.5604],[723685.6619,4574161.9759],[723728.4839,4574119.3668],[723728.4315,4574119.2063],[723728.4562,4574119.1817],[723721.8442,4574098.6845],[723703.9284,4574073.7827],[723686.7999,4574061.6591],[723675.1921,4574060.1116],[723666.984,4574058.8689],[723647.2004,4574058.4159],[723645.1444,4574058.3536],[723640.9709,4574057.18],[723623.9838,4574052.37],[723612.4728,4574045.8254],[723536.0452,4574002.1546],[723523.6961,4573992.2272],[723510.4838,4573981.3735],[723502.2963,4573974.8738],[723493.6713,4573962.8741],[723486.6856,4573953.2336],[723470.4901,4573930.6438],[723457.0276,4573905.2111],[723447.4217,4573886.8759],[723436.797,4573851.8765],[723435.5253,4573847.7585],[723434.1683,4573843.2787],[723426.8555,4573769.2332],[723411.3159,4573685.133],[723385.2755,4573655.215],[723384.9859,4573654.8794],[723384.4995,4573654.3235],[723368.3511,4573635.7705],[723324.4726,4573630.2872],[723324.217,4573629.5205],[723323.2359,4573626.3811],[723322.6734,4573624.8811],[723323.5485,4573614.8812],[723335.2988,4573589.8811],[723332.9686,4573569.3735],[723324.7042,4573496.3674],[723321.6813,4573472.4343],[723321.6808,4573472.4302],[723318.9909,4573450.9095],[723319.3847,4573415.0277],[723319.4254,4573411.883],[723326.8005,4573400.8829],[723349.7384,4573366.8827],[723356.2274,4573348.6329],[723362.4085,4573331.4641],[723362.4021,4573331.4498],[723362.4262,4573331.3826],[723361.317,4573329.0385],[723349.7236,4573303.2758],[723347.9824,4573301.5564],[723343.489,4573296.8834],[723326.482,4573280.3244],[723324.4758,4573278.3432],[723285.1663,4573280.1721],[723276.3567,4573281.3472],[723271.4263,4573281.8851],[723266.9858,4573279.4473],[723258.6571,4573274.688],[723255.3972,4573271.2301],[723251.0514,4573266.3857],[723234.1767,4573228.3864],[723216.7321,4573200.8684],[723203.1427,4573179.2491],[723183.4113,4573163.7465],[723136.8989,4573165.1565],[723095.1715,4573167.6865],[723090.3643,4573167.8901],[723085.2601,4573171.8223],[723073.474,4573180.6622],[723063.4412,4573182.669],[723059.3641,4573183.3907],[723045.3016,4573173.3911],[723038.9267,4573160.8913],[723038.5724,4573160.1897],[723032.6003,4573148.2454],[723028.5063,4573126.239],[723028.4766,4573126.0795],[723021.3294,4573087.5378],[723022.7359,4573049.5862],[723022.7336,4573049.5717],[723022.7402,4573049.3924],[723021.1407,4573039.4847],[723018.5092,4573022.8212],[723024.3657,4573000.3928],[723025.3033,4572996.8928],[723028.9908,4572992.3927],[723031.4578,4572989.1423],[723034.2935,4572985.5975],[723034.2241,4572985.4973],[723034.3035,4572985.3927],[723028.366,4572976.8929],[723024.1161,4572970.893],[722999.3661,4572961.8936],[722993.4286,4572955.8938],[722983.5537,4572945.8941],[722975.6821,4572926.9021],[722981.299,4572908.9263],[722981.3052,4572908.8946],[722984.6825,4572892.0129],[722984.6758,4572891.9117],[722984.6793,4572891.8944],[722983.5542,4572874.8949],[722976.4916,4572870.3952],[722973.5431,4572868.7302],[722971.1512,4572867.2085],[722957.6212,4572867.2088],[722957.3814,4572865.8907],[722956.9915,4572863.3958],[722955.6763,4572856.5164],[722955.3651,4572854.8055],[722948.7632,4572838.6506],[722929.566,4572811.2281],[722930.559,4572784.9009],[722930.0349,4572782.5954],[722930.0302,4572782.5746],[722924.9392,4572759.9494],[722925.1897,4572757.9812],[722925.6779,4572754.4],[722926.1318,4572750.5781],[722926.8937,4572744.5915],[722934.9492,4572709.6875],[722934.9573,4572709.6523],[722935.365,4572707.9014],[722942.4272,4572678.4022],[722942.3947,4572678.3619],[722942.3976,4572678.3498],[722933.4416,4572666.9226],[722930.4896,4572662.903],[722926.802,4572652.9034],[722917.0516,4572611.905],[722917.739,4572602.9053],[722918.427,4572593.9056],[722918.4362,4572593.787],[722918.436,4572575.4653],[722918.4359,4572558.5525],[722928.302,4572541.6394],[722928.2365,4572541.5181],[722928.3009,4572541.4071],[722917.1409,4572520.9658],[722914.9363,4572516.8821],[722897.3003,4572506.4092],[722897.2938,4572506.4053],[722896.6203,4572505.9458],[722873.7999,4572490.3735],[722859.9964,4572492.7135],[722819.8629,4572499.4107],[722809.4584,4572498.3157],[722796.0966,4572496.7739],[722787.9882,4572497.5465],[722776.9252,4572498.4116],[722772.8424,4572497.7016],[722760.1154,4572494.8738],[722752.2376,4572492.9123],[722748.7624,4572490.8978],[722739.419,4572484.892],[722738.7757,4572484.7205],[722737.7376,4572484.4128],[722711.9875,4572477.4136],[722707.1173,4572474.9531],[722700.1107,4572471.1807],[722697.0633,4572466.3923],[722693.7372,4572460.9145],[722691.4901,4572458.6267],[722686.7888,4572453.3378],[722686.4246,4572452.9149],[722686.4027,4572452.9034],[722686.399,4572452.8992],[722678.7795,4572448.696],[722661.3736,4572434.2069],[722662.3425,4572416.7644],[722662.6305,4572411.7638],[722660.8336,4572408.5698],[722660.4867,4572407.9169],[722654.4241,4572396.9174],[722651.323,4572391.8596],[722648.0943,4572386.3247],[722655.7189,4572379.7399],[722658.9736,4572377.0278],[722667.2004,4572370.629],[722670.2448,4572366.5703],[722672.3613,4572363.9181],[722677.2201,4572356.5145],[722685.4836,4572344.1192],[722689.1401,4572325.8362],[722683.8888,4572305.9243],[722679.9986,4572289.2725],[722675.1688,4572284.8629],[722674.1731,4572283.9207],[722658.9854,4572269.9215],[722651.6728,4572259.922],[722644.6416,4572249.6621],[722632.4619,4572231.6837],[722628.2887,4572227.5111],[722628.2849,4572227.5073],[722617.8598,4572216.9241],[722606.3676,4572209.5301],[722585.1776,4572195.6184],[722575.2345,4572188.9258],[722550.6094,4572174.9268],[722541.5468,4572169.9271],[722533.3789,4572143.4924],[722544.1077,4572131.3641],[722554.2964,4572119.9285],[722573.4211,4572089.9291],[722582.545,4572021.4309],[722595.2953,4572002.4316],[722617.1704,4572001.4312],[722623.512,4572004.5583],[722635.3956,4572010.4997],[722648.1677,4572010.4303],[722657.5454,4572010.43],[722663.3352,4572009.9096],[722690.8975,4572007.6744],[722711.6303,4572007.674],[722726.9556,4572004.0684],[722731.0919,4572000.2766],[722734.2954,4571997.4289],[722735.3656,4571996.3589],[722737.7731,4571994.152],[722753.0979,4571962.6012],[722761.0733,4571949.9348],[722768.4199,4571938.4302],[722772.086,4571932.3098],[722775.6348,4571926.5428],[722780.4625,4571922.6804],[722784.6698,4571919.4305],[722785.7947,4571906.4309],[722787.357,4571888.9315],[722787.3323,4571888.9185],[722787.3531,4571888.6826],[722758.283,4571873.7336],[722758.2762,4571873.7301],[722755.7943,4571872.4326],[722755.5066,4571872.1904],[722711.0286,4571831.8968],[722697.9046,4571820.4477],[722665.2935,4571791.9371],[722610.4805,4571743.9398],[722585.7046,4571755.3368],[722585.4691,4571755.4428],[722567.3934,4571764.2883],[722555.3682,4571769.8384],[722543.9807,4571774.9401],[722540.4182,4571775.9401],[722506.9807,4571783.9405],[722498.75,4571785.7696],[722493.4731,4571786.8251],[722482.7736,4571787.5157],[722465.5432,4571788.4412],[722442.7836,4571790.3456],[722417.7493,4571792.2352],[722406.5212,4571792.1584],[722397.9806,4571791.9424],[722392.9806,4571791.9425],[722167.6687,4571811.9822],[721931.8966,4571832.8236],[721898.2773,4571834.8198],[721886.9178,4571835.451],[721834.8541,4571838.4523],[721785.0467,4571841.9614],[721714.1854,4571846.7644],[721684.193,4571843.6323],[721678.0994,4571842.9565],[721665.1555,4571841.6442],[721638.6375,4571838.8749],[721543.9206,4571817.4542],[721369.1448,4571766.7214],[720878.9268,4571626.9225],[720850.5572,4571619.5401],[720776.008,4571599.9896],[720642.1287,4571559.4945],[720599.1898,4571545.9961],[720569.8764,4571536.4972],[720552.5007,4571517.9983],[720544.9399,4571498.3942],[720543.4689,4571494.4487],[720545.1215,4571479.2023],[720547.125,4571461.0001],[720558.3775,4571413.7326],[720563.3373,4571392.9636],[720567.3964,4571377.7412],[720567.359,4571377.5634],[720567.375,4571377.502],[720565.5083,4571368.7721],[720563.337,4571358.458],[720548.1126,4571347.2951],[720515.0079,4571345.9658],[720483.5599,4571344.5054],[720110.2365,4571358.5153],[720049.6035,4571362.0903],[719949.0531,4571367.7967],[719911.1696,4571386.5306],[719890.7302,4571396.5202],[719890.2762,4571396.8627],[719663.4743,4571509.0192],[719642.4708,4571542.0231],[719504.4692,4571490.0288],[719504.4656,4571490.0275],[719487.719,4571485.5289],[719338.3963,4571446.7948],[719335.4642,4571446.0342],[719169.4596,4571503.0373],[718979.5165,4571520.0421],[718801.4492,4571607.0447],[718659.4454,4571684.0466],[718508.4412,4571752.0491],[718130.8054,4571890.0562],[718096.0544,4571911.0567],[717812.1092,4572143.0589],[717605.7287,4572375.559],[717502.5386,4572530.0582],[717372.9724,4572788.0573],[717321.7194,4573175.0583],[717296.0924,4573536.5585],[717269.9035,4573717.059],[717166.5245,4573975.0619],[717142.3975,4574391.062],[716935.3299,4574570.5686],[716714.387,4574833.0755],[716615.9763,4574980.5348],[716615.9471,4574980.5785],[716617.1346,4574984.5785],[716619.1924,4574991.3129],[716619.8625,4574993.5586],[716619.8828,4574993.5723],[716619.8847,4574993.5784],[716708.1363,4575053.5754],[716736.6368,4575090.5744],[716746.9495,4575093.074],[716757.4923,4575095.7427],[716786.457,4575103.1893],[716797.5464,4575097.8752],[716813.1383,4575090.5718],[716817.478,4575088.3238],[716821.8115,4575086.2472],[716836.292,4575101.7644],[716847.6206,4575135.7135],[716857.9291,4575146.7323],[716866.0767,4575155.5699],[716878.7861,4575169.0263],[716878.8072,4575169.0488],[716878.8269,4575169.0694],[716886.3384,4575172.271],[716944.5071,4575197.1585],[717170.9042,4575185.7601],[717245.5199,4575199.1474],[717301.4411,4575201.297],[717303.1221,4575201.6331],[717304.3366,4575202.0554],[717305.2347,4575202.0555],[717309.7417,4575202.9565],[717312.2118,4575203.5552],[717334.3998,4575216.0545],[717335.6775,4575216.7527],[717344.4572,4575221.7276],[717345.4758,4575222.4804],[717346.6501,4575223.554],[717347.3661,4575223.8775],[717365.4631,4575232.0535],[717393.7139,4575208.0526],[717438.1527,4575191.5512],[717506.7796,4575183.549],[717540.5932,4575132.048],[717570.4065,4575134.5471],[717653.4086,4575163.5443],[717696.0971,4575176.543],[717715.9727,4575174.5423],[717741.4734,4575170.0415],[717762.599,4575168.0408],[717783.662,4575169.0402],[717806.9751,4575177.5394],[717827.1006,4575187.5387],[717855.5388,4575190.5378],[717926.3532,4575191.0355],[718034.7937,4575177.5321],[718050.4817,4575167.0316],[718077.67,4575149.5308],[718101.5457,4575131.5301],[718119.6713,4575119.0295],[718153.4848,4575106.0284],[718173.2978,4575102.0278],[718193.8609,4575097.5272],[718221.8618,4575070.5263],[718312.1146,4575007.5236],[718381.9918,4574962.5214],[718416.9304,4574936.5204],[718437.3061,4574916.5198],[718467.8697,4574867.0189],[718515.809,4574785.5176],[718540.6224,4574748.5169],[718570.4984,4574720.016],[718619.9999,4574703.5144],[718673.814,4574683.0128],[718692.0021,4574673.0122],[718709.5027,4574655.5117],[718737.8788,4574611.0109],[718815.0067,4574496.0087],[718865.2586,4574430.5073],[718903.0723,4574408.5062],[718993.3252,4574373.0034],[719054.577,4574355.5015],[719116.9539,4574346.4996],[719160.5176,4574345.4982],[719179.4557,4574344.9976],[719196.5187,4574336.9971],[719226.9572,4574329.4961],[719256.208,4574331.4952],[719293.9591,4574333.494],[719312.1471,4574336.4934],[719317.7096,4574344.9932],[719354.2731,4574357.492],[719376.8987,4574364.9913],[719399.1492,4574384.4905],[719473.9635,4574416.4881],[719521.5897,4574444.9865],[719559.4655,4574469.9852],[719593.7787,4574508.984],[719631.6543,4574558.4827],[719660.0923,4574600.9817],[719714.5309,4574654.4798],[719745.2815,4574683.9787],[719760.7191,4574713.4782],[719775.7189,4574784.9775],[719803.2186,4574908.9763],[719834.1556,4575059.4748],[719839.093,4575090.4746],[719851.4678,4575150.974],[719850.8424,4575190.4739],[719835.9037,4575277.9741],[719832.2784,4575308.9742],[719825.5903,4575347.9743],[719810.9641,4575438.4745],[719808.0889,4575455.4745],[719801.7761,4575475.4747],[719796.4633,4575494.4748],[719775.2121,4575557.9753],[719773.3995,4575569.9753],[719764.3364,4575611.9755],[719744.3352,4575681.4759],[719716.4591,4575729.4767],[719692.2079,4575792.9773],[719680.0824,4575812.9776],[719662.6441,4575855.9781],[719649.0184,4575899.9784],[719645.2056,4575923.4784],[719639.1428,4575933.4786],[719630.8301,4575939.4789],[719620.3395,4575943.6521],[719634.2456,4575942.2658],[719640.0079,4575940.9852],[719641.9554,4575940.4784],[719643.643,4575937.9784],[719645.6431,4575934.9783],[719645.7888,4575934.7684],[719648.7586,4575930.3139],[719649.489,4575925.5666],[719652.1735,4575908.1183],[719655.2252,4575894.4329],[719657.8313,4575882.9781],[719665.206,4575859.0719],[719667.3698,4575852.1169],[719677.7057,4575831.4458],[719681.7075,4575823.4775],[719691.2704,4575802.4772],[719695.3955,4575795.4771],[719707.6461,4575765.4768],[719717.8966,4575738.9765],[719728.8346,4575716.9762],[719736.5582,4575702.3599],[719740.4601,4575694.9759],[719750.8355,4575677.4756],[719751.8289,4575673.6978],[719754.6482,4575662.9756],[719763.8318,4575627.8404],[719766.1275,4575619.0954],[719769.9522,4575601.0657],[719770.6826,4575598.9789],[719772.2823,4575594.4087],[719773.7744,4575589.9752],[719775.5245,4575578.4751],[719777.0247,4575568.9751],[719777.045,4575568.8975],[719778.5673,4575563.0853],[719779.7872,4575558.4501],[719789.6903,4575534.547],[719789.7066,4575534.4898],[719803.3498,4575486.7409],[719808.1306,4575473.765],[719812.9115,4575449.862],[719816.147,4575431.8047],[719817.804,4575425.1773],[719818.3395,4575422.9742],[719820.2566,4575410.2681],[719820.5272,4575408.4742],[719824.215,4575392.4741],[719830.0905,4575354.974],[719835.6201,4575357.0803],[719843.2052,4575360.0298],[719843.2415,4575360.0439],[719838.8477,4575383.4759],[719838.1153,4575403.2465],[719875.4607,4575406.9065],[719884.8176,4575391.4845],[719891.483,4575380.4986],[719918.1614,4575339.148],[719933.1013,4575319.6731],[719965.7913,4575276.0872],[719971.5325,4575268.4698],[719985.4583,4575252.6774],[720012.0965,4575222.4686],[720039.7851,4575182.9679],[720052.6766,4575165.0759],[720071.8288,4575138.2634],[720100.3183,4575097.3107],[720123.0385,4575064.4656],[720135.2266,4575035.4653],[720148.8523,4575000.4649],[720163.7285,4574960.5075],[720165.9508,4574954.5075],[720175.3419,4574904.9942],[720176.0699,4574901.9612],[720180.4621,4574883.5367],[720179.7382,4574846.6007],[720179.606,4574840.0267],[720177.2211,4574798.4559],[720173.659,4574776.574],[720172.4385,4574769.09],[720169.6998,4574769.3639],[720165.605,4574769.9651],[720161.6631,4574773.2273],[720160.1673,4574774.4652],[720157.274,4574773.5089],[720152.6348,4574771.8221],[720151.6687,4574768.9238],[720150.6046,4574765.4656],[720148.9995,4574754.57],[720148.5422,4574751.4657],[720146.8841,4574745.1348],[720145.8113,4574741.0385],[720146.6873,4574733.1548],[720147.1716,4574728.7972],[720151.259,4574723.3475],[720149.73,4574717.9658],[720149.23,4574715.9658],[720146.73,4574710.9659],[720141.73,4574700.9661],[720139.8307,4574695.1646],[720138.3054,4574690.5054],[720139.0407,4574687.5642],[720140.3298,4574682.4082],[720135.5426,4574671.4663],[720131.9801,4574663.4665],[720131.5425,4574662.4665],[720128.9598,4574657.1346],[720127.6675,4574654.4666],[720128.3551,4574649.9666],[720128.7301,4574647.4666],[720128.7301,4574647.4067],[720128.7302,4574638.6444],[720126.1126,4574632.2875],[720124.9081,4574629.3622],[720122.9967,4574622.4817],[720119.4445,4574609.6938],[720109.6101,4574591.6646],[720104.5506,4574585.4378],[720102.5074,4574582.9232],[720100.3221,4574573.0889],[720100.3042,4574573.021],[720097.5903,4574562.7084],[720095.5746,4574560.4688],[720092.6731,4574557.245],[720090.8065,4574555.2349],[720090.1674,4574554.4681],[720085.5423,4574549.4683],[720081.2298,4574537.4684],[720074.6673,4574524.9687],[720062.4171,4574501.9691],[720049.6619,4574478.2817],[720048.4169,4574475.9697],[720044.4794,4574470.4698],[720039.7292,4574467.97],[720036.6042,4574466.4701],[720034.5416,4574462.4702],[720033.9702,4574461.0414],[720033.5417,4574459.9702],[720030.4792,4574450.9703],[720027.0288,4574444.3162],[720023.4791,4574437.4706],[720011.2914,4574418.471],[719996.4161,4574403.9716],[719987.8418,4574391.5708],[719974.2769,4574372.1454],[719962.1117,4574360.5742],[719951.8528,4574350.9731],[719944.2276,4574346.4734],[719938.2275,4574338.4736],[719930.5399,4574327.9739],[719902.1643,4574308.9748],[719899.2561,4574306.7235],[719896.3517,4574304.475],[719892.8516,4574301.9751],[719890.1681,4574298.8714],[719882.7956,4574289.7441],[719881.3953,4574288.0104],[719868.8289,4574278.1765],[719867.4594,4574278.9235],[719862.8189,4574281.4547],[719860.0413,4574280.2204],[719858.4133,4574279.4762],[719854.596,4574276.4727],[719850.7881,4574273.4765],[719824.6,4574256.4774],[719817.8858,4574252.5087],[719794.7079,4574239.2861],[719789.7241,4574236.4786],[719777.0364,4574227.479],[719776.1613,4574226.979],[719771.8822,4574224.2035],[719767.6143,4574221.6746],[719765.2236,4574220.4794],[719752.9733,4574210.9798],[719750.7858,4574209.4799],[719739.9104,4574209.9802],[719735.5353,4574209.9803],[719734.6644,4574215.9521],[719734.6603,4574215.9803],[719737.6792,4574223.3734],[719735.2178,4574228.5696],[719733.7851,4574231.4803],[719731.0744,4574233.8494],[719726.3366,4574237.751],[719718.2182,4574239.8388],[719711.0383,4574241.6853],[719684.3755,4574249.1165],[719675.321,4574253.7599],[719667.3455,4574257.9824],[719659.5963,4574264.6245],[719656.8451,4574266.9826],[719645.7582,4574260.8824],[719645.0323,4574260.483],[719612.4064,4574252.9841],[719610.7541,4574252.5651],[719590.7184,4574247.4848],[719577.593,4574240.4852],[719561.5926,4574238.9857],[719556.7527,4574236.9154],[719549.8782,4574233.7909],[719527.1516,4574224.9143],[719521.1858,4574217.1944],[719503.0047,4574193.6669],[719501.6735,4574192.8683],[719494.1272,4574188.3407],[719485.9598,4574180.884],[719481.7991,4574176.7405],[719480.0893,4574175.0378],[719477.2195,4574172.3661],[719464.2153,4574160.489],[719451.1525,4574155.4895],[719441.8397,4574155.4897],[719433.6804,4574152.2127],[719426.8732,4574149.5796],[719406.7669,4574152.2027],[719395.0512,4574152.5667],[719386.4305,4574152.8345],[719377.8552,4574151.3564],[719373.3078,4574150.5725],[719365.6801,4574152.6411],[719351.693,4574153.5157],[719340.218,4574153.6754],[719320.2223,4574153.9537],[719304.0498,4574154.8284],[719287.4403,4574154.3918],[719282.8678,4574153.7018],[719278.7726,4574152.9949],[719264.5222,4574152.9953],[719258.3719,4574149.1517],[719252.5219,4574145.4957],[719246.6021,4574144.4974],[719231.7713,4574141.9964],[719214.2708,4574136.9969],[719206.0561,4574134.3918],[719200.0829,4574132.4974],[719190.9182,4574131.8527],[719178.7679,4574131.23],[719161.6518,4574132.2784],[719152.019,4574132.9989],[719140.0493,4574134.4285],[719139.4294,4574134.5093],[719138.7005,4574134.6589],[719118.1211,4574138.8808],[719107.8508,4574140.3142],[719094.6272,4574142.1597],[719064.0305,4574152.5413],[719052.6487,4574157.0668],[719000.5143,4574178.0036],[718979.3261,4574190.0042],[718976.4993,4574191.4177],[718965.0135,4574197.9304],[718958.1905,4574201.9737],[718960.3296,4574208.8186],[718960.2845,4574208.8738],[718958.0442,4574211.6118],[718956.3878,4574213.5049],[718945.0267,4574221.4952],[718944.4234,4574221.5925],[718931.4812,4574223.6803],[718923.1765,4574220.1839],[718896.0766,4574235.0455],[718890.5385,4574240.0006],[718887.7718,4574242.4761],[718872.7466,4574248.4864],[718861.3863,4574256.2115],[718845.4281,4574267.0632],[718819.2023,4574285.0936],[718815.2663,4574287.9562],[718807.1954,4574294.0094],[718800.0701,4574300.5096],[718789.1415,4574307.5041],[718788.7869,4574307.8124],[718764.019,4574329.3497],[718754.1843,4574334.8135],[718747.9077,4574337.0553],[718746.5352,4574337.5455],[718742.3862,4574339.0208],[718721.9426,4574346.512],[718709.9422,4574352.5124],[718703.817,4574356.5125],[718699.8794,4574359.0127],[718684.3679,4574368.5188],[718669.7156,4574377.6501],[718662.4123,4574384.9534],[718661.8479,4574385.5178],[718654.3418,4574390.9478],[718646.688,4574396.4847],[718641.315,4574400.5144],[718637.4638,4574403.3849],[718631.2522,4574408.0147],[718622.0644,4574412.515],[718618.6036,4574414.5786],[718612.019,4574418.3004],[718600.6546,4574420.9232],[718589.2901,4574424.4202],[718570.9321,4574434.4737],[718547.7661,4574445.8385],[718540.0572,4574447.9109],[718539.6361,4574448.0241],[718539.109,4574448.4459],[718534.8117,4574452.0176],[718532.8116,4574455.0177],[718532.3008,4574455.878],[718531.6241,4574457.0177],[718530.2699,4574458.2923],[718528.4464,4574459.9131],[718515.8581,4574465.5081],[718481.5898,4574483.3421],[718464.1061,4574489.9863],[718461.6085,4574490.8188],[718454.6842,4574493.0201],[718443.9969,4574495.8008],[718439.3087,4574497.0206],[718433.9608,4574500.6192],[718432.6352,4574501.5262],[718432.375,4574501.6997],[718430.5274,4574502.9314],[718429.4959,4574503.5209],[718427.0806,4574504.6849],[718419.5661,4574507.9954],[718410.1126,4574513.51],[718409.0577,4574514.0215],[718402.9325,4574521.0217],[718399.1209,4574522.9495],[718392.0572,4574526.522],[718386.4577,4574530.2865],[718384.6195,4574531.5222],[718372.3691,4574535.5226],[718370.3481,4574536.0359],[718356.6186,4574539.5231],[718351.4215,4574542.0687],[718344.3682,4574545.5235],[718343.25,4574546.0915],[718340.4306,4574547.5236],[718338.8352,4574552.9934],[718338.6996,4574553.4582],[718338.6805,4574553.5237],[718334.3054,4574558.0238],[718328.6802,4574558.024],[718325.9391,4574565.1841],[718325.5999,4574566.1048],[718325.5906,4574566.1301],[718324.2793,4574571.8121],[718319.0342,4574574.4348],[718315.1003,4574573.9978],[718308.9888,4574570.5058],[718308.1171,4574565.5246],[718308.1172,4574558.0246],[718308.1069,4574558.0176],[718305.8727,4574556.4857],[718303.736,4574555.2037],[718299.5241,4574556.4426],[718296.3054,4574557.3894],[718283.0482,4574561.4931],[718277.9474,4574563.072],[718275.3244,4574565.2579],[718272.6786,4574567.5257],[718267.8659,4574570.5259],[718256.9906,4574571.5262],[718252.3879,4574572.4469],[718249.4816,4574573.1258],[718232.5442,4574573.6727],[718217.2459,4574580.7757],[718197.5766,4574590.0643],[718183.9562,4574597.0811],[718179.5465,4574599.3528],[718168.1132,4574604.0296],[718160.7808,4574604.8327],[718154.425,4574605.5294],[718135.759,4574610.739],[718122.1779,4574614.6525],[718098.684,4574621.2094],[718087.1533,4574626.1514],[718079.5612,4574629.4053],[718072.0527,4574630.9072],[718065.902,4574632.1375],[718045.2895,4574637.9809],[718038.1465,4574640.0058],[718026.7821,4574641.3174],[718022.4625,4574641.5335],[718018.0402,4574641.7548],[718001.8677,4574641.7553],[717998.6208,4574642.0052],[717991.7419,4574642.5345],[717990.5033,4574642.6298],[717988.7771,4574643.0051],[717986.8577,4574643.5347],[717980.42,4574645.0349],[717973.4754,4574648.303],[717970.8572,4574649.5351],[717965.1569,4574652.3272],[717961.6551,4574653.9948],[717954.7118,4574656.2042],[717952.039,4574657.0547],[717944.6084,4574659.6774],[717939.8203,4574661.7592],[717934.5552,4574664.0485],[717932.4146,4574664.3034],[717916.1972,4574666.2345],[717896.8041,4574672.9223],[717890.8458,4574674.9769],[717885.9832,4574679.3479],[717881.0076,4574681.6096],[717879.973,4574682.0798],[717869.5921,4574684.2656],[717858.6647,4574688.6367],[717847.7373,4574693.5542],[717844.7875,4574695.3622],[717830.8,4574703.9354],[717820.4357,4574709.7395],[717817.1652,4574711.5399],[717814.9779,4574712.4259],[717807.3393,4574715.5202],[717808.9452,4574720.873],[717808.8951,4574720.9732],[717808.2227,4574722.318],[717807.2898,4574724.0402],[717806.4148,4574725.0402],[717806.3724,4574725.0849],[717804.0279,4574727.4293],[717778.3485,4574750.9232],[717774.524,4574756.9332],[717771.2457,4574761.8505],[717766.3284,4574767.8605],[717761.4111,4574773.3242],[717757.3292,4574771.8401],[717755.401,4574771.139],[717750.4837,4574772.2318],[717745.7177,4574776.1568],[717741.2252,4574780.0422],[717735.9194,4574785.5088],[717732.975,4574788.5424],[717724.7872,4574794.0427],[717723.2847,4574794.5653],[717716.1308,4574796.8187],[717711.1446,4574796.2322],[717707.9716,4574795.8591],[717704.5366,4574795.5433],[717693.5988,4574801.0437],[717690.6258,4574805.3681],[717689.4737,4574807.0438],[717688.2171,4574808.6615],[717684.0317,4574813.8932],[717679.6337,4574817.8514],[717678.8628,4574818.5452],[717677.2021,4574820.0398],[717669.6895,4574825.5036],[717655.3474,4574834.3822],[717647.3867,4574837.8435],[717639.6597,4574841.0453],[717622.5342,4574844.5458],[717619.7567,4574845.5636],[717614.3698,4574847.3594],[717597.2958,4574852.8234],[717582.2707,4574853.5068],[717566.5627,4574854.8732],[717559.7707,4574855.5203],[717552.2205,4574856.2395],[717551.0057,4574856.4366],[717526.9511,4574860.338],[717499.6327,4574861.0218],[717498.0469,4574860.7779],[717481.8758,4574858.2906],[717474.9601,4574860.8056],[717474.3633,4574861.0226],[717473.9007,4574861.1768],[717470.8425,4574862.0507],[717468.2174,4574863.0507],[717460.0297,4574859.551],[717456.7116,4574858.3335],[717453.217,4574857.0512],[717445.2079,4574855.5954],[717444.996,4574855.5601],[717417.4045,4574858.1561],[717402.6526,4574859.7956],[717397.7865,4574860.4446],[717394.4654,4574861.0531],[717386.7776,4574862.0534],[717381.9025,4574863.5535],[717378.9222,4574864.2348],[717375.3399,4574865.0537],[717371.3953,4574858.9579],[717369.8397,4574856.5539],[717366.5271,4574856.054],[717361.1519,4574855.0542],[717352.9642,4574854.5545],[717349.6516,4574855.0546],[717334.9012,4574856.555],[717333.597,4574856.9323],[717324.526,4574859.5553],[717315.366,4574856.907],[717314.1413,4574856.5203],[717279.7204,4574801.8863],[717256.2268,4574754.9009],[717249.6705,4574732.5007],[717250.7627,4574722.6663],[717250.7745,4574722.5579],[717254.0246,4574716.5578],[717254.5871,4574699.0578],[717255.6216,4574684.1632],[717256.1469,4574676.5354],[717254.0873,4574660.5579],[717253.6369,4574656.871],[717251.3782,4574638.8015],[717250.9921,4574637.9652],[717250.7122,4574637.5581],[717247.2747,4574630.0582],[717243.7746,4574625.5583],[717240.4617,4574621.0587],[717238.3995,4574612.0585],[717228.8368,4574601.0588],[717225.4367,4574588.2005],[717227.4133,4574576.3409],[717227.4613,4574576.0588],[717234.2746,4574557.0587],[717237.1486,4574548.507],[717244.5249,4574526.5585],[717247.9626,4574503.5584],[717248.7127,4574480.5584],[717248.728,4574480.4878],[717248.7322,4574480.3599],[717257.6109,4574439.3833],[717262.3917,4574412.0656],[717261.8839,4574407.5462],[717261.0377,4574400.0149],[717261.9743,4574396.5898],[717263.2113,4574392.2603],[717265.7262,4574386.6019],[717267.5823,4574382.4259],[717269.2214,4574370.9525],[717270.5783,4574365.3315],[717273.0461,4574355.1082],[717280.0265,4574338.0454],[717282.8807,4574331.0684],[717286.7054,4574316.8632],[717288.447,4574302.9307],[717289.9837,4574290.6382],[717295.3126,4574277.4938],[717298.1792,4574270.423],[717304.9542,4574252.9396],[717312.8219,4574246.3831],[717317.63,4574235.456],[717323.7493,4574224.5287],[717333.8025,4574221.9059],[717333.9452,4574221.3229],[717335.0592,4574216.7702],[717340.8366,4574208.892],[717341.0693,4574208.5747],[717342.1963,4574206.788],[717350.4666,4574193.5557],[717361.9045,4574176.0553],[717369.5923,4574158.0551],[717379.9676,4574145.0548],[717402.9059,4574115.5541],[717428.0318,4574086.5534],[717436.5169,4574076.0896],[717443.868,4574066.9642],[717456.9808,4574053.8514],[717462.045,4574045.933],[717468.2206,4574036.0522],[717474.0269,4574024.1521],[717475.7835,4574020.552],[717479.1813,4574015.0007],[717484.641,4574006.1814],[717511.2765,4573974.0824],[717514.7457,4573970.1444],[717536.5355,4573945.5502],[717556.0942,4573927.0719],[717569.3491,4573914.5492],[717572.4845,4573910.7197],[717577.5238,4573904.4207],[717581.7582,4573894.996],[717587.5715,4573879.1422],[717587.7684,4573878.6052],[717595.4176,4573867.1316],[717600.4879,4573862.3993],[717603.6131,4573859.4825],[717612.9013,4573852.3796],[717624.9215,4573840.9059],[717630.2361,4573836.4304],[717635.3026,4573832.1639],[717640.2199,4573826.7003],[717649.4903,4573824.4928],[717651.6936,4573823.9681],[717655.5182,4573817.4118],[717657.4961,4573800.1066],[717657.7038,4573798.2895],[717659.8394,4573793.4082],[717665.3355,4573780.8461],[717665.0308,4573777.2616],[717664.2603,4573768.7863],[717662.1519,4573766.3537],[717659.8825,4573763.7352],[717657.1648,4573760.5467],[717656.8303,4573756.9255],[717656.1332,4573749.118],[717657.4991,4573740.2397],[717664.3288,4573734.776],[717671.1931,4573725.6237],[717672.5243,4573723.8488],[717681.2467,4573711.3105],[717683.4784,4573708.046],[717690.6626,4573697.3247],[717703.9407,4573677.4079],[717707.1593,4573669.4564],[717715.542,4573648.5451],[717719.277,4573638.7888],[717721.6263,4573632.5241],[717716.7097,4573630.0314],[717712.89,4573628.0949],[717716.843,4573620.1891],[717716.9172,4573620.0451],[717717.3172,4573619.4607],[717730.6052,4573600.0447],[717736.0429,4573586.5446],[717737.0431,4573583.2812],[717740.7886,4573570.9748],[717739.3557,4573549.0446],[717735.0832,4573535.9843],[717731.6866,4573525.7948],[717721.199,4573501.3245],[717713.7591,4573483.9653],[717710.3758,4573474.6615],[717703.5426,4573455.5458],[717695.8549,4573431.0461],[717693.5658,4573421.22],[717690.7298,4573409.0463],[717682.1671,4573394.5466],[717679.0357,4573389.8496],[717676.2571,4573385.6819],[717682.1726,4573374.6962],[717682.1523,4573374.574],[717680.7304,4573366.0466],[717679.6047,4573359.5467],[717677.6576,4573348.909],[717677.0506,4573345.5925],[717677.0506,4573337.1347],[717678.6083,4573331.1214],[717681.6675,4573319.5467],[717690.1678,4573310.0465],[717698.7306,4573287.5463],[717728.6067,4573247.0454],[717737.107,4573233.0452],[717757.4202,4573216.0446],[717768.1081,4573207.5443],[717781.5637,4573202.1861],[717781.9397,4573202.0415],[717781.9496,4573202.0377],[717797.9565,4573199.903],[717811.8292,4573198.8355],[717818.4962,4573197.6231],[717823.5473,4573196.5426],[717832.1101,4573188.0423],[717849.1732,4573165.5418],[717863.1112,4573151.0414],[717865.3049,4573149.1593],[717882.9245,4573134.0408],[717897.9875,4573117.0404],[717904.925,4573114.0341],[717912.9879,4573110.54],[717919.8007,4573105.0398],[717926.9259,4573095.0396],[717930.4886,4573091.0395],[717934.8637,4573086.0393],[717939.8639,4573080.5392],[717943.0515,4573077.0391],[717951.8018,4573069.5388],[717971.5525,4573060.0382],[717979.9278,4573056.038],[717982.5109,4573053.94],[717992.2169,4573045.8517],[718001.7784,4573033.5585],[718008.9277,4573025.6944],[718015.4378,4573018.5334],[718032.5119,4573005.5571],[718033.4874,4573005.021],[718041.1489,4573000.8105],[718048.9649,4572996.5116],[718055.7943,4572992.7553],[718082.8883,4572976.6451],[718107.0059,4572965.1313],[718114.6201,4572961.534],[718162.6217,4572933.5325],[718193.3103,4572913.5316],[718215.9985,4572903.0309],[718225.3114,4572897.5307],[718239.9994,4572891.0302],[718266.6878,4572879.0294],[718328.0024,4572837.5276],[718354.6908,4572827.0268],[718364.765,4572824.767],[718368.0392,4572824.112],[718374.6138,4572825.4268],[718381.3782,4572826.7794],[718405.3886,4572817.4416],[718414.8704,4572812.7006],[718424.0635,4572808.1039],[718433.5012,4572806.8454],[718444.0721,4572805.4356],[718472.081,4572795.3208],[718482.5075,4572791.523],[718505.9458,4572785.0223],[718515.5712,4572776.522],[718528.5588,4572767.6295],[718529.4467,4572767.0215],[718529.8429,4572767.0711],[718545.4472,4572769.0211],[718568.9479,4572762.5204],[718596.6989,4572752.0196],[718601.7027,4572749.2813],[718615.8798,4572741.4052],[718621.2347,4572735.515],[718626.5511,4572729.6671],[718642.8132,4572712.3891],[718643.633,4572711.5242],[718658.5647,4572707.2578],[718672.2972,4572703.443],[718677.7637,4572702.0184],[718686.1816,4572703.4982],[718694.8267,4572705.0179],[718705.5146,4572706.0175],[718717.8649,4572703.4454],[718734.3306,4572699.7861],[718770.6129,4572692.3156],[718778.2961,4572681.8581],[718785.3508,4572679.6534],[718791.9554,4572677.5894],[718796.2467,4572676.9763],[718803.8926,4572676.0154],[718815.0179,4572678.515],[718824.3932,4572684.5145],[718838.4365,4572688.6291],[718841.4702,4572689.539],[718873.0571,4572694.66],[718884.2587,4572697.4599],[718890.1454,4572699.0122],[718895.0456,4572700.5657],[718910.646,4572705.5114],[718928.6575,4572709.1377],[718937.9384,4572710.8775],[718949.8903,4572713.4381],[718964.4032,4572713.4376],[718982.3309,4572716.8517],[718999.405,4572721.9731],[719011.3568,4572722.8264],[719033.5531,4572722.8257],[719056.603,4572716.8495],[719065.6356,4572715.946],[719073.644,4572715.1449],[719073.0938,4572725.6415],[719072.8387,4572730.5058],[719081.339,4572735.5054],[719110.4025,4572738.0045],[719117.4574,4572736.6712],[719118.3403,4572736.5043],[719120.2459,4572736.1497],[719137.1238,4572733.2146],[719156.9055,4572731.7783],[719177.4671,4572730.5027],[719233.4689,4572731.5009],[719272.8451,4572733.9997],[719304.4086,4572735.4987],[719306.9342,4572735.6423],[719330.7999,4572737.1146],[719338.9121,4572737.6198],[719343.8474,4572737.9975],[719350.5792,4572738.8387],[719367.8669,4572741.1821],[719388.6179,4572743.6226],[719394.3111,4572746.9864],[719397.5694,4572748.9115],[719409.6438,4572753.6275],[719423.5999,4572758.9945],[719446.4132,4572764.9936],[719468.917,4572768.1469],[719492.78,4572771.2859],[719501.1719,4572769.2514],[719506.6315,4572766.9526],[719510.8354,4572765.1825],[719522.0247,4572764.6735],[719542.3688,4572767.7244],[719549.5638,4572771.0218],[719554.5753,4572773.3183],[719597.8515,4572783.3033],[719607.4701,4572785.5225],[719615.1937,4572787.7181],[719659.3574,4572800.4866],[719679.6706,4572804.986],[719696.4835,4572810.9854],[719699.2571,4572811.5616],[719710.9071,4572814.1273],[719717.0103,4572816.1614],[719726.271,4572822.1532],[719734.2971,4572827.4842],[719746.4421,4572835.4421],[719752.6123,4572839.5553],[719766.8532,4572844.1321],[719773.8743,4572852.9844],[719778.5509,4572858.8807],[719784.796,4572865.1255],[719789.7359,4572869.9824],[719814.6742,4572879.4816],[719825.5461,4572883.8929],[719831.9247,4572886.481],[719842.3993,4572894.1761],[719844.1604,4572895.4969],[719854.841,4572902.6167],[719859.683,4572908.669],[719865.0129,4572915.3311],[719876.2022,4572919.908],[719886.3742,4572922.9592],[719891.5994,4572924.3524],[719894.0033,4572924.9933],[719902.1409,4572929.0617],[719903.8372,4572931.3235],[719909.7699,4572939.2333],[719911.8716,4572940.3458],[719916.1286,4572942.5993],[719918.4269,4572943.9782],[719928.9272,4572950.9779],[719935.6259,4572964.8532],[719935.8991,4572965.4246],[719938.465,4572974.9881],[719942.8922,4572991.4894],[719950.0704,4573016.489],[719961.3022,4573055.4766],[719973.4273,4573085.4761],[719991.1775,4573122.9755],[720009.8028,4573159.4748],[720030.6157,4573181.4741],[720034.9575,4573184.7479],[720045.8662,4573192.9735],[720056.8902,4573204.4762],[720061.679,4573209.473],[720065.3554,4573212.5616],[720075.3669,4573220.9725],[720082.492,4573232.9723],[720087.4954,4573241.0111],[720097.4297,4573256.9718],[720107.1798,4573271.9714],[720108.2423,4573273.4714],[720120.3051,4573282.471],[720145.7431,4573313.4701],[720147.643,4573315.4311],[720147.9244,4573315.6937],[720155.3059,4573322.4698],[720164.8687,4573323.4695],[720165.9364,4573323.7542],[720166.7437,4573323.9694],[720227.7449,4573398.9673],[720246.4061,4573418.6578],[720248.1136,4573420.4719],[720252.5219,4573426.0318],[720290.4542,4573473.8721],[720303.169,4573498.2838],[720310.798,4573504.3866],[720321.1103,4573508.683],[720329.1077,4573512.0148],[720332.5321,4573514.9825],[720344.3723,4573525.4633],[720352.9974,4573533.963],[720357.5807,4573540.041],[720364.6878,4573549.6197],[720364.9975,4573567.9625],[720365.0267,4573568.0529],[720365.3436,4573569.0345],[720366.9344,4573573.8068],[720419.7014,4573618.9421],[720431.7122,4573627.3815],[720443.2492,4573635.4598],[720448.1967,4573638.3117],[720478.8261,4573655.8127],[720509.0951,4573671.5279],[720511.8758,4573672.9576],[720544.9392,4573684.9565],[720576.7526,4573689.9555],[720592.5193,4573693.9276],[720608.5193,4573697.767],[720625.8373,4573698.9339],[720643.8795,4573699.9534],[720680.443,4573706.4522],[720733.6946,4573709.4505],[720786.9462,4573709.4489],[720844.1354,4573707.9471],[720882.8187,4573705.5532],[720892.6215,4573704.9101],[720901.6972,4573703.2598],[720927.5756,4573698.4445],[720937.2743,4573696.5747],[720943.1386,4573695.444],[720950.7074,4573693.958],[720953.3265,4573693.4437],[720958.6131,4573690.157],[720995.9317,4573666.763],[721007.7391,4573657.9075],[721021.3915,4573647.4418],[721036.0189,4573627.1713],[721037.2562,4573625.4391],[721045.5212,4573608.9098],[721046.2094,4573606.9929],[721054.3932,4573583.941],[721061.0368,4573545.0324],[721061.4028,4573542.8699],[721062.6639,4573532.7822],[721067.2696,4573495.9408],[721071.5774,4573467.1311],[721074.8949,4573445.0172],[721077.4328,4573430.6974],[721082.0211,4573404.9407],[721086.2714,4573393.4406],[721099.647,4573376.9402],[721140.9612,4573335.4391],[721149.8366,4573328.4388],[721149.8405,4573328.4304],[721155.4126,4573316.3733],[721157.4693,4573311.9173],[721157.4808,4573311.8924],[721174.6467,4573261.6691],[721182.5092,4573243.6324],[721185.4637,4573236.9381],[721186.8613,4573234.922],[721192.5277,4573227.053],[721194.8,4573223.9067],[721199.1396,4573217.8982],[721202.6999,4573207.2178],[721202.1915,4573192.9775],[721201.0436,4573189.247],[721200.1572,4573186.3659],[721199.8241,4573183.8125],[721198.6314,4573174.6685],[721195.0713,4573167.0398],[721196.5972,4573157.8852],[721209.821,4573148.7303],[721212.8366,4573142.6993],[721214.3986,4573139.5756],[721220.1671,4573131.7096],[721225.5913,4573124.4372],[721239.342,4573099.4369],[721242.3964,4573097.1183],[721247.9048,4573092.9367],[721259.9679,4573076.4363],[721265.0697,4573055.5305],[721268.9651,4573034.5541],[721273.3345,4573011.0288],[721329.2816,4572948.0896],[721335.9133,4572943.8264],[721338.1822,4572942.3678],[721341.6153,4572938.299],[721344.2916,4572934.7865],[721349.7531,4572927.6185],[721358.9081,4572917.955],[721358.9055,4572917.9389],[721358.6741,4572916.5045],[721356.3999,4572902.4041],[721361.4613,4572899.491],[721365.0289,4572897.4377],[721365.0359,4572897.4337],[721365.786,4572889.9337],[721367.0362,4572877.4337],[721376.2077,4572857.4693],[721378.4113,4572869.9334],[721382.4591,4572872.7086],[721387.3365,4572875.96],[721393.662,4572876.9329],[721406.1596,4572863.8448],[721428.0385,4572840.932],[721447.1015,4572820.432],[721462.3518,4572796.9323],[721469.2894,4572784.4325],[721487.5397,4572761.4326],[721497.2775,4572752.8677],[721499.4744,4572750.9353],[721499.4775,4572750.9326],[721508.2276,4572728.9331],[721524.9155,4572715.433],[721538.2938,4572696.5315],[721551.1119,4572678.6644],[721559.9588,4572668.0483],[721563.0321,4572664.3605],[721568.5541,4572653.3169],[721566.8706,4572649.3562],[721565.416,4572646.0836],[721562.247,4572639.7462],[721557.585,4572630.4231],[721568.2838,4572629.2504],[721575.7287,4572628.4343],[721590.0415,4572618.9342],[721599.0247,4572611.0888],[721604.3544,4572606.4341],[721624.6997,4572590.4573],[721634.2357,4572575.1996],[721634.386,4572571.4415],[721634.8549,4572559.4348],[721626.6045,4572547.9354],[721616.4165,4572530.9362],[721608.1723,4572525.7436],[721600.541,4572520.937],[721589.1205,4572510.9529],[721592.9973,4572504.307],[721593.5179,4572503.4145],[721590.3394,4572500.158],[721580.8526,4572490.4385],[721580.8526,4572485.5481],[721588.6514,4572479.094],[721599.2905,4572470.4387],[721608.2554,4572463.3634],[721613.2283,4572459.4386],[721617.6624,4572453.6236],[721620.8535,4572449.4387],[721627.2286,4572442.4387],[721631.3247,4572440.4013],[721639.3204,4572436.6138],[721649.9576,4572438.0183],[721652.7984,4572438.3934],[721672.4176,4572431.1392],[721713.2934,4572415.9371],[721719.6976,4572411.5142],[721721.9812,4572409.937],[721738.7317,4572407.9366],[721744.3569,4572407.4364],[721750.2665,4572411.2283],[721756.0446,4572414.9962],[721769.2683,4572420.59],[721776.8603,4572425.5636],[721784.0458,4572430.4345],[721793.6712,4572439.434],[721796.1572,4572441.5406],[721808.4217,4572451.9332],[721813.9733,4572456.1507],[721819.6203,4572460.2571],[721838.9473,4572468.3937],[721872.9596,4572475.3857],[721877.46,4572474.3856],[721890.1109,4572471.4305],[721896.7385,4572467.272],[721902.8609,4572463.4304],[721911.7359,4572458.4304],[721916.6918,4572457.0553],[721922.5468,4572455.6775],[721937.1688,4572457.5844],[721940.7528,4572460.6563],[721946.0691,4572465.2128],[721967.0485,4572479.1981],[721977.2202,4572484.9194],[721977.3757,4572484.9859],[721990.5487,4572490.4278],[721999.0001,4572492.7476],[722003.2988,4572493.9274],[722014.1114,4572498.427],[722029.5044,4572512.8862],[722030.6116,4572513.9262],[722046.4867,4572527.9254],[722052.466,4572530.6411],[722080.6403,4572543.2179],[722104.7869,4572547.0454],[722130.6745,4572550.923],[722146.3398,4572552.6842],[722161.7997,4572554.4222],[722182.7157,4572567.4599],[722205.1124,4572581.4205],[722249.5211,4572602.9502],[722264.9254,4572610.4183],[722288.6756,4572627.4172],[722298.752,4572631.9456],[722338.7363,4572649.9858],[722366.1933,4572664.0182],[722376.831,4572669.7991],[722394.2388,4572679.4134],[722397.5974,4572681.6066],[722400.3638,4572683.4131],[722404.6286,4572684.9638],[722411.3639,4572687.4128],[722417.3031,4572691.9685],[722420.4973,4572694.5238],[722432.0903,4572700.6248],[722441.8528,4572706.1158],[722449.5211,4572711.0773],[722452.2392,4572712.9111],[722458.3017,4572717.9108],[722467.9395,4572726.9639],[722474.8013,4572733.5711],[722497.5723,4572780.0385],[722510.9604,4572803.4662],[722532.553,4572841.4052],[722546.8658,4572868.404],[722570.6781,4572903.4032],[722584.9904,4572923.9028],[722589.4279,4572923.9027],[722605.3653,4572934.9023],[722626.2402,4572944.9018],[722630.559,4572950.2629],[722637.136,4572958.6335],[722650.049,4572991.413],[722652.0697,4572994.7811],[722661.9687,4573011.2794],[722668.922,4573021.2125],[722682.8287,4573026.1788],[722697.7287,4573028.1652],[722700.2185,4573030.157],[722702.6954,4573032.1383],[722707.6622,4573044.0582],[722706.6765,4573054.8993],[722708.854,4573062.0879],[722710.6141,4573067.8992],[722721.5516,4573077.8989],[722732.489,4573083.8986],[722739.4265,4573091.8984],[722741.4264,4573101.8983],[722741.4262,4573114.3982],[722735.4885,4573131.3982],[722735.4933,4573131.4169],[722739.1279,4573145.5627],[722742.4257,4573158.3979],[722748.9039,4573187.9746],[722754.3627,4573212.8973],[722757.3665,4573223.1432],[722762.4175,4573240.2393],[722773.3398,4573254.4381],[722774.8341,4573256.3805],[722783.5256,4573277.4885],[722788.4918,4573315.9799],[722790.3743,4573323.5101],[722795.9415,4573345.7796],[722803.3914,4573361.921],[722806.5573,4573366.0762],[722823.2579,4573387.9953],[722827.4952,4573394.871],[722844.3163,4573422.1654],[722860.2094,4573446.7995],[722872.2344,4573461.0789],[722872.9241,4573461.8978],[722885.599,4573472.988],[722884.4972,4573482.1538],[722884.0492,4573485.7374],[722877.8204,4573496.6376],[722874.513,4573502.4255],[722873.426,4573517.641],[722872.9354,4573524.7037],[722879.7014,4573540.2655],[722880.8699,4573542.9531],[722887.0682,4573556.6211],[722892.1538,4573585.8646],[722895.3323,4573603.0292],[722900.0643,4573616.795],[722902.2964,4573623.3911],[722911.8588,4573641.3907],[722916.9212,4573656.3905],[722915.671,4573675.3904],[722915.6813,4573675.4091],[722922.0459,4573686.8902],[722922.587,4573693.6011],[722923.2885,4573702.3009],[722921.455,4573714.2182],[722919.489,4573726.9959],[722916.3099,4573765.1397],[722915.2832,4573787.7221],[722914.5295,4573804.3007],[722914.1558,4573808.5969],[722913.5121,4573815.9982],[722904.3574,4573822.1014],[722890.6255,4573824.1361],[722889.0997,4573822.6104],[722885.5819,4573834.9224],[722884.0441,4573840.39],[722885.6298,4573873.062],[722886.5394,4573891.804],[722883.2034,4573897.0462],[722882.9959,4573897.3723],[722881.9786,4573911.6127],[722874.0315,4573946.578],[722871.4885,4573980.2717],[722871.4805,4573980.3894],[722867.6669,4574041.889],[722867.6665,4574079.3887],[722867.2654,4574082.7043],[722865.7913,4574094.8887],[722865.4819,4574116.7988],[722865.3557,4574125.731],[722860.0743,4574141.5744],[722856.626,4574151.9191],[722853.1291,4574183.0699],[722842.3759,4574210.901],[722842.3213,4574211.0422],[722847.9875,4574213.5604],[722846.1997,4574219.4217],[722844.2273,4574225.8883],[722839.181,4574239.8432],[722840.0878,4574244.3775],[722842.3023,4574255.4505],[722840.2064,4574258.0807],[722839.1644,4574259.3882],[722830.2269,4574261.3884],[722825.3882,4574275.6142],[722815.6193,4574304.4952],[722812.5248,4574319.5799],[722810.5332,4574329.2888],[722790.4433,4574386.2507],[722790.4432,4574386.3023],[722790.4431,4574391.8451],[722790.4431,4574395.9138],[722782.3055,4574404.0513],[722779.4685,4574408.0231],[722778.5374,4574409.3888],[722777.2249,4574411.3888],[722771.0577,4574425.1382],[722769.5997,4574428.3889],[722767.9481,4574430.7825],[722760.9744,4574440.889],[722757.9118,4574450.3891],[722753.4742,4574457.8891],[722752.4376,4574459.4248],[722751.7867,4574460.3891],[722749.4117,4574463.3892],[722747.7241,4574465.3892],[722744.3742,4574465.9097],[722741.2865,4574466.3894],[722728.9737,4574484.8896],[722721.3485,4574494.8897],[722707.9926,4574515.8597],[722708.6415,4574520.7266],[722709.2856,4574525.3899],[722712.223,4574535.8897],[722795.411,4574553.3874],[722850.9739,4574555.8859],[722882.724,4574566.385],[722927.7243,4574574.3837],[723004.4746,4574598.3815],[723110.2876,4574632.3784],[723142.0377,4574648.3774],[723205.538,4574666.8755],[723282.2884,4574690.8733],[723425.1642,4574735.869],[723544.2273,4574778.3654],[723647.4154,4574809.8622],[723708.2282,4574828.3604],[723726.7901,4574923.8589],[723689.7269,4574981.8594],[723668.5389,4575013.8597],[723671.226,4575069.3591],[723665.9131,4575108.8588],[723714.0385,4575120.8573],[723767.0392,4575096.3561],[723784.3866,4575087.5885],[723807.6023,4575075.8551],[723811.0398,4575075.355],[723825.307,4575072.7208],[723835.415,4575070.8544],[723877.2663,4575051.3502],[723899.7908,4575040.8528],[723937.9163,4575023.352],[723952.5819,4575017.1969],[723956.991,4575015.3597],[723961.4577,4575013.554],[723994.3545,4575000.3506],[724003.1016,4574996.937],[724017.4172,4574991.3501],[724022.8244,4574988.618],[724029.2924,4574985.3498],[724094.543,4574968.3482],[724167.9812,4574968.3461],[724167.998,4574968.3408],[724220.4817,4574951.3449],[724239.3569,4574936.8446],[724241.0582,4574908.4269],[724241.4822,4574901.3449],[724249.207,4574877.9298],[724257.4782,4574853.0424],[724270.5833,4574854.9835],[724278.9203,4574856.3444],[724297.7527,4574861.8653],[724302.7954,4574863.3437],[724321.0456,4574864.8431],[724326.4889,4574862.7857],[724336.9456,4574858.6028],[724354.4285,4574845.0932],[724371.767,4574832.0892],[724376.6795,4574828.4047],[724394.1624,4574816.4844],[724405.2879,4574808.5375],[724422.9438,4574801.344],[724426.7343,4574799.841],[724439.4845,4574795.8407],[724441.0192,4574795.744],[724455.3595,4574794.8403],[724459.9846,4574793.3402],[724461.0542,4574793.1263],[724462.5044,4574792.6428],[724478.398,4574776.7492],[724484.8386,4574774.817],[724491.1129,4574772.9345],[724501.2847,4574764.034],[724510.1851,4574758.948],[724524.1714,4574750.0474],[724531.2566,4574747.9808],[724539.423,4574745.8386],[724548.8415,4574744.2522],[724557.2356,4574742.8382],[724575.6733,4574735.8378],[724584.5484,4574732.8376],[724607.4236,4574719.3371],[724633.5274,4574707.3465],[724633.549,4574707.3365],[724634.7991,4574692.3367],[724639.5311,4574691.6356],[724644.9241,4574690.8365],[724648.1119,4574633.8371],[724645.9869,4574621.3373],[724645.0724,4574621.7293],[724639.0785,4574624.2982],[724642.0978,4574616.7501],[724644.0884,4574611.7738],[724651.0811,4574591.4302],[724651.082,4574591.4261],[724652.3416,4574576.3111],[724650.4248,4574573.8378],[724647.5623,4574578.1157],[724644.7372,4574582.3378],[724641.2481,4574584.4617],[724639.0026,4574585.7092],[724638.3885,4574580.7966],[724641.3861,4574576.0947],[724644.7373,4574570.838],[724647.9,4574563.1484],[724651.0818,4574555.1941],[724656.8,4574524.6978],[724656.8001,4574513.3384],[724656.5844,4574508.8503],[724656.1752,4574500.3386],[724654.9333,4574490.8999],[724656.8038,4574486.5355],[724658.7714,4574479.8458],[724659.966,4574475.7843],[724656.1753,4574466.339],[724648.5503,4574457.3394],[724648.5609,4574457.3176],[724651.0733,4574452.1527],[724659.738,4574434.3394],[724663.8767,4574416.8554],[724665.3007,4574410.8395],[724671.6759,4574390.8396],[724672.452,4574388.1028],[724681.1761,4574357.3398],[724683.4261,4574343.5758],[724684.3637,4574337.8399],[724691.8902,4574317.9012],[724703.4521,4574287.5521],[724716.5305,4574256.64],[724720.9269,4574246.3402],[724728.5038,4574228.4906],[724731.107,4574222.3895],[724733.5491,4574218.8282],[724746.3648,4574200.3401],[724762.2399,4574186.8399],[724768.615,4574183.8398],[724787.5107,4574184.6885],[724790.8651,4574184.8392],[724793.3392,4574179.7289],[724806.1154,4574153.3392],[724841.3031,4574124.7035],[724842.3616,4574123.8492],[724860.7981,4574100.9627],[724872.2414,4574086.9764],[724883.3272,4574074.1686],[724885.3377,4574071.8458],[724896.0181,4574058.1139],[724901.9133,4574044.3586],[724903.6471,4574040.3134],[724905.6487,4574028.8046],[724908.7339,4574025.5635],[724911.7846,4574022.5129],[724966.7122,4574044.889],[724966.2242,4574049.4774],[724966.0543,4574050.8366],[724964.7913,4574052.3101],[724963.0542,4574054.3367],[724956.0541,4574068.8366],[724954.1496,4574076.3209],[724952.4916,4574082.8365],[724950.3665,4574087.8365],[724950.0424,4574088.7009],[724949.42,4574090.1531],[724937.8265,4574103.0715],[724931.6163,4574109.8367],[724918.6787,4574117.8369],[724918.6256,4574117.8774],[724917.3661,4574118.8369],[724912.4911,4574124.837],[724899.866,4574136.3371],[724882.3658,4574153.3373],[724872.2407,4574160.3375],[724867.7406,4574166.8375],[724855.7643,4574177.5328],[724854.3132,4574178.8519],[724847.8032,4574187.3962],[724846.0821,4574189.691],[724840.4904,4574197.3378],[724834.5651,4574214.6575],[724830.7402,4574225.8376],[724822.2111,4574240.2975],[724821.3025,4574241.8377],[724808.6148,4574260.3378],[724800.6635,4574273.9965],[724798.4187,4574277.9248],[724795.7109,4574284.7844],[724790.8021,4574297.3377],[724788.9216,4574303.4781],[724787.7563,4574307.3623],[724797.0103,4574320.9994],[724801.9899,4574328.3369],[724803.4899,4574336.3368],[724801.177,4574338.3369],[724797.4269,4574341.837],[724788.8019,4574344.8371],[724786.6819,4574345.7025],[724782.6768,4574347.3373],[724774.515,4574359.2986],[724772.4305,4574360.7572],[724769.4286,4574362.8585],[724768.6275,4574364.9684],[724764.5277,4574375.7664],[724760.0482,4574384.7251],[724756.2087,4574394.3237],[724750.4495,4574407.7617],[724747.905,4574413.199],[724745.4788,4574418.3836],[724743.5541,4574427.3218],[724743.5505,4574427.3371],[724739.7386,4574441.8371],[724735.301,4574455.8371],[724723.4102,4574483.4378],[724723.2381,4574483.837],[724722.9704,4574487.7325],[724722.5741,4574494.0735],[724725.1169,4574522.6811],[724728.2955,4574537.3027],[724728.2946,4574537.3091],[724728.3005,4574537.3362],[724725.0026,4574559.7362],[724727.1529,4574568.9518],[724728.5496,4574574.9376],[724735.1612,4574601.3837],[724737.6662,4574612.9069],[724736.274,4574624.0439],[724736.1782,4574624.7783],[724731.7097,4574627.6006],[724726.515,4574630.8816],[724728.3731,4574642.2624],[724730.6056,4574655.7933],[724748.8929,4574648.6813],[724753.1757,4574646.1505],[724760.1127,4574641.834],[724768.7378,4574633.3339],[724776.3629,4574629.3338],[724786.0504,4574629.8335],[724792.613,4574635.8332],[724799.238,4574639.833],[724843.9884,4574631.8319],[724855.2373,4574628.2432],[724864.3636,4574625.3314],[724879.6137,4574624.831],[724906.5514,4574624.3303],[724922.4419,4574628.4043],[724926.0516,4574629.3298],[724947.6767,4574636.3291],[724960.9673,4574637.4761],[724999.819,4574640.7916],[725017.6468,4574639.2274],[725072.3026,4574634.3258],[725157.4907,4574622.8237],[725192.6785,4574614.3229],[725232.8663,4574610.3219],[725290.8668,4574606.8204],[725294.2945,4574605.9944],[725342.7366,4574594.1204],[725364.606,4574592.594],[725366.7499,4574590.9643],[725367.5218,4574590.3776],[725369.5241,4574589.3764],[725376.092,4574586.0924],[725377.8398,4574584.4049],[725384.9684,4574577.522],[725395.9873,4574574.461],[725403.2177,4574571.3725],[725406.7001,4574566.5028],[725412.1834,4574554.318],[725414.1365,4574554.3179],[725422.5069,4574554.5707],[725426.243,4574554.8176],[725428.0966,4574557.1286],[725431.0554,4574560.8174],[725438.993,4574560.8172],[725465.9932,4574553.8166],[725468.4375,4574553.0968],[725476.1809,4574550.8164],[725496.5183,4574547.9698],[725497.6059,4574547.83],[725511.2933,4574537.9942],[725525.2299,4574534.8968],[725525.6187,4574534.8152],[725533.5445,4574534.8151],[725533.5563,4574534.8151],[725546.2439,4574537.8148],[725552.0339,4574537.5119],[725555.795,4574537.1983],[725556.3745,4574536.2325],[725557.8143,4574533.8328],[725558.179,4574533.225],[725558.1791,4574525.3043],[725557.5894,4574522.8216],[725553.4494,4574505.3905],[725558.386,4574502.6002],[725571.6817,4574495.3147],[725582.8067,4574495.3144],[725609.8069,4574527.8132],[725617.3789,4574530.5356],[725626.4944,4574533.8127],[725643.9945,4574529.8123],[725656.6363,4574525.8331],[725663.0572,4574523.8119],[725674.2589,4574524.025],[725689.3074,4574524.3112],[725707.5575,4574524.3108],[725721.9341,4574523.4291],[725740.1828,4574522.3099],[725761.0653,4574525.8956],[725775.1248,4574528.4514],[725814.5641,4574536.1906],[725860.1836,4574545.3064],[725876.1715,4574548.8033],[725876.1837,4574548.8059],[725866.3828,4574580.7675],[725874.1436,4574586.9758],[725874.5356,4574587.2895],[725869.0232,4574616.4255],[725863.0692,4574647.8963],[725861.489,4574670.0179],[725860.612,4574682.2946],[725859.9588,4574688.4997],[725857.3359,4574713.417],[725854.6237,4574747.9961],[725854.0597,4574755.1864],[725848.7068,4574808.7141],[725847.5061,4574820.7071],[725833.8603,4574820.8026],[725819.3079,4574820.803],[725809.7624,4574820.8033],[725800.8077,4574820.8035],[725769.6824,4574823.3043],[725726.4796,4574827.3074],[725650.9315,4574834.3073],[725609.9312,4574835.8084],[725564.8058,4574845.3094],[725549.4278,4574848.94],[725545.7168,4574849.806],[725519.0158,4574849.171],[725509.5535,4574846.2599],[725494.2219,4574841.543],[725478.1559,4574838.7083],[725472.6175,4574837.8121],[725446.5548,4574835.3128],[725431.9781,4574834.494],[725419.8405,4574833.9163],[725410.5243,4574834.4812],[725398.8669,4574835.3141],[725381.6793,4574837.3146],[725325.4913,4574848.8159],[725265.1158,4574860.8174],[725257.1782,4574864.8175],[725254.0822,4574868.3007],[725253.1782,4574869.3176],[725251.5361,4574870.4699],[725246.0452,4574874.1306],[725233.3304,4574875.7202],[725214.2582,4574885.2566],[725188.8286,4574895.5879],[725183.9139,4574897.4783],[725178.4978,4574899.5614],[725145.5399,4574911.9748],[725117.3019,4574922.8205],[725080.739,4574939.3213],[725077.1305,4574941.1702],[725025.1255,4574968.065],[724999.7606,4574984.7953],[724995.2381,4574987.823],[724972.9878,4575005.8233],[724944.0861,4575033.3419],[724924.6748,4575051.824],[724919.0953,4575057.1678],[724915.778,4575060.2482],[724894.2239,4575077.9823],[724866.9052,4575100.4592],[724821.6086,4575137.0147],[724801.1059,4575154.0209],[724796.4519,4575159.9161],[724791.5699,4575166.1],[724789.6626,4575180.086],[724783.9409,4575190.2577],[724759.7827,4575203.6087],[724745.7964,4575213.7807],[724730.5386,4575218.2312],[724724.8111,4575219.4163],[724712.1096,4575221.8278],[724697.5174,4575218.2085],[724687.9441,4575215.6895],[724675.865,4575213.1469],[724630.7276,4575192.805],[724625.9379,4575190.2727],[724575.4212,4575163.3324],[724565.9634,4575158.2688],[724559.546,4575154.833],[724542.1763,4575146.8624],[724519.2333,4575136.3343],[724471.3869,4575112.3612],[724461.3579,4575107.3363],[724456.8555,4575106.5899],[724449.3038,4575105.3978],[724443.6156,4575105.1136],[724423.8575,4575104.3374],[724406.232,4575103.76],[724393.3586,4575103.4922],[724285.9186,4575113.0311],[724261.3019,4575116.9704],[724256.106,4575117.842],[724247.5725,4575120.079],[724208.4377,4575130.5158],[724074.528,4575171.2398],[724072.5415,4575171.8466],[724072.1674,4575172.0085],[724034.416,4575188.3475],[723989.9637,4575204.6918],[723960.9776,4575215.3493],[723930.26,4575227.9264],[723884.0507,4575247.022],[723872.6073,4575251.4725],[723851.9097,4575263.1569],[723833.1635,4575273.8524],[723823.8657,4575280.2379],[723806.2387,4575292.5503],[723787.4208,4575294.5852],[723764.534,4575314.4205],[723760.2489,4575319.2967],[723749.7873,4575331.3542],[723746.2247,4575338.8542],[723743.9661,4575340.1586],[723722.8292,4575352.5654],[723712.683,4575358.7842],[723707.0628,4575362.2289],[723694.348,4575366.2979],[723682.9776,4575369.3595],[723681.1246,4575369.8584],[723677.6622,4575372.8262],[723656.2034,4575391.2196],[723645.1623,4575399.8948],[723641.9732,4575402.3566],[723639.2255,4575404.3996],[723625.1604,4575414.857],[723619.0977,4575424.3571],[723615.8171,4575433.24],[723615.0352,4575435.3571],[723604.3475,4575442.8573],[723597.9288,4575447.3617],[723593.6461,4575450.2169],[723580.9312,4575453.7774],[723558.5532,4575453.7781],[723555.6427,4575457.0421],[723551.7218,4575461.3587],[723545.4092,4575466.3588],[723537.3466,4575471.359],[723535.6244,4575472.8326],[723525.6852,4575481.1153],[723510.8222,4575484.3551],[723505.85,4575485.4389],[723494.6609,4575491.0336],[723484.2177,4575495.0122],[723473.3,4575499.1716],[723461.0937,4575503.7492],[723442.7844,4575507.3098],[723432.5576,4575510.2319],[723424.9701,4575512.362],[723410.7199,4575517.3623],[723382.782,4575524.8631],[723366.241,4575528.8549],[723355.8441,4575531.3639],[723327.3438,4575535.8647],[723316.643,4575540.2178],[723312.5844,4575541.8973],[723295.7372,4575546.9836],[723287.5528,4575551.417],[723280.4794,4575555.2485],[723276.1455,4575557.2185],[723266.468,4575561.3662],[723253.1553,4575572.3665],[723243.5926,4575577.3668],[723224.5689,4575578.8228],[723197.842,4575580.8682],[723173.4682,4575586.657],[723164.1542,4575588.8691],[723156.0145,4575589.6981],[723129.7787,4575592.3701],[723114.0328,4575595.0837],[723109.466,4575595.8707],[723069.0905,4575600.8718],[723034.9027,4575601.8728],[723010.2774,4575604.8736],[722975.7676,4575606.7865],[722965.1417,4575607.3106],[722957.2758,4575607.6133],[722932.089,4575608.3759],[722879.9634,4575608.3774],[722854.7558,4575607.6164],[722830.3379,4575606.879],[722798.2461,4575606.3308],[722771.8998,4575605.8807],[722750.3364,4575604.0574],[722730.5243,4575602.382],[722706.3991,4575597.8828],[722698.3651,4575597.6072],[722691.8526,4575597.465],[722664.8336,4575601.4391],[722657.5148,4575602.5372],[722648.9401,4575603.8236],[722633.4069,4575594.8627],[722628.2733,4575591.8852],[722622.7161,4575572.0379],[722613.1801,4575560.9129],[722604.4573,4575556.2848],[722574.2108,4575540.3871],[722558.167,4575532.9153],[722537.7107,4575523.3883],[722493.648,4575502.3897],[722470.2337,4575491.0553],[722452.3387,4575482.2461],[722437.3062,4575471.891],[722423.7102,4575462.392],[722420.9317,4575459.995],[722417.3351,4575456.8923],[722408.46,4575463.3925],[722403.4714,4575460.4827],[722401.9773,4575459.6782],[722400.2082,4575458.7256],[722398.879,4575455.8014],[722397.9008,4575453.6495],[722397.0357,4575451.7461],[722397.4372,4575447.2498],[722397.6649,4575444.7396],[722397.6909,4575444.4975],[722398.9225,4575432.7982],[722397.3541,4575428.8618],[722395.7584,4575425.0321],[722385.882,4575411.7502],[722377.3222,4575400.2391],[722369.0312,4575388.632],[722358.2731,4575373.3945],[722343.6482,4575347.8951],[722319.8001,4575306.7723],[722308.2662,4575286.7633],[722286.8104,4575255.772],[722285.2117,4575251.5087],[722282.0487,4575242.9646],[722282.8373,4575231.1376],[722282.8227,4575231.1011],[722277.2326,4575217.1257],[722273.3015,4575207.298],[722257.4084,4575172.3332],[722256.1756,4575168.0185],[722252.6496,4575155.3988],[722247.0873,4575132.399],[722245.2148,4575120.1776],[722244.6943,4575116.7072],[722233.6684,4575093.6623],[722229.7154,4575074.8849],[722231.4571,4575064.8062],[722232.6506,4575057.8998],[722231.8913,4575053.1967],[722230.689,4575045.9825],[722226.7157,4575039.0294],[722226.7157,4575038.9043],[722226.7159,4575020.1561],[722222.7428,4575001.283],[722224.7299,4574965.5231],[722226.3705,4574935.1782],[722226.7146,4574928.9007],[722230.7147,4574919.9006],[722239.0273,4574924.4003],[722247.0273,4574927.4001],[722249.8398,4574928.4],[722255.8201,4574927.7745],[722259.4024,4574927.3998],[722265.1525,4574925.3996],[722267.0275,4574924.8996],[722271.8401,4574917.3995],[722271.8449,4574917.3919],[722275.9028,4574910.8994],[722288.3532,4574889.6728],[722302.591,4574865.3989],[722336.2796,4574802.3983],[722354.7175,4574776.3979],[722359.8874,4574768.9398],[722362.3427,4574765.3978],[722367.0924,4574756.4075],[722376.3431,4574738.8975],[722392.9062,4574706.3973],[722412.3443,4574668.3969],[722421.0945,4574656.3968],[722461.7582,4574603.5763],[722469.5956,4574593.3958],[722480.0707,4574578.9442],[722523.612,4574518.7553],[722550.5577,4574481.2946],[722556.2225,4574473.3943],[722573.6604,4574447.8939],[722622.5993,4574358.3932],[722642.9749,4574314.393],[722653.7878,4574288.3928],[722665.1633,4574250.3928],[722669.0989,4574237.7041],[722685.8085,4574183.7214],[722689.5253,4574167.9806],[722699.2899,4574126.3927],[722700.828,4574103.3646],[722701.7279,4574089.8929],[722704.103,4574076.3929],[722707.2921,4574060.9519],[722708.8532,4574053.3929],[722714.7286,4574022.893],[722721.7292,4573971.3932],[722728.8956,4573933.3319],[722729.3589,4573930.8586],[722734.4457,4573884.4503],[722739.4425,4573845.3814],[722745.0157,4573801.8052],[722749.0728,4573753.127],[722749.782,4573744.5443],[722747.4009,4573700.883],[722746.2461,4573686.4463],[722745.7951,4573680.8944],[722745.5186,4573678.6122],[722741.8388,4573648.4354],[722737.8787,4573632.6716],[722731.6082,4573607.8953],[722719.8627,4573566.6006],[722717.6712,4573558.8959],[722700.7969,4573491.3967],[722671.0476,4573414.8979],[722663.0219,4573388.1142],[722660.1105,4573378.3984],[722649.7738,4573356.752],[722638.8609,4573333.8991],[722623.1368,4573298.9355],[722618.1738,4573287.8999],[722605.4866,4573259.4004],[722584.3224,4573226.3759],[722562.5462,4573192.502],[722550.2947,4573174.8372],[722528.3626,4573143.4028],[722514.8628,4573119.9032],[722483.0507,4573077.4042],[722448.7385,4573040.4051],[722438.2376,4573030.3623],[722404.326,4572997.966],[722306.622,4572917.5349],[722300.6228,4572914.2022],[722288.8647,4572907.9093],[722269.1147,4572899.4098],[722250.0485,4572890.1096],[722243.4596,4572886.942],[722232.1101,4572882.9946],[722224.7082,4572881.021],[722205.9568,4572878.5541],[722199.4734,4572878.6709],[722193.4858,4572878.7786],[722178.6147,4572878.7789],[722162.4071,4572876.0781],[722144.2969,4572873.0601],[722135.5676,4572871.8964],[722127.1147,4572870.913],[722115.6772,4572866.4132],[722077.6816,4572862.7322],[722069.2397,4572861.9142],[721995.9894,4572836.9164],[721928.6325,4572815.2912],[721904.1138,4572807.4193],[721844.4887,4572802.4207],[721725.2975,4572812.424],[721674.3585,4572865.9243],[721629.6688,4572932.9254],[721591.9302,4572983.4056],[721591.1867,4572984.4032],[721582.9804,4572999.3564],[721546.4842,4573065.8577],[721506.7485,4573154.2654],[721488.6296,4573188.1386],[721483.9006,4573196.9793],[721479.927,4573211.8794],[721479.9208,4573211.8912],[721474.5894,4573222.0643],[721436.6152,4573294.5259],[721428.3517,4573312.8885],[721415.1571,4573342.4306],[721410.4067,4573364.4307],[721404.031,4573403.4307],[721376.7167,4573481.9313],[721350.9312,4573524.3328],[721342.9651,4573537.4321],[721296.2755,4573592.9334],[721261.7734,4573619.8618],[721247.5861,4573630.9348],[721225.7,4573648.7372],[721187.9587,4573679.4364],[721164.2374,4573695.3714],[721155.2075,4573701.4374],[721139.2047,4573713.8794],[721130.7533,4573720.4756],[721126.8088,4573724.1449],[721096.5812,4573752.2633],[721085.3602,4573760.3424],[721076.7044,4573766.4396],[721067.0225,4573772.3109],[721055.2569,4573779.2832],[721041.6364,4573784.202],[721026.6479,4573789.6147],[721019.2482,4573793.3147],[721012.3434,4573796.7671],[721005.1791,4573796.0851],[720995.6548,4573795.1784],[720959.8935,4573808.6888],[720947.9048,4573811.7973],[720938.4369,4573814.2521],[720925.7218,4573819.8151],[720912.9452,4573822.0701],[720898.6984,4573824.445],[720878.636,4573827.4511],[720865.3252,4573829.353],[720830.3587,4573834.9167],[720827.3955,4573834.3613],[720817.6436,4573832.5332],[720799.0256,4573832.1334],[720788.07,4573831.9484],[720774.0259,4573832.133],[720749.9439,4573832.4496],[720736.6518,4573830.28],[720716.2411,4573826.8147],[720703.6172,4573824.0099],[720699.0758,4573823.0009],[720675.3125,4573824.0348],[720655.2088,4573824.9095],[720629.143,4573824.2745],[720603.7129,4573824.9111],[720594.6404,4573825.7208],[720566.2844,4573826.3518],[720558.8792,4573826.5166],[720516.7606,4573829.6966],[720500.8025,4573832.7999],[720488.1517,4573835.2601],[720465.9003,4573836.8501],[720436.5774,4573838.7738],[720417.4339,4573839.96],[720392.8083,4573820.9608],[720391.8086,4573820.0877],[720378.4846,4573808.2449],[720363.3855,4573800.2987],[720360.1719,4573795.2999],[720356.3109,4573789.0683],[720376.101,4573762.1544],[720376.0473,4573762.0615],[720364.1808,4573741.4935],[720350.3712,4573733.7865],[720330.0093,4573722.4226],[720318.7619,4573715.8071],[720275.9705,4573690.6377],[720256.898,4573673.1557],[720222.7264,4573662.0314],[720206.8327,4573651.7013],[720201.079,4573648.999],[720196.3666,4573646.9675],[720184.9057,4573642.8162],[720179.8036,4573640.968],[720173.4548,4573631.5073],[720172.4446,4573622.416],[720172.1893,4573620.067],[720179.8137,4573607.9955],[720179.8032,4573607.9692],[720177.9064,4573603.5455],[720159.4697,4573585.1098],[720134.6757,4573545.0595],[720119.4018,4573525.8266],[720100.365,4573501.971],[720093.4435,4573494.4978],[720079.9896,4573479.9716],[720077.5522,4573466.9717],[720065.3735,4573449.5088],[720057.6768,4573438.4724],[720047.3509,4573425.9024],[720020.3011,4573392.9737],[720005.9883,4573373.9742],[720000.0922,4573363.28],[719979.7924,4573326.3724],[719948.0051,4573283.4615],[719936.0849,4573262.8006],[719914.5291,4573234.7893],[719899.6288,4573210.9498],[719894.6621,4573196.2487],[719887.8826,4573175.9107],[719885.9207,4573170.025],[719874.7952,4573142.2121],[719869.2324,4573144.5962],[719867.9319,4573149.7978],[719866.0536,4573157.311],[719860.4906,4573164.4631],[719854.1332,4573157.3113],[719848.5704,4573143.8022],[719848.2128,4573139.5098],[719847.7931,4573134.474],[719845.4475,4573131.6794],[719843.958,4573130.0245],[719840.6104,4573126.4801],[719838.0757,4573127.2754],[719834.2661,4573128.704],[719830.2926,4573135.0615],[719824.8269,4573135.6082],[719822.3457,4573135.8564],[719818.3718,4573129.4995],[719818.3596,4573129.4808],[719850.1182,4573070.583],[719847.7001,4573064.2963],[719846.1736,4573060.4801],[719829.4857,4573045.4807],[719808.8887,4573030.0533],[719796.1218,4573020.6307],[719771.5968,4573007.1672],[719755.5927,4572998.3813],[719732.6516,4572984.0443],[719730.1627,4572982.4888],[719729.0593,4572981.9845],[719702.3573,4572969.9848],[719677.8,4572962.4779],[719672.9449,4572961.0347],[719651.4883,4572951.4993],[719618.2107,4572935.6071],[719587.4163,4572932.628],[719553.642,4572926.6691],[719531.9817,4572920.9233],[719504.9765,4572913.9911],[719483.1009,4572906.9918],[719450.3499,4572902.9928],[719412.5987,4572900.994],[719365.9098,4572893.9954],[719339.0965,4572888.9963],[719293.4076,4572884.9977],[719263.4066,4572884.9986],[719251.6083,4572883.2462],[719219.6728,4572878.6021],[719183.9117,4572872.2459],[719156.0975,4572866.6841],[719133.8461,4572859.5328],[719124.3098,4572857.1491],[719109.2106,4572862.7122],[719097.2902,4572869.0699],[719084.5751,4572869.0703],[719084.0584,4572869.1076],[719082.0046,4572869.256],[719080.0088,4572869.5043],[719078.776,4572869.5043],[719060.9004,4572867.0049],[719053.5595,4572867.6168],[719048.9193,4572867.9484],[719044.6509,4572856.8508],[719044.1379,4572856.0302],[719040.3824,4572850.0216],[719001.9658,4572846.6081],[718978.9159,4572837.2184],[718966.9641,4572832.0967],[718965.6561,4572832.3148],[718956.7198,4572833.8044],[718953.7927,4572833.5118],[718948.7578,4572833.0084],[718948.1828,4572832.951],[718944.0049,4572831.0943],[718940.5219,4572829.5087],[718939.6426,4572828.8225],[718935.3967,4572825.5089],[718873.0822,4572821.0108],[718868.0273,4572821.4525],[718815.859,4572826.1257],[718797.5885,4572828.9613],[718766.3443,4572833.8103],[718754.2648,4572835.4768],[718741.5869,4572837.2257],[718714.2685,4572834.6656],[718705.7666,4572837.3226],[718700.6392,4572839.0161],[718691.3638,4572842.7867],[718669.8882,4572851.517],[718640.0122,4572858.5179],[718605.8235,4572872.019],[718591.5435,4572875.0918],[718580.2601,4572877.5198],[718568.5404,4572880.0119],[718561.4556,4572881.6223],[718557.1871,4572886.7445],[718555.1367,4572887.9747],[718552.9186,4572889.3056],[718488.2529,4572909.2381],[718428.2779,4572927.7247],[718400.4471,4572936.7745],[718394.9056,4572939.3322],[718391.5663,4572941.0255],[718352.8514,4572965.1433],[718345.8148,4572969.5268],[718337.2117,4572974.1432],[718284.3126,4573002.5287],[718202.3722,4573058.5311],[718176.5506,4573074.0028],[718157.3122,4573085.6626],[718150.8924,4573092.219],[718147.4322,4573107.1237],[718143.7895,4573122.8148],[718140.3937,4573125.5932],[718137.8074,4573127.5329],[718127.9321,4573126.5332],[718114.6904,4573141.9331],[718113.7441,4573143.0336],[718113.4184,4573143.5919],[718109.3899,4573150.6417],[718110.2439,4573155.0337],[718110.319,4573155.4342],[718110.4314,4573156.0337],[718110.4314,4573166.5337],[718105.5562,4573175.0338],[718103.0846,4573181.0026],[718102.2652,4573182.9147],[718098.8692,4573186.537],[718094.0696,4573191.6566],[718086.9667,4573197.1203],[718086.541,4573197.9717],[718085.3276,4573200.4883],[718085.3054,4573200.5344],[718085.3054,4573208.0344],[718084.8819,4573208.5426],[718084.0553,4573209.5345],[718080.4302,4573213.5346],[718077.4301,4573216.0346],[718074.43,4573218.5347],[718070.7031,4573226.2113],[718064.019,4573240.2827],[718063.8141,4573249.1609],[718059.0333,4573258.7222],[718054.0331,4573267.0557],[718052.8666,4573269.0353],[718051.999,4573270.6309],[718047.4289,4573279.0354],[718042.6162,4573288.0356],[718035.8034,4573292.0358],[718031.6996,4573295.3859],[718029.6782,4573297.0359],[718029.6782,4573302.5177],[718029.8793,4573303.9252],[718031.0317,4573311.9922],[718031.7032,4573318.0358],[718025.553,4573318.036],[718022.8029,4573316.5361],[718021.0804,4573315.8952],[718020.1194,4573315.5377],[718020.2995,4573317.0988],[718022.145,4573333.0934],[718018.6331,4573339.2257],[718009.8648,4573354.5364],[718009.1948,4573355.665],[718008.6773,4573356.5365],[718006.4272,4573361.0365],[718005.8735,4573361.736],[718005.2396,4573362.5366],[718003.7395,4573374.0366],[718003.7176,4573374.0666],[718003.713,4573374.1405],[717998.2493,4573381.653],[717997.5316,4573384.8823],[717996.8833,4573387.7995],[717995.752,4573392.8899],[717995.5174,4573393.9459],[717994.9874,4573396.3306],[717994.1544,4573400.0792],[717992.8292,4573402.5967],[717955.4875,4573473.5379],[717924.9494,4573537.6516],[717891.4225,4573608.0397],[717882.5384,4573626.0442],[717882.0466,4573627.0397],[717881.4073,4573628.777],[717861.2338,4573683.5405],[717851.3514,4573699.5425],[717835.2952,4573725.5412],[717827.5934,4573744.5534],[717824.3488,4573752.6647],[717815.9621,4573775.2433],[717815.482,4573776.5417],[717814.1613,4573782.7845],[717812.7383,4573789.5437],[717811.4899,4573796.3116],[717805.6689,4573828.0419],[717801.9356,4573850.2589],[717800.53,4573858.6916],[717799.6769,4573868.0753],[717800.4186,4573871.042],[717800.4847,4573871.3154],[717802.2311,4573878.5419],[717803.088,4573886.866],[717790.6759,4573900.5193],[717786.043,4573905.5424],[717776.9375,4573911.8346],[717767.2299,4573918.543],[717761.5657,4573926.2793],[717749.3076,4573943.2069],[717735.9297,4573978.3848],[717726.2283,4574004.0441],[717713.9934,4574022.521],[717714.6501,4574033.6838],[717714.8391,4574036.8985],[717707.4973,4574050.899],[717701.5326,4574057.2145],[717695.8869,4574063.1922],[717692.8176,4574066.6708],[717685.6425,4574074.8025],[717673.3491,4574095.974],[717671.3002,4574102.8034],[717662.3315,4574112.4127],[717661.726,4574113.0459],[717661.0689,4574113.4665],[717650.7881,4574120.0463],[717633.6752,4574145.9539],[717619.395,4574167.6843],[717601.8191,4574195.6953],[717597.5402,4574202.5148],[717588.0112,4574214.6189],[717572.2704,4574234.6137],[717553.1475,4574255.7854],[717491.254,4574331.7643],[717479.6066,4574350.9822],[717474.157,4574360.0515],[717455.4064,4574390.052],[717438.3433,4574414.5525],[717434.9274,4574421.5084],[717436.6085,4574431.5947],[717438.6372,4574437.2012],[717440.0318,4574441.036],[717446.156,4574450.0521],[717455.0311,4574461.5519],[717470.7815,4574471.0514],[717478.9692,4574478.5511],[717502.7646,4574491.0083],[717502.845,4574491.05],[717511.0326,4574496.05],[717524.7204,4574498.0496],[717533.5957,4574498.0493],[717542.4709,4574513.049],[717543.6208,4574518.0668],[717545.2209,4574525.0489],[717545.2208,4574534.5489],[717545.2208,4574547.5489],[717546.4708,4574554.0488],[717549.4131,4574557.4113],[717553.5068,4574561.5047],[717554.096,4574562.0485],[717564.7105,4574566.3328],[717567.7214,4574567.5481],[717568.84,4574568.1783],[717585.4718,4574577.5475],[717590.8564,4574578.8607],[717595.7457,4574579.8383],[717698.8725,4574564.8104],[717727.4667,4574562.4267],[717731.6635,4574562.0429],[717760.2268,4574553.542],[717820.0126,4574533.0499],[717821.1447,4574532.8376],[717833.6718,4574530.4885],[717839.9344,4574528.5107],[717866.1124,4574520.2434],[717936.9694,4574506.5823],[717953.3081,4574503.6596],[718041.9744,4574487.7982],[718073.4545,4574480.3276],[718096.0729,4574475.362],[718117.2372,4574470.5309],[718139.6129,4574462.0302],[718158.4362,4574451.7292],[718158.801,4574451.5296],[718160.8664,4574450.8686],[718179.1,4574445.1102],[718183.4225,4574443.8751],[718194.0397,4574440.8414],[718272.4035,4574414.7185],[718322.1184,4574398.0245],[718385.0578,4574373.5226],[718450.3723,4574342.5206],[718575.8763,4574282.0168],[718604.8772,4574266.5159],[718610.7524,4574262.5157],[718624.5029,4574253.0153],[718626.628,4574244.0152],[718627.291,4574241.2376],[718627.9407,4574238.5152],[718628.5755,4574238.2768],[718641.2535,4574233.5148],[718685.6299,4574218.0134],[718736.8815,4574192.5119],[718768.9482,4574172.2803],[718776.4776,4574167.477],[718779.6493,4574164.1466],[718790.1368,4574153.1349],[718834.5294,4574128.5477],[718859.799,4574112.1564],[718870.7264,4574099.1802],[718878.922,4574093.7164],[718885.8083,4574091.2947],[718886.6907,4574090.9845],[718892.9536,4574086.5434],[718933.6444,4574057.6897],[718965.2314,4574040.6153],[718998.6182,4574024.9434],[719007.0781,4574021.0037],[719025.8287,4574012.5032],[719035.8384,4574010.1576],[719055.7238,4574005.6119],[719068.2365,4574003.824],[719085.5806,4574001.5013],[719115.4565,4574000.5004],[719140.2697,4573991.9996],[719146.2753,4573988.2515],[719166.7081,4573975.4989],[719185.7807,4573958.9433],[719188.0214,4573956.9982],[719191.4056,4573954.1257],[719211.6098,4573937.1425],[719228.0009,4573929.6296],[719235.51,4573927.4393],[719244.3983,4573924.9965],[719265.8869,4573919.0545],[719271.4959,4573917.5426],[719303.1713,4573912.1117],[719332.5842,4573908.0384],[719356.1274,4573908.458],[719357.9246,4573908.4901],[719376.9299,4573908.4901],[719392.7675,4573907.584],[719409.0577,4573907.5835],[719416.8427,4573910.0255],[719432.1539,4573914.9907],[719450.8524,4573922.6043],[719470.1955,4573930.6464],[719479.0186,4573935.0576],[719486.5864,4573938.8412],[719502.2945,4573942.9383],[719513.9054,4573944.9874],[719526.8811,4573945.6693],[719544.638,4573947.0346],[719559.5594,4573952.1519],[719580.7205,4573959.4859],[719592.6303,4573964.5688],[719621.7055,4573977.1668],[719644.2731,4573987.1476],[719657.2224,4573992.9834],[719689.9731,4574022.9823],[719699.1033,4574030.2424],[719721.4113,4574047.9812],[719742.9996,4574059.4701],[719751.4671,4574063.8958],[719754.9913,4574065.6578],[719765.1262,4574070.7248],[719780.6468,4574083.6577],[719783.9758,4574086.4317],[719812.0185,4574102.2044],[719827.685,4574111.0161],[719843.2747,4574121.5761],[719861.5596,4574133.9618],[719870.1381,4574139.367],[719901.4155,4574158.9753],[719976.8549,4574200.9728],[719997.6564,4574212.7573],[719998.902,4574213.4514],[720018.0247,4574224.3778],[720046.7088,4574248.2797],[720059.002,4574254.4258],[720074.0271,4574254.4253],[720076.5323,4574253.9481],[720088.3694,4574251.6931],[720097.9477,4574250.8599],[720104.0774,4574250.3267],[720108.3664,4574250.0202],[720113.6389,4574249.6435],[720121.1515,4574238.7162],[720133.4448,4574243.4964],[720135.7856,4574245.3085],[720154.6163,4574259.8862],[720159.2015,4574259.0887],[720170.3244,4574257.154],[720197.6428,4574262.6166],[720200.2047,4574270.943],[720200.3608,4574271.4655],[720200.2499,4574273.2391],[720200.1933,4574274.0314],[720199.6732,4574280.9655],[720196.548,4574283.9656],[720194.2354,4574286.4656],[720174.4223,4574291.9662],[720159.4218,4574295.9667],[720154.5119,4574299.8393],[720150.5465,4574302.967],[720145.0473,4574319.4638],[720145.0466,4574319.4671],[720143.6881,4574350.7173],[720149.8346,4574365.7417],[720155.9979,4574380.1558],[720158.296,4574385.4665],[720167.6025,4574393.9805],[720181.7964,4574406.9657],[720204.1718,4574430.4649],[720210.2969,4574441.0813],[720215.4181,4574450.0951],[720222.6579,4574475.4343],[720225.4398,4574489.1079],[720228.8517,4574505.878],[720232.3927,4574515.8572],[720236.3593,4574526.9636],[720245.2343,4574545.9633],[720257.5472,4574549.4629],[720259.7357,4574551.7852],[720263.6362,4574555.9242],[720256.8522,4574584.4149],[720256.8609,4574584.4561],[720256.8594,4574584.4627],[720261.6093,4574606.9625],[720260.9216,4574622.4625],[720257.5705,4574643.4951],[720256.8587,4574647.9625],[720257.6849,4574653.8113],[720263.9368,4574697.9531],[720265.664,4574704.1708],[720272.4834,4574728.4618],[720280.6974,4574751.3004],[720282.7176,4574756.8558],[720285.494,4574762.7788],[720295.5459,4574783.9609],[720304.921,4574802.9606],[720305.2232,4574806.3621],[720306.6205,4574821.7341],[720310.4301,4574835.4486],[720310.8532,4574836.9718],[720306.6082,4574846.4603],[720305.341,4574885.4946],[720304.9201,4574898.4602],[720306.7739,4574960.2209],[720307.9847,4575000.3223],[720311.3994,4575007.8345],[720311.4114,4575007.9426],[720312.0823,4575013.9809],[720311.3313,4575014.7896],[720303.2037,4575023.5423],[720297.74,4575031.0548],[720297.7399,4575044.0306],[720296.1784,4575048.0455],[720292.959,4575056.3236],[720280.6655,4575082.2756],[720276.5677,4575095.2516],[720273.3893,4575102.8793],[720270.1671,4575110.4607],[720258.2291,4575128.461],[720255.3296,4575135.1596],[720243.7283,4575161.9614],[720235.7911,4575183.4069],[720234.2904,4575187.4616],[720228.3525,4575212.9617],[720226.6198,4575219.8919],[720221.5944,4575222.4047],[720216.3807,4575225.0116],[720207.8436,4575239.5243],[720203.78,4575248.5542],[720184.788,4575290.9629],[720176.2577,4575311.3852],[720176.4263,4575327.5889],[720176.7794,4575330.7995],[720177.7838,4575339.9302],[720176.1329,4575342.4064],[720173.7247,4575345.963],[720162.0994,4575343.9634],[720158.8493,4575347.4635],[720157.0061,4575349.5167],[720153.8888,4575352.8937],[720144.3273,4575363.821],[720136.7456,4575370.1391],[720132.0339,4575374.0655],[720099.9346,4575402.067],[720082.1776,4575415.0433],[720073.299,4575425.9706],[720056.9079,4575441.6787],[720053.1287,4575448.7644],[720051.4442,4575451.9229],[720045.0165,4575459.2075],[720041.2201,4575463.4669],[720038.6245,4575465.5142],[720032.3447,4575470.4672],[720021.4068,4575479.4676],[720007.0013,4575504.5517],[720001.5936,4575513.9681],[719990.7181,4575534.9683],[719977.0925,4575552.9687],[719975.8521,4575555.0196],[719967.7171,4575568.469],[719959.2937,4575583.642],[719958.2793,4575585.4692],[719948.9039,4575601.4695],[719936.9659,4575616.9698],[719936.9659,4575617.0216],[719936.9658,4575625.4698],[719936.9618,4575625.4778],[719932.7156,4575633.9699],[719927.8234,4575639.4128],[719923.2778,4575644.4702],[719919.2051,4575649.2614],[719919.0339,4575649.4669],[719891.7151,4575706.6638],[719886.1671,4575718.3759],[719884.0658,4575722.8859],[719895.6045,4575723.6067],[719911.35,4575724.5903],[719919.9263,4575727.4487],[719934.3336,4575732.4458],[719931.2693,4575740.4683],[719928.527,4575747.4697],[719926.3972,4575751.4786],[719923.1948,4575757.2428],[719913.5906,4575760.4444],[719911.1213,4575760.8561],[719894.3824,4575763.6463],[719875.1157,4575766.858],[719868.7753,4575767.9716],[719864.0167,4575770.1979],[719858.1002,4575773.0379],[719852.9779,4575784.9895],[719846.1483,4575796.0874],[719843.3436,4575798.8921],[719838.4617,4575803.9725],[719836.3511,4575810.1119],[719835.024,4575813.9725],[719831.4784,4575821.1581],[719825.6485,4575832.9728],[719818.8357,4575850.973],[719813.1482,4575878.9732],[719813.1281,4575879.075],[719813.128,4575887.48],[719813.128,4575887.6724],[719801.7552,4575891.7001],[719798.5619,4575901.2794],[719798.3347,4575901.9735],[719792.3344,4575923.4736],[719790.2246,4575933.067],[719786.3988,4575950.5552],[719786.8963,4575967.9737],[719799.2091,4575970.9733],[719799.209,4575981.9732],[719799.1933,4575982.0877],[719796.4588,4576001.9732],[719796.4617,4576001.9934],[719798.4873,4576015.5019],[719794.3961,4576018.9732],[719795.771,4576038.9731],[719804.6459,4576072.4728],[719806.142,4576098.5903],[719806.7081,4576108.4726],[719810.6381,4576128.2],[719816.2656,4576156.338],[719826.5098,4576180.2405],[719830.6782,4576185.6593],[719833.3393,4576189.1184],[719840.5956,4576197.6549],[719872.1816,4576280.4601],[719883.2741,4576297.5249],[719883.4678,4576300.7351],[719884.1457,4576311.9695],[719884.1456,4576318.9089],[719895.2307,4576348.7531],[719912.3044,4576377.7774],[719956.3543,4576462.9725],[719962.0321,4576472.2837],[719973.428,4576490.9723],[719982.2182,4576506.8779],[719987.7713,4576516.9655],[719994.5839,4576529.4652],[720000.7713,4576553.965],[720026.0215,4576592.964],[720064.022,4576642.4626],[720094.3724,4576691.8201],[720105.8348,4576710.461],[720111.6055,4576718.5235],[720128.0297,4576741.2639],[720164.464,4576782.8199],[720182.6482,4576803.4583],[720196.4385,4576817.6803],[720218.5204,4576840.2869],[720232.2399,4576849.748],[720234.0239,4576850.9564],[720251.0867,4576867.9558],[720268.1493,4576892.4552],[720282.8949,4576906.6233],[720290.5502,4576913.9137],[720293.8766,4576916.9628],[720303.3555,4576925.6513],[720318.6448,4576940.9399],[720330.0331,4576952.3277],[720355.6438,4576968.3332],[720368.4491,4576977.9365],[720368.46,4576977.9491],[720368.463,4576977.9519],[720375.0884,4576985.4514],[720391.7516,4576994.7565],[720410.9201,4577005.2527],[720424.5791,4577013.7889],[720433.9697,4577017.2033],[720443.3603,4577025.7397],[720465.5562,4577039.3977],[720478.3615,4577048.7877],[720487.7521,4577051.3484],[720498.9431,4577058.0625],[720500.5281,4577058.947],[720504.4032,4577059.9469],[720505.3917,4577060.412],[720506.5334,4577060.7381],[720510.5838,4577061.2443],[720513.3629,4577061.5916],[720521.8999,4577065.006],[720534.7052,4577070.9813],[720536.0685,4577071.461],[720543.925,4577074.225],[720567.1454,4577085.8341],[720592.4146,4577096.7603],[720595.6142,4577096.3603],[720597.8783,4577096.0772],[720607.4397,4577100.1745],[720614.9521,4577105.6377],[720657.9781,4577120.6609],[720687.0622,4577132.3955],[720696.9064,4577136.3672],[720699.6381,4577139.7818],[720703.7359,4577141.8305],[720708.5165,4577143.1962],[720711.9313,4577141.8302],[720726.0698,4577144.3102],[720750.8598,4577148.6583],[720816.1501,4577165.0466],[720831.7265,4577170.3749],[720857.6736,4577179.2504],[720879.7564,4577185.4038],[720890.9732,4577188.4337],[720908.0078,4577190.7827],[720919.959,4577192.3608],[720943.9077,4577195.3692],[720985.1627,4577200.4306],[721050.0391,4577204.4285],[721064.6836,4577205.6458],[721080.1118,4577206.6972],[721104.5275,4577205.0348],[721125.2909,4577203.426],[721151.1201,4577190.0828],[721161.1045,4577184.9248],[721203.793,4577185.9234],[721225.1062,4577195.7784],[721236.2526,4577201.0578],[721248.6381,4577206.8857],[721250.7653,4577207.8867],[721264.0372,4577209.3608],[721273.7928,4577210.4444],[721273.7434,4577211.2354],[721272.9613,4577219.8373],[721267.8391,4577222.3985],[721267.4505,4577227.0601],[721267.003,4577232.4297],[721282.3566,4577238.4207],[721301.3958,4577238.1411],[721316.4994,4577237.763],[721326.01,4577236.857],[721334.427,4577236.0551],[721348.9398,4577242.0303],[721357.319,4577241.7597],[721375.4212,4577241.4176],[721391.9068,4577243.1755],[721403.5468,4577244.4167],[721419.047,4577250.9161],[721444.6725,4577261.4153],[721462.4229,4577263.4147],[721466.8464,4577263.4145],[721466.9856,4577263.4145],[721479.0483,4577262.9141],[721482.7206,4577263.3492],[721487.486,4577263.9138],[721490.1735,4577264.4137],[721497.8613,4577261.9135],[721498.1674,4577261.6148],[721502.9865,4577256.9133],[721508.9241,4577253.4131],[721513.2329,4577253.413],[721513.3765,4577253.5566],[721520.0452,4577260.225],[721523.1714,4577263.3511],[721524.2993,4577264.4126],[721569.5504,4577261.9111],[721595.176,4577260.9103],[721615.6765,4577255.9096],[721643.7251,4577254.1612],[721655.7826,4577253.3912],[721670.2955,4577248.2687],[721680.6857,4577243.0734],[721683.9283,4577241.4075],[721695.9286,4577240.4071],[721699.2423,4577239.9538],[721703.2203,4577239.2013],[721707.7183,4577233.8038],[721705.4915,4577223.9068],[721704.9291,4577219.4068],[721703.5472,4577207.9415],[721703.2417,4577205.4069],[721706.9549,4577202.3421],[721711.1169,4577198.9067],[721715.0545,4577195.9066],[721717.9296,4577193.4065],[721728.1799,4577187.4062],[721739.8051,4577183.9058],[721744.955,4577177.1795],[721745.9303,4577175.9056],[721751.5635,4577172.1214],[721754.129,4577170.411],[721754.4814,4577170.3103],[721763.6903,4577167.6789],[721769.8169,4577164.2751],[721770.4445,4577156.9748],[721770.4935,4577156.4048],[721773.8984,4577152.6904],[721774.6186,4577151.9046],[721775.2047,4577149.7407],[721778.0332,4577138.9952],[721776.5267,4577131.506],[721771.8863,4577126.0195],[721770.6814,4577122.4049],[721769.8375,4577119.8731],[721770.5986,4577116.4485],[721771.1815,4577113.9049],[721782.8067,4577111.9045],[721787.9333,4577112.5305],[721791.0091,4577113.043],[721798.1946,4577117.043],[721801.4319,4577118.9038],[721804.182,4577121.4037],[721812.182,4577128.9034],[721846.3072,4577151.4021],[721874.9949,4577171.901],[721880.2545,4577176.9099],[721882.8635,4577179.4662],[721883.1111,4577184.9159],[721883.3073,4577189.4007],[721881.2209,4577188.3169],[721864.0839,4577179.2853],[721843.6215,4577167.978],[721838.1319,4577164.9446],[721819.0088,4577205.9214],[721817.6084,4577207.3218],[721808.7951,4577216.3501],[721809.4473,4577220.2634],[721819.6915,4577222.3119],[721833.5404,4577224.717],[721839.8709,4577225.4202],[721845.7579,4577226.0741],[721872.0029,4577231.0505],[721872.9078,4577238.7428],[721872.9138,4577238.7497],[721878.8286,4577245.4528],[721879.6951,4577246.4349],[721896.8901,4577251.4117],[721905.94,4577254.1263],[721920.4199,4577260.4607],[721926.2861,4577262.9418],[721948.0855,4577272.1617],[721960.6853,4577276.1702],[721963.1105,4577276.9417],[721972.6717,4577283.0878],[721972.7449,4577292.0359],[721972.7562,4577293.416],[721976.6199,4577299.8969],[721977.8698,4577301.8968],[721980.7449,4577304.3967],[721988.1199,4577310.3964],[721994.7208,4577315.1428],[721999.245,4577318.3959],[722010.3077,4577318.3955],[722017.1202,4577323.3953],[722019.5705,4577324.5905],[722027.3703,4577328.3949],[722032.1204,4577327.8947],[722033.4548,4577327.8947],[722035.9294,4577327.6472],[722041.6277,4577326.2527],[722044.9958,4577325.4285],[722051.9958,4577323.894],[722057.4283,4577325.1535],[722064.9548,4577327.1339],[722072.1164,4577331.162],[722075.882,4577333.2799],[722080.3911,4577335.653],[722088.8579,4577340.1088],[722097.0533,4577343.5232],[722107.2975,4577345.5717],[722116.1759,4577347.6201],[722143.4938,4577353.0827],[722152.9787,4577360.6701],[722160.5595,4577366.8899],[722165.8385,4577373.9284],[722168.0798,4577376.9845],[722174.9092,4577380.399],[722185.1535,4577382.4474],[722199.4954,4577382.4469],[722221.3497,4577392.0072],[722244.5699,4577404.9822],[722265.7412,4577420.006],[722270.1501,4577423.6274],[722278.0835,4577430.1437],[722281.0392,4577432.5715],[722282.2285,4577435.188],[722282.4561,4577435.6886],[722283.7481,4577438.3851],[722307.8733,4577452.8842],[722309.0448,4577453.5592],[722345.1862,4577474.3827],[722366.8114,4577488.8818],[722383.1241,4577498.8812],[722390.9883,4577504.9577],[722394.1242,4577507.3807],[722399.6797,4577510.9901],[722418.7494,4577523.3797],[722446.5622,4577541.3786],[722481.75,4577563.3772],[722545.4649,4577592.8581],[722545.1735,4577601.3038],[722545.1901,4577601.3223],[722546.5181,4577602.8091],[722550.7506,4577607.3744],[722561.0007,4577612.874],[722571.2508,4577618.3736],[722587.626,4577629.3729],[722600.5637,4577635.3724],[722606.2475,4577636.5234],[722610.4389,4577637.372],[722622.1265,4577642.3715],[722630.1891,4577645.3712],[722631.2921,4577646.3855],[722635.6266,4577650.371],[722655.6268,4577663.3702],[722679.3121,4577683.7301],[722684.1271,4577687.8689],[722709.8773,4577704.8679],[722726.19,4577715.8672],[722751.2527,4577737.3661],[722752.5598,4577738.4922],[722767.5028,4577751.3654],[722787.1905,4577760.8647],[722799.3079,4577766.0957],[722806.8783,4577769.3638],[722842.1288,4577786.8624],[722845.3438,4577789.8053],[722867.254,4577809.8613],[722876.1561,4577815.6522],[722895.708,4577828.2203],[722917.4098,4577841.7829],[722947.6566,4577865.6532],[723000.2832,4577918.8196],[723026.8678,4577942.69],[723039.8889,4577950.285],[723043.5631,4577951.2034],[723052.9101,4577953.5397],[723057.6583,4577959.3051],[723060.4981,4577962.8432],[723060.1095,4577967.0206],[723058.3507,4577985.9254],[723063.2648,4577996.9066],[723069.525,4578010.6407],[723088.591,4578033.0506],[723108.1812,4578056.0764],[723118.3538,4578073.0302],[723139.8898,4578097.5561],[723142.7561,4578100.8486],[723180.3521,4578146.5421],[723192.9533,4578161.8672],[723247.4618,4578234.4289],[723279.6751,4578292.0718],[723298.1489,4578327.3885],[723308.4974,4578347.1717],[723335.6244,4578399.7285],[723342.5484,4578412.485],[723353.1087,4578431.9407],[723366.884,4578469.0274],[723373.8669,4578485.9023],[723379.5997,4578499.7563],[723385.0494,4578507.2492],[723388.077,4578511.4119],[723394.4349,4578520.9484],[723398.6734,4578537.9024],[723404.7064,4578545.8204],[723415.6278,4578560.154],[723434.7014,4578603.5983],[723448.4769,4578622.6712],[723454.2229,4578628.8588],[723462.2525,4578637.5055],[723479.8856,4578663.9539],[723483.4454,4578669.3301],[723487.8655,4578685.0788],[723490.863,4578695.7842],[723494.6773,4578709.9232],[723503.1327,4578741.3286],[723504.8201,4578765.8283],[723507.0505,4578782.802],[723507.3825,4578785.328],[723517.8083,4578819.7984],[723524.3473,4578841.3766],[723546.3879,4578900.7152],[723560.7988,4578933.7753],[723562.78,4578941.0153],[723570.6323,4578969.8236],[723573.4149,4578980.4756],[723580.8051,4579009.0507],[723582.0174,4579023.1956],[723582.8196,4579032.8225],[723586.882,4579060.822],[723586.1978,4579075.1559],[723585.5693,4579088.3221],[723581.5067,4579121.8228],[723577.6941,4579173.3239],[723565.8188,4579285.3263],[723553.9435,4579347.3278],[723546.4088,4579412.8475],[723543.889,4579434.8629],[723558.6936,4579495.3302],[723558.6851,4579495.4178],[723558.6997,4579495.4772],[723555.5207,4579528.3269],[723543.8643,4579550.5803],[723538.4365,4579572.2917],[723536.4431,4579580.3325],[723535.9755,4579583.7063],[723533.2555,4579603.3331],[723528.4759,4579635.7373],[723525.85,4579653.3683],[723520.0781,4579666.2904],[723497.4508,4579716.9493],[723482.8768,4579756.5727],[723470.3164,4579790.8389],[723453.3808,4579815.3368],[723453.3786,4579815.34],[723456.7536,4579828.8401],[723453.3785,4579841.3405],[723447.8438,4579841.0151],[723444.8783,4579840.8408],[723441.9625,4579843.6488],[723438.1282,4579847.4832],[723438.1282,4579866.3415],[723438.3688,4579869.0071],[723438.9407,4579875.3416],[723430.503,4579880.3421],[723425.7556,4579889.3372],[723418.6113,4579902.6054],[723410.2051,4579908.152],[723408.3325,4579909.3876],[723390.3181,4579939.0589],[723377.602,4579965.551],[723364.8859,4579988.8641],[723357.8261,4580003.5723],[723352.1699,4580015.3562],[723349.8647,4580017.9497],[723318.2501,4580053.3497],[723298.7904,4580073.9033],[723273.7489,4580100.3523],[723256.811,4580124.8534],[723254.8495,4580129.0074],[723252.5609,4580133.8537],[723239.8731,4580144.8544],[723230.5752,4580151.2436],[723229.6853,4580151.855],[723215.2474,4580161.3558],[723190.6842,4580183.3571],[723169.5393,4580204.3507],[723155.9186,4580217.9717],[723136.4207,4580234.9271],[723134.302,4580239.0016],[723125.4001,4580256.1208],[723118.7233,4580267.388],[723111.8072,4580278.862],[723087.8613,4580318.9689],[723086.4043,4580321.3977],[723033.8675,4580387.867],[723020.4603,4580399.607],[723008.7512,4580409.7342],[722993.1527,4580438.8968],[722983.658,4580455.8518],[722971.4506,4580468.7378],[722959.4204,4580475.6125],[722957.1778,4580476.8717],[722955.6826,4580477.2782],[722944.3024,4580480.3722],[722938.2397,4580495.8728],[722935.4927,4580499.5553],[722926.6769,4580511.3735],[722867.9252,4580561.3767],[722839.9869,4580580.8782],[722808.6111,4580594.3797],[722778.1102,4580613.8813],[722767.9224,4580627.3819],[722756.8596,4580630.8824],[722739.9216,4580644.3834],[722732.9591,4580650.1456],[722727.2168,4580654.7396],[722718.7394,4580660.6741],[722711.0289,4580661.1885],[722706.0232,4580661.5224],[722688.2207,4580664.914],[722564.9595,4580696.9632],[722542.7435,4580701.901],[722491.7149,4580713.2426],[722415.7575,4580721.3839],[722409.2679,4580722.495],[722362.265,4580730.5416],[722307.162,4580741.5643],[722291.5112,4580746.5731],[722285.9714,4580748.4036],[722274.3295,4580752.4146],[722272.9085,4580752.9042],[722260.5332,4580757.9048],[722232.8449,4580751.4058],[722223.3444,4580753.6702],[722222.6744,4580753.8299],[722222.4778,4580754.0524],[722218.1494,4580755.1316],[722213.6305,4580762.3619],[722210.9488,4580766.6527],[722204.0228,4580773.0746],[722194.2572,4580776.975],[722185.1418,4580776.9753],[722184.7594,4580776.1076],[722184.2398,4580770.3921],[722182.6637,4580768.0279],[722178.3401,4580761.5428],[722178.1593,4580761.1326],[722177.4073,4580759.9814],[722176.6039,4580758.9387],[722174.067,4580755.1334],[722173.1893,4580754.5065],[722172.7682,4580753.9599],[722169.1643,4580751.3805],[722162.218,4580746.4086],[722144.7801,4580738.9092],[722122.7354,4580724.952],[722103.7165,4580712.9105],[722047.7777,4580676.4121],[722021.7771,4580657.4129],[721994.214,4580639.4137],[721993.668,4580639.8506],[721992.5161,4580641.1305],[721992.3338,4580641.3331],[721984.534,4580651.7196],[721973.9265,4580665.8452],[721973.787,4580665.9102],[721973.0259,4580666.915],[721971.8717,4580666.8024],[721971.7407,4580666.8635],[721970.1117,4580666.6308],[721967.9293,4580666.3191],[721969.384,4580658.8033],[721971.2134,4580649.4148],[721972.276,4580643.9147],[721972.9701,4580640.7246],[721975.2136,4580630.4143],[721976.4712,4580619.9173],[721976.6484,4580618.4106],[721954.0883,4580589.9146],[721952.2528,4580589.2263],[721946.0881,4580586.9148],[721944.8821,4580583.3491],[721943.213,4580578.4148],[721933.7128,4580570.4151],[721904.5872,4580539.9158],[721884.2118,4580517.9162],[721880.3734,4580515.1248],[721871.8366,4580508.9166],[721860.6268,4580496.6362],[721852.2053,4580487.2793],[721834.0097,4580464.7176],[721812.175,4580429.7829],[721808.3226,4580424.1797],[721804.148,4580417.9179],[721802.6267,4580413.5113],[721800.5298,4580407.2209],[721791.796,4580383.9309],[721792.5239,4580376.6526],[721792.508,4580376.5669],[721788.8848,4580357.0016],[721779.3204,4580332.0478],[721764.0611,4580329.5053],[721752.1927,4580335.4398],[721751.5148,4580335.7365],[721751.4999,4580335.7328],[721738.0105,4580332.366],[721719.3246,4580324.3704],[721709.7147,4580316.3752],[721705.04,4580315.8662],[721716.588,4580315.0958],[721726.3456,4580310.7587],[721731.8344,4580308.419],[721744.5437,4580305.1387],[721745.4111,4580304.9218],[721758.975,4580298.9872],[721768.3001,4580296.4436],[721776.808,4580294.6202],[721780.1482,4580293.9168],[721780.6959,4580293.8246],[721786.0859,4580292.9166],[721789.4881,4580278.5657],[721788.5469,4580265.8578],[721787.8006,4580255.7826],[721787.7983,4580255.7518],[721791.1894,4580238.7971],[721793.7117,4580214.415],[721794.2627,4580191.4316],[721794.5808,4580177.7604],[721796.2632,4580158.414],[721796.2764,4580158.2626],[721791.8681,4580158.2628],[721787.1565,4580144.801],[721788.4621,4580123.9137],[721792.597,4580106.8233],[721795.9625,4580092.9129],[721797.5091,4580083.2055],[721800.007,4580067.3859],[721800.5344,4580058.685],[721801.3636,4580045.0058],[721808.8238,4580022.6254],[721814.9277,4579993.4633],[721823.7442,4579980.5774],[721827.5194,4579974.6],[721831.8826,4579967.6916],[721835.8834,4579957.5908],[721836.3392,4579956.4091],[721836.3095,4579956.1429],[721835.7992,4579951.5507],[721836.8565,4579949.0838],[721837.402,4579947.9089],[721839.5933,4579947.1028],[721842.8396,4579945.9086],[721846.3538,4579939.7587],[721848.8205,4579935.2738],[721874.3208,4579876.6777],[721882.7087,4579859.4603],[721884.6295,4579855.456],[721884.6537,4579855.4054],[721884.6538,4579840.9052],[721895.8418,4579809.9042],[721896.6159,4579808.1718],[721916.8425,4579762.9026],[721924.4845,4579743.865],[721931.0932,4579727.4014],[721945.3437,4579699.4004],[721953.469,4579685.3998],[721965.6567,4579689.3994],[721985.8023,4579699.6018],[722009.095,4579711.398],[722014.4654,4579706.7044],[722016.5381,4579704.8201],[722022.3456,4579695.225],[722032.1583,4579678.8965],[722033.3146,4579675.2452],[722036.9085,4579663.896],[722046.0963,4579651.3954],[722046.1027,4579651.2488],[722046.2232,4579648.4631],[722046.6435,4579638.3782],[722040.3349,4579631.4012],[722033.1587,4579623.4646],[722034.7835,4579621.0273],[722035.2838,4579620.3954],[722042.0964,4579621.8951],[722046.1421,4579622.4943],[722048.8466,4579622.8949],[722054.3557,4579614.4192],[722058.5863,4579607.8381],[722063.477,4579599.035],[722074.7238,4579578.6175],[722058.7898,4579587.4927],[722052.6862,4579585.4584],[722052.6915,4579585.4046],[722053.2694,4579579.6269],[722053.3469,4579578.894],[722063.5348,4579561.8933],[722068.7849,4579554.8929],[722073.1912,4579548.9645],[722082.5353,4579536.3921],[722087.7497,4579524.3167],[722092.0357,4579514.3913],[722098.0984,4579498.8908],[722103.5361,4579491.8905],[722103.5388,4579491.882],[722104.0749,4579490.1899],[722110.3489,4579470.3898],[722116.7344,4579473.6853],[722123.9116,4579477.3894],[722127.4077,4579476.7463],[722129.3221,4579476.2676],[722137.137,4579465.6615],[722138.8168,4579463.3817],[722145.5988,4579447.105],[722158.1046,4579433.5984],[722162.5535,4579428.7934],[722165.069,4579422.7563],[722169.3355,4579412.5167],[722180.1866,4579395.5617],[722190.3595,4579371.5535],[722203.9235,4579340.0853],[722211.4101,4579328.8551],[722214.7746,4579323.8084],[722216.3781,4579315.7911],[722216.4022,4579315.6701],[722212.072,4579304.8446],[722213.0524,4579303.6873],[722215.8598,4579300.4789],[722218.3795,4579299.2189],[722224.5405,4579296.1381],[722227.796,4579271.1809],[722232.1365,4579240.7981],[722242.3367,4579190.8833],[722248.8473,4579187.8448],[722255.792,4579184.8062],[722256.2436,4579180.7417],[722257.1037,4579172.8789],[722260.1039,4579143.3783],[722260.104,4579121.8779],[722259.0087,4579101.3013],[722258.668,4579095.0688],[722257.9173,4579086.9983],[722256.498,4579071.7394],[722256.7932,4579064.0637],[722257.0338,4579057.8106],[722257.0406,4579057.6332],[722254.8705,4579039.7292],[722255.4127,4579018.5703],[722255.4127,4579018.5474],[722255.0743,4579005.6851],[722253.7307,4578986.8767],[722253.7181,4578986.6965],[722258.4655,4578982.6273],[722257.7876,4578952.7879],[722259.1443,4578926.3393],[722258.7966,4578925.2963],[722257.1329,4578920.305],[722259.1684,4578914.8773],[722259.761,4578913.9884],[722261.1223,4578911.9464],[722260.0156,4578908.9951],[722259.1685,4578906.8773],[722255.7286,4578903.2567],[722254.3973,4578901.9254],[722250.841,4578900.1474],[722248.9719,4578899.213],[722246.1895,4578895.3178],[722243.4334,4578891.4594],[722242.1901,4578889.7189],[722240.1557,4578876.1556],[722238.9666,4578867.8319],[722236.765,4578852.4199],[722233.3742,4578841.5693],[722228.627,4578833.4315],[722228.6195,4578833.4015],[722226.5925,4578825.2935],[722222.565,4578811.4388],[722219.8109,4578801.9648],[722214.3855,4578796.5397],[722210.5877,4578795.9973],[722207.8749,4578800.8802],[722207.4457,4578804.7418],[722206.7897,4578810.6459],[722201.4861,4578813.8282],[722201.3559,4578813.8802],[722200.8046,4578813.6775],[722195.9387,4578811.7314],[722194.8537,4578800.3382],[722192.6687,4578759.8809],[722187.2314,4578734.3813],[722182.3115,4578725.9041],[722179.1207,4578720.5862],[722175.8654,4578720.0438],[722174.7466,4578718.3035],[722171.4385,4578713.1577],[722170.9826,4578712.4485],[722166.3483,4578705.6853],[722150.9086,4578683.1524],[722146.5683,4578673.387],[722137.4132,4578646.2606],[722129.8302,4578634.7349],[722120.5011,4578620.4147],[722123.429,4578615.1447],[722123.8566,4578614.3845],[722124.1314,4578613.9366],[722127.2179,4578608.907],[722121.3045,4578594.7807],[722115.0443,4578579.885],[722108.2319,4578562.8854],[722098.7434,4578538.4154],[722098.732,4578538.3859],[722082.4819,4578517.8866],[722010.6065,4578438.8899],[721986.1688,4578420.8909],[721940.0434,4578376.393],[721924.3558,4578361.8936],[721913.1682,4578354.3941],[721896.168,4578340.8948],[721860.2301,4578318.3963],[721859.8627,4578317.0604],[721858.8551,4578313.3965],[721847.1605,4578306.9262],[721837.1674,4578301.3973],[721824.9798,4578289.8978],[721817.1287,4578283.82],[721811.4172,4578279.3984],[721804.6046,4578274.3987],[721803.8688,4578274.3023],[721799.0267,4578273.8989],[721798.1215,4578273.8235],[721796.9626,4578273.2968],[721792.1669,4578270.8992],[721787.2918,4578270.8994],[721783.2293,4578264.8996],[721783.1086,4578264.8684],[721777.4167,4578263.3998],[721774.6402,4578262.5289],[721774.2292,4578262.3999],[721762.8541,4578257.4004],[721757.8867,4578253.0315],[721750.9164,4578246.9009],[721732.4787,4578233.9017],[721728.7779,4578232.2003],[721727.0483,4578231.5085],[721723.6751,4578230.1197],[721717.825,4578227.7111],[721702.0912,4578220.6587],[721659.2301,4578203.8417],[721658.4355,4578202.9479],[721650.5494,4578194.0764],[721648.0504,4578192.5771],[721647.7277,4578192.405],[721645.1026,4578190.9051],[721638.6025,4578189.9053],[721631.4904,4578189.2915],[721621.2272,4578188.4058],[721616.7481,4578185.6497],[721613.1136,4578183.2269],[721612.9257,4578180.4075],[721612.5712,4578175.0888],[721611.0056,4578172.5841],[721609.8521,4578170.9063],[721605.602,4578169.9065],[721577.7891,4578156.4074],[721564.6116,4578148.0854],[721549.2968,4578138.6055],[721536.7078,4578133.9434],[721530.9859,4578131.8243],[721521.3363,4578125.649],[721514.0314,4578120.9742],[721499.3434,4578117.1979],[721490.2949,4578114.8714],[721478.0876,4578108.7683],[721461.8112,4578104.6998],[721453.2932,4578100.4412],[721452.3166,4578099.953],[721445.3831,4578097.991],[721416.349,4578089.9131],[721391.1922,4578085.7212],[721374.3483,4578082.9145],[721368.9686,4578077.6448],[721362.0981,4578070.915],[721298.9093,4578070.4171],[721274.2542,4578064.7399],[721257.6586,4578060.9184],[721251.4734,4578054.8287],[721249.5394,4578052.8947],[721206.678,4578050.726],[721205.0505,4578035.5351],[721205.0449,4578035.5366],[721149.1677,4578049.6429],[721101.989,4578067.2896],[721083.1547,4578074.4242],[721070.3817,4578085.0605],[721066.3417,4578088.4247],[721065.4407,4578088.8406],[721056.5981,4578092.7708],[721044.0874,4578094.6959],[721042.4918,4578094.9414],[721020.2472,4578097.6549],[721000.4428,4578109.0577],[720984.4646,4578118.4274],[720931.8381,4578144.429],[720927.8504,4578149.0192],[720923.1504,4578154.4293],[720911.9634,4578156.4258],[720906.3112,4578157.3376],[720899.2657,4578158.5525],[720890.5772,4578160.0508],[720877.556,4578166.0191],[720871.9383,4578168.1593],[720854.7737,4578174.9315],[720839.2372,4578187.0021],[720830.9605,4578193.4322],[720805.8973,4578210.433],[720797.2655,4578215.3128],[720776.709,4578226.9339],[720771.507,4578231.7284],[720763.1451,4578239.6722],[720760.719,4578249.861],[720759.7709,4578253.9344],[720760.2399,4578258.0441],[720761.0833,4578265.4343],[720760.67,4578272.0454],[720760.4435,4578275.4424],[720757.2112,4578277.2257],[720755.0064,4578278.3282],[720753.066,4578276.6304],[720749.581,4578273.5812],[720748.9878,4578273.1363],[720742.8094,4578268.5028],[720741.4428,4578267.4779],[720740.2417,4578268.7497],[720729.8949,4578279.9353],[720725.5584,4578286.9437],[720722.5145,4578292.0167],[720721.7751,4578293.249],[720663.4505,4578343.4356],[720630.178,4578366.7962],[720619.6993,4578374.1532],[720618.7666,4578374.9387],[720614.6475,4578378.6755],[720563.6714,4578426.5148],[720559.1007,4578432.5759],[720524.701,4578478.4415],[720506.8343,4578503.782],[720493.3086,4578523.1564],[720490.2876,4578548.5037],[720487.3242,4578573.4424],[720483.9489,4578600.4425],[720514.4485,4578697.9411],[720542.4484,4578755.44],[720552.5734,4578772.4396],[720555.2112,4578778.441],[720559.3809,4578787.8226],[720565.6268,4578798.7528],[720572.9484,4578811.4388],[720582.819,4578820.774],[720585.6361,4578823.4383],[720587.7869,4578826.2612],[720593.6361,4578833.938],[720614.824,4578832.9373],[720630.6992,4578842.4367],[720642.2134,4578865.5325],[720651.8886,4578884.8826],[720655.1098,4578891.0028],[720662.485,4578905.0154],[720661.425,4578935.745],[720661.4529,4578935.8149],[720676.2599,4578972.8319],[720719.9435,4579105.6304],[720729.2612,4579133.9349],[720734.7611,4579163.4351],[720740.59,4579163.2438],[720750.0114,4579162.9346],[720765.2614,4579214.4348],[720766.7827,4579220.1247],[720779.6988,4579268.4351],[720786.6988,4579298.9353],[720795.7613,4579318.9353],[720803.1705,4579330.2251],[720810.199,4579340.9351],[720819.4521,4579359.2463],[720822.0674,4579364.4768],[720826.4711,4579377.1377],[720828.849,4579383.9743],[720846.8206,4579445.6883],[720853.2015,4579459.3616],[720856.3151,4579466.0334],[720863.0968,4579483.6659],[720868.2945,4579495.7938],[720869.1987,4579497.9346],[720868.5151,4579507.3868],[720866.0265,4579501.9948],[720864.4531,4579498.5859],[720861.9138,4579498.0217],[720858.3891,4579497.4464],[720867.1655,4579545.3804],[720867.1326,4579545.4163],[720864.7124,4579548.0566],[720862.5112,4579550.458],[720862.5112,4579556.4174],[720862.7686,4579556.9323],[720865.8939,4579563.1827],[720866.7656,4579567.1058],[720867.5892,4579570.8122],[720875.2188,4579574.2029],[720879.8728,4579577.4605],[720883.6961,4579580.1367],[720896.4121,4579577.5931],[720904.0096,4579594.4764],[720903.1991,4579610.4359],[720903.1991,4579610.5528],[720903.199,4579621.4361],[720911.1181,4579626.4291],[720915.8867,4579629.4357],[720919.5382,4579631.8956],[720921.8437,4579633.5423],[720927.5302,4579648.2229],[720935.1358,4579667.8579],[720950.327,4579700.4101],[720954.7157,4579708.3097],[720961.1778,4579719.9414],[720959.4415,4579739.4731],[720959.0074,4579749.89],[720959.0123,4579749.9217],[720959.1624,4579750.901],[720960.2552,4579758.0282],[720960.188,4579759.5065],[720959.6991,4579769.9364],[720957.7615,4579774.9365],[720957.0115,4579776.9366],[720956.3869,4579779.316],[720955.5715,4579782.3735],[720954.8296,4579785.1556],[720954.4227,4579805.6957],[720953.761,4579839.9376],[720954.5652,4579863.9721],[720955.8857,4579903.4385],[720950.1351,4579979.4398],[720941.3221,4580028.9408],[720929.8216,4580086.442],[720929.4276,4580090.5148],[720925.7334,4580128.3169],[720922.2695,4580132.7044],[720917.595,4580138.6255],[720906.7561,4580169.5163],[720906.4681,4580179.7559],[720906.1955,4580189.4442],[720895.9659,4580217.7722],[720893.1951,4580225.4452],[720891.4926,4580230.134],[720885.5699,4580246.4457],[720878.0441,4580265.9062],[720873.1945,4580278.4466],[720869.7823,4580288.5729],[720869.3193,4580289.9469],[720868.2526,4580292.9238],[720855.8521,4580327.3249],[720852.8994,4580330.546],[720851.0776,4580332.5335],[720841.9626,4580371.163],[720826.4997,4580414.0246],[720816.7337,4580453.6308],[720810.223,4580472.6201],[720808.9739,4580478.4492],[720808.5954,4580480.2157],[720807.1701,4580480.0376],[720804.255,4580479.6733],[720801.4712,4580481.0654],[720799.942,4580481.9518],[720783.0664,4580525.453],[720765.066,4580550.9539],[720761.6039,4580561.1841],[720758.1379,4580571.582],[720752.9295,4580577.6587],[720741.2104,4580594.1524],[720736.934,4580604.2601],[720736.4359,4580605.4375],[720730.3593,4580621.9311],[720726.0189,4580631.914],[720724.1343,4580631.6242],[720720.3764,4580631.0461],[720714.7674,4580637.0868],[720715.2613,4580641.342],[720715.5648,4580643.9567],[720710.8772,4580646.9569],[720709.5021,4580647.957],[720707.5021,4580649.457],[720702.3145,4580653.4573],[720689.82,4580676.4473],[720689.8139,4580676.4578],[720684.9587,4580684.4337],[720680.4447,4580691.0312],[720679.6903,4580692.6477],[720678.014,4580696.2397],[720656.5749,4580713.0688],[720645.7507,4580721.4599],[720599.4888,4580752.9072],[720588.3742,4580760.4364],[720561.7745,4580775.9082],[720557.3741,4580778.4634],[720536.4987,4580792.9642],[720520.9984,4580806.4649],[720494.6229,4580826.4659],[720455.4971,4580852.9675],[720433.6794,4580866.4889],[720420.027,4580874.8907],[720379.9967,4580896.7266],[720300.8458,4580935.8493],[720276.3109,4580947.0023],[720270.823,4580949.4969],[720169.8374,4581004.9962],[720142.5441,4581018.6436],[720127.7083,4581029.3588],[720126.1681,4581030.4712],[720123.5835,4581031.8081],[720099.8034,4581043.9805],[720073.8188,4581053.7637],[720067.9422,4581055.9466],[720064.9578,4581056.77],[720041.5525,4581062.9825],[720015.1771,4581064.9833],[720001.599,4581065.6778],[719976.0546,4581066.8666],[719928.4944,4581068.2669],[719883.2572,4581069.5987],[719842.2789,4581070.7226],[719816.8435,4581071.4202],[719767.3787,4581070.7249],[719752.2358,4581070.491],[719740.2446,4581068.7472],[719721.3169,4581065.9643],[719674.9183,4581052.319],[719563.0158,4581022.2997],[719515.7604,4581004.6685],[719502.0449,4580999.4975],[719488.5013,4580994.2609],[719443.8351,4580976.8145],[719358.3161,4580935.8772],[719355.6776,4580929.2949],[719353.483,4580923.6677],[719361.9222,4580911.0088],[719360.8629,4580895.114],[719360.8557,4580895.0005],[719344.9805,4580878.0008],[719338.6055,4580859.0008],[719325.918,4580770.0002],[719328.0431,4580750.9999],[719332.6438,4580685.4089],[719334.3717,4580660.9308],[719338.2137,4580612.7151],[719338.2311,4580612.4981],[719346.1688,4580587.4976],[719362.0442,4580536.9966],[719368.1478,4580508.1087],[719373.9821,4580480.4955],[719387.2324,4580441.9947],[719400.7692,4580399.8521],[719413.733,4580359.493],[719425.8599,4580317.2134],[719432.259,4580294.8166],[719441.3634,4580262.9512],[719445.5052,4580248.4565],[719455.0465,4580233.4903],[719473.0469,4580197.4893],[719499.9309,4580141.6923],[719526.0396,4580087.386],[719556.77,4580018.5073],[719559.0667,4580013.3398],[719560.9866,4580008.9844],[719564.5479,4579999.1223],[719565.8617,4579995.4665],[719565.8832,4579995.4065],[719565.8833,4579980.9952],[719568.7143,4579974.8614],[719570.9868,4579969.9836],[719585.7024,4579939.1697],[719589.6123,4579930.9826],[719594.1884,4579921.08],[719604.8791,4579897.9169],[719629.4634,4579840.2708],[719641.008,4579809.2829],[719645.5705,4579797.0362],[719666.2341,4579761.0073],[719676.8308,4579728.1575],[719702.2629,4579662.458],[719707.5613,4579637.0261],[719710.7404,4579627.4891],[719714.5982,4579617.4251],[719735.1128,4579563.9089],[719747.8289,4579526.8205],[719758.4256,4579484.4338],[719770.9299,4579434.4176],[719779.4072,4579414.9197],[719788.7323,4579398.8126],[719794.6419,4579381.9282],[719788.1802,4579374.9696],[719786.7549,4579374.3144],[719770.3896,4579367.1996],[719768.7049,4579366.4672],[719766.4437,4579358.1761],[719766.1966,4579357.0469],[719788.2029,4579296.953],[719792.3016,4579269.6293],[719793.2961,4579263.0316],[719793.3057,4579262.9682],[719808.556,4579234.9673],[719811.3566,4579222.2322],[719820.4171,4579180.8136],[719822.4217,4579153.2513],[719823.8067,4579133.9656],[719823.8757,4579129.0597],[719824.3694,4579093.9651],[719823.3069,4579077.9649],[719818.6194,4579064.4649],[719806.7442,4579049.9651],[719806.1822,4579047.2237],[719804.1817,4579037.4651],[719796.0878,4579026.9007],[719792.3366,4579022.0779],[719780.3591,4579012.7958],[719758.4275,4578995.7995],[719748.2167,4578980.4839],[719746.5558,4578977.9663],[719743.622,4578971.9136],[719734.6807,4578953.4666],[719717.7431,4578925.4673],[719709.7578,4578912.1424],[719707.5608,4578908.4762],[719706.7538,4578906.0552],[719698.1472,4578880.2356],[719693.1531,4578865.2534],[719678.742,4578831.3454],[719670.8795,4578805.9143],[719670.3142,4578799.3191],[719668.8685,4578781.9693],[719666.8062,4578756.9694],[719666.7175,4578755.4533],[719665.4314,4578733.4696],[719663.4315,4578712.4697],[719663.4328,4578712.456],[719664.498,4578700.473],[719665.455,4578689.9473],[719670.2025,4578669.6021],[719676.9846,4578648.5786],[719676.9824,4578648.5079],[719676.3065,4578626.199],[719660.7084,4578607.2107],[719642.5732,4578587.0647],[719636.1974,4578579.9819],[719642.4834,4578580.8639],[719653.9556,4578582.6284],[719658.228,4578586.4077],[719659.9044,4578587.8906],[719668.375,4578590.3883],[719676.9954,4578584.9696],[719678.3116,4578581.1225],[719680.2182,4578575.4031],[719675.4956,4578563.9698],[719673.8706,4578559.9698],[719666.6831,4578543.4701],[719654.183,4578517.9706],[719648.0028,4578502.4861],[719642.8081,4578489.471],[719639.7825,4578479.6177],[719635.7457,4578466.4713],[719634.007,4578461.9243],[719632.4972,4578458.1498],[719611.4466,4578421.6921],[719601.8979,4578409.1056],[719592.4402,4578388.2991],[719588.877,4578380.4601],[719587.1409,4578373.9497],[719586.5083,4578370.6598],[719584.9956,4578362.4733],[719582.3883,4578349.0644],[719583.5477,4578341.2389],[719584.1029,4578337.4914],[719589.0403,4578313.7281],[719589.9499,4578303.724],[719590.0587,4578302.4734],[719589.4246,4578299.5139],[719588.8274,4578297.5731],[719587.9337,4578294.9735],[719573.1835,4578280.974],[719571.0167,4578278.8602],[719570.594,4578278.4639],[719556.4878,4578267.0711],[719541.2965,4578255.1358],[719524.4775,4578248.0834],[719512.5415,4578241.5733],[719500.798,4578236.145],[719491.2891,4578233.2196],[719478.3694,4578229.4773],[719442.4937,4578223.9785],[719409.7431,4578219.9797],[719381.7152,4578217.1372],[719375.2733,4578216.4932],[719370.4843,4578216.3228],[719330.1368,4578214.8866],[719309.7369,4578215.7554],[719298.881,4578214.7683],[719291.8436,4578214.1284],[719287.6768,4578216.2119],[719287.1125,4578220.3027],[719286.2879,4578226.2814],[719275.8709,4578231.8373],[719267.9453,4578235.6931],[719263.0525,4578237.9845],[719258.2474,4578239.7538],[719248.0923,4578243.2966],[719240.3719,4578245.1684],[719236.6144,4578245.9853],[719225.5517,4578247.9857],[719214.4265,4578243.4861],[719210.8326,4578243.0726],[719205.7387,4578242.4864],[719183.8633,4578242.9872],[719163.1524,4578245.5633],[719159.7378,4578245.9879],[719144.55,4578247.4884],[719135.9799,4578247.4887],[719128.9485,4578247.2936],[719105.5104,4578244.2562],[719094.1578,4578239.9996],[719091.6211,4578239.0484],[719085.9786,4578236.0103],[719074.6936,4578235.5767],[719067.3149,4578235.5769],[719049.5593,4578237.8834],[719033.8939,4578239.9183],[719013.06,4578240.7871],[719004.3656,4578239.4289],[718999.1708,4578238.6174],[718981.3479,4578243.0936],[718979.8126,4578243.4792],[718975.5004,4578244.2671],[718943.7004,4578250.0777],[718900.2964,4578263.6208],[718874.0704,4578271.1147],[718858.9758,4578275.4278],[718833.5845,4578286.2794],[718829.244,4578291.9219],[718824.0355,4578299.3005],[718820.5632,4578296.2625],[718819.6123,4578294.4686],[718818.2064,4578291.8165],[718817.168,4578289.9993],[718809.8553,4578290.9995],[718808.8829,4578290.9996],[718807.7928,4578290.9996],[718802.4801,4578295.4998],[718800.6051,4578296.4998],[718798.0494,4578298.5444],[718797.4799,4578298.9999],[718794.2298,4578302.5],[718751.3538,4578326.5014],[718740.7124,4578335.9055],[718740.6033,4578336.0038],[718740.5851,4578336.0207],[718738.5398,4578348.2918],[718725.0667,4578358.6214],[718723.2006,4578360.0521],[718722.3221,4578360.9745],[718712.9744,4578370.7896],[718704.2822,4578378.9706],[718702.2262,4578380.5331],[718691.4995,4578388.6856],[718689.6196,4578391.3711],[718687.9668,4578393.9227],[718698.6575,4578422.4307],[718698.6412,4578422.4411],[718693.7447,4578425.575],[718685.8748,4578430.6118],[718678.2454,4578433.6637],[718678.9208,4578439.4044],[718679.2158,4578441.9116],[718677.6751,4578448.4593],[718677.164,4578450.5036],[718676.504,4578451.3158],[718676.0158,4578451.8651],[718673.0921,4578455.1543],[718672.0694,4578462.8237],[718672.0614,4578462.8333],[718671.5783,4578463.4131],[718670.1016,4578465.1851],[718669.5129,4578465.8916],[718668.392,4578466.5135],[718661.6652,4578470.2459],[718659.601,4578471.5041],[718657.975,4578473.6721],[718656.5881,4578475.6137],[718653.2149,4578480.3361],[718641.4943,4578483.2667],[718640.4322,4578483.5322],[718634.6801,4578481.615],[718614.8671,4578467.5551],[718611.1987,4578473.3814],[718604.0018,4578484.8116],[718597.6104,4578496.3159],[718588.9238,4578499.4185],[718588.6619,4578499.5064],[718587.5328,4578499.6374],[718571.4115,4578501.507],[718541.3482,4578520.008],[718529.8848,4578525.3933],[718506.2155,4578536.583],[718505.5837,4578543.5212],[718500.7548,4578547.7725],[718492.5948,4578554.9565],[718492.5346,4578555.0095],[718496.5971,4578561.5094],[718495.097,4578569.0094],[718470.0339,4578586.0102],[718456.7211,4578591.0107],[718451.6586,4578588.5108],[718449.2532,4578589.2582],[718442.8642,4578591.0008],[718440.3836,4578591.6774],[718439.5624,4578593.3829],[718433.7768,4578605.3989],[718433.7359,4578605.4822],[718429.5985,4578606.7559],[718420.4426,4578609.5734],[718370.8457,4578654.0576],[718346.2391,4578674.5101],[718315.5607,4578700.0758],[718297.2902,4578711.4952],[718279.7693,4578722.4461],[718244.6169,4578744.8163],[718239.4509,4578747.0305],[718235.6691,4578748.6513],[718228.0676,4578751.8188],[718220.7155,4578755.0182],[718219.1559,4578757.2868],[718217.1561,4578761.1085],[718216.7348,4578761.9137],[718215.1325,4578762.9819],[718210.9652,4578765.5185],[718204.1908,4578768.9448],[718200.09,4578771.0189],[718193.5591,4578778.0163],[718193.0898,4578778.5191],[718189.2772,4578788.5192],[718178.4019,4578797.0196],[718174.5268,4578801.5197],[718153.4639,4578808.5204],[718147.0245,4578811.497],[718139.3997,4578814.963],[718127.8953,4578823.911],[718118.9474,4578828.3851],[718110.6981,4578830.5562],[718106.8039,4578831.5811],[718099.0642,4578836.8442],[718090.8256,4578842.4466],[718074.8473,4578855.8686],[718053.7559,4578867.3734],[718048.0892,4578869.9493],[718039.7113,4578873.5241],[718028.4075,4578876.9904],[718021.7734,4578879.0247],[718006.7593,4578885.3247],[718003.898,4578886.5253],[717994.3353,4578891.5256],[717981.5225,4578901.026],[717971.3315,4578906.3505],[717966.1948,4578908.919],[717944.5443,4578915.4707],[717939.3876,4578916.7086],[717924.5714,4578920.2649],[717902.2019,4578929.0536],[717900.5233,4578929.9769],[717886.2237,4578937.842],[717869.9838,4578940.9358],[717869.4579,4578941.03],[717868.4326,4578941.069],[717843.0823,4578942.031],[717816.1592,4578952.9249],[717815.9194,4578953.0236],[717811.2568,4578955.4354],[717769.5825,4578976.9922],[717747.7853,4578985.4058],[717724.0445,4578994.5696],[717718.8881,4578997.0698],[717697.6804,4579007.353],[717672.9141,4579015.3429],[717641.7565,4579026.5286],[717630.7156,4579033.5021],[717623.5159,4579038.0391],[717622.6415,4579038.5333],[717600.5154,4579051.04],[717593.7145,4579055.3623],[717587.1402,4579059.5404],[717584.8676,4579059.5405],[717583.7975,4579059.4335],[717580.7026,4579059.0406],[717576.2891,4579058.1766],[717562.8272,4579055.5413],[717540.4518,4579058.042],[717523.8265,4579063.0426],[717520.3611,4579063.3285],[717511.6936,4579064.2412],[717481.6545,4579068.7161],[717474.7758,4579071.0092],[717466.3154,4579073.8295],[717456.0893,4579076.3864],[717433.0807,4579085.3348],[717425.065,4579086.297],[717417.1023,4579087.2528],[717379.3937,4579087.254],[717357.6471,4579091.9916],[717355.1985,4579092.5484],[717352.3477,4579093.474],[717333.6356,4579099.5492],[717323.094,4579101.4724],[717314.4422,4579102.9147],[717294.0038,4579102.3775],[717284.0835,4579102.1168],[717279.3027,4579102.8253],[717262.5093,4579105.5517],[717248.9465,4579109.5521],[717244.424,4579110.8108],[717241.7589,4579111.5524],[717224.1961,4579110.0529],[717220.5971,4579109.9594],[717205.0082,4579109.5536],[717195.508,4579111.0539],[717182.3294,4579113.1676],[717167.4423,4579115.7021],[717152.0089,4579119.0904],[717134.6944,4579123.056],[717124.8087,4579125.5278],[717122.7033,4579126.0893],[717084.3555,4579125.2917],[717064.5532,4579134.0454],[717062.3056,4579135.039],[717056.4648,4579136.9318],[717046.6929,4579140.0591],[717043.8239,4579140.6289],[717029.0708,4579143.3487],[717016.2883,4579143.9882],[717001.9963,4579146.9781],[716996.9224,4579147.9008],[716986.8794,4579149.5611],[716966.9417,4579153.0617],[716942.1914,4579156.5625],[716921.2211,4579158.884],[716847.315,4579166.9196],[716765.3773,4579174.9553],[716707.0706,4579180.6734],[716696.0711,4579184.1111],[716674.072,4579195.1113],[716669.59,4579196.5942],[716644.6939,4579204.8312],[716630.4783,4579199.6226],[716617.2876,4579194.7894],[716605.4806,4579190.9699],[716592.687,4579187.0738],[716571.945,4579184.4716],[716560.8117,4579183.0748],[716537.2247,4579179.1868],[716497.1024,4579172.3491],[716466.9922,4579166.0111],[716442.0601,4579160.5784],[716363.1841,4579147.5809],[716329.8711,4579139.5819],[716320.9952,4579134.9412],[716320.3085,4579134.5822],[716308.4777,4579132.2741],[716302.3708,4579131.0827],[716294.2456,4579120.083],[716294.0359,4579119.8832],[716288.9954,4579115.0831],[716264.6826,4579105.0839],[716233.4321,4579094.0848],[716217.1819,4579089.5853],[716192.4129,4579081.1258],[716189.3691,4579080.0861],[716160.9937,4579069.587],[716136.6809,4579059.0877],[716129.825,4579055.0102],[716119.868,4579049.0882],[716099.6177,4579039.5889],[716079.7424,4579032.5895],[716057.2421,4579034.5902],[715941.4282,4579037.5939],[715931.3031,4579039.0942],[715887.865,4579041.0956],[715872.0946,4579043.8997],[715840.0651,4579049.7242],[715822.1801,4579053.3935],[715811.8289,4579055.5171],[715788.9503,4579061.889],[715777.2903,4579063.4103],[715775.6286,4579063.6271],[715770.321,4579065.828],[715751.8635,4579073.6],[715736.5719,4579085.0417],[715725.817,4579093.1679],[715722.7966,4579097.1953],[715721.8008,4579098.6011],[715740.301,4579094.1005],[715780.4264,4579084.5992],[715830.552,4579084.0976],[715881.4277,4579086.596],[715908.1781,4579091.5952],[715933.6159,4579098.0944],[715970.4289,4579096.0932],[716002.6168,4579098.0922],[716063.5551,4579104.0903],[716111.3682,4579110.5888],[716180.8691,4579121.0866],[716281.3079,4579129.0835],[716310.5583,4579143.5826],[716357.434,4579151.5812],[716408.4971,4579164.5796],[716465.1854,4579174.0778],[716491.8732,4579179.577],[716532.1238,4579185.0758],[716568.9992,4579189.5746],[716593.4995,4579194.0739],[716606.3122,4579196.5735],[716615.1248,4579199.5732],[716651.3128,4579210.5721],[716671.7506,4579208.0715],[716707.626,4579205.5703],[716724.0637,4579214.5698],[716733.9389,4579228.0696],[716744.9391,4579240.5693],[716751.6267,4579241.5691],[716759.0017,4579233.5688],[716767.9393,4579221.0685],[716781.8144,4579207.568],[716810.0023,4579201.567],[716939.0663,4579175.0628],[716966.5041,4579169.0619],[716993.3169,4579159.061],[717018.3799,4579147.0601],[717032.3176,4579147.0597],[717051.568,4579143.059],[717087.6936,4579129.0577],[717113.8191,4579128.5568],[717145.2571,4579123.5557],[717195.633,4579112.554],[717196.3831,4579125.554],[717205.6959,4579229.5543],[717254.3846,4579359.0535],[717614.3285,4579316.5413],[717945.6469,4579187.0294],[717978.5225,4579161.0281],[718031.9609,4579154.5262],[718157.9632,4579209.0224],[718239.7148,4579158.5193],[718258.6526,4579109.5182],[718270.4653,4579074.0176],[718268.5278,4579048.5174],[718242.9649,4578960.0175],[718219.3396,4578887.5181],[718242.9654,4578832.5174],[718272.4663,4578781.0165],[718325.53,4578742.0148],[718406.1571,4578661.0123],[718457.2833,4578628.0106],[718528.0976,4578578.5084],[718598.8493,4578529.5061],[718616.5373,4578512.0055],[718691.289,4578484.5031],[718732.6024,4578464.5018],[718775.8534,4578445.0004],[718860.4176,4578454.9975],[718956.7319,4578464.4942],[718976.4198,4578474.4935],[719049.1713,4578458.4911],[719127.7978,4578474.4885],[719208.4243,4578493.9857],[719304.8008,4578537.4823],[719499.4907,4578719.9753],[719523.0536,4578729.9744],[719615.492,4578826.471],[719658.7422,4578898.9694],[719658.7418,4578944.4692],[719650.8664,4578977.9697],[719576.1769,4579164.4744],[719554.5514,4579205.9756],[719499.4876,4579298.4784],[719464.0493,4579351.4802],[719416.8607,4579437.9827],[719393.2977,4579455.4837],[719359.8596,4579463.4849],[719318.5464,4579473.4864],[719294.9834,4579490.9873],[719271.3579,4579520.4884],[719267.4203,4579541.9888],[719224.1694,4579579.4906],[719214.3567,4579604.9912],[719214.3565,4579699.4922],[719216.2938,4579779.993],[719196.6684,4579795.9938],[719180.9181,4579821.4946],[719167.1678,4579823.495],[719163.2302,4579850.9954],[719131.7296,4579870.4966],[719098.2915,4579878.4978],[719088.4789,4579884.4982],[719068.8535,4579907.999],[719060.9783,4579935.4996],[719039.3529,4579941.5003],[719017.7275,4579945.001],[718988.2271,4579937.5019],[718968.5393,4579927.5024],[718946.9138,4579951.0034],[718924.9346,4579967.4337],[718919.5886,4580448.5779],[718926.9594,4580522.2859],[718945.8362,4580711.0534],[719031.1407,4580816.0436],[719201.7498,4580960.4052],[719529.8443,4581144.1381],[719687.3296,4581163.8238],[720100.7286,4581144.1381],[720396.0136,4581012.9003],[720586.3084,4580940.7195],[720704.4224,4580894.7863],[720802.8507,4580796.358],[721039.0787,4580678.244],[721242.4973,4580625.7489],[721498.4109,4580547.0062],[721662.4582,4580612.6251],[721806.8197,4580724.1772],[721879.0005,4580829.1674],[722036.4858,4580901.3482],[722193.9712,4581085.0811],[722115.2285,4581242.5664],[722154.5998,4581301.6234],[722292.3995,4581321.3091],[722528.6275,4581236.0045],[722699.2366,4581124.4524]],[[721039.764,4579603.9314],[721019.0763,4579568.4315],[720992.5136,4579525.4318],[720983.7012,4579491.9315],[720985.6389,4579461.431],[720985.639,4579448.4308],[721002.3893,4579441.9302],[721028.9523,4579437.9292],[721032.8901,4579413.9288],[721024.2025,4579404.4289],[721015.6399,4579394.929],[720964.139,4579377.9305],[720997.6403,4579278.4279],[721025.9536,4579224.4262],[720977.0154,4579194.9274],[720933.8898,4579166.9284],[720985.9532,4579177.4268],[721060.8922,4579164.9241],[721110.8938,4579052.4207],[721156.7085,4578922.9187],[721173.3345,4578870.9184],[721183.8351,4578837.9181],[721235.9019,4578564.9174],[721285.9041,4578473.416],[721324.2801,4578453.9148],[721363.8437,4578432.4136],[721406.7198,4578410.9122],[721449.5959,4578397.9108],[721461.0962,4578392.9105],[721507.285,4578363.409],[721533.6606,4578354.9082],[721589.7242,4578359.9063],[721660.6006,4578366.4039],[721749.6021,4578381.4004],[721818.853,4578414.3976],[721860.1035,4578438.8959],[721945.7922,4578476.8923],[721995.2926,4578523.3901],[722000.2294,4578588.8896],[722005.1666,4578623.8892],[722013.4163,4578656.8887],[721957.3525,4578676.3909],[722000.2268,4578808.3885],[722023.287,4579037.3865],[721993.598,4579174.3899],[721955.7216,4579276.3932],[721930.9706,4579340.8952],[721896.3442,4579437.8983],[721851.8425,4579538.9017],[721744.6512,4579723.4091],[721703.4622,4579805.9122],[721665.5239,4579794.4136],[721472.6451,4579820.4206],[721456.1451,4579784.4205],[721329.2691,4579604.4218],[721322.6441,4579594.9219],[721317.8315,4579586.4219],[721303.5811,4579619.4229],[721275.0176,4579686.4249],[721266.1423,4579707.4255],[721266.1419,4579767.4264],[721263.2042,4579785.4268],[721266.954,4579820.4272],[721245.5158,4579873.9287],[721235.3905,4579888.9293],[721222.7645,4579996.4314],[721224.0142,4580047.9321],[721202.1385,4580093.9335],[721164.7005,4580083.4346],[721144.0751,4580080.4352],[721112.5744,4580107.9366],[721089.9491,4580104.9373],[721068.2613,4580086.9377],[721053.5112,4580074.438],[721030.8856,4580098.939],[721011.1977,4580109.9398],[720997.9221,4580108.6529],[720994.0284,4580108.2755],[720990.5724,4580107.9404],[720981.6973,4580093.9405],[720984.635,4580076.4402],[721017.1358,4580026.9384],[721023.0112,4579990.9377],[721019.0739,4579948.4372],[721024.0117,4579909.9364],[721029.9496,4579858.9355],[721058.4504,4579818.434],[721071.2632,4579807.9334],[721091.8888,4579770.4321],[721085.0139,4579739.9319],[721079.139,4579699.4315],[721065.3265,4579668.9315],[721039.764,4579603.9314]]]},"geometry_name":"shape","properties":{"objectid":35,"enpassociated":"PORN de los Sotos y Galachos del Ebro (Tramo Zaragoza-Escatrón)","zonetype":"PORN","zonename":"Z2","planificationzone":"Z2","area":null,"zonecode":"PORN104_031","codeara":"PORN104"},"bbox":[715721.8008,4571344.5054,725925.0799,4581321.3091]},{"type":"Feature","id":"V112_RZ_ENPZonificacion.134","geometry":{"type":"Polygon","coordinates":[[[707565.5673,4742200.3405],[707834.1292,4742170.1292],[707961.6965,4742200.343],[708001.9806,4742183.5582],[708065.7642,4742190.2727],[708126.1908,4742210.4151],[708166.4752,4742217.1293],[708220.1874,4742190.2736],[708240.3294,4742166.7747],[708304.1128,4742149.9901],[708334.3258,4742123.1342],[708347.7536,4742082.8502],[708377.9664,4742029.1383],[708438.3925,4741988.8546],[708488.7479,4741988.8549],[708512.247,4741975.427],[708539.1028,4741921.7151],[708569.3146,4741747.1509],[708589.4565,4741706.867],[708606.2414,4741686.725],[708851.3031,4741525.5902],[708918.4423,4741354.3832],[708965.4404,4741324.1705],[709183.6468,4741283.8877],[709314.5708,4741277.1745],[709409.2442,4741464.216],[709404.9322,4741309.8781],[709422.6809,4741204.7468],[709455.4488,4741139.2105],[709414.4876,4741053.1936],[709373.5263,4740963.0807],[709388.5447,4740907.1017],[709437.6962,4740759.6449],[709463.6372,4740677.7245],[709486.8477,4740613.5535],[709617.1357,4740512.6463],[709627.5765,4740504.335],[709760.6304,4740495.0765],[709770.8395,4740460.6367],[709785.1139,4740451.1205],[709799.5117,4740441.522],[709825.4534,4740451.0796],[709841.8377,4740453.8104],[709850.9362,4740457.9788],[709850.0299,4740467.4639],[709866.4143,4740492.0401],[709892.0687,4740490.3672],[709929.2204,4740487.9445],[709939.2608,4740470.1806],[709946.9697,4740456.5417],[709963.3537,4740427.8696],[709975.9973,4740400.2833],[709955.161,4740356.8716],[709952.0792,4740318.9069],[709957.8914,4740317.2767],[709987.9292,4740320.0076],[710000.2171,4740294.0661],[710061.6582,4740330.9307],[710113.5416,4740340.4885],[710120.5356,4740339.4894],[710142.214,4740336.3926],[710164.0596,4740339.1234],[710172.8349,4740335.3626],[710183.1745,4740330.9315],[710203.6546,4740311.8168],[710179.0777,4740240.8188],[710214.5767,4740231.2616],[710245.9797,4740217.6083],[710259.633,4740188.9362],[710307.4204,4740199.8592],[710352.4769,4740193.0327],[710407.0915,4740261.3002],[710426.2064,4740261.3004],[710432.1464,4740257.5204],[710441.2252,4740251.743],[710450.7825,4740239.455],[710465.8014,4740240.8204],[710482.1857,4740249.0126],[710487.8397,4740249.0126],[710506.762,4740249.0127],[710511.7615,4740246.7053],[710524.5115,4740240.8208],[710533.1801,4740237.6965],[710531.8551,4740231.0906],[710529.9728,4740221.706],[710558.6451,4740218.9755],[710549.0875,4740198.4953],[710528.6068,4740139.7854],[710538.1639,4740096.0944],[710595.5087,4740111.1135],[710646.0269,4740135.69],[710692.4489,4740143.8824],[710722.4866,4740141.1518],[710760.7163,4740117.9412],[710798.9461,4740113.8454],[710813.965,4740122.0376],[710833.4533,4740130.9367],[710866.4631,4740106.2793],[710876.0889,4740085.5504],[710884.341,4740071.797],[710862.3351,4740045.6653],[710813.6622,4740038.1769],[710819.2107,4740007.0371],[710821.0741,4740001.6539],[710812.8217,4739972.7716],[710748.1796,4739916.3819],[710700.0422,4739923.2584],[710665.6582,4739908.1294],[710690.6285,4739861.9341],[710693.1649,4739857.2417],[710706.9182,4739831.1102],[710711.0441,4739807.7293],[710722.0468,4739782.9731],[710726.1726,4739756.8415],[710728.9232,4739740.3374],[710741.3012,4739722.4579],[710749.0829,4739706.5691],[710759.1195,4739704.7305],[710773.3368,4739696.7689],[710774.8955,4739686.9708],[710777.3175,4739671.7465],[710767.6496,4739658.6666],[710767.0768,4739645.5834],[710772.7677,4739638.7624],[710788.6969,4739642.6954],[710793.8094,4739637.0564],[710806.4487,4739639.9819],[710812.0076,4739634.2131],[710831.3432,4739634.2132],[710841.6982,4739639.5138],[710854.6596,4739623.9769],[710864.896,4739618.29],[710868.7853,4739612.1783],[710880.8193,4739593.2677],[710887.2944,4739592.3694],[710895.2815,4739591.2613],[710902.4296,4739584.7374],[710910.695,4739586.2889],[710915.7424,4739581.8087],[710929.6308,4739582.4478],[710941.1196,4739584.1917],[710947.3564,4739579.0508],[710956.5407,4739580.1548],[710967.8294,4739571.0892],[710995.1265,4739551.7538],[711000.6386,4739549.062],[711019.5803,4739539.8115],[711039.4846,4739534.1247],[711046.5154,4739543.1447],[711055.9769,4739550.0481],[711069.057,4739565.4029],[711086.1178,4739571.6586],[711095.7858,4739584.7385],[711102.61,4739578.483],[711125.9265,4739577.9144],[711137.63,4739577.3644],[711173.128,4739557.4418],[711179.9522,4739543.7932],[711218.0547,4739542.0874],[711237.959,4739535.8319],[711243.4977,4739537.5361],[711260.1382,4739542.6563],[711274.812,4739541.0719],[711301.6527,4739523.321],[711313.6099,4739513.076],[711334.4624,4739495.2093],[711371.033,4739469.2957],[711396.6242,4739462.4716],[711396.0915,4739452.7217],[711382.9754,4739442.5673],[711362.0507,4739423.9677],[711357.3839,4739419.8195],[711339.1856,4739411.289],[711333.7779,4739404.0003],[711326.1055,4739393.6595],[711297.102,4739381.1481],[711290.846,4739343.0457],[711311.3188,4739311.1991],[711319.849,4739282.1959],[711317.0053,4739252.0552],[711328.9478,4739231.5824],[711327.2415,4739203.148],[711327.8102,4739188.362],[711329.8691,4739179.7621],[711326.1039,4739154.8093],[711327.2412,4739132.0618],[711323.2603,4739118.9819],[711317.5732,4739085.4292],[711309.0426,4739053.5825],[711337.4773,4739035.9533],[711360.7937,4739022.8736],[711365.0608,4739016.081],[711388.6595,4738978.516],[711406.8577,4738972.2605],[711426.1932,4738937.5705],[711428.3699,4738928.5916],[711430.7426,4738918.8038],[711430.7426,4738900.6057],[711416.777,4738893.7207],[711413.8539,4738866.2379],[711412.0559,4738802.4187],[711408.4603,4738778.1494],[711407.7232,4738761.7162],[711424.8621,4738762.8527],[711426.4375,4738742.195],[711432.7295,4738723.319],[711440.8193,4738705.3418],[711436.0923,4738695.494],[711429.654,4738682.0812],[711419.2462,4738660.3986],[711401.2686,4738615.4554],[711411.8852,4738597.5859],[711414.2468,4738579.2054],[711421.8607,4738572.6472],[711436.1115,4738551.9837],[711453.2125,4738540.5832],[711468.1758,4738521.3448],[711481.0015,4738512.7945],[711490.2646,4738514.9321],[711500.9528,4738525.6202],[711514.4911,4738523.4827],[711535.8675,4738538.4461],[711534.4423,4738519.9201],[711537.2924,4738503.5318],[711549.6513,4738485.327],[711555.9913,4738475.6579],[711562.9438,4738465.055],[711577.1946,4738462.2049],[711578.9751,4738448.3878],[711586.4576,4738442.2539],[711585.0325,4738433.7035],[711591.7368,4738423.4548],[711597.1456,4738418.7403],[711603.5585,4738409.4773],[711617.8092,4738385.2512],[711615.5572,4738363.3659],[711635.6296,4738343.2635],[711712.3324,4738277.519],[711733.0299,4738231.2541],[711753.7274,4738195.9468],[711779.2951,4738181.3369],[711801.2102,4738163.0745],[711844.8064,4738143.3314],[711860.7479,4738136.1121],[711913.221,4738120.4627],[711928.1591,4738125.4421],[711938.4406,4738124.622],[711975.314,4738121.6806],[711993.5766,4738111.9407],[712016.7093,4738108.2883],[712049.582,4738082.721],[712070.2796,4738059.5887],[712080.0195,4738027.9337],[712099.4996,4738010.8888],[712118.9796,4737985.3215],[712129.9371,4737951.2315],[712158.9467,4737927.5169],[712155.5046,4737909.8367],[712145.9921,4737899.4491],[712131.0174,4737877.3646],[712116.544,4737851.3965],[712097.0637,4737816.0889],[712096.0583,4737810.5836],[712092.0364,4737788.5597],[712094.1738,4737763.4286],[712105.5858,4737724.7765],[712103.1507,4737697.9915],[712071.4953,4737676.0763],[712038.6223,4737623.7236],[711976.5293,4737641.9858],[711926.6115,4737660.248],[711838.9505,4737618.8525],[711719.6342,4737560.4118],[711633.0195,4737511.4062],[711627.1031,4737508.0588],[711549.096,4737497.013],[711457.9323,4737466.6249],[711413.5436,4737457.1129],[711403.0381,4737454.8617],[711353.0452,4737453.8812],[711253.0591,4737388.2042],[711238.3549,4737313.7056],[711200.1247,4737242.1475],[711140.329,4737173.5301],[711087.3951,4737128.4385],[711096.2173,4737111.7744],[711070.7306,4737081.3867],[711048.1845,4737020.6115],[711017.8356,4736906.5759],[711015.8356,4736899.061],[711018.2255,4736849.9358],[711018.9519,4736832.871],[711008.9734,4736814.76],[710999.2136,4736795.2407],[710996.23,4736789.2735],[710970.7431,4736726.5378],[711036.2237,4736664.465],[711024.6567,4736654.9802],[711009.9528,4736640.2765],[711013.8738,4736621.6519],[711009.8881,4736602.6969],[711024.6563,4736555.9756],[711054.4346,4736520.9181],[711110.405,4736406.2253],[711171.6726,4736397.2598],[711231.4458,4736377.834],[711283.7475,4736388.2945],[711317.9689,4736405.4052],[711322.6003,4736407.7209],[711361.4529,4736403.2381],[711366.7589,4736404.6167],[711414.948,4736417.1363],[711483.9882,4736397.2616],[711563.1878,4736391.2848],[711622.9611,4736382.3192],[711677.6065,4736389.1501],[711682.7344,4736389.7912],[711791.8206,4736358.4111],[711797.2388,4736360.6421],[711842.628,4736379.3319],[711917.3447,4736380.8266],[711992.0615,4736422.668],[711997.2209,4736423.4935],[712189.3134,4736403.243],[712253.5699,4736418.1866],[712362.7034,4736417.8745],[712371.4311,4736417.8495],[712553.9323,4736374.8533],[712608.0285,4736375.1616],[712606.2343,4736383.8196],[712621.1778,4736407.7288],[712661.525,4736413.7063],[712712.3327,4736424.1669],[712815.4423,4736443.5937],[712866.25,4736449.5713],[712926.0236,4736454.0547],[712996.2577,4736461.5267],[713001.3222,4736465.3996],[713021.6616,4736480.9531],[713111.3219,4736442.1014],[713177.0729,4736446.5847],[713224.892,4736474.9771],[713256.9325,4736502.3423],[713262.2314,4736506.8681],[713262.2509,4736554.1763],[713278.6887,4736564.6366],[713323.5187,4736519.8073],[713434.1001,4736552.6831],[713478.9305,4736578.0868],[713498.5049,4736588.9614],[713505.8287,4736593.0302],[713534.0701,4736613.9188],[713536.3615,4736621.3779],[713622.3874,4736618.4344],[713670.2063,4736599.0085],[713700.093,4736578.0883],[713736.8983,4736590.2262],[713755.3837,4736585.5602],[713770.1553,4736594.5972],[713776.3044,4736590.0433],[713807.8901,4736585.4821],[713813.0505,4736584.7369],[713855.5045,4736590.0438],[713895.8518,4736606.4816],[713949.6482,4736630.3911],[714019.8824,4736658.7836],[714093.1052,4736678.2102],[714099.6648,4736676.3882],[714120.0033,4736670.7388],[714164.8336,4736693.1539],[714171.1313,4736693.6037],[714206.6752,4736696.1428],[714218.7063,4736694.7118],[714223.1129,4736684.1883],[714248.5166,4736666.2567],[714253.9526,4736664.5172],[714285.8751,4736654.3024],[714311.2789,4736645.3366],[714348.6374,4736645.3369],[714356.9202,4736647.0555],[714390.8329,4736654.0919],[714430.8261,4736639.3601],[714452.0996,4736635.4025],[714495.0828,4736627.406],[714547.3847,4736619.9348],[714560.8338,4736636.3724],[714584.7433,4736639.3612],[714605.182,4736640.7381],[714613.1378,4736621.8215],[714616.2572,4736614.4047],[714625.0904,4736607.9807],[714637.045,4736590.049],[714650.4941,4736587.0604],[714668.4261,4736573.6117],[714734.1771,4736581.0837],[714737.166,4736621.4303],[714749.1209,4736658.7884],[714741.6494,4736697.6406],[714734.1779,4736743.9645],[714787.9741,4736736.4932],[714986.7221,4736869.4889],[715055.4616,4736830.6371],[715083.8541,4736812.7054],[715134.6613,4736733.5069],[715169.0311,4736720.0582],[715188.4574,4736693.1606],[715254.2082,4736642.3542],[715296.0498,4736652.8147],[715306.5104,4736708.1046],[715330.42,4736730.5195],[715334.9031,4736754.4286],[715375.2504,4736776.8437],[715414.1035,4736824.6621],[715446.9792,4736859.0317],[715468.8165,4736882.5575],[715481.3491,4736885.9296],[715511.2361,4736914.3219],[715508.2478,4737005.4753],[715516.0912,4737015.9758],[715548.5952,4737036.8563],[715634.5812,4737055.4726],[715647.7469,4737098.26],[715674.0784,4737203.5828],[715647.7476,4737246.37],[715647.7478,4737292.753],[715647.7478,4737302.3226],[715679.3627,4737357.933],[715739.9069,4737384.6065],[715723.4504,4737489.9291],[715677.5133,4737519.5948],[715661.7078,4737558.5816],[715657.1447,4737563.1446],[715648.0095,4737572.2796],[715636.4187,4737583.8702],[715613.237,4737592.2996],[715594.0465,4737603.6812],[715558.4439,4737600.7289],[715537.9104,4737601.5218],[715541.5846,4737621.8027],[715533.1549,4737639.7155],[715522.6179,4737661.8431],[715512.0809,4737689.2392],[715508.9198,4737713.4743],[715523.0811,4737772.9498],[715524.7259,4737779.8574],[715517.3499,4737798.824],[715508.9203,4737825.1664],[715505.4086,4737840.0497],[715518.404,4737874.6903],[715515.2429,4737892.6031],[715518.4042,4737910.516],[715500.4911,4737934.751],[715448.8594,4738002.1874],[715441.4836,4738038.0131],[715422.5168,4738064.3554],[715415.1409,4738082.2683],[715399.9972,4738100.0747],[715403.1864,4738119.9212],[715406.4551,4738140.2628],[715407.9616,4738149.6382],[715437.3508,4738163.0173],[715444.6454,4738184.4772],[715443.5917,4738197.1216],[715434.975,4738204.3021],[715418.3026,4738206.6048],[715393.0598,4738210.8954],[715394.0673,4738238.2156],[715402.4971,4738254.0211],[715417.2492,4738270.8804],[715410.9272,4738334.1023],[715412.7144,4738341.5508],[715423.881,4738388.0902],[715459.4128,4738429.3628],[715490.3359,4738465.2819],[715487.9398,4738510.7055],[715496.6348,4738522.9854],[715521.2631,4738536.5805],[715535.2772,4738545.6662],[715579.9982,4738574.5187],[715593.6396,4738604.8322],[715605.7652,4738626.0516],[715634.5635,4738644.2398],[715664.8773,4738645.7557],[715669.5394,4738649.3817],[715692.1599,4738666.9753],[715713.3796,4738677.5851],[715847.8862,4738680.5347],[715863.7221,4738724.0216],[715904.7806,4738739.7042],[715984.4322,4738697.6036],[716086.8416,4738655.5032],[716140.3222,4738687.3638],[716192.6651,4738741.9817],[716291.059,4738744.2107],[716349.9597,4738749.5656],[716404.3114,4738740.8452],[716463.4812,4738695.3309],[716597.7517,4738757.9144],[716691.0578,4738697.6081],[716741.1249,4738681.6785],[716770.7101,4738686.2303],[716790.0543,4738687.3684],[716802.4244,4738706.7328],[716831.875,4738712.0877],[716872.0348,4738701.3791],[716922.0497,4738677.1291],[716981.805,4738701.3804],[717013.9328,4738696.0262],[717064.2862,4738696.4745],[717137.1112,4738675.9937],[717249.537,4738650.5155],[717274.7958,4738623.6535],[717316.47,4738634.4527],[717407.499,4738634.4537],[717445.4795,4738610.001],[717493.2711,4738638.4483],[717537.6488,4738632.7595],[717569.5059,4738642.8395],[717609.3361,4738643.0011],[717645.7487,4738663.4831],[717685.5748,4738647.5534],[717710.6083,4738608.8663],[717721.2584,4738573.8789],[717769.7784,4738559.9387],[717791.3983,4738541.733],[717839.1898,4738554.2501],[717908.6012,4738571.3189],[717983.7021,4738579.2849],[718039.4587,4738562.2175],[718031.493,4738459.8094],[718023.5274,4738388.1237],[717971.1839,4738289.1286],[717943.8742,4738227.6835],[717931.3572,4738169.6521],[717946.1496,4738127.5512],[717904.0475,4738108.207],[717869.9105,4738069.5192],[717851.7042,4738051.3131],[717818.7052,4738011.4874],[717818.705,4737971.662],[717784.5681,4737944.3528],[717776.6025,4737877.2186],[717750.4308,4737832.8415],[717725.397,4737799.8431],[717708.3285,4737766.8447],[717683.2948,4737741.8114],[717676.4673,4737705.3996],[717637.7787,4737648.5058],[717574.0565,4737591.6117],[717603.6415,4737555.2003],[717643.4676,4737524.4784],[717688.9832,4737515.3759],[717720.8439,4737460.7587],[717760.6699,4737412.9687],[717773.1865,4737377.695],[717782.2895,4737351.5241],[717776.5397,4737317.4136],[717811.8742,4737245.7028],[717825.5288,4737235.4622],[717831.2181,4737194.499],[717856.4113,4737154.716],[717886.9745,4737137.6063],[717940.4556,4737171.7429],[717970.0409,4737202.4656],[718014.4189,4737242.2915],[718056.533,4737214.9441],[718092.9333,4737226.3622],[718144.1383,4737201.3297],[718202.1146,4737156.6222],[718239.721,4737159.2296],[718232.8935,4737135.3343],[718198.7566,4737087.5435],[718160.0681,4737063.6479],[718149.8269,4737014.7195],[718106.587,4737011.3054],[718144.1371,4736957.8261],[718218.0998,4736888.417],[718289.7868,4736871.3498],[718330.7507,4736814.4569],[718335.3019,4736740.4955],[718310.268,4736691.567],[718334.1637,4736669.9478],[718379.679,4736613.0549],[718512.8118,4736496.9938],[718545.8107,4736512.9243],[718611.8084,4736508.3736],[718643.6692,4736478.7893],[718703.9775,4736481.0657],[718800.6984,4736510.6513],[718981.6231,4736512.9289],[719038.2631,4736472.5611],[719084.1521,4736407.9779],[719135.1399,4736334.8969],[719188.7782,4736260.7725],[719208.8097,4736190.6628],[719316.9973,4736222.7271],[719527.7485,4736238.0254],[719594.0326,4736117.3566],[719639.9214,4736013.6832],[719656.9171,4735925.3057],[719675.6123,4735845.426],[719699.4065,4735777.4434],[719755.4932,4735709.4611],[719769.0898,4735670.3711],[719746.9948,4735641.4782],[719738.4966,4735605.7871],[719714.7019,4735564.9972],[719714.7018,4735531.0058],[719741.895,4735435.83],[719763.9898,4735422.2337],[719797.982,4735432.4315],[719818.3772,4735417.1355],[719816.6774,4735374.6462],[719821.776,4735333.8566],[719830.2738,4735296.4661],[719855.7677,4735255.6766],[719784.3844,4735274.3712],[719736.7954,4735277.7699],[719651.8151,4735274.3699],[719614.4237,4735255.6742],[719548.1389,4735238.6779],[719534.5419,4735192.7893],[719561.7353,4735148.6007],[719607.6247,4735136.7042],[719679.008,4735119.7092],[719631.4189,4735078.919],[719675.6082,4734992.2413],[719662.0112,4734968.4472],[719625.5675,4734956.1583],[719604.2245,4734941.2535],[719615.5136,4734898.1786],[719570.2318,4734813.7853],[719553.2357,4734805.2873],[719539.6389,4734822.2829],[719534.5403,4734864.7721],[719520.9435,4734873.2698],[719476.7534,4734803.587],[719476.7532,4734764.4968],[719500.5473,4734694.8147],[719488.6496,4734603.0377],[719515.8432,4734577.5444],[719497.1473,4734524.8575],[719507.3447,4734485.7675],[719517.5422,4734455.1753],[719510.7436,4734419.4843],[719493.7474,4734392.291],[719463.1544,4734363.398],[719481.8499,4734336.205],[719476.751,4734310.7114],[719464.8536,4734276.7199],[719412.1659,4734292.0155],[719373.0749,4734283.5173],[719340.7823,4734269.9204],[719322.0867,4734273.3194],[719277.8969,4734259.7224],[719250.7029,4734212.1341],[719187.8176,4734241.0262],[719145.3274,4734215.5323],[719141.928,4734176.4421],[719123.2321,4734137.3518],[719090.9394,4734101.6605],[719055.2476,4734072.7675],[719031.4529,4734033.6772],[719005.9587,4734013.2821],[718997.4605,4733982.6897],[718955.6892,4733944.244],[718917.5788,4733928.3027],[718878.4876,4733870.5169],[718842.7957,4733834.8256],[718808.8036,4733828.027],[718793.5069,4733794.0355],[718759.5146,4733754.9451],[718691.5302,4733705.6569],[718649.0398,4733661.4677],[718639.9549,4733626.3683],[718662.6364,4733612.1803],[718686.4309,4733618.9788],[718720.4231,4733632.5756],[718776.51,4733617.28],[718762.913,4733579.8893],[718718.7232,4733566.2924],[718686.4306,4733544.1977],[718666.0351,4733506.8069],[718611.6478,4733517.0038],[718582.7545,4733517.0036],[718558.9599,4733494.909],[718543.6634,4733479.6127],[718518.1693,4733472.8142],[718490.9754,4733443.9212],[718477.3785,4733426.9254],[718463.7816,4733415.0283],[718456.9831,4733399.7321],[718472.2794,4733364.0413],[718479.0777,4733343.6465],[718497.7732,4733309.6552],[718547.0617,4733248.4711],[718562.7219,4733205.5016],[718589.5516,4733160.0938],[718541.9627,4733182.1878],[718502.8718,4733180.4878],[718463.7809,4733204.2815],[718446.7848,4733190.6848],[718445.0851,4733153.2942],[718480.7767,4733092.1099],[718507.9703,4733046.2217],[718519.8674,4732986.7368],[718455.2824,4732969.7405],[718431.2261,4732955.3778],[718438.5589,4732922.3809],[718463.7802,4732872.865],[718475.2225,4732783.0611],[718508.22,4732750.0645],[718537.5511,4732717.0678],[718566.8822,4732698.7365],[718574.2541,4732660.4195],[718582.7522,4732670.617],[718592.9499,4732725.0034],[718618.4441,4732741.9993],[718640.539,4732782.7893],[718652.4362,4732753.8966],[718630.3413,4732723.3042],[718630.3412,4732708.008],[718654.1357,4732677.4159],[718650.7363,4732616.2313],[718637.1394,4732566.9436],[718604.8468,4732544.8489],[718596.3488,4732529.5527],[718591.2499,4732510.8573],[718591.2499,4732492.162],[718581.0521,4732449.6727],[718587.8505,4732410.5826],[718596.3484,4732357.8959],[718579.3523,4732347.6983],[718565.7554,4732330.7025],[718511.368,4732300.1097],[718477.3758,4732267.8176],[718462.0792,4732196.4354],[718441.6839,4732174.3408],[718402.7534,4732157.783],[718377.0988,4732119.954],[718371.9999,4732094.4604],[718343.1065,4732055.37],[718419.5886,4731980.5895],[718479.0748,4731975.4913],[718524.9643,4732009.4831],[718564.0551,4731978.8911],[718608.2448,4731953.3979],[718691.5254,4731904.111],[718751.0115,4731856.5235],[718822.3948,4731769.846],[718921.4132,4731723.7764],[718774.8949,4731368.3992],[718501.4792,4731307.9924],[718352.0548,4731486.0257],[717798.8654,4731641.8012],[717830.6579,4731613.1888],[717865.6295,4731546.4262],[717866.4546,4731481.0641],[717849.7331,4731473.3048],[717859.2708,4731441.513],[717922.8557,4731409.7216],[717948.2896,4731352.4965],[717938.7517,4731273.0168],[717932.393,4731180.8203],[717976.9025,4731158.5664],[718018.2327,4731114.0581],[718056.3836,4731075.9082],[718069.1005,4731015.5037],[718142.2232,4730993.25],[718177.1949,4730955.1],[718224.8836,4730913.771],[718259.8553,4730885.1586],[718301.1855,4730837.4711],[718332.9779,4730777.0668],[718355.2325,4730713.4832],[718377.4871,4730646.7205],[718406.1002,4730579.9578],[718456.9682,4730560.8831],[718542.8079,4730522.7335],[718577.649,4730507.0621],[718584.1381,4730484.5836],[718572.55,4730401.6886],[718558.7037,4730271.5778],[718545.9864,4730128.5143],[718572.5493,4730078.77],[718580.9579,4730023.6014],[718590.4956,4729982.272],[718685.8733,4730052.2149],[718771.713,4730049.0363],[718870.2698,4730068.1122],[718949.7511,4730071.292],[719019.6947,4730093.5469],[719105.5345,4730118.981],[719239.0631,4730166.6699],[719353.5163,4730236.6129],[719312.1863,4730344.705],[719382.1299,4730414.6476],[719445.7151,4730462.336],[719544.272,4730519.5621],[719633.2911,4730576.7882],[719715.9516,4730586.3264],[719820.8668,4730541.8186],[719845.5549,4730493.4754],[719846.3006,4730436.9056],[719830.4042,4730344.709],[719839.9419,4730303.3796],[719881.2719,4730201.6458],[719879.5462,4730102.5739],[719890.8093,4730020.4321],[719893.9884,4729937.7732],[719878.092,4729864.6518],[719839.9408,4729807.4261],[719744.5632,4729769.2751],[719630.1101,4729727.9448],[719536.2249,4729647.0859],[719456.3432,4729506.0208],[719356.066,4729315.668],[719301.6786,4729290.174],[719260.888,4729261.281],[719220.0974,4729240.8858],[719206.5005,4729213.6926],[719243.8918,4729186.4997],[719274.4847,4729164.4055],[719310.1763,4729145.7104],[719342.4688,4729113.4188],[719327.1721,4729014.8435],[719325.4724,4728962.1567],[719305.077,4728906.0707],[719281.2825,4728880.5769],[719288.0808,4728839.7873],[719325.472,4728780.3025],[719350.966,4728736.1138],[719396.8553,4728683.4274],[719439.3454,4728651.1358],[719486.9342,4728608.6468],[719505.6298,4728566.1576],[719514.1277,4728504.9731],[719507.3292,4728477.7799],[719490.3331,4728445.4879],[719463.1394,4728413.1958],[719432.5464,4728394.5003],[719408.7519,4728369.0066],[719383.2577,4728333.3154],[719373.06,4728299.3239],[719369.6607,4728233.0405],[719367.9609,4728142.9632],[719388.3559,4728027.3924],[719384.9565,4727920.3193],[719383.2568,4727859.1347],[719391.7547,4727818.3451],[719415.5491,4727757.1606],[719410.4501,4727685.7785],[719398.5528,4727633.0917],[719404.3709,4727573.9312],[719435.9438,4727503.9245],[719459.1817,4727476.9985],[719468.2362,4727429.1435],[719463.1372,4727347.564],[719420.6467,4727121.5204],[719420.1968,4727096.8523],[719365.6893,4726908.7499],[719320.8007,4726776.2231],[719336.8325,4726645.8343],[719333.5643,4726458.9573],[719383.0111,4726362.0295],[719466.3563,4726266.7798],[719621.14,4726227.0931],[719664.797,4726187.4058],[719688.6099,4726127.8746],[719696.5476,4726072.3121],[719696.5476,4725957.2181],[719688.6101,4725857.9992],[719692.579,4725703.2177],[719704.4855,4725603.9988],[719764.0177,4725504.7803],[719752.1113,4725437.3113],[719708.4544,4725338.0922],[719637.0159,4725199.1853],[719561.6084,4725111.8723],[719510.0139,4724996.7781],[719450.4817,4724949.1527],[719410.7936,4724881.6836],[719390.9496,4724798.3397],[719386.9808,4724746.7458],[719375.0744,4724679.2769],[719386.9809,4724635.6207],[719406.825,4724587.9957],[719422.7002,4724540.3707],[719418.7314,4724500.6831],[719422.7003,4724449.0893],[719402.8562,4724401.4641],[719379.0434,4724385.589],[719355.2305,4724353.8388],[719319.5112,4724326.0574],[719299.6671,4724286.3697],[719283.7919,4724258.5883],[719275.8542,4724238.7445],[719263.9478,4724187.1506],[719240.135,4724131.5879],[719236.1662,4724008.5565],[719230.8261,4723968.8927],[719226.8545,4723941.0919],[719214.1353,4723924.5978],[719188.9985,4723884.0367],[719169.0034,4723859.4715],[719153.5786,4723838.9053],[719149.5796,4723829.1935],[719128.4418,4723814.9113],[719114.7193,4723803.9363],[719113.0197,4723734.2534],[719118.1186,4723690.0643],[719109.6206,4723632.2785],[719075.6284,4723603.3855],[719014.4427,4723496.3116],[719007.6442,4723467.4187],[718970.2529,4723362.0445],[718963.4546,4723283.8638],[718926.0632,4723251.5716],[718929.4624,4723220.9791],[718912.4664,4723151.2962],[718883.5731,4723039.1238],[718893.7708,4722940.5481],[718835.1601,4722763.2962],[718830.8855,4722726.4007],[718801.9922,4722622.7261],[718778.1977,4722556.4424],[718725.5099,4722495.2572],[718705.1147,4722427.2739],[718691.5178,4722423.8747],[718693.2174,4722457.8663],[718701.7154,4722498.6563],[718730.6087,4722554.7426],[718746.5829,4722581.0152],[718728.9091,4722600.6313],[718713.6127,4722559.8413],[718676.2213,4722515.652],[718638.83,4722454.4669],[718603.1383,4722379.6852],[718575.9446,4722304.9036],[718519.8576,4722245.418],[718450.1737,4722243.7182],[718380.4898,4722238.6191],[718324.4028,4722221.6231],[718227.5252,4722211.4252],[718152.7425,4722187.6308],[718139.1456,4722191.0299],[718166.3393,4722216.5237],[718216.7249,4722241.9691],[718295.722,4722281.4674],[718378.7902,4722308.3019],[718419.5807,4722343.9933],[718458.6717,4722422.1742],[718477.3673,4722461.2646],[718458.6716,4722471.462],[718433.1776,4722430.6719],[718411.0827,4722391.5815],[718339.6992,4722354.1904],[718331.2012,4722369.4866],[718361.7941,4722384.783],[718373.6913,4722405.178],[718385.3162,4722433.2664],[718388.9877,4722678.8105],[718358.3948,4722649.9175],[718314.2867,4722606.4772],[718278.5133,4722539.4444],[718157.8412,4722529.2465],[718062.6632,4722648.2167],[718067.762,4722687.307],[718062.6631,4722717.8995],[718035.4694,4722750.1914],[717986.1808,4722743.3928],[717958.9871,4722743.3927],[717940.2914,4722751.8905],[717941.991,4722768.8863],[717964.0859,4722768.8864],[717994.6788,4722768.8866],[718018.4733,4722794.3804],[718049.0662,4722830.0717],[718079.6592,4722833.471],[718098.3548,4722857.2652],[718096.6552,4722892.9564],[718074.5603,4722903.1538],[718037.169,4722901.454],[717991.2796,4722904.853],[717953.8882,4722933.7457],[717918.1965,4722966.0375],[717882.5047,4723045.9177],[717843.4137,4723107.1024],[717855.311,4723146.1928],[717872.307,4723137.6949],[717907.9988,4723163.1888],[717931.7933,4723185.2834],[717941.9909,4723244.7688],[717889.3031,4723271.9618],[717885.9038,4723292.3568],[717867.2082,4723350.1424],[717812.8207,4723380.7346],[717807.7219,4723401.1296],[717795.8246,4723433.4215],[717775.4293,4723494.6063],[717749.9352,4723531.997],[717749.9352,4723569.3877],[717749.9352,4723606.7785],[717761.8324,4723650.9676],[717744.8364,4723669.6629],[717741.4372,4723691.7574],[717712.5439,4723666.2636],[717675.1525,4723691.7571],[717653.0576,4723691.757],[717627.5635,4723696.8556],[717588.4726,4723705.3534],[717557.8796,4723712.1515],[717535.7847,4723708.7523],[717505.1918,4723700.2542],[717459.3024,4723725.7477],[717423.6107,4723754.6404],[717428.7095,4723764.8379],[717401.5158,4723764.8378],[717347.1284,4723783.5329],[717348.828,4723812.4258],[717353.9268,4723837.9195],[717321.6343,4723841.3185],[717253.6264,4723830.6069],[717204.3614,4723868.5112],[717152.245,4723901.7463],[717090.4882,4723922.8972],[716991.9116,4723944.9912],[716949.4216,4723939.8922],[716939.224,4723989.18],[716893.3349,4723990.8793],[716862.7422,4724006.1754],[716820.2522,4723999.3768],[716801.5567,4724021.4713],[716782.8611,4724050.364],[716743.7704,4724036.7672],[716725.0748,4724014.6726],[716733.5728,4723968.784],[716765.8652,4723909.2988],[716837.2483,4723861.711],[716886.5366,4723854.9129],[716944.3229,4723834.5183],[717022.5043,4723834.5187],[717102.3854,4723820.9224],[717151.6737,4723788.6307],[717182.2666,4723741.0426],[717214.5591,4723678.1583],[717241.7528,4723610.1753],[717297.8398,4723531.9948],[717328.4328,4723479.308],[717333.5316,4723407.9257],[717376.0218,4723334.844],[717413.4132,4723314.4492],[717438.9073,4723307.651],[717452.5041,4723283.8569],[717459.3026,4723243.067],[717433.8085,4723132.5942],[717449.1049,4723085.0061],[717469.5002,4723062.9116],[717500.0932,4723044.2164],[717505.192,4723025.521],[717428.7097,4722996.6278],[717371.0827,4722967.6448],[717342.0297,4722950.7388],[717217.9757,4722907.787],[717110.8838,4722824.9688],[717039.5007,4722804.5735],[717044.5995,4722840.2647],[717051.3978,4722881.0547],[717047.9986,4722915.0462],[717003.8091,4722964.3338],[716910.3312,4722994.9258],[716857.6437,4723025.518],[716804.9562,4723122.3938],[716759.067,4723156.3851],[716706.3795,4723159.784],[716634.9964,4723205.6723],[716589.1073,4723229.4662],[716540.8614,4723268.9074],[716497.329,4723338.2388],[716441.2423,4723390.9255],[716419.1475,4723424.917],[716366.46,4723438.5133],[716322.2705,4723460.6076],[716296.5858,4723487.1537],[716259.9943,4723516.6288],[716213.4962,4723554.0839],[716166.969,4723568.3817],[716084.3268,4723589.7744],[716048.9534,4723629.6562],[715995.9478,4723650.9588],[715965.355,4723674.7528],[715905.8691,4723695.1474],[715868.478,4723739.3363],[715834.486,4723778.4264],[715783.4981,4723809.0186],[715715.5142,4723829.4132],[715671.3247,4723877.0012],[715639.0323,4723927.9884],[715610.1392,4723953.4819],[715567.6492,4723968.7779],[715554.0525,4724001.0698],[715521.7601,4724033.3616],[715520.0605,4724063.954],[715508.1633,4724077.5506],[715479.7429,4724088.2723],[715436.7802,4724130.2372],[715343.3024,4724084.3481],[715312.7097,4724067.3521],[715316.1089,4724041.8585],[715326.3064,4724016.3648],[715316.1089,4723984.0728],[715280.4173,4723958.5789],[715241.3266,4723941.5829],[715202.2359,4723926.2865],[715171.6431,4723912.6897],[715142.75,4723907.5908],[715127.4536,4723890.595],[715105.2779,4723839.9635],[715117.256,4723826.0109],[715181.8407,4723843.0071],[715222.6311,4723837.9085],[715270.2198,4723776.7239],[715300.8125,4723684.9469],[715358.2084,4723568.3017],[715416.3852,4723547.2816],[715445.2783,4723523.4876],[715467.3731,4723487.7966],[715528.5586,4723460.6036],[715542.1554,4723460.6037],[715574.4477,4723407.9169],[715582.9457,4723356.9296],[715618.2113,4723316.3203],[715661.1272,4723287.2473],[715681.5224,4723278.7495],[715673.0244,4723268.552],[715679.8228,4723253.2558],[715712.1151,4723254.9555],[715749.5063,4723258.3549],[715771.601,4723248.1575],[715854.8813,4723193.7714],[715895.6716,4723164.8788],[715927.964,4723132.5869],[715967.0547,4723095.1964],[715973.8531,4723064.604],[716038.4378,4723034.0119],[716112.0226,4722992.42],[716171.0064,4722945.6344],[716203.2988,4722903.1451],[716247.4883,4722869.1537],[716252.5871,4722828.3638],[716245.7888,4722804.5697],[716228.7928,4722792.6726],[716221.9944,4722780.7755],[716227.0932,4722762.0801],[716215.196,4722748.4834],[716204.9984,4722731.4876],[716211.7968,4722716.1914],[716220.2948,4722677.1011],[716227.0932,4722660.1054],[716162.5085,4722641.4097],[716108.1214,4722609.1174],[716041.8371,4722592.1213],[715967.0548,4722580.2239],[715887.1738,4722576.8244],[715829.3875,4722544.5321],[715773.3008,4722530.9352],[715727.4116,4722500.3426],[715659.4277,4722490.1448],[715622.0366,4722444.256],[715501.3652,4722386.4697],[715385.7926,4722332.0827],[715334.8047,4722423.8597],[715311.0103,4722485.0444],[715294.0143,4722529.2334],[715278.7179,4722598.916],[715234.5284,4722644.8044],[715130.8529,4722699.1905],[715103.0603,4722749.4772],[715004.9806,4722843.5475],[714926.9013,4722918.4351],[714864.0161,4723013.6112],[714782.4355,4723118.9846],[714673.6612,4723297.4398],[714566.5866,4723328.0317],[714473.1088,4723353.5249],[714428.9192,4723365.4217],[714367.7337,4723423.207],[714309.9474,4723516.6835],[714256.4605,4723464.6586],[714160.3829,4723345.0254],[714088.9998,4723207.3592],[714058.4071,4723044.1996],[714080.5018,4722853.847],[714021.0159,4722770.5674],[713917.3529,4722560.6409],[713794.9695,4722408.5562],[713682.796,4722367.7658],[713614.8121,4722291.2845],[713497.5399,4722151.9186],[713370.0701,4722066.9391],[713351.3745,4722015.9517],[713259.5963,4721924.1741],[713276.5922,4721900.3801],[713235.8019,4721879.985],[713201.8099,4721857.8903],[713174.6164,4721900.3796],[713108.3321,4721895.2806],[713077.7393,4721920.7741],[712994.4591,4721946.2674],[712955.3683,4721956.4647],[712900.9812,4721947.9666],[712897.582,4722014.2501],[712890.7836,4722092.4306],[712897.582,4722199.504],[712946.8704,4722223.2983],[712987.6607,4722262.3888],[713033.5498,4722309.9771],[713045.447,4722369.4624],[713060.7434,4722423.8489],[713051.2516,4722469.0972],[713091.3362,4722539.4203],[713128.7273,4722553.0171],[713181.4148,4722597.2064],[713137.2253,4722673.6872],[713079.439,4722702.5797],[713031.8503,4722734.8715],[713011.4551,4722782.4595],[712946.8704,4722804.5537],[712894.1829,4722785.8581],[712849.9934,4722773.9608],[712810.9027,4722758.6645],[712778.6103,4722728.0719],[712761.6143,4722767.1621],[712720.824,4722785.8573],[712664.7373,4722770.5608],[712651.1405,4722762.0628],[712646.0417,4722728.0713],[712639.2434,4722705.9768],[712615.4491,4722673.6847],[712588.2557,4722649.8906],[712569.5602,4722643.0922],[712542.3668,4722639.693],[712523.6714,4722648.1908],[712499.8771,4722665.1866],[712469.2845,4722668.5856],[712447.1899,4722646.4911],[712396.2022,4722636.2935],[712375.8072,4722609.1002],[712358.8113,4722595.5036],[712336.7167,4722612.4993],[712329.9183,4722636.2933],[712304.4245,4722665.1861],[712284.0294,4722692.3792],[712273.8319,4722729.7699],[712236.441,4722711.0745],[712202.4492,4722654.9884],[712171.8566,4722629.4946],[712146.3628,4722581.9064],[712124.2681,4722536.0178],[712095.3751,4722485.0304],[712088.5768,4722437.4423],[712063.083,4722411.9485],[712064.7825,4722377.957],[712022.2928,4722343.9654],[711973.0048,4722333.7678],[711984.9019,4722296.3772],[712069.8813,4722247.0896],[712091.9759,4722247.0897],[712120.8689,4722218.1969],[712153.1611,4722172.3085],[712260.4753,4722091.0827],[712348.6138,4722031.244],[712380.9059,4722014.2483],[712409.7989,4721981.9565],[712425.2413,4721946.5172],[712493.0788,4721907.1753],[712520.2722,4721883.3812],[712544.0664,4721845.9906],[712562.7619,4721815.3983],[712603.552,4721774.6085],[712635.8442,4721757.6128],[712688.5315,4721791.6045],[712714.0254,4721801.8021],[712810.9025,4721810.3004],[712841.4953,4721798.4035],[712848.2936,4721755.9141],[712834.6969,4721718.5233],[712800.7049,4721669.2354],[712758.215,4721621.6471],[712727.6222,4721589.355],[712714.0254,4721560.4621],[712775.2109,4721494.1789],[712827.8984,4721431.2948],[712885.6847,4721387.106],[712982.5618,4721314.0246],[713122.2952,4721223.0854],[713198.4107,4721089.6813],[713217.1062,4721043.7928],[713235.8018,4720991.106],[713242.6002,4720945.2175],[713234.1022,4720906.1271],[713281.6909,4720831.3459],[713288.4893,4720775.2598],[713269.7937,4720773.5602],[713222.205,4720775.2596],[713181.4147,4720748.066],[713196.7111,4720708.9755],[713207.5478,4720663.0986],[713184.8139,4720608.6998],[713184.814,4720554.313],[713238.861,4720514.0375],[713279.9915,4720481.2311],[713295.2879,4720437.0418],[713308.8847,4720408.1489],[713327.5803,4720341.865],[713312.284,4720307.8732],[713300.3868,4720280.6798],[713317.3828,4720261.9843],[713305.4856,4720226.293],[713336.0784,4720194.0009],[713359.8728,4720170.2067],[713356.4736,4720148.1121],[713337.778,4720127.717],[713302.4167,4720088.4218],[713312.2841,4720022.3424],[713264.6954,4719945.8608],[713254.4979,4719891.4739],[713274.8931,4719840.4864],[713279.9919,4719772.5029],[713254.498,4719696.0213],[713205.2097,4719612.7414],[713174.617,4719514.1652],[713171.2179,4719434.2846],[713171.2179,4719339.1076],[713223.9055,4719288.1201],[713266.3955,4719267.7252],[713285.0911,4719211.6388],[713269.7947,4719175.9475],[713257.8975,4719143.6553],[713274.8936,4719062.0751],[713337.7787,4718995.7913],[713344.5771,4718971.9971],[713356.4744,4718932.9066],[713195.0125,4718931.2066],[713065.8431,4718960.0993],[712892.4841,4718922.708],[712782.5443,4718819.1521],[712499.8786,4718635.4774],[712193.9528,4718523.3046],[711940.7141,4718453.6216],[711854.0351,4718414.5311],[711620.2949,4718340.746],[711408.5605,4718405.5117],[711297.4467,4718441.7899],[711132.608,4718495.9675],[710999.9355,4718540.0125],[710849.5453,4718588.8892],[710759.4988,4718620.2146],[710678.8212,4718695.3872],[710585.451,4718783.3778],[710565.0863,4718802.2054],[710524.4774,4718840.7647],[710450.8773,4718910.8717],[710311.4678,4719040.4102],[710277.6751,4719071.9406],[710211.9701,4719133.8029],[709826.6486,4719236.2078],[709707.3915,4719310.556],[709695.4159,4719317.5418],[709686.6836,4719323.28],[709655.2477,4719344.2373],[709565.4853,4719457.2778],[709478.3578,4719567.2821],[709369.0688,4719802.8921],[709292.0285,4719980.6766],[709250.5452,4720111.0519],[709262.3975,4720211.7965],[709321.6591,4720294.7627],[709570.5582,4720514.0308],[709677.2292,4720638.4802],[709695.0077,4720768.8551],[709801.6788,4720970.3435],[709872.7929,4721118.4968],[709985.3902,4721219.2411],[710103.9136,4721231.0936],[710299.4773,4721308.1337],[710409.7577,4721391.4419],[710531.3542,4721597.2192],[710593.9974,4721712.8675],[710643.4839,4721786.0027],[710643.027,4721803.3829],[710652.9506,4721821.7034],[710641.8937,4721943.7232],[710634.9117,4722020.7735],[710627.9723,4722225.1117],[710484.5865,4722373.5595],[710401.4771,4722534.7213],[710387.7551,4722569.6498],[710368.0452,4722624.288],[710299.2244,4722817.0429],[710244.0479,4722869.2868],[710213.3332,4722944.1222],[710194.6261,4723131.1921],[710248.0399,4723387.9762],[710249.0379,4723461.3262],[710254.2773,4723534.6762],[710116.8074,4723858.2642],[710138.6514,4724047.4628],[710135.6745,4724066.8052],[710033.8031,4724543.5102],[709854.3896,4724908.5209],[709439.8824,4725397.2633],[709400.1012,4725574.469],[709371.8902,4725723.492],[709204.789,4726164.4046],[709130.6379,4726232.8509],[708721.996,4726617.5629],[708700.9155,4726696.6135],[708635.6155,4726962.4769],[708221.1102,4727673.9345],[708189.9713,4727717.8324],[707858.1276,4728082.1503],[707759.281,4728189.4689],[707738.9854,4728204.2666],[707670.2,4728258.6185],[707363.6064,4728198.892],[707219.1488,4728135.6992],[706933.579,4728111.2932],[706790.2365,4728075.4574],[706585.2967,4728039.8832],[706065.5609,4728015.7298],[705758.9678,4728119.2532],[705492.1921,4728238.7034],[705428.4846,4728326.3007],[705305.0512,4728413.8978],[705010.4033,4728485.5674],[705157.7278,4728605.019],[705265.2349,4728692.6168],[705344.8697,4728740.3975],[705412.5593,4728784.1964],[705452.3769,4728887.7208],[705508.1214,4728943.4648],[705631.5552,4728979.3006],[705743.0438,4729023.0997],[705810.7332,4729015.1366],[705970.0026,4729039.0274],[706117.3268,4729090.7901],[706256.6874,4729086.8089],[706388.0846,4729094.7727],[706531.427,4729110.7001],[706634.9522,4729174.4078],[706725.3371,4729174.9128],[706782.2763,4729186.3534],[706830.0571,4729202.2804],[706849.966,4729258.0244],[706869.8748,4729301.8232],[706889.7835,4729333.6769],[706889.7836,4729365.5306],[706857.9298,4729373.4939],[706790.2404,4729381.457],[706698.6605,4729377.475],[706539.3914,4729417.2914],[706447.8117,4729469.0533],[706328.3599,4729496.9247],[706268.6341,4729548.6867],[706101.4014,4729564.6128],[706037.6938,4729612.393],[705790.8263,4729560.6299],[705866.4797,4729699.9898],[705906.2973,4729783.6058],[705906.2975,4729851.2947],[705842.5899,4729895.0932],[705790.8275,4729911.0198],[705579.7954,4729799.5312],[705571.8321,4729863.2384],[705516.088,4729891.1101],[705432.4719,4729958.7987],[705336.9104,4729978.7068],[705265.2394,4730030.4686],[705149.7693,4730046.3949],[705094.0252,4730082.23],[704974.5734,4730114.0831],[704879.0118,4730090.1925],[704831.231,4730102.1374],[704791.414,4730181.7712],[704763.5421,4730249.46],[704695.8528,4730269.3682],[704584.8649,4730194.9734],[704323.207,4730322.2645],[704063.9064,4730444.841],[703917.2326,4730567.89],[703651.8997,4730604.7403],[703484.0156,4730581.5595],[703396.7958,4730477.8395],[703359.0791,4730430.6941],[703281.2889,4730414.1929],[703182.2837,4730392.9771],[703137.4955,4730359.9752],[703111.5649,4730194.9668],[703087.992,4730110.1053],[703037.1871,4730086.6085],[703003.13,4730006.3854],[702979.5571,4729940.382],[702927.697,4729881.4502],[702945.40117759,4729805.91005292],[702873.4796,4729798.9459],[702852.2644,4729853.1628],[702826.3343,4729808.3747],[702814.5478,4729765.944],[702778.49669274,4729453.77053286],[702755.6161,4729742.3711],[702713.1855,4729794.2307],[702720.2575,4729846.0905],[702732.0441,4729907.3793],[702723.2354,4729941.409],[702524.2372,4730007.7408],[702530.3992,4730291.3223],[702569.3563,4730408.1918],[702507.027,4730693.8721],[702496.639,4730782.1733],[702496.6393,4730852.2949],[702504.4309,4730922.4165],[702522.6108,4730979.5527],[702569.3589,4731049.6746],[702623.8985,4731153.5588],[702626.3062,4731220.5792],[702611.6595,4731293.8141],[702615.3213,4731312.1228],[702628.1376,4731346.9095],[702628.1378,4731401.8357],[702615.322,4731489.7175],[702591.5209,4731542.8127],[702600.6754,4731590.4155],[702631.8006,4731652.6654],[702668.4183,4731691.1139],[702699.8392,4731740.8425],[702741.6539,4731843.0769],[702734.2667,4731894.3557],[702741.6542,4731927.2971],[702684.8983,4732222.0673],[702694.053,4732298.9641],[702716.0237,4732348.3978],[702714.193,4732401.4931],[702689.2876,4732483.2309],[702668.4219,4732577.2567],[702662.9294,4732623.0285],[702644.6209,4732665.1384],[702646.452,4732729.219],[702668.4225,4732745.697],[702727.0106,4732771.3297],[702774.6135,4732800.6241],[702783.768,4732837.2417],[702789.2608,4732899.4918],[702792.9228,4732969.0654],[702820.3861,4733023.9921],[702787.4307,4733113.7052],[702759.9677,4733157.6462],[702725.1812,4733183.2783],[702716.027,4733223.5577],[702705.0419,4733282.1459],[702675.748,4733313.2707],[702650.1159,4733346.2265],[702653.7778,4733395.6603],[702677.5793,4733430.4473],[702730.6749,4733503.6831],[702736.1677,4733551.2861],[702714.1973,4733586.0727],[702672.0873,4733619.0283],[702639.1317,4733651.984],[702609.8379,4733717.8956],[702606.1764,4733794.7927],[702631.8089,4733858.8739],[702651.9486,4733893.6608],[702659.2723,4733946.7565],[702705.0443,4733990.698],[702719.6917,4734085.9041],[702725.1846,4734173.7866],[702739.8318,4734225.0514],[702761.8028,4734367.8605],[702759.9722,4734441.0959],[702774.6194,4734508.8387],[702833.2076,4734565.5965],[702866.1637,4734640.663],[702913.7667,4734713.8987],[702961.3696,4734734.0387],[703045.077,4734807.5956],[703080.377,4734864.0323],[703107.8404,4734924.4516],[703113.3331,4734964.7311],[703104.1788,4734977.5472],[703113.3333,4735015.9959],[703137.1349,4735054.4446],[703177.4145,4735107.5405],[703212.2016,4735160.6363],[703246.9886,4735189.9307],[703300.0846,4735246.6884],[703298.2538,4735274.1516],[703300.085,4735341.8943],[703303.747,4735394.99],[703336.703,4735413.299],[703387.968,4735440.7626],[703446.5566,4735471.888],[703505.1452,4735497.5207],[703552.7485,4735550.6166],[703614.9994,4735704.4112],[703561.904,4735806.9404],[703550.9188,4735843.558],[703549.0882,4735914.9625],[703561.905,4736044.9553],[703569.2291,4736182.2716],[703583.8765,4736250.0144],[703583.8769,4736348.8821],[703594.8627,4736486.1984],[703600.356,4736623.5147],[703605.8488,4736660.1324],[703622.3267,4736630.8384],[703655.2825,4736577.743],[703679.0839,4736553.9416],[703704.2615,4736550.2007],[703704.7164,4736568.5889],[703688.2386,4736601.5447],[703668.099,4736658.3019],[703673.5919,4736704.0741],[703664.4375,4736724.2137],[703669.9303,4736757.1697],[703680.9159,4736828.5742],[703682.747,4736883.5007],[703658.9456,4736916.4565],[703651.6221,4736938.427],[703660.7766,4736951.2433],[703680.9165,4736971.3831],[703699.2255,4737004.3391],[703730.3508,4737048.2805],[703763.307,4737079.4057],[703781.6161,4737128.8397],[703790.7708,4737185.5972],[703805.4181,4737229.5385],[703809.08,4737278.9723],[703827.389,4737286.296],[703834.7123,4737229.5386],[703842.0357,4737189.2592],[703854.8518,4737167.2887],[703871.3298,4737163.627],[703876.8228,4737227.708],[703887.8083,4737269.8184],[703904.2864,4737304.6053],[703902.4557,4737357.7009],[703922.5958,4737432.7672],[703915.2727,4737526.1423],[703907.9492,4737549.9437],[703933.5818,4737575.5762],[703985.1912,4737578.2466],[704050.7588,4737606.702],[704136.8106,4737581.0701],[704199.0607,4737551.7764],[704288.7746,4737621.3505],[704307.0836,4737661.63],[704314.4073,4737679.9389],[704268.6352,4737712.8945],[704206.385,4737731.203],[704085.5464,4737764.1582],[704023.2962,4737791.621],[704003.3842,4737867.8986],[703966.9356,4737889.3387],[703914.4069,4737938.6511],[703902.6687,4737960.6831],[703918.9999,4738045.6037],[703936.066,4738090.3857],[703944.4241,4738112.3178],[703966.9367,4738139.1183],[703957.2885,4738147.6943],[703925.1279,4738148.7662],[703903.5538,4738148.5852],[703900.4716,4738169.1343],[703925.1281,4738181.9986],[703950.8566,4738191.6469],[703983.0172,4738189.5031],[703996.9535,4738207.7275],[704001.2417,4738231.3118],[703988.3775,4738246.32],[703965.8651,4738249.5359],[703963.7211,4738272.0482],[703980.8735,4738283.8405],[703995.8819,4738309.5689],[704011.9621,4738297.7768],[704039.8346,4738298.849],[704077.3553,4738290.2731],[704136.3164,4738313.8578],[704145.9646,4738308.4978],[704184.5573,4738321.3622],[704202.7817,4738342.8026],[704242.4465,4738359.9551],[704252.0947,4738373.8914],[704224.2224,4738407.1237],[704181.3417,4738416.7716],[704125.5967,4738426.4194],[704069.2461,4738431.0133],[704062.2349,4738484.5737],[704058.0598,4738516.4683],[704095.8025,4738535.1615],[704104.1569,4738567.9253],[704105.709,4738602.848],[704112.5911,4738640.0108],[704110.5267,4738688.8729],[704119.4736,4738739.7997],[704155.2601,4738752.1875],[704175.9063,4738774.21],[704192.2007,4738772.3483],[704204.1226,4738784.5332],[704198.617,4738792.1034],[704180.0356,4738805.179],[704195.1761,4738809.3083],[704226.1452,4738808.6203],[704255.0496,4738807.9323],[704287.3951,4738805.8679],[704310.1058,4738809.9972],[704290.148,4738823.7611],[704260.5554,4738837.5249],[704234.4037,4738844.4067],[704194.488,4738849.2239],[704165.5835,4738845.7827],[704140.8083,4738845.0944],[704120.8504,4738839.5886],[704087.1285,4738828.5773],[704061.665,4738831.3299],[704044.4599,4738818.254],[704038.9543,4738822.3832],[704050.6539,4738862.987],[704043.772,4738884.3211],[704028.6316,4738891.203],[704049.2777,4738913.9137],[704077.494,4738931.1189],[704109.8396,4738940.7539],[704139.4323,4738940.7541],[704138.7442,4738965.5292],[704142.8735,4738999.9392],[704155.2613,4739036.4139],[704180.7249,4739048.1134],[704222.0171,4739069.4479],[704242.6633,4739082.5239],[704261.9333,4739132.0744],[704270.1921,4739175.4312],[704299.0968,4739202.2712],[704318.3668,4739252.51],[704345.2069,4739286.9202],[704350.7128,4739314.4482],[704367.2298,4739339.2236],[704382.6219,4739367.0688],[704387.188,4739383.2685],[704377.5533,4739400.4735],[704381.6827,4739428.0016],[704395.4469,4739453.4651],[704386.9954,4739487.5559],[704405.0822,4739505.7684],[704428.4812,4739520.909],[704424.2101,4739559.1644],[704433.299,4739576.6533],[704462.8917,4739573.9007],[704486.2906,4739589.7294],[704502.8077,4739616.5694],[704529.6476,4739621.3869],[704565.4345,4739670.2494],[704557.1763,4739697.7774],[704559.9293,4739725.9937],[704575.0699,4739749.3926],[704608.792,4739778.2972],[704643.2024,4739814.0839],[704679.6772,4739827.8481],[704697.5707,4739866.3875],[704722.3463,4739900.1095],[704762.2621,4739911.121],[704791.0651,4739927.0685],[704808.372,4739960.6717],[704809.0605,4739998.5228],[704824.8892,4740008.8459],[704882.3247,4740019.0765],[704905.8201,4740055.3873],[704918.636,4740106.6495],[704730.6768,4740344.8033],[704683.6867,4740377.9098],[704642.2023,4740416.1998],[704591.8429,4740476.1615],[704526.6973,4740485.7727],[704580.0961,4740582.9573],[704534.1737,4740576.5493],[704483.9795,4740565.8694],[704427.3777,4740588.2962],[704312.0385,4740657.7129],[704219.1262,4740699.3627],[704038.642,4740851.0118],[704107.8373,4740907.8717],[704268.9742,4740971.6557],[704406.6119,4741008.5837],[704638.2465,4741132.7943],[704846.3823,4741290.5748],[705064.5887,4741387.9293],[705108.2301,4741428.2137],[705195.5131,4741532.2814],[705235.7977,4741589.3507],[705363.3657,4741797.4858],[705433.8636,4741898.1964],[705504.3613,4741951.909],[705635.2851,4742015.6929],[705786.3514,4742123.118],[705796.4226,4742146.6171],[705803.1368,4742170.1162],[705796.424,4742331.2524],[705819.9235,4742388.3217],[705876.9932,4742452.1052],[705967.633,4742522.6029],[706048.2025,4742683.7396],[706155.6274,4742764.3085],[706424.1877,4742700.5271],[706555.1106,4742643.4588],[706790.101,4742606.5333],[707025.0908,4742499.1106],[707129.1579,4742472.2552],[707203.0115,4742401.7586],[707250.0093,4742358.1178],[707397.7172,4742290.9786],[707488.356,4742230.5531],[707565.5673,4742200.3405]]]},"geometry_name":"shape","properties":{"objectid":134,"enpassociated":"PORN de Anayet-Partacua","zonetype":"PORN","zonename":"Ámbito de aplicación del PORN de Anayet-Partacua","planificationzone":"PORN","area":null,"zonecode":"PORN112_001","codeara":"PORN112"},"bbox":[702496.639,4718340.746,719893.9884,4742764.3085]}],"totalFeatures":491,"numberMatched":491,"numberReturned":3,"timeStamp":"2026-09-05T10:07:55.020Z","crs":{"type":"name","properties":{"name":"urn:ogc:def:crs:EPSG::25830"}},"bbox":[702496.639,4571344.5054,725925.0799,4742764.3085]}