{"type":"FeatureCollection","features":[{"type":"Feature","id":"IDEM_MA_PN_GUADARRAMA_CM.1","geometry":{"type":"MultiPolygon","coordinates":[[[[-3.716,41.0275],[-3.7292,41.0303],[-3.7315,41.0308],[-3.7482,41.0364],[-3.7484,41.0366],[-3.7499,41.0353],[-3.7515,41.0336],[-3.7533,41.0317],[-3.7555,41.0279],[-3.7551,41.0277],[-3.7536,41.0265],[-3.7524,41.0259],[-3.7521,41.0257],[-3.7515,41.0257],[-3.7504,41.0258],[-3.749,41.0258],[-3.7487,41.0259],[-3.7482,41.0259],[-3.7448,41.0263],[-3.7428,41.0265],[-3.7421,41.0265],[-3.7414,41.0264],[-3.7399,41.0259],[-3.7385,41.0257],[-3.7377,41.0255],[-3.7377,41.0254],[-3.7377,41.0254],[-3.7365,41.0252],[-3.7351,41.025],[-3.7345,41.0251],[-3.7331,41.0253],[-3.7329,41.0248],[-3.7325,41.0235],[-3.732,41.0216],[-3.7314,41.0201],[-3.7307,41.018],[-3.7303,41.0164],[-3.7301,41.016],[-3.7301,41.0156],[-3.7302,41.0148],[-3.7302,41.0142],[-3.7302,41.0139],[-3.7303,41.0138],[-3.7307,41.0137],[-3.7312,41.0136],[-3.7315,41.0136],[-3.732,41.0137],[-3.7324,41.0134],[-3.7331,41.0128],[-3.7339,41.0123],[-3.7348,41.0119],[-3.7352,41.0116],[-3.7364,41.0111],[-3.7371,41.0109],[-3.7383,41.0108],[-3.7391,41.0109],[-3.7393,41.0106],[-3.739,41.0099],[-3.7389,41.0096],[-3.7388,41.0093],[-3.7387,41.0089],[-3.7387,41.0086],[-3.7387,41.0082],[-3.7386,41.0078],[-3.7385,41.0074],[-3.7385,41.0072],[-3.7386,41.0072],[-3.7386,41.0074],[-3.7388,41.0076],[-3.7392,41.008],[-3.7392,41.0082],[-3.7393,41.0086],[-3.7394,41.0091],[-3.7395,41.0092],[-3.7396,41.0092],[-3.7396,41.0091],[-3.7396,41.0089],[-3.7396,41.0086],[-3.7396,41.008],[-3.7397,41.0073],[-3.7399,41.0069],[-3.7405,41.0064],[-3.7408,41.0062],[-3.7409,41.006],[-3.7416,41.0057],[-3.7422,41.0051],[-3.7429,41.0044],[-3.7437,41.0035],[-3.7443,41.003],[-3.7448,41.0029],[-3.7454,41.0028],[-3.746,41.0028],[-3.7468,41.0026],[-3.7478,41.0023],[-3.7488,41.0021],[-3.7495,41.0021],[-3.7499,41.0019],[-3.7501,41.0016],[-3.7502,41.0012],[-3.7505,41.0009],[-3.7517,41.0004],[-3.7527,41.0001],[-3.7534,40.9999],[-3.7542,40.9998],[-3.7544,40.9996],[-3.7544,40.9993],[-3.7543,40.9989],[-3.754,40.9985],[-3.7536,40.9978],[-3.7535,40.9973],[-3.7535,40.9971],[-3.7537,40.9968],[-3.7541,40.9966],[-3.7549,40.9962],[-3.7562,40.9957],[-3.7562,40.9955],[-3.7558,40.9946],[-3.7555,40.9938],[-3.7548,40.9932],[-3.7537,40.9923],[-3.7533,40.9922],[-3.7534,40.992],[-3.7535,40.9918],[-3.7535,40.9912],[-3.7534,40.9904],[-3.753,40.9902],[-3.7523,40.9899],[-3.7513,40.9891],[-3.7509,40.9885],[-3.7505,40.988],[-3.7504,40.9878],[-3.7495,40.9873],[-3.7485,40.9869],[-3.7484,40.9869],[-3.7474,40.9865],[-3.7466,40.9857],[-3.7462,40.9849],[-3.7457,40.9837],[-3.7452,40.9824],[-3.7452,40.9822],[-3.7451,40.9818],[-3.7451,40.9817],[-3.7449,40.9808],[-3.7449,40.9807],[-3.7449,40.9797],[-3.7449,40.9796],[-3.7451,40.9794],[-3.7451,40.9794],[-3.7456,40.9792],[-3.7465,40.9787],[-3.7472,40.9783],[-3.7481,40.9773],[-3.7487,40.9767],[-3.749,40.9761],[-3.749,40.9761],[-3.7496,40.975],[-3.7497,40.975],[-3.7497,40.9749],[-3.75,40.9742],[-3.7503,40.9736],[-3.751,40.9733],[-3.7516,40.9727],[-3.7523,40.9724],[-3.7524,40.9724],[-3.7524,40.9724],[-3.7524,40.9724],[-3.7525,40.9724],[-3.7525,40.9724],[-3.7527,40.9725],[-3.7528,40.9726],[-3.7531,40.9728],[-3.7534,40.9729],[-3.7535,40.973],[-3.7535,40.9731],[-3.7536,40.9731],[-3.7536,40.9732],[-3.7536,40.9732],[-3.7536,40.9733],[-3.7536,40.9733],[-3.7536,40.9734],[-3.7535,40.9735],[-3.7532,40.9738],[-3.7529,40.9741],[-3.7528,40.9742],[-3.7528,40.9742],[-3.7527,40.9745],[-3.7527,40.9748],[-3.7527,40.9749],[-3.7527,40.9751],[-3.7526,40.9754],[-3.7525,40.9756],[-3.7523,40.9757],[-3.7523,40.9757],[-3.7523,40.9758],[-3.7524,40.9758],[-3.7523,40.9758],[-3.7524,40.9763],[-3.7523,40.9764],[-3.7524,40.9765],[-3.7524,40.9765],[-3.7524,40.9766],[-3.7525,40.9766],[-3.7526,40.9769],[-3.7527,40.977],[-3.7527,40.9771],[-3.7528,40.9773],[-3.7528,40.9774],[-3.7528,40.9775],[-3.7528,40.9775],[-3.7529,40.9778],[-3.7529,40.9779],[-3.7529,40.9779],[-3.753,40.978],[-3.7531,40.978],[-3.7533,40.9781],[-3.7534,40.9781],[-3.7536,40.9782],[-3.7537,40.9782],[-3.7537,40.9783],[-3.7538,40.9783],[-3.7538,40.9783],[-3.7539,40.9783],[-3.754,40.9784],[-3.7542,40.9784],[-3.7543,40.9784],[-3.7544,40.9783],[-3.7545,40.9784],[-3.7546,40.9784],[-3.7548,40.9786],[-3.7549,40.9787],[-3.755,40.9788],[-3.755,40.9789],[-3.755,40.979],[-3.755,40.9791],[-3.7551,40.9792],[-3.7551,40.9793],[-3.7552,40.9797],[-3.7553,40.9799],[-3.7554,40.9803],[-3.7554,40.9804],[-3.7555,40.9807],[-3.7555,40.9808],[-3.7557,40.9811],[-3.7557,40.9814],[-3.7557,40.9815],[-3.7557,40.9817],[-3.7557,40.9817],[-3.7557,40.9818],[-3.7558,40.9819],[-3.7558,40.982],[-3.7559,40.9821],[-3.7559,40.9822],[-3.756,40.9824],[-3.756,40.9825],[-3.7561,40.9826],[-3.7561,40.9827],[-3.7561,40.9829],[-3.7562,40.9831],[-3.7563,40.9833],[-3.7563,40.9833],[-3.7563,40.9833],[-3.7564,40.9835],[-3.7564,40.9837],[-3.7564,40.9838],[-3.7565,40.9839],[-3.7565,40.984],[-3.7566,40.9842],[-3.7567,40.9843],[-3.7567,40.9843],[-3.7567,40.9844],[-3.757,40.9847],[-3.757,40.9847],[-3.7571,40.9849],[-3.7572,40.985],[-3.7572,40.9851],[-3.7572,40.9852],[-3.7572,40.9854],[-3.7574,40.9857],[-3.7575,40.9859],[-3.7575,40.986],[-3.7576,40.9861],[-3.7576,40.9861],[-3.7579,40.9862],[-3.758,40.9862],[-3.7581,40.9863],[-3.7582,40.9863],[-3.7586,40.9864],[-3.7587,40.9864],[-3.7588,40.9864],[-3.7589,40.9864],[-3.7591,40.9864],[-3.7594,40.9864],[-3.7596,40.9864],[-3.7599,40.9863],[-3.76,40.9863],[-3.7603,40.9862],[-3.7606,40.9862],[-3.7607,40.9862],[-3.7609,40.9861],[-3.7612,40.986],[-3.7614,40.9863],[-3.7616,40.9866],[-3.7617,40.9867],[-3.7619,40.9869],[-3.7621,40.9872],[-3.7623,40.9876],[-3.7626,40.988],[-3.763,40.9885],[-3.7633,40.9889],[-3.7635,40.9891],[-3.764,40.9895],[-3.7642,40.9895],[-3.7645,40.9894],[-3.7648,40.9893],[-3.7655,40.9891],[-3.7658,40.989],[-3.7665,40.9886],[-3.7668,40.9882],[-3.7668,40.9881],[-3.7669,40.988],[-3.767,40.9879],[-3.767,40.9879],[-3.767,40.9878],[-3.767,40.9876],[-3.7668,40.9875],[-3.7668,40.9874],[-3.7667,40.9875],[-3.7666,40.9874],[-3.7666,40.9873],[-3.7665,40.9873],[-3.7665,40.9872],[-3.7665,40.9871],[-3.7665,40.987],[-3.7665,40.9869],[-3.7665,40.9869],[-3.7666,40.9868],[-3.7669,40.9868],[-3.7671,40.9867],[-3.7673,40.9867],[-3.7674,40.9867],[-3.7677,40.9868],[-3.7683,40.9869],[-3.7684,40.9869],[-3.7684,40.9869],[-3.7688,40.9871],[-3.7692,40.9871],[-3.7695,40.9871],[-3.7715,40.9871],[-3.7732,40.987],[-3.7738,40.987],[-3.7742,40.9868],[-3.7748,40.9865],[-3.7753,40.9866],[-3.7772,40.987],[-3.7784,40.9873],[-3.7792,40.9874],[-3.7795,40.9874],[-3.7799,40.9874],[-3.7804,40.9873],[-3.7812,40.9871],[-3.782,40.9868],[-3.7825,40.9867],[-3.783,40.9866],[-3.7835,40.9865],[-3.7845,40.9864],[-3.7853,40.9863],[-3.7873,40.9863],[-3.7878,40.9863],[-3.7879,40.9863],[-3.7882,40.9863],[-3.7885,40.9862],[-3.7887,40.9863],[-3.7893,40.9865],[-3.7895,40.9865],[-3.7895,40.9865],[-3.7896,40.9865],[-3.7898,40.9862],[-3.7901,40.9859],[-3.7905,40.9856],[-3.7911,40.9851],[-3.7913,40.985],[-3.7914,40.985],[-3.7914,40.9849],[-3.7916,40.9848],[-3.7925,40.9842],[-3.7925,40.9835],[-3.7924,40.9831],[-3.7925,40.983],[-3.7925,40.9828],[-3.7923,40.9824],[-3.7924,40.9823],[-3.7923,40.982],[-3.7922,40.9817],[-3.792,40.9813],[-3.7921,40.9807],[-3.7921,40.98],[-3.7922,40.9798],[-3.7922,40.9794],[-3.7923,40.9788],[-3.7923,40.9786],[-3.7925,40.9782],[-3.7927,40.9778],[-3.7929,40.9774],[-3.793,40.9772],[-3.7933,40.9766],[-3.7933,40.9762],[-3.7933,40.9759],[-3.7933,40.9757],[-3.7933,40.9746],[-3.7933,40.9735],[-3.7943,40.9728],[-3.7951,40.9724],[-3.7953,40.9724],[-3.7953,40.9725],[-3.7961,40.9724],[-3.7962,40.9725],[-3.7965,40.9725],[-3.797,40.9725],[-3.7971,40.9727],[-3.7974,40.9728],[-3.7977,40.973],[-3.7981,40.9731],[-3.7984,40.9732],[-3.799,40.9735],[-3.8001,40.9739],[-3.8004,40.974],[-3.8008,40.9743],[-3.8013,40.9746],[-3.8018,40.9747],[-3.8019,40.9747],[-3.8022,40.9746],[-3.8022,40.9746],[-3.8025,40.9749],[-3.8027,40.975],[-3.8027,40.975],[-3.8028,40.975],[-3.8029,40.9749],[-3.803,40.9747],[-3.8031,40.9747],[-3.8034,40.9747],[-3.8034,40.9747],[-3.8036,40.9746],[-3.8036,40.9746],[-3.8037,40.9745],[-3.8038,40.9745],[-3.8036,40.9748],[-3.8036,40.9752],[-3.8035,40.9753],[-3.8035,40.9753],[-3.8034,40.9754],[-3.8032,40.9759],[-3.803,40.9762],[-3.8028,40.9765],[-3.8025,40.9769],[-3.8023,40.9773],[-3.8022,40.9775],[-3.8023,40.9777],[-3.8026,40.978],[-3.8026,40.9781],[-3.8024,40.9781],[-3.8018,40.9783],[-3.8016,40.9783],[-3.8014,40.9785],[-3.8007,40.9789],[-3.8006,40.9792],[-3.8006,40.9793],[-3.8007,40.9794],[-3.8009,40.9795],[-3.8015,40.9793],[-3.8021,40.9791],[-3.8026,40.9789],[-3.803,40.9789],[-3.8034,40.9787],[-3.804,40.9781],[-3.8043,40.9779],[-3.8044,40.978],[-3.8043,40.9781],[-3.8041,40.9783],[-3.804,40.9785],[-3.8037,40.9791],[-3.8035,40.9794],[-3.8032,40.9796],[-3.8028,40.9799],[-3.8027,40.9801],[-3.803,40.9802],[-3.8036,40.9802],[-3.8043,40.9798],[-3.8052,40.9793],[-3.8058,40.9787],[-3.8061,40.9781],[-3.8062,40.9773],[-3.8064,40.977],[-3.8069,40.9766],[-3.8076,40.9761],[-3.8083,40.9757],[-3.8091,40.9756],[-3.8096,40.9757],[-3.8099,40.976],[-3.8101,40.9766],[-3.8104,40.9776],[-3.8106,40.9782],[-3.8108,40.9787],[-3.8111,40.9791],[-3.8115,40.9794],[-3.8121,40.9797],[-3.8124,40.9797],[-3.8128,40.9792],[-3.8133,40.9786],[-3.8139,40.9778],[-3.8143,40.9772],[-3.8145,40.9768],[-3.8148,40.9766],[-3.8153,40.9764],[-3.8155,40.9762],[-3.8157,40.9759],[-3.8163,40.9756],[-3.8173,40.9753],[-3.818,40.9752],[-3.8184,40.9752],[-3.8187,40.9754],[-3.8191,40.9754],[-3.8193,40.9753],[-3.8193,40.975],[-3.8192,40.9747],[-3.8192,40.9743],[-3.8192,40.9738],[-3.8194,40.9734],[-3.8198,40.973],[-3.8202,40.9726],[-3.8206,40.9722],[-3.821,40.9721],[-3.8211,40.9722],[-3.8211,40.9724],[-3.8211,40.9725],[-3.8211,40.9725],[-3.8211,40.9727],[-3.8209,40.9733],[-3.821,40.9737],[-3.8213,40.974],[-3.8217,40.9743],[-3.8223,40.9745],[-3.8229,40.9748],[-3.8234,40.975],[-3.824,40.975],[-3.8243,40.9749],[-3.8248,40.9746],[-3.8253,40.9745],[-3.8256,40.9744],[-3.8262,40.9745],[-3.8268,40.9748],[-3.8281,40.9755],[-3.8302,40.9764],[-3.8309,40.9768],[-3.8311,40.9768],[-3.8312,40.9768],[-3.8313,40.9767],[-3.8315,40.9767],[-3.8318,40.9766],[-3.8321,40.9766],[-3.8323,40.9766],[-3.8325,40.9766],[-3.8326,40.9765],[-3.8326,40.9765],[-3.8327,40.9764],[-3.8327,40.9762],[-3.8327,40.976],[-3.8327,40.9759],[-3.8327,40.9758],[-3.8328,40.9757],[-3.8328,40.9755],[-3.8328,40.9754],[-3.8329,40.9753],[-3.8329,40.9752],[-3.8329,40.9751],[-3.8329,40.9749],[-3.8329,40.9747],[-3.8331,40.9744],[-3.8332,40.9742],[-3.8334,40.974],[-3.8334,40.9738],[-3.8334,40.9736],[-3.8336,40.973],[-3.8337,40.973],[-3.8337,40.9726],[-3.8338,40.9723],[-3.8338,40.9721],[-3.8338,40.9719],[-3.8339,40.9717],[-3.8341,40.9716],[-3.8341,40.9714],[-3.8341,40.9713],[-3.8342,40.9711],[-3.8344,40.9708],[-3.8346,40.9704],[-3.8347,40.9702],[-3.8347,40.9699],[-3.8347,40.9698],[-3.8347,40.9698],[-3.8349,40.9695],[-3.835,40.9693],[-3.8357,40.9687],[-3.8359,40.9686],[-3.836,40.9685],[-3.8361,40.9684],[-3.8362,40.9683],[-3.8363,40.9682],[-3.8364,40.9681],[-3.8365,40.968],[-3.8365,40.9679],[-3.8366,40.9678],[-3.8367,40.9677],[-3.837,40.9676],[-3.8371,40.9675],[-3.8372,40.9674],[-3.8374,40.9673],[-3.8375,40.9672],[-3.8377,40.967],[-3.8378,40.9669],[-3.838,40.9667],[-3.838,40.9666],[-3.8381,40.9665],[-3.8382,40.9664],[-3.8383,40.9664],[-3.8383,40.9662],[-3.8384,40.9661],[-3.8384,40.9659],[-3.8386,40.9658],[-3.8386,40.9657],[-3.8386,40.9657],[-3.8387,40.9656],[-3.8388,40.9654],[-3.8388,40.9654],[-3.8389,40.9652],[-3.839,40.9652],[-3.8391,40.9651],[-3.8393,40.9648],[-3.8394,40.9647],[-3.8393,40.9646],[-3.8393,40.9644],[-3.8393,40.9643],[-3.8394,40.9641],[-3.8394,40.9641],[-3.8394,40.964],[-3.8394,40.9639],[-3.8394,40.9638],[-3.8394,40.9636],[-3.8393,40.9634],[-3.8393,40.9633],[-3.8392,40.9631],[-3.8391,40.9628],[-3.8389,40.9626],[-3.8389,40.9624],[-3.8388,40.9622],[-3.8387,40.9619],[-3.8387,40.9618],[-3.8387,40.9617],[-3.8387,40.9616],[-3.8388,40.9614],[-3.8389,40.9613],[-3.839,40.9612],[-3.8392,40.9611],[-3.8393,40.9609],[-3.8394,40.9608],[-3.8395,40.9606],[-3.8395,40.9605],[-3.8395,40.9604],[-3.8395,40.9602],[-3.8396,40.9601],[-3.8397,40.9599],[-3.8398,40.9598],[-3.8399,40.9598],[-3.84,40.9596],[-3.8401,40.9595],[-3.8401,40.9595],[-3.8401,40.9594],[-3.84,40.9592],[-3.8399,40.9591],[-3.8399,40.959],[-3.84,40.9588],[-3.84,40.9586],[-3.84,40.9584],[-3.8401,40.9583],[-3.8401,40.9583],[-3.8402,40.9582],[-3.8402,40.9582],[-3.8403,40.9581],[-3.8405,40.9581],[-3.8407,40.9581],[-3.8408,40.9579],[-3.841,40.9578],[-3.8411,40.9577],[-3.8412,40.9576],[-3.8414,40.9575],[-3.8414,40.9574],[-3.8416,40.9573],[-3.8417,40.9572],[-3.8419,40.957],[-3.8421,40.9568],[-3.8422,40.9567],[-3.8423,40.9566],[-3.8424,40.9566],[-3.8425,40.9565],[-3.8425,40.9563],[-3.8425,40.9563],[-3.8426,40.9562],[-3.8428,40.9561],[-3.8428,40.9561],[-3.843,40.956],[-3.8431,40.956],[-3.8433,40.9561],[-3.8434,40.9561],[-3.8435,40.9561],[-3.8437,40.9562],[-3.8438,40.9563],[-3.844,40.9564],[-3.8441,40.9565],[-3.8442,40.9566],[-3.8443,40.9566],[-3.8443,40.9568],[-3.8444,40.9569],[-3.8444,40.957],[-3.8444,40.9571],[-3.8445,40.9572],[-3.8446,40.9572],[-3.8447,40.9573],[-3.8448,40.9574],[-3.8449,40.9576],[-3.8451,40.9577],[-3.8453,40.9579],[-3.8454,40.958],[-3.8456,40.9582],[-3.8457,40.9583],[-3.8458,40.9585],[-3.8458,40.9586],[-3.8458,40.9586],[-3.8459,40.9588],[-3.8459,40.9588],[-3.846,40.9589],[-3.8461,40.9591],[-3.8462,40.9592],[-3.8464,40.9593],[-3.8464,40.9593],[-3.8465,40.9595],[-3.8465,40.9598],[-3.8466,40.9598],[-3.8466,40.9599],[-3.8468,40.9601],[-3.8469,40.9601],[-3.847,40.9602],[-3.8471,40.9603],[-3.8473,40.9604],[-3.8476,40.9605],[-3.8477,40.9606],[-3.8477,40.9608],[-3.8477,40.961],[-3.8477,40.9611],[-3.8478,40.9613],[-3.8482,40.9616],[-3.8483,40.9617],[-3.8483,40.9618],[-3.8484,40.9619],[-3.8487,40.9618],[-3.8491,40.9615],[-3.85,40.9611],[-3.8508,40.9609],[-3.8514,40.9607],[-3.8517,40.9606],[-3.8521,40.9603],[-3.8525,40.9599],[-3.8529,40.9597],[-3.8533,40.9593],[-3.8535,40.9591],[-3.8537,40.9586],[-3.8538,40.9582],[-3.8538,40.9578],[-3.8536,40.9575],[-3.8535,40.9572],[-3.8534,40.9571],[-3.8534,40.957],[-3.8532,40.9567],[-3.8533,40.9564],[-3.8532,40.9561],[-3.8531,40.9559],[-3.8531,40.9557],[-3.8529,40.9555],[-3.8529,40.9553],[-3.8528,40.9551],[-3.8528,40.9549],[-3.8525,40.9545],[-3.8525,40.9545],[-3.8524,40.9544],[-3.8523,40.9544],[-3.8523,40.9542],[-3.8522,40.9541],[-3.8522,40.954],[-3.8522,40.9538],[-3.8521,40.9536],[-3.8522,40.9535],[-3.8522,40.9534],[-3.8522,40.9534],[-3.8523,40.9532],[-3.8524,40.9531],[-3.8524,40.9531],[-3.8525,40.953],[-3.8525,40.9529],[-3.8526,40.9527],[-3.8527,40.9524],[-3.8527,40.9523],[-3.8528,40.9522],[-3.8529,40.9521],[-3.853,40.952],[-3.8532,40.9519],[-3.8532,40.9518],[-3.8534,40.9516],[-3.8535,40.9515],[-3.8536,40.9513],[-3.8537,40.9513],[-3.8538,40.9511],[-3.8539,40.9509],[-3.854,40.9507],[-3.8541,40.9506],[-3.8541,40.9505],[-3.8542,40.9504],[-3.8543,40.9502],[-3.8545,40.9499],[-3.8547,40.9496],[-3.8548,40.9495],[-3.8551,40.9492],[-3.8553,40.9488],[-3.8553,40.9486],[-3.8553,40.9486],[-3.8554,40.9486],[-3.8555,40.9488],[-3.8555,40.9488],[-3.8557,40.949],[-3.8559,40.9492],[-3.8559,40.9492],[-3.856,40.9493],[-3.8562,40.9494],[-3.8563,40.9494],[-3.8564,40.9495],[-3.8565,40.9495],[-3.8567,40.9495],[-3.8568,40.9496],[-3.857,40.9497],[-3.8571,40.9497],[-3.8572,40.9498],[-3.8575,40.9499],[-3.8578,40.9499],[-3.8581,40.9499],[-3.8584,40.9499],[-3.8586,40.9498],[-3.8586,40.9498],[-3.8593,40.9498],[-3.8595,40.9497],[-3.8604,40.9494],[-3.8609,40.9492],[-3.8612,40.9492],[-3.8616,40.9491],[-3.862,40.9491],[-3.8623,40.9491],[-3.8625,40.9491],[-3.8626,40.949],[-3.8629,40.9488],[-3.8636,40.9488],[-3.864,40.9489],[-3.8643,40.9489],[-3.8646,40.9489],[-3.8651,40.9489],[-3.8655,40.949],[-3.8658,40.9491],[-3.8662,40.9494],[-3.8665,40.9496],[-3.8667,40.9498],[-3.8667,40.9498],[-3.8669,40.95],[-3.8671,40.9501],[-3.8672,40.9502],[-3.8675,40.9502],[-3.8678,40.9502],[-3.8683,40.9502],[-3.8687,40.9501],[-3.8693,40.95],[-3.8697,40.95],[-3.8699,40.9499],[-3.871,40.9493],[-3.8712,40.9491],[-3.8714,40.9489],[-3.8716,40.9487],[-3.8725,40.9477],[-3.8733,40.9469],[-3.8736,40.9467],[-3.8737,40.9466],[-3.874,40.9465],[-3.8748,40.9463],[-3.8749,40.9463],[-3.8755,40.9462],[-3.8757,40.946],[-3.8757,40.9459],[-3.876,40.9457],[-3.8762,40.9456],[-3.8765,40.9456],[-3.8769,40.9454],[-3.8773,40.9452],[-3.8777,40.9449],[-3.878,40.9446],[-3.8782,40.9444],[-3.8783,40.9444],[-3.8784,40.9443],[-3.8785,40.9442],[-3.8788,40.9439],[-3.879,40.9439],[-3.879,40.9438],[-3.8796,40.9433],[-3.8798,40.943],[-3.8802,40.9422],[-3.8804,40.942],[-3.8807,40.9417],[-3.881,40.9414],[-3.881,40.9414],[-3.8811,40.9413],[-3.8812,40.9412],[-3.8814,40.9409],[-3.8816,40.9407],[-3.8818,40.9406],[-3.8818,40.9403],[-3.8819,40.94],[-3.8821,40.9396],[-3.8823,40.9395],[-3.8825,40.9391],[-3.8826,40.939],[-3.8828,40.939],[-3.8829,40.9388],[-3.883,40.9387],[-3.8832,40.9383],[-3.8833,40.9383],[-3.8833,40.9383],[-3.8833,40.9383],[-3.8831,40.9377],[-3.883,40.9375],[-3.883,40.9373],[-3.8829,40.9371],[-3.8828,40.9369],[-3.8827,40.9367],[-3.8826,40.9365],[-3.8824,40.9363],[-3.8824,40.9363],[-3.8825,40.9363],[-3.8829,40.9361],[-3.8836,40.9359],[-3.8842,40.9357],[-3.8853,40.9354],[-3.886,40.9353],[-3.8869,40.935],[-3.8882,40.9348],[-3.8888,40.9346],[-3.8895,40.9343],[-3.8905,40.934],[-3.8911,40.9337],[-3.8911,40.9336],[-3.891,40.9335],[-3.8909,40.9335],[-3.8908,40.9334],[-3.8907,40.9333],[-3.8906,40.9332],[-3.8906,40.9331],[-3.8906,40.933],[-3.8905,40.9329],[-3.8903,40.9328],[-3.8903,40.9328],[-3.8901,40.9327],[-3.89,40.9327],[-3.8901,40.9325],[-3.8904,40.9324],[-3.8907,40.9322],[-3.8911,40.9321],[-3.8915,40.9319],[-3.8919,40.9317],[-3.8923,40.9316],[-3.8926,40.9314],[-3.8929,40.9314],[-3.8932,40.9313],[-3.8933,40.9312],[-3.8935,40.931],[-3.894,40.9303],[-3.8942,40.93],[-3.8945,40.9296],[-3.8948,40.9293],[-3.8949,40.9292],[-3.8951,40.929],[-3.8953,40.9288],[-3.8955,40.9285],[-3.8955,40.9284],[-3.8956,40.9283],[-3.8957,40.9281],[-3.8961,40.9275],[-3.8963,40.9273],[-3.8967,40.9268],[-3.8968,40.9268],[-3.8971,40.9267],[-3.8972,40.9266],[-3.8975,40.9264],[-3.8978,40.9262],[-3.8982,40.9261],[-3.8985,40.926],[-3.8986,40.9259],[-3.8993,40.9255],[-3.8995,40.9254],[-3.8998,40.9252],[-3.9001,40.9248],[-3.9006,40.9243],[-3.9009,40.9239],[-3.9009,40.9239],[-3.9009,40.9239],[-3.9011,40.9234],[-3.9012,40.9231],[-3.9013,40.9227],[-3.9015,40.9219],[-3.9017,40.9209],[-3.9019,40.9205],[-3.9021,40.92],[-3.9022,40.9197],[-3.9023,40.9193],[-3.9025,40.9186],[-3.9028,40.9178],[-3.9029,40.9175],[-3.903,40.9172],[-3.9032,40.9168],[-3.9035,40.9163],[-3.9037,40.9159],[-3.904,40.9153],[-3.9042,40.915],[-3.9043,40.9146],[-3.9044,40.9144],[-3.9045,40.9141],[-3.9046,40.914],[-3.9044,40.9139],[-3.9043,40.9137],[-3.9043,40.9136],[-3.9042,40.9135],[-3.9042,40.9134],[-3.9043,40.9133],[-3.9044,40.9131],[-3.9045,40.913],[-3.9049,40.9127],[-3.9051,40.9125],[-3.9053,40.9124],[-3.9055,40.9123],[-3.9057,40.9122],[-3.906,40.9119],[-3.9062,40.9118],[-3.9064,40.9116],[-3.9067,40.9114],[-3.9071,40.911],[-3.9074,40.9108],[-3.9075,40.9107],[-3.9076,40.9107],[-3.9078,40.9105],[-3.9081,40.9104],[-3.9083,40.9099],[-3.9087,40.9093],[-3.9089,40.9089],[-3.9092,40.9084],[-3.9094,40.908],[-3.9096,40.9077],[-3.9099,40.9072],[-3.9101,40.9067],[-3.9103,40.9064],[-3.9104,40.9062],[-3.9105,40.9059],[-3.9105,40.9057],[-3.9106,40.9056],[-3.9106,40.9055],[-3.9105,40.9053],[-3.9103,40.905],[-3.91,40.9045],[-3.9102,40.9041],[-3.9103,40.9035],[-3.9107,40.9028],[-3.9111,40.9024],[-3.9114,40.9021],[-3.9117,40.9019],[-3.9121,40.9016],[-3.9124,40.9013],[-3.9127,40.9011],[-3.9131,40.9008],[-3.9133,40.9004],[-3.9134,40.9001],[-3.9137,40.8996],[-3.9135,40.8992],[-3.9138,40.8988],[-3.9137,40.8984],[-3.9134,40.8977],[-3.9132,40.8973],[-3.913,40.897],[-3.9133,40.8962],[-3.9133,40.8963],[-3.9136,40.8963],[-3.9136,40.8957],[-3.9133,40.8952],[-3.9131,40.8947],[-3.913,40.8944],[-3.9127,40.894],[-3.9127,40.8934],[-3.9137,40.8923],[-3.9145,40.8914],[-3.9153,40.8902],[-3.9155,40.89],[-3.9158,40.8898],[-3.9161,40.8895],[-3.9162,40.8894],[-3.9163,40.8893],[-3.9162,40.8883],[-3.9158,40.8871],[-3.9144,40.8849],[-3.9147,40.8821],[-3.9145,40.8814],[-3.9139,40.8796],[-3.9137,40.8793],[-3.9134,40.8788],[-3.913,40.8783],[-3.913,40.8779],[-3.9129,40.8775],[-3.9122,40.8749],[-3.9127,40.8737],[-3.9126,40.8725],[-3.9126,40.8724],[-3.9124,40.8717],[-3.912,40.8712],[-3.9113,40.8707],[-3.9104,40.8702],[-3.9101,40.8689],[-3.9104,40.8687],[-3.9106,40.8686],[-3.9109,40.8685],[-3.9113,40.8685],[-3.9118,40.8683],[-3.912,40.868],[-3.912,40.868],[-3.9109,40.8675],[-3.9144,40.8682],[-3.9176,40.8686],[-3.9185,40.8683],[-3.9191,40.8685],[-3.9224,40.8681],[-3.9241,40.8668],[-3.9252,40.8655],[-3.9266,40.8629],[-3.9267,40.8611],[-3.927,40.8596],[-3.9267,40.8583],[-3.9279,40.8572],[-3.9294,40.8555],[-3.9303,40.8543],[-3.9306,40.854],[-3.9318,40.8523],[-3.9317,40.852],[-3.9316,40.8509],[-3.9317,40.85],[-3.9318,40.8499],[-3.9318,40.8498],[-3.9327,40.8488],[-3.9333,40.8483],[-3.9336,40.848],[-3.9339,40.8477],[-3.9342,40.8472],[-3.9345,40.8465],[-3.9349,40.8451],[-3.935,40.8449],[-3.9351,40.8447],[-3.9353,40.8443],[-3.9355,40.8442],[-3.9356,40.844],[-3.9362,40.8434],[-3.9364,40.8433],[-3.9369,40.843],[-3.9376,40.8424],[-3.9378,40.8424],[-3.9379,40.8423],[-3.9382,40.8422],[-3.9385,40.8421],[-3.939,40.842],[-3.9394,40.8419],[-3.94,40.8418],[-3.9405,40.8417],[-3.941,40.8416],[-3.9416,40.8415],[-3.9418,40.8414],[-3.942,40.8414],[-3.9422,40.8413],[-3.9424,40.8413],[-3.9425,40.8413],[-3.9429,40.8412],[-3.9428,40.8411],[-3.9427,40.8409],[-3.9426,40.8408],[-3.9424,40.8406],[-3.9422,40.8404],[-3.9421,40.8402],[-3.942,40.8401],[-3.942,40.84],[-3.9419,40.8398],[-3.9416,40.8396],[-3.9415,40.8395],[-3.9414,40.8394],[-3.9414,40.8392],[-3.9413,40.839],[-3.9413,40.8389],[-3.9413,40.8388],[-3.9412,40.8386],[-3.9411,40.8385],[-3.9411,40.8384],[-3.9413,40.838],[-3.9413,40.8379],[-3.9412,40.8378],[-3.9412,40.8376],[-3.9411,40.8375],[-3.9411,40.8374],[-3.941,40.8372],[-3.9409,40.8371],[-3.9408,40.837],[-3.9407,40.8368],[-3.9406,40.8367],[-3.9406,40.8366],[-3.9405,40.8364],[-3.9405,40.8363],[-3.9404,40.8363],[-3.9402,40.8362],[-3.9401,40.8362],[-3.9398,40.836],[-3.9397,40.836],[-3.9395,40.8359],[-3.9393,40.8359],[-3.9392,40.8359],[-3.9392,40.8359],[-3.9391,40.8355],[-3.9391,40.835],[-3.939,40.8348],[-3.9391,40.8342],[-3.9391,40.8341],[-3.9396,40.8336],[-3.9401,40.8323],[-3.9404,40.8315],[-3.9412,40.8307],[-3.9435,40.829],[-3.9459,40.8277],[-3.9466,40.8266],[-3.9467,40.8256],[-3.9471,40.8241],[-3.9492,40.8226],[-3.9516,40.8216],[-3.953,40.8207],[-3.9535,40.8169],[-3.9534,40.815],[-3.9526,40.8135],[-3.9524,40.8118],[-3.952,40.8105],[-3.9516,40.8089],[-3.9515,40.8078],[-3.9473,40.804],[-3.9454,40.805],[-3.9426,40.8064],[-3.9389,40.8084],[-3.9361,40.8101],[-3.9357,40.81],[-3.9339,40.81],[-3.9317,40.8101],[-3.9297,40.8101],[-3.9271,40.8101],[-3.9253,40.8102],[-3.9228,40.8124],[-3.9213,40.8137],[-3.92,40.8149],[-3.9189,40.815],[-3.9178,40.815],[-3.9162,40.8151],[-3.9149,40.8166],[-3.9144,40.8171],[-3.913,40.8186],[-3.9125,40.8191],[-3.9124,40.8192],[-3.9106,40.8191],[-3.909,40.8183],[-3.9051,40.8192],[-3.9017,40.8197],[-3.8986,40.8201],[-3.8976,40.8214],[-3.8962,40.822],[-3.8951,40.8225],[-3.8943,40.8228],[-3.8949,40.8248],[-3.8943,40.8259],[-3.8928,40.8244],[-3.8927,40.8246],[-3.8923,40.8253],[-3.8923,40.8271],[-3.8924,40.8273],[-3.8924,40.8275],[-3.8898,40.83],[-3.8894,40.8306],[-3.8899,40.831],[-3.8904,40.8314],[-3.8902,40.8315],[-3.8899,40.8317],[-3.8886,40.8325],[-3.8885,40.8328],[-3.8885,40.8328],[-3.8884,40.8332],[-3.8882,40.8339],[-3.8881,40.8341],[-3.8882,40.8342],[-3.8888,40.8349],[-3.8898,40.8358],[-3.8904,40.8364],[-3.8903,40.8365],[-3.8899,40.8367],[-3.8893,40.8372],[-3.8886,40.8377],[-3.8886,40.8378],[-3.8885,40.8378],[-3.8882,40.838],[-3.8881,40.8381],[-3.8878,40.8387],[-3.8876,40.8389],[-3.8872,40.8387],[-3.8863,40.8383],[-3.8854,40.8378],[-3.885,40.8376],[-3.8845,40.8374],[-3.8837,40.8378],[-3.883,40.8381],[-3.8822,40.8384],[-3.8813,40.8391],[-3.8807,40.8394],[-3.8806,40.8395],[-3.8805,40.8407],[-3.8805,40.8413],[-3.8804,40.8419],[-3.8804,40.8422],[-3.8804,40.8425],[-3.8804,40.8428],[-3.8805,40.8435],[-3.8805,40.8439],[-3.8808,40.8475],[-3.8805,40.8476],[-3.8802,40.8478],[-3.8799,40.848],[-3.8793,40.8486],[-3.8784,40.8494],[-3.8772,40.8506],[-3.8769,40.8509],[-3.8769,40.851],[-3.8768,40.852],[-3.8767,40.8536],[-3.8757,40.8538],[-3.8749,40.854],[-3.8744,40.8541],[-3.8737,40.8542],[-3.8732,40.8548],[-3.8727,40.8552],[-3.8725,40.8554],[-3.8723,40.8558],[-3.8719,40.8566],[-3.8717,40.8568],[-3.8715,40.8572],[-3.8714,40.8574],[-3.8707,40.858],[-3.8703,40.859],[-3.8702,40.8593],[-3.8688,40.8594],[-3.8686,40.8594],[-3.8686,40.8594],[-3.8687,40.8592],[-3.8688,40.8591],[-3.8685,40.8583],[-3.8682,40.8583],[-3.868,40.8583],[-3.8678,40.8583],[-3.8674,40.8582],[-3.8671,40.8587],[-3.8654,40.8593],[-3.8645,40.8596],[-3.8644,40.8596],[-3.8642,40.8597],[-3.8637,40.8599],[-3.8635,40.8603],[-3.8635,40.8605],[-3.8636,40.8607],[-3.8636,40.8608],[-3.8636,40.8608],[-3.8625,40.8613],[-3.8625,40.8613],[-3.8614,40.8621],[-3.8603,40.8629],[-3.86,40.8629],[-3.8598,40.8628],[-3.8597,40.8628],[-3.8595,40.8628],[-3.8594,40.8628],[-3.8592,40.8629],[-3.8592,40.863],[-3.8592,40.8632],[-3.8591,40.8636],[-3.859,40.8639],[-3.859,40.864],[-3.8591,40.864],[-3.8591,40.8641],[-3.8591,40.8641],[-3.8588,40.8645],[-3.858,40.8654],[-3.8574,40.8659],[-3.8572,40.8661],[-3.8557,40.867],[-3.8543,40.8679],[-3.8539,40.8686],[-3.8534,40.8693],[-3.8529,40.87],[-3.8526,40.8705],[-3.8521,40.8712],[-3.8517,40.8718],[-3.8513,40.8725],[-3.8509,40.8732],[-3.8491,40.873],[-3.8478,40.8727],[-3.8471,40.8725],[-3.8459,40.8722],[-3.8451,40.8721],[-3.8443,40.872],[-3.8436,40.8717],[-3.8431,40.8714],[-3.8416,40.871],[-3.8399,40.871],[-3.8389,40.8709],[-3.8382,40.871],[-3.8372,40.8708],[-3.8356,40.8706],[-3.8349,40.8706],[-3.834,40.8707],[-3.8334,40.8709],[-3.8329,40.8711],[-3.832,40.8714],[-3.8317,40.8714],[-3.8314,40.8714],[-3.8305,40.87],[-3.83,40.8691],[-3.8293,40.8678],[-3.8291,40.8673],[-3.8289,40.8665],[-3.8285,40.8657],[-3.8285,40.8642],[-3.8282,40.8629],[-3.8259,40.8601],[-3.8251,40.8594],[-3.8245,40.8588],[-3.824,40.8586],[-3.8233,40.8588],[-3.8204,40.8596],[-3.8201,40.8598],[-3.8194,40.8605],[-3.8194,40.8604],[-3.8195,40.8602],[-3.8195,40.86],[-3.8196,40.8598],[-3.8194,40.8585],[-3.8187,40.858],[-3.8183,40.8578],[-3.8179,40.8572],[-3.8174,40.8567],[-3.8166,40.8563],[-3.8163,40.8563],[-3.8153,40.8563],[-3.8144,40.8564],[-3.8142,40.8564],[-3.8136,40.8563],[-3.813,40.8563],[-3.8129,40.8563],[-3.8124,40.8563],[-3.8116,40.8564],[-3.8111,40.8564],[-3.8102,40.8562],[-3.8096,40.856],[-3.8095,40.8555],[-3.8095,40.8554],[-3.8087,40.8547],[-3.8083,40.8547],[-3.8081,40.8546],[-3.8077,40.8545],[-3.8076,40.8545],[-3.8055,40.8534],[-3.8044,40.853],[-3.8031,40.8524],[-3.8016,40.8516],[-3.7997,40.851],[-3.7982,40.8507],[-3.7983,40.8495],[-3.7983,40.8494],[-3.7982,40.849],[-3.7982,40.849],[-3.7986,40.849],[-3.7988,40.8492],[-3.7988,40.8494],[-3.7989,40.8494],[-3.7992,40.8495],[-3.7994,40.8495],[-3.7997,40.8495],[-3.7998,40.8494],[-3.8001,40.8492],[-3.8007,40.8488],[-3.8009,40.8486],[-3.8012,40.8484],[-3.8014,40.8482],[-3.8016,40.8482],[-3.8018,40.848],[-3.802,40.848],[-3.8021,40.848],[-3.8024,40.848],[-3.8028,40.8482],[-3.8029,40.8482],[-3.8031,40.8483],[-3.8031,40.8483],[-3.8032,40.8484],[-3.8034,40.8487],[-3.8035,40.8487],[-3.8037,40.8488],[-3.8043,40.8488],[-3.8046,40.8488],[-3.8047,40.8488],[-3.8052,40.849],[-3.8056,40.849],[-3.8058,40.849],[-3.8059,40.849],[-3.8061,40.849],[-3.8062,40.8489],[-3.8064,40.8489],[-3.8065,40.8489],[-3.8067,40.8488],[-3.8069,40.8487],[-3.807,40.8486],[-3.8072,40.8486],[-3.8074,40.8484],[-3.8077,40.8482],[-3.8079,40.8482],[-3.808,40.8482],[-3.8083,40.848],[-3.8086,40.8479],[-3.8087,40.8477],[-3.8089,40.8475],[-3.809,40.8473],[-3.809,40.8473],[-3.8091,40.8473],[-3.8091,40.8473],[-3.8092,40.8472],[-3.8092,40.8472],[-3.8095,40.847],[-3.8099,40.8467],[-3.8103,40.8465],[-3.8108,40.8461],[-3.8115,40.8457],[-3.8117,40.8455],[-3.812,40.8453],[-3.8127,40.8447],[-3.8128,40.8445],[-3.8129,40.8444],[-3.8133,40.844],[-3.8138,40.8435],[-3.8143,40.8431],[-3.8147,40.8426],[-3.815,40.8422],[-3.8154,40.8419],[-3.8154,40.841],[-3.8159,40.8408],[-3.816,40.8405],[-3.816,40.8405],[-3.816,40.8398],[-3.8166,40.8392],[-3.8168,40.8383],[-3.8176,40.8375],[-3.8192,40.8368],[-3.8193,40.8367],[-3.8193,40.8364],[-3.8195,40.8358],[-3.8196,40.8356],[-3.8201,40.8352],[-3.8207,40.8348],[-3.821,40.8347],[-3.8212,40.8342],[-3.822,40.8341],[-3.8225,40.8339],[-3.823,40.8339],[-3.8235,40.8339],[-3.8239,40.8336],[-3.8247,40.8336],[-3.8259,40.8335],[-3.8264,40.8333],[-3.8268,40.8333],[-3.8271,40.8332],[-3.8275,40.8332],[-3.8277,40.833],[-3.8279,40.8328],[-3.8282,40.8326],[-3.8284,40.8324],[-3.8289,40.832],[-3.8292,40.8317],[-3.8296,40.8315],[-3.8298,40.8314],[-3.8298,40.8313],[-3.8299,40.8313],[-3.8302,40.831],[-3.8302,40.831],[-3.8309,40.8297],[-3.8314,40.8288],[-3.8315,40.8284],[-3.8315,40.828],[-3.8312,40.828],[-3.8302,40.8279],[-3.8299,40.8278],[-3.8287,40.8276],[-3.8277,40.8272],[-3.8267,40.8266],[-3.8265,40.8263],[-3.8259,40.826],[-3.8251,40.8256],[-3.8072,40.8143],[-3.8072,40.8143],[-3.807,40.8139],[-3.8068,40.8135],[-3.8069,40.8129],[-3.8069,40.8124],[-3.8074,40.8111],[-3.8071,40.8107],[-3.8066,40.8103],[-3.8065,40.81],[-3.8067,40.8094],[-3.8066,40.8081],[-3.8069,40.8079],[-3.807,40.8071],[-3.8065,40.8049],[-3.8058,40.8032],[-3.805,40.8029],[-3.8043,40.8012],[-3.8047,40.8011],[-3.8095,40.8027],[-3.8099,40.8019],[-3.8104,40.8013],[-3.811,40.801],[-3.8115,40.8006],[-3.8128,40.8001],[-3.8143,40.7998],[-3.8145,40.8],[-3.815,40.8003],[-3.8155,40.8006],[-3.816,40.801],[-3.8165,40.8014],[-3.8166,40.8014],[-3.8168,40.8017],[-3.8174,40.8024],[-3.8177,40.8026],[-3.818,40.8028],[-3.8182,40.8029],[-3.8184,40.803],[-3.82,40.8035],[-3.8204,40.8036],[-3.8208,40.8038],[-3.8202,40.8033],[-3.819,40.8025],[-3.8187,40.8018],[-3.8186,40.801],[-3.8188,40.7999],[-3.819,40.7993],[-3.8191,40.7992],[-3.8192,40.7991],[-3.8198,40.799],[-3.8205,40.7989],[-3.8209,40.7992],[-3.8216,40.7995],[-3.8221,40.7998],[-3.8223,40.7999],[-3.8225,40.8004],[-3.8235,40.8012],[-3.8252,40.8018],[-3.8258,40.8017],[-3.8252,40.8004],[-3.8251,40.7992],[-3.8273,40.7981],[-3.8348,40.7989],[-3.8346,40.7985],[-3.834,40.7977],[-3.8328,40.7962],[-3.8323,40.7955],[-3.8315,40.7946],[-3.8309,40.7939],[-3.8302,40.7931],[-3.8302,40.7914],[-3.8302,40.7904],[-3.8303,40.7905],[-3.8314,40.7914],[-3.8315,40.7915],[-3.8317,40.7917],[-3.8319,40.7918],[-3.8321,40.792],[-3.8323,40.7921],[-3.8328,40.7925],[-3.8329,40.7926],[-3.8331,40.7927],[-3.8333,40.7928],[-3.8334,40.7929],[-3.8336,40.7929],[-3.8337,40.793],[-3.8339,40.793],[-3.8343,40.7931],[-3.8345,40.7932],[-3.8347,40.7932],[-3.835,40.7933],[-3.8352,40.7934],[-3.8354,40.7935],[-3.8356,40.7936],[-3.8358,40.7937],[-3.8361,40.7937],[-3.8366,40.7938],[-3.8371,40.794],[-3.8374,40.7942],[-3.838,40.7945],[-3.8385,40.7948],[-3.8386,40.7948],[-3.8388,40.7948],[-3.8401,40.7944],[-3.8399,40.7941],[-3.8401,40.7941],[-3.8403,40.7941],[-3.8402,40.7938],[-3.8401,40.7937],[-3.8401,40.7936],[-3.8401,40.7933],[-3.8402,40.7933],[-3.8402,40.7931],[-3.8402,40.793],[-3.8403,40.793],[-3.8403,40.7928],[-3.8402,40.7927],[-3.84,40.7925],[-3.8399,40.7923],[-3.8399,40.7922],[-3.84,40.7921],[-3.84,40.7919],[-3.84,40.7918],[-3.84,40.7917],[-3.84,40.7916],[-3.8401,40.7915],[-3.8401,40.7914],[-3.8401,40.7912],[-3.84,40.7911],[-3.8398,40.7907],[-3.8397,40.7902],[-3.8396,40.7901],[-3.8395,40.7899],[-3.8395,40.7898],[-3.8394,40.7897],[-3.8394,40.7895],[-3.8394,40.7894],[-3.8393,40.7893],[-3.8391,40.7892],[-3.8389,40.7891],[-3.8387,40.7891],[-3.8386,40.7891],[-3.8382,40.789],[-3.8379,40.789],[-3.8377,40.789],[-3.8374,40.789],[-3.8373,40.789],[-3.8371,40.7889],[-3.837,40.7889],[-3.8369,40.7888],[-3.8368,40.7887],[-3.8367,40.7886],[-3.8366,40.7885],[-3.8364,40.7884],[-3.8363,40.7883],[-3.8361,40.7882],[-3.836,40.788],[-3.8359,40.7879],[-3.8358,40.7876],[-3.8357,40.7875],[-3.8356,40.7873],[-3.8355,40.7872],[-3.8354,40.787],[-3.8352,40.7868],[-3.835,40.7866],[-3.8349,40.7863],[-3.8348,40.7862],[-3.8347,40.786],[-3.8345,40.7859],[-3.8343,40.7858],[-3.8342,40.7856],[-3.8337,40.7853],[-3.8336,40.7853],[-3.8335,40.7852],[-3.8333,40.7851],[-3.833,40.7848],[-3.8327,40.7847],[-3.8324,40.7845],[-3.8321,40.7843],[-3.8318,40.7841],[-3.8316,40.7838],[-3.8312,40.7834],[-3.8309,40.7829],[-3.8305,40.7824],[-3.8296,40.781],[-3.8294,40.7808],[-3.8293,40.7806],[-3.829,40.7803],[-3.8288,40.78],[-3.8287,40.7798],[-3.8285,40.7796],[-3.8284,40.7795],[-3.8284,40.7794],[-3.8285,40.7794],[-3.8287,40.7792],[-3.8287,40.779],[-3.8286,40.7787],[-3.8286,40.7785],[-3.8289,40.7784],[-3.8291,40.7784],[-3.8293,40.7782],[-3.8296,40.778],[-3.8298,40.7779],[-3.8301,40.7778],[-3.8303,40.778],[-3.8305,40.7781],[-3.8306,40.7782],[-3.8307,40.7783],[-3.8309,40.7782],[-3.8311,40.7782],[-3.8313,40.778],[-3.8314,40.7779],[-3.8314,40.7778],[-3.8314,40.7776],[-3.8317,40.7776],[-3.832,40.7777],[-3.8321,40.7777],[-3.8322,40.7776],[-3.8322,40.7775],[-3.8322,40.7773],[-3.8321,40.7772],[-3.832,40.777],[-3.8319,40.7769],[-3.8318,40.7768],[-3.8316,40.7767],[-3.8314,40.7767],[-3.8314,40.7766],[-3.8314,40.776],[-3.8313,40.7758],[-3.8316,40.7759],[-3.8317,40.776],[-3.8318,40.7761],[-3.832,40.7761],[-3.8321,40.7761],[-3.8324,40.7761],[-3.8328,40.776],[-3.833,40.776],[-3.8332,40.7761],[-3.8335,40.7762],[-3.8339,40.7763],[-3.8339,40.7755],[-3.834,40.7753],[-3.8343,40.7752],[-3.8347,40.7752],[-3.8348,40.7753],[-3.8348,40.7755],[-3.835,40.7755],[-3.8351,40.7754],[-3.8352,40.7753],[-3.8352,40.7752],[-3.8351,40.7751],[-3.8349,40.7749],[-3.8346,40.7749],[-3.8332,40.7747],[-3.8327,40.7747],[-3.8323,40.7746],[-3.8319,40.7745],[-3.8316,40.7745],[-3.8314,40.7744],[-3.8303,40.774],[-3.8302,40.7739],[-3.83,40.7737],[-3.8299,40.7736],[-3.8297,40.7735],[-3.8291,40.7734],[-3.829,40.7735],[-3.8288,40.7736],[-3.8287,40.7736],[-3.8287,40.7734],[-3.8288,40.7733],[-3.8288,40.7726],[-3.8282,40.7724],[-3.8279,40.7722],[-3.8277,40.7721],[-3.8275,40.7719],[-3.8273,40.7717],[-3.8272,40.7715],[-3.8271,40.7713],[-3.8271,40.7711],[-3.827,40.771],[-3.8269,40.7708],[-3.8267,40.7705],[-3.8267,40.7704],[-3.8266,40.7703],[-3.8265,40.77],[-3.8263,40.7703],[-3.8253,40.7701],[-3.8253,40.77],[-3.8253,40.7699],[-3.8253,40.7697],[-3.8252,40.7697],[-3.8252,40.7695],[-3.8253,40.7694],[-3.8255,40.7692],[-3.8253,40.769],[-3.8253,40.7689],[-3.8253,40.7688],[-3.8255,40.7686],[-3.8256,40.7685],[-3.8256,40.7684],[-3.8258,40.7683],[-3.8259,40.7682],[-3.826,40.7679],[-3.8261,40.7677],[-3.8261,40.7676],[-3.8263,40.7674],[-3.8264,40.7672],[-3.8266,40.7671],[-3.8266,40.7669],[-3.8266,40.7667],[-3.8265,40.7665],[-3.8264,40.7663],[-3.8266,40.7663],[-3.8268,40.7663],[-3.8269,40.7664],[-3.827,40.7665],[-3.827,40.7666],[-3.8272,40.7667],[-3.8273,40.7668],[-3.8275,40.7667],[-3.8276,40.7668],[-3.8278,40.7668],[-3.828,40.7669],[-3.8283,40.7669],[-3.8284,40.7669],[-3.8285,40.767],[-3.8286,40.7672],[-3.8286,40.7673],[-3.8287,40.7673],[-3.829,40.7674],[-3.8291,40.7673],[-3.8294,40.7672],[-3.8295,40.7671],[-3.8297,40.7671],[-3.8299,40.7671],[-3.8302,40.767],[-3.8306,40.767],[-3.831,40.767],[-3.8313,40.767],[-3.8317,40.767],[-3.832,40.7669],[-3.8321,40.7662],[-3.8321,40.7661],[-3.8321,40.766],[-3.8317,40.7659],[-3.8317,40.7655],[-3.8317,40.7653],[-3.8317,40.7651],[-3.8318,40.7649],[-3.8317,40.7644],[-3.8315,40.763],[-3.8312,40.7622],[-3.83,40.7601],[-3.8294,40.7588],[-3.8294,40.7586],[-3.8294,40.7584],[-3.8293,40.7582],[-3.8292,40.7581],[-3.829,40.758],[-3.8288,40.7579],[-3.8287,40.7579],[-3.8285,40.7579],[-3.8282,40.7579],[-3.8284,40.7577],[-3.8285,40.7576],[-3.8286,40.7575],[-3.8286,40.7574],[-3.8286,40.7573],[-3.8286,40.7573],[-3.8286,40.7571],[-3.8288,40.7569],[-3.8289,40.7567],[-3.829,40.7566],[-3.8292,40.7564],[-3.8293,40.7563],[-3.8293,40.7563],[-3.8294,40.7561],[-3.8294,40.7561],[-3.8295,40.756],[-3.8296,40.7557],[-3.8297,40.7556],[-3.8299,40.7555],[-3.8301,40.7555],[-3.8305,40.7553],[-3.8317,40.7551],[-3.8334,40.755],[-3.8344,40.755],[-3.8353,40.7548],[-3.8366,40.7547],[-3.8369,40.7547],[-3.8378,40.7549],[-3.8379,40.7554],[-3.8381,40.7559],[-3.8382,40.756],[-3.8382,40.7563],[-3.8381,40.7565],[-3.8381,40.7566],[-3.8382,40.7568],[-3.8383,40.7569],[-3.8384,40.757],[-3.8385,40.7573],[-3.8386,40.7575],[-3.8388,40.7578],[-3.8389,40.7581],[-3.839,40.7582],[-3.8391,40.7583],[-3.8391,40.7585],[-3.8392,40.7586],[-3.8392,40.7589],[-3.8408,40.7587],[-3.8452,40.7583],[-3.8457,40.7582],[-3.8492,40.757],[-3.8514,40.7559],[-3.8529,40.7551],[-3.856,40.7552],[-3.8573,40.7548],[-3.858,40.7546],[-3.8581,40.7545],[-3.8581,40.7545],[-3.8569,40.7535],[-3.8558,40.7526],[-3.8548,40.7515],[-3.8548,40.7515],[-3.8549,40.7513],[-3.8549,40.7513],[-3.8549,40.7513],[-3.8549,40.7511],[-3.8553,40.7506],[-3.8553,40.7506],[-3.8553,40.7499],[-3.8545,40.749],[-3.8545,40.749],[-3.8544,40.7489],[-3.8533,40.7483],[-3.8531,40.7478],[-3.8529,40.7475],[-3.8528,40.7468],[-3.8526,40.7458],[-3.8525,40.7452],[-3.8526,40.7446],[-3.8526,40.7446],[-3.8528,40.7443],[-3.8531,40.7435],[-3.8535,40.7428],[-3.8535,40.7428],[-3.8535,40.7428],[-3.8539,40.7414],[-3.854,40.7411],[-3.8543,40.7407],[-3.8543,40.7406],[-3.8544,40.7406],[-3.8544,40.7406],[-3.8545,40.7404],[-3.8551,40.7403],[-3.8557,40.7402],[-3.856,40.7402],[-3.8565,40.7402],[-3.8567,40.7401],[-3.8571,40.74],[-3.8572,40.74],[-3.8576,40.74],[-3.858,40.74],[-3.8585,40.7398],[-3.8587,40.7397],[-3.8589,40.7397],[-3.859,40.7399],[-3.8591,40.74],[-3.8592,40.7401],[-3.8593,40.7402],[-3.8594,40.7404],[-3.8595,40.7405],[-3.8608,40.7392],[-3.8611,40.7389],[-3.8614,40.7388],[-3.8616,40.7387],[-3.8618,40.7387],[-3.8623,40.7388],[-3.8627,40.7388],[-3.8632,40.7388],[-3.8634,40.7388],[-3.8635,40.7389],[-3.8638,40.7391],[-3.864,40.7392],[-3.8642,40.7393],[-3.8644,40.7397],[-3.8655,40.7392],[-3.8664,40.7389],[-3.8675,40.7386],[-3.8679,40.7393],[-3.8681,40.7398],[-3.8686,40.7407],[-3.8692,40.7414],[-3.8699,40.7423],[-3.8702,40.7429],[-3.8702,40.743],[-3.8713,40.7436],[-3.8734,40.7441],[-3.8757,40.744],[-3.8796,40.7438],[-3.8866,40.7439],[-3.8866,40.7439],[-3.8869,40.7424],[-3.8868,40.7421],[-3.8868,40.7421],[-3.8869,40.7418],[-3.8869,40.7418],[-3.8869,40.7418],[-3.887,40.7417],[-3.8872,40.7415],[-3.8877,40.7415],[-3.8878,40.7415],[-3.8879,40.7415],[-3.888,40.7415],[-3.8881,40.7415],[-3.8882,40.7415],[-3.8883,40.7415],[-3.8885,40.7416],[-3.8886,40.7416],[-3.8887,40.7416],[-3.8888,40.7416],[-3.8889,40.7415],[-3.8891,40.7415],[-3.8892,40.7415],[-3.8893,40.7415],[-3.8894,40.7416],[-3.8895,40.7416],[-3.8896,40.7416],[-3.8897,40.7415],[-3.8897,40.7415],[-3.8898,40.7415],[-3.8899,40.7415],[-3.89,40.7415],[-3.8901,40.7415],[-3.8902,40.7415],[-3.8903,40.7414],[-3.8904,40.7414],[-3.8906,40.7413],[-3.8907,40.7413],[-3.8909,40.7413],[-3.891,40.7413],[-3.8911,40.7413],[-3.8913,40.7414],[-3.8914,40.7414],[-3.8915,40.7415],[-3.8915,40.7415],[-3.8916,40.7416],[-3.8916,40.7417],[-3.8916,40.7418],[-3.8916,40.7419],[-3.8916,40.742],[-3.8916,40.7421],[-3.8915,40.7422],[-3.8915,40.7423],[-3.8916,40.7425],[-3.8916,40.7426],[-3.8917,40.7427],[-3.8918,40.7429],[-3.8918,40.7429],[-3.8919,40.743],[-3.8919,40.743],[-3.892,40.7431],[-3.8922,40.7432],[-3.8924,40.7433],[-3.8924,40.7433],[-3.8925,40.7434],[-3.8926,40.7436],[-3.8928,40.7438],[-3.8929,40.7438],[-3.893,40.7439],[-3.893,40.7439],[-3.8931,40.7439],[-3.8933,40.744],[-3.8934,40.7439],[-3.8935,40.7439],[-3.8936,40.7439],[-3.8937,40.7438],[-3.8938,40.7438],[-3.8939,40.7437],[-3.8939,40.7437],[-3.894,40.7437],[-3.8941,40.7437],[-3.8941,40.7437],[-3.8943,40.7436],[-3.8943,40.7436],[-3.8945,40.7436],[-3.8945,40.7436],[-3.8946,40.7436],[-3.8947,40.7436],[-3.8948,40.7437],[-3.8945,40.7439],[-3.894,40.7443],[-3.894,40.7444],[-3.8941,40.7447],[-3.8941,40.7449],[-3.8942,40.7452],[-3.8942,40.7454],[-3.8942,40.7457],[-3.8941,40.746],[-3.8941,40.7464],[-3.8939,40.7474],[-3.8943,40.7477],[-3.8945,40.7479],[-3.8946,40.7479],[-3.8946,40.7479],[-3.8946,40.7481],[-3.8946,40.7482],[-3.8945,40.7485],[-3.8943,40.7489],[-3.8942,40.7493],[-3.8941,40.7494],[-3.894,40.7497],[-3.894,40.7499],[-3.894,40.7501],[-3.8941,40.7501],[-3.8941,40.7502],[-3.8943,40.7502],[-3.8943,40.7502],[-3.8944,40.7502],[-3.8945,40.7503],[-3.8946,40.7503],[-3.8948,40.7503],[-3.8948,40.7503],[-3.8949,40.7504],[-3.895,40.7504],[-3.8951,40.7504],[-3.8953,40.7504],[-3.8955,40.7503],[-3.8956,40.7503],[-3.8956,40.7503],[-3.8957,40.7503],[-3.8959,40.7503],[-3.8961,40.7503],[-3.8962,40.7503],[-3.8963,40.7503],[-3.8964,40.7503],[-3.8965,40.7503],[-3.8968,40.7504],[-3.897,40.7505],[-3.8972,40.7505],[-3.8976,40.7506],[-3.8976,40.7506],[-3.8978,40.7506],[-3.8981,40.7508],[-3.8981,40.7508],[-3.8982,40.7508],[-3.8984,40.7509],[-3.8984,40.7509],[-3.8985,40.751],[-3.8985,40.751],[-3.8986,40.751],[-3.8988,40.7511],[-3.8989,40.7511],[-3.899,40.7511],[-3.8991,40.7511],[-3.8992,40.7511],[-3.8992,40.7511],[-3.8995,40.751],[-3.8998,40.751],[-3.8998,40.751],[-3.9001,40.7511],[-3.9003,40.7512],[-3.9004,40.7514],[-3.9006,40.7515],[-3.9007,40.7516],[-3.9007,40.7517],[-3.9008,40.7518],[-3.9009,40.7519],[-3.9011,40.7521],[-3.9012,40.7522],[-3.9013,40.7523],[-3.9015,40.7524],[-3.9016,40.7524],[-3.9017,40.7525],[-3.9018,40.7525],[-3.902,40.7526],[-3.9022,40.7526],[-3.9024,40.7526],[-3.9026,40.7527],[-3.9028,40.7527],[-3.9029,40.7527],[-3.903,40.7527],[-3.903,40.7527],[-3.903,40.7526],[-3.903,40.7525],[-3.9031,40.7524],[-3.9031,40.7524],[-3.9031,40.7523],[-3.9031,40.7522],[-3.9032,40.7521],[-3.9033,40.752],[-3.9034,40.7519],[-3.9035,40.7517],[-3.9034,40.7516],[-3.9033,40.7515],[-3.9031,40.7513],[-3.9029,40.7511],[-3.9028,40.751],[-3.9027,40.7509],[-3.9025,40.7508],[-3.9023,40.7508],[-3.9022,40.751],[-3.902,40.7512],[-3.9019,40.7513],[-3.9015,40.7513],[-3.9013,40.7512],[-3.9009,40.7511],[-3.9004,40.7509],[-3.9,40.7508],[-3.8997,40.7507],[-3.8996,40.7506],[-3.8992,40.7504],[-3.899,40.7503],[-3.8986,40.7502],[-3.8983,40.7502],[-3.898,40.7502],[-3.8977,40.75],[-3.8974,40.7498],[-3.8977,40.7497],[-3.898,40.7496],[-3.8984,40.7495],[-3.899,40.7493],[-3.8995,40.7492],[-3.8998,40.7491],[-3.9008,40.7489],[-3.902,40.7487],[-3.9025,40.7486],[-3.9033,40.7484],[-3.904,40.7482],[-3.9046,40.7481],[-3.905,40.7482],[-3.9056,40.7483],[-3.9062,40.7483],[-3.9068,40.7483],[-3.9075,40.7483],[-3.9076,40.7473],[-3.9078,40.7464],[-3.9079,40.7459],[-3.9079,40.7454],[-3.908,40.7451],[-3.908,40.7449],[-3.9079,40.7446],[-3.9077,40.7443],[-3.9077,40.7442],[-3.9076,40.7438],[-3.9076,40.7433],[-3.9076,40.7428],[-3.9076,40.7422],[-3.9078,40.7418],[-3.9077,40.7414],[-3.9076,40.7412],[-3.9076,40.7412],[-3.9079,40.7408],[-3.9083,40.7404],[-3.9086,40.7401],[-3.9091,40.7396],[-3.9094,40.7391],[-3.9116,40.7394],[-3.9122,40.7396],[-3.9125,40.7401],[-3.9145,40.7412],[-3.915,40.7413],[-3.916,40.7415],[-3.9166,40.7416],[-3.9174,40.7421],[-3.9183,40.7423],[-3.9189,40.7424],[-3.9189,40.7424],[-3.9189,40.7424],[-3.9189,40.7424],[-3.9189,40.7424],[-3.9192,40.7422],[-3.9198,40.7418],[-3.9206,40.7399],[-3.9209,40.739],[-3.9212,40.7385],[-3.9213,40.7379],[-3.9214,40.7373],[-3.9227,40.7378],[-3.9231,40.7379],[-3.9232,40.738],[-3.9238,40.7379],[-3.9241,40.7379],[-3.9247,40.738],[-3.925,40.7379],[-3.9256,40.7379],[-3.9259,40.7378],[-3.9261,40.7378],[-3.9272,40.7378],[-3.9277,40.7378],[-3.9281,40.7378],[-3.9283,40.7379],[-3.9286,40.7379],[-3.9287,40.7382],[-3.9287,40.7384],[-3.929,40.7384],[-3.9304,40.7386],[-3.9307,40.7387],[-3.9312,40.7389],[-3.9324,40.7391],[-3.9332,40.7394],[-3.9342,40.7397],[-3.9348,40.7399],[-3.935,40.74],[-3.9352,40.74],[-3.9354,40.7403],[-3.9355,40.7405],[-3.9356,40.7409],[-3.9356,40.7411],[-3.9358,40.7415],[-3.9357,40.7417],[-3.9357,40.7417],[-3.9357,40.7417],[-3.9358,40.7419],[-3.9358,40.742],[-3.9362,40.7419],[-3.9367,40.7422],[-3.9372,40.7425],[-3.9375,40.7428],[-3.9381,40.7434],[-3.9383,40.7435],[-3.9384,40.7437],[-3.939,40.7441],[-3.9394,40.7445],[-3.9395,40.7446],[-3.9397,40.7448],[-3.9398,40.745],[-3.9399,40.7452],[-3.9401,40.7454],[-3.9402,40.7455],[-3.9403,40.7456],[-3.9403,40.7457],[-3.9403,40.7459],[-3.9404,40.746],[-3.9405,40.7462],[-3.9408,40.7462],[-3.9409,40.7463],[-3.9412,40.7463],[-3.9415,40.7463],[-3.9422,40.7463],[-3.9425,40.7463],[-3.9438,40.7465],[-3.9444,40.7466],[-3.9454,40.7465],[-3.9456,40.7464],[-3.946,40.7462],[-3.9463,40.7461],[-3.9465,40.746],[-3.9468,40.7459],[-3.9472,40.7458],[-3.9474,40.7458],[-3.9481,40.7456],[-3.9486,40.746],[-3.95,40.7462],[-3.9502,40.7462],[-3.9507,40.7463],[-3.9514,40.7465],[-3.9525,40.7468],[-3.9527,40.7467],[-3.9535,40.7464],[-3.9535,40.7464],[-3.9535,40.7459],[-3.9535,40.7453],[-3.9535,40.7453],[-3.9535,40.7453],[-3.9537,40.745],[-3.9539,40.7447],[-3.9541,40.7444],[-3.9544,40.7438],[-3.9546,40.7435],[-3.9549,40.7432],[-3.9551,40.743],[-3.9554,40.7427],[-3.9561,40.7421],[-3.9562,40.7421],[-3.9563,40.7419],[-3.9563,40.7419],[-3.9563,40.7419],[-3.9563,40.7418],[-3.9563,40.7417],[-3.9563,40.7413],[-3.9563,40.7409],[-3.9565,40.7407],[-3.9565,40.7406],[-3.9567,40.7404],[-3.9569,40.7403],[-3.9572,40.74],[-3.9577,40.7397],[-3.9581,40.7396],[-3.9585,40.7395],[-3.9589,40.7394],[-3.9596,40.7392],[-3.9601,40.7392],[-3.9601,40.7392],[-3.9764,40.7461],[-3.9767,40.7462],[-3.9772,40.7462],[-3.9776,40.7461],[-3.978,40.7459],[-3.9782,40.7458],[-3.9783,40.7457],[-3.9785,40.7456],[-3.9787,40.7457],[-3.9789,40.7457],[-3.9789,40.7457],[-3.9789,40.7452],[-3.979,40.745],[-3.9789,40.7447],[-3.9789,40.7444],[-3.9789,40.7443],[-3.9789,40.7441],[-3.979,40.7441],[-3.9793,40.744],[-3.9793,40.744],[-3.9795,40.7439],[-3.9798,40.7438],[-3.9801,40.7439],[-3.9805,40.744],[-3.9808,40.744],[-3.981,40.7439],[-3.9813,40.7438],[-3.9815,40.7438],[-3.9817,40.7437],[-3.9817,40.7437],[-3.9817,40.7437],[-3.9817,40.7437],[-3.9817,40.7437],[-3.9818,40.7438],[-3.9818,40.7438],[-3.9825,40.7445],[-3.9831,40.745],[-3.9833,40.7452],[-3.9833,40.7452],[-3.9833,40.7452],[-3.9831,40.7463],[-3.9831,40.7465],[-3.9832,40.7464],[-3.984,40.7465],[-3.984,40.7466],[-3.9841,40.7466],[-3.9845,40.7467],[-3.9847,40.7467],[-3.9847,40.7467],[-3.9848,40.7469],[-3.9848,40.7469],[-3.9848,40.7469],[-3.9849,40.7472],[-3.9849,40.7472],[-3.985,40.7475],[-3.9851,40.7476],[-3.9851,40.7476],[-3.9851,40.7476],[-3.9852,40.7477],[-3.9852,40.7477],[-3.9852,40.7477],[-3.9852,40.7477],[-3.9853,40.7478],[-3.9853,40.7479],[-3.9854,40.7479],[-3.9854,40.748],[-3.9855,40.748],[-3.9856,40.7481],[-3.9856,40.7481],[-3.9856,40.7481],[-3.9856,40.7482],[-3.9856,40.7482],[-3.9856,40.7482],[-3.9855,40.7483],[-3.9855,40.7483],[-3.9855,40.7483],[-3.9855,40.7484],[-3.9855,40.7485],[-3.9854,40.7486],[-3.9854,40.7487],[-3.9854,40.7488],[-3.9853,40.7488],[-3.9853,40.7489],[-3.9853,40.7489],[-3.9853,40.7489],[-3.9852,40.749],[-3.9851,40.7491],[-3.9851,40.7493],[-3.985,40.7493],[-3.985,40.7494],[-3.985,40.7495],[-3.9849,40.7496],[-3.985,40.7497],[-3.9849,40.7498],[-3.9849,40.7499],[-3.9849,40.7499],[-3.9849,40.7499],[-3.9849,40.75],[-3.9849,40.75],[-3.9849,40.7501],[-3.9849,40.7501],[-3.9849,40.7501],[-3.9849,40.7502],[-3.9849,40.7503],[-3.9849,40.7505],[-3.985,40.7506],[-3.985,40.7507],[-3.985,40.7508],[-3.9852,40.7508],[-3.9852,40.751],[-3.9853,40.751],[-3.9853,40.7511],[-3.9854,40.7511],[-3.9854,40.7512],[-3.9855,40.7512],[-3.9855,40.7513],[-3.9857,40.7515],[-3.9857,40.7515],[-3.9857,40.7515],[-3.9857,40.7516],[-3.9857,40.7516],[-3.9857,40.7517],[-3.9858,40.7517],[-3.9858,40.7517],[-3.9858,40.7517],[-3.9858,40.7518],[-3.9858,40.7518],[-3.9858,40.7519],[-3.9858,40.7519],[-3.9858,40.752],[-3.9859,40.7521],[-3.9859,40.7522],[-3.986,40.7523],[-3.986,40.7524],[-3.9861,40.7525],[-3.9862,40.7525],[-3.9862,40.7526],[-3.9862,40.7526],[-3.9862,40.7526],[-3.9863,40.7527],[-3.9863,40.7528],[-3.9864,40.7529],[-3.9864,40.7529],[-3.9864,40.7529],[-3.9864,40.7529],[-3.9864,40.7529],[-3.9865,40.753],[-3.9865,40.7531],[-3.9865,40.7531],[-3.9866,40.7531],[-3.9866,40.7531],[-3.9866,40.7532],[-3.9866,40.7532],[-3.9866,40.7532],[-3.9866,40.7533],[-3.9867,40.7533],[-3.9867,40.7533],[-3.9867,40.7533],[-3.9867,40.7534],[-3.9867,40.7534],[-3.9867,40.7534],[-3.9867,40.7534],[-3.9866,40.7535],[-3.9862,40.7541],[-3.985,40.7554],[-3.9842,40.7573],[-3.9868,40.7595],[-3.9879,40.7585],[-3.9881,40.7578],[-3.9881,40.7578],[-3.9882,40.7577],[-3.9889,40.7571],[-3.9891,40.7583],[-3.9891,40.7583],[-3.9891,40.7584],[-3.9893,40.7603],[-3.9895,40.7617],[-3.9895,40.7628],[-3.9896,40.7634],[-3.9896,40.7639],[-3.9897,40.7645],[-3.9897,40.7645],[-3.9897,40.7645],[-3.9897,40.7645],[-3.9897,40.7645],[-3.9897,40.7645],[-3.9897,40.7645],[-3.9897,40.7645],[-3.9897,40.7646],[-3.9897,40.7646],[-3.9897,40.7646],[-3.9897,40.7646],[-3.9897,40.7646],[-3.9897,40.7646],[-3.9897,40.7646],[-3.9897,40.7646],[-3.9897,40.7646],[-3.9897,40.7646],[-3.9897,40.7647],[-3.9898,40.7647],[-3.9898,40.7647],[-3.9898,40.7647],[-3.9898,40.7647],[-3.9898,40.7647],[-3.9898,40.7647],[-3.9898,40.7647],[-3.9898,40.7647],[-3.9898,40.7648],[-3.9898,40.7648],[-3.9898,40.7648],[-3.9898,40.7648],[-3.9898,40.7648],[-3.9898,40.7648],[-3.9898,40.7648],[-3.9898,40.7648],[-3.9898,40.7648],[-3.9898,40.7648],[-3.9898,40.7649],[-3.9898,40.7649],[-3.9898,40.7649],[-3.9898,40.7649],[-3.9898,40.7649],[-3.9898,40.7649],[-3.9899,40.7649],[-3.9899,40.7649],[-3.9899,40.7649],[-3.9899,40.765],[-3.9899,40.765],[-3.9899,40.765],[-3.9899,40.765],[-3.9899,40.765],[-3.9899,40.765],[-3.9899,40.765],[-3.9899,40.765],[-3.9899,40.765],[-3.9899,40.765],[-3.9899,40.7651],[-3.9899,40.7651],[-3.9899,40.7651],[-3.9899,40.7651],[-3.9899,40.7651],[-3.99,40.7651],[-3.99,40.7651],[-3.99,40.7651],[-3.99,40.7651],[-3.99,40.7651],[-3.99,40.7652],[-3.99,40.7652],[-3.99,40.7652],[-3.99,40.7652],[-3.99,40.7652],[-3.99,40.7652],[-3.99,40.7652],[-3.99,40.7652],[-3.99,40.7652],[-3.99,40.7652],[-3.99,40.7652],[-3.9901,40.7653],[-3.9901,40.7653],[-3.9901,40.7653],[-3.9901,40.7653],[-3.9901,40.7653],[-3.9901,40.7653],[-3.9901,40.7653],[-3.9901,40.7653],[-3.9902,40.7654],[-3.9902,40.7655],[-3.9902,40.7655],[-3.9902,40.7656],[-3.9902,40.7656],[-3.9902,40.7656],[-3.9902,40.7656],[-3.9902,40.7656],[-3.9903,40.7656],[-3.9903,40.7656],[-3.9903,40.7656],[-3.9903,40.7656],[-3.9903,40.7656],[-3.9903,40.7656],[-3.9903,40.7656],[-3.9903,40.7656],[-3.9903,40.7656],[-3.9904,40.7656],[-3.9904,40.7657],[-3.9904,40.7657],[-3.9904,40.7657],[-3.9904,40.7657],[-3.9904,40.7657],[-3.9904,40.7657],[-3.9904,40.7657],[-3.9904,40.7657],[-3.9904,40.7657],[-3.9905,40.7657],[-3.9905,40.7657],[-3.9905,40.7657],[-3.9905,40.7657],[-3.9905,40.7657],[-3.9905,40.7657],[-3.9906,40.7658],[-3.9906,40.7658],[-3.9906,40.7658],[-3.9906,40.7658],[-3.9907,40.7658],[-3.9907,40.7658],[-3.9907,40.7658],[-3.9907,40.7658],[-3.9908,40.7658],[-3.9908,40.7658],[-3.9908,40.7658],[-3.9908,40.7659],[-3.9908,40.7659],[-3.9909,40.7659],[-3.9909,40.7659],[-3.9909,40.7659],[-3.9909,40.7659],[-3.991,40.7659],[-3.991,40.7659],[-3.991,40.7659],[-3.991,40.7659],[-3.9911,40.7659],[-3.9911,40.7659],[-3.9911,40.7659],[-3.9911,40.7659],[-3.9912,40.766],[-3.9912,40.766],[-3.9912,40.766],[-3.9912,40.766],[-3.9912,40.766],[-3.9913,40.766],[-3.9913,40.766],[-3.9913,40.766],[-3.9913,40.766],[-3.9916,40.7661],[-3.9916,40.7661],[-3.9916,40.7661],[-3.9927,40.7663],[-3.9927,40.7663],[-3.9927,40.7663],[-3.9927,40.7664],[-3.9927,40.7664],[-3.9927,40.7664],[-3.9928,40.7664],[-3.9928,40.7664],[-3.9928,40.7664],[-3.9928,40.7664],[-3.9928,40.7664],[-3.9929,40.7664],[-3.9929,40.7664],[-3.9929,40.7664],[-3.9929,40.7664],[-3.993,40.7664],[-3.993,40.7664],[-3.993,40.7664],[-3.993,40.7664],[-3.993,40.7664],[-3.9931,40.7664],[-3.9931,40.7664],[-3.9931,40.7664],[-3.9931,40.7664],[-3.9932,40.7664],[-3.9932,40.7664],[-3.9932,40.7664],[-3.9932,40.7664],[-3.9932,40.7664],[-3.9933,40.7664],[-3.9933,40.7665],[-3.9933,40.7665],[-3.9933,40.7665],[-3.9934,40.7665],[-3.9934,40.7665],[-3.9934,40.7665],[-3.9934,40.7665],[-3.9934,40.7665],[-3.9935,40.7665],[-3.9935,40.7665],[-3.9935,40.7665],[-3.9935,40.7665],[-3.9936,40.7665],[-3.9936,40.7665],[-3.9936,40.7665],[-3.9936,40.7665],[-3.9936,40.7665],[-3.9937,40.7665],[-3.9937,40.7665],[-3.9937,40.7665],[-3.9937,40.7665],[-3.9938,40.7665],[-3.9938,40.7665],[-3.9938,40.7665],[-3.9938,40.7665],[-3.9938,40.7665],[-3.9939,40.7665],[-3.9939,40.7665],[-3.9939,40.7665],[-3.9939,40.7665],[-3.994,40.7665],[-3.994,40.7665],[-3.994,40.7665],[-3.994,40.7665],[-3.994,40.7665],[-3.9941,40.7665],[-3.9941,40.7665],[-3.9941,40.7665],[-3.9942,40.7666],[-3.9942,40.7666],[-3.9942,40.7666],[-3.9942,40.7666],[-3.9948,40.7666],[-3.9952,40.7671],[-3.9954,40.7673],[-3.9956,40.7676],[-3.9959,40.7678],[-3.9962,40.7681],[-3.9967,40.7682],[-3.9972,40.7682],[-3.9974,40.7682],[-3.9975,40.7681],[-3.9976,40.7678],[-3.9978,40.7675],[-3.9979,40.7673],[-3.9981,40.767],[-3.9984,40.7667],[-3.9986,40.7665],[-3.9988,40.7664],[-3.9991,40.7661],[-3.9993,40.766],[-3.9995,40.7658],[-3.9996,40.7655],[-3.9998,40.7651],[-3.9998,40.7649],[-3.9998,40.7647],[-3.9997,40.7646],[-3.9997,40.7644],[-3.9997,40.764],[-3.9997,40.7638],[-3.9999,40.7634],[-4,40.7632],[-4.0003,40.7631],[-4.0004,40.763],[-4.001,40.7629],[-4.0011,40.7629],[-4.0014,40.7628],[-4.0016,40.7628],[-4.0017,40.7627],[-4.002,40.7625],[-4.0022,40.7623],[-4.0023,40.7622],[-4.0023,40.7621],[-4.0024,40.7617],[-4.0026,40.7613],[-4.0027,40.7611],[-4.0027,40.7609],[-4.0026,40.7606],[-4.0025,40.7604],[-4.0023,40.7601],[-4.0022,40.7599],[-4.0022,40.7598],[-4.0022,40.7597],[-4.0023,40.7594],[-4.0025,40.7592],[-4.0027,40.759],[-4.0029,40.7588],[-4.0032,40.7586],[-4.0033,40.7585],[-4.0036,40.7581],[-4.0036,40.7579],[-4.0037,40.7577],[-4.0036,40.7573],[-4.0036,40.757],[-4.0036,40.7569],[-4.0036,40.7565],[-4.0036,40.756],[-4.0037,40.7557],[-4.0039,40.7551],[-4.004,40.7549],[-4.0041,40.7548],[-4.0041,40.7547],[-4.004,40.7543],[-4.0039,40.7541],[-4.004,40.754],[-4.004,40.754],[-4.0041,40.754],[-4.0042,40.7541],[-4.0044,40.7542],[-4.0046,40.7545],[-4.005,40.7551],[-4.0053,40.7554],[-4.0055,40.7555],[-4.0056,40.7555],[-4.0057,40.7556],[-4.0059,40.7556],[-4.006,40.7555],[-4.0062,40.7555],[-4.0064,40.7554],[-4.0065,40.7553],[-4.0067,40.7552],[-4.0072,40.7551],[-4.0076,40.755],[-4.0078,40.7551],[-4.008,40.755],[-4.0084,40.7548],[-4.0089,40.7546],[-4.0096,40.7543],[-4.01,40.7542],[-4.0105,40.754],[-4.0095,40.7569],[-4.0095,40.757],[-4.0094,40.757],[-4.0094,40.7571],[-4.0094,40.7583],[-4.0093,40.7586],[-4.0093,40.7586],[-4.0093,40.7594],[-4.0093,40.7597],[-4.0093,40.7597],[-4.0092,40.76],[-4.0091,40.7602],[-4.0092,40.7604],[-4.0092,40.7604],[-4.0092,40.7604],[-4.0092,40.7605],[-4.0092,40.7605],[-4.0092,40.7605],[-4.0092,40.7605],[-4.0092,40.7605],[-4.0092,40.7605],[-4.0092,40.7605],[-4.0092,40.7605],[-4.0092,40.7605],[-4.0092,40.7605],[-4.0092,40.7605],[-4.0092,40.7605],[-4.0092,40.7605],[-4.0092,40.7605],[-4.0092,40.7605],[-4.0092,40.7605],[-4.0093,40.7606],[-4.0093,40.7606],[-4.0093,40.7606],[-4.0093,40.7606],[-4.0093,40.7606],[-4.0093,40.7606],[-4.0093,40.7606],[-4.0093,40.7606],[-4.0093,40.7606],[-4.0093,40.7606],[-4.0096,40.761],[-4.0096,40.761],[-4.0096,40.761],[-4.0096,40.761],[-4.0096,40.761],[-4.0096,40.761],[-4.0096,40.761],[-4.0096,40.761],[-4.0096,40.761],[-4.0096,40.761],[-4.0096,40.761],[-4.0096,40.7611],[-4.0096,40.7611],[-4.0096,40.7611],[-4.0096,40.7611],[-4.0095,40.7611],[-4.0095,40.7611],[-4.0095,40.7611],[-4.0095,40.7611],[-4.0095,40.7611],[-4.0095,40.7611],[-4.0095,40.7611],[-4.0095,40.7611],[-4.0095,40.7611],[-4.0095,40.7611],[-4.0095,40.7611],[-4.0095,40.7611],[-4.0095,40.7611],[-4.0095,40.7611],[-4.0095,40.7611],[-4.0095,40.7611],[-4.0095,40.7611],[-4.0095,40.7611],[-4.0095,40.7612],[-4.0095,40.7612],[-4.0095,40.7612],[-4.0095,40.7612],[-4.0095,40.7612],[-4.0095,40.7612],[-4.0095,40.7612],[-4.0095,40.7612],[-4.0094,40.7612],[-4.0094,40.7612],[-4.0094,40.7612],[-4.0094,40.7612],[-4.0094,40.7612],[-4.0094,40.7612],[-4.0094,40.7612],[-4.0094,40.7612],[-4.0094,40.7612],[-4.0094,40.7612],[-4.0094,40.7612],[-4.0094,40.7612],[-4.0094,40.7612],[-4.0094,40.7612],[-4.0094,40.7612],[-4.0094,40.7612],[-4.009,40.7613],[-4.0087,40.7615],[-4.0087,40.7615],[-4.0087,40.7615],[-4.0087,40.7615],[-4.0087,40.7615],[-4.0087,40.7615],[-4.0087,40.7615],[-4.0087,40.7615],[-4.0087,40.7615],[-4.0087,40.7615],[-4.0087,40.7615],[-4.0087,40.7616],[-4.0087,40.7616],[-4.0087,40.7616],[-4.0087,40.7616],[-4.0087,40.7616],[-4.0087,40.7616],[-4.0086,40.7616],[-4.0086,40.7616],[-4.0086,40.7616],[-4.0086,40.7616],[-4.0086,40.7616],[-4.0086,40.7616],[-4.0086,40.7616],[-4.0086,40.7616],[-4.0086,40.7616],[-4.0086,40.7616],[-4.0086,40.7616],[-4.0086,40.7616],[-4.0086,40.7617],[-4.0086,40.7617],[-4.0086,40.7617],[-4.0086,40.7617],[-4.0086,40.7617],[-4.0086,40.7617],[-4.0086,40.7617],[-4.0086,40.7617],[-4.0086,40.7617],[-4.0086,40.7617],[-4.0086,40.7617],[-4.0086,40.7617],[-4.0086,40.7618],[-4.0086,40.7618],[-4.0086,40.7618],[-4.0086,40.7618],[-4.0086,40.7618],[-4.0086,40.7618],[-4.0086,40.7618],[-4.0086,40.7618],[-4.0085,40.7618],[-4.0085,40.7618],[-4.0085,40.7618],[-4.0085,40.7618],[-4.0084,40.762],[-4.0081,40.7626],[-4.008,40.7628],[-4.008,40.7629],[-4.008,40.7629],[-4.008,40.7629],[-4.008,40.7629],[-4.008,40.7629],[-4.008,40.7629],[-4.008,40.7629],[-4.008,40.763],[-4.008,40.763],[-4.008,40.763],[-4.008,40.763],[-4.008,40.763],[-4.008,40.763],[-4.008,40.7631],[-4.008,40.7631],[-4.008,40.7631],[-4.008,40.7631],[-4.008,40.7631],[-4.008,40.7631],[-4.008,40.7632],[-4.008,40.7632],[-4.008,40.7632],[-4.008,40.7632],[-4.008,40.7632],[-4.008,40.7632],[-4.008,40.7633],[-4.008,40.7633],[-4.0079,40.7633],[-4.0079,40.7633],[-4.0079,40.7633],[-4.0079,40.7633],[-4.0079,40.7634],[-4.0079,40.7634],[-4.0079,40.7634],[-4.0079,40.7634],[-4.0079,40.7634],[-4.0079,40.7634],[-4.0079,40.7635],[-4.0079,40.7635],[-4.0079,40.7635],[-4.0079,40.7635],[-4.0079,40.7635],[-4.0079,40.7635],[-4.0079,40.7636],[-4.0079,40.7636],[-4.0079,40.7636],[-4.0079,40.7636],[-4.0079,40.7636],[-4.0079,40.7636],[-4.0079,40.7637],[-4.0079,40.7637],[-4.0079,40.7637],[-4.0079,40.7637],[-4.008,40.7637],[-4.008,40.7637],[-4.008,40.7638],[-4.008,40.7638],[-4.008,40.7638],[-4.008,40.7638],[-4.008,40.7638],[-4.008,40.7638],[-4.008,40.7639],[-4.0079,40.7639],[-4.0079,40.7639],[-4.0079,40.764],[-4.0079,40.764],[-4.0079,40.764],[-4.0079,40.764],[-4.0079,40.7641],[-4.0079,40.7641],[-4.0079,40.7641],[-4.0079,40.7642],[-4.0078,40.7642],[-4.0078,40.7642],[-4.0078,40.7642],[-4.0078,40.7643],[-4.0078,40.7643],[-4.0078,40.7643],[-4.0078,40.7644],[-4.0078,40.7644],[-4.0078,40.7644],[-4.0078,40.7644],[-4.0078,40.7645],[-4.0077,40.7645],[-4.0077,40.7645],[-4.0077,40.7646],[-4.0077,40.7646],[-4.0077,40.7646],[-4.0077,40.7647],[-4.0077,40.7647],[-4.0077,40.7647],[-4.0077,40.7647],[-4.0077,40.7648],[-4.0077,40.7648],[-4.0077,40.7648],[-4.0077,40.7648],[-4.0077,40.7649],[-4.0077,40.7649],[-4.0076,40.7649],[-4.0076,40.7649],[-4.0076,40.765],[-4.0076,40.765],[-4.0076,40.765],[-4.0076,40.765],[-4.0076,40.7651],[-4.0076,40.7651],[-4.0076,40.7651],[-4.0076,40.7651],[-4.0076,40.7652],[-4.0076,40.7652],[-4.0076,40.7652],[-4.0076,40.7652],[-4.0076,40.7653],[-4.0076,40.7653],[-4.0076,40.7656],[-4.0076,40.7657],[-4.0077,40.7658],[-4.0101,40.767],[-4.0136,40.7682],[-4.0146,40.7686],[-4.015,40.7683],[-4.0154,40.768],[-4.0154,40.768],[-4.0155,40.7678],[-4.0156,40.7677],[-4.0156,40.7677],[-4.016,40.7671],[-4.0166,40.7663],[-4.0168,40.766],[-4.0175,40.7651],[-4.0179,40.7648],[-4.0188,40.7642],[-4.0188,40.7642],[-4.0189,40.7641],[-4.0205,40.7621],[-4.0205,40.7621],[-4.0206,40.7619],[-4.0209,40.7619],[-4.0216,40.7617],[-4.0222,40.7616],[-4.0226,40.7615],[-4.0226,40.7615],[-4.0231,40.7614],[-4.0234,40.7614],[-4.0237,40.7613],[-4.0238,40.7613],[-4.0238,40.7613],[-4.0238,40.7613],[-4.0238,40.7613],[-4.0238,40.7613],[-4.0241,40.7612],[-4.0242,40.7612],[-4.0242,40.7612],[-4.0243,40.7612],[-4.0244,40.7613],[-4.0253,40.7615],[-4.0259,40.7616],[-4.028,40.7618],[-4.0311,40.7621],[-4.0314,40.7622],[-4.0311,40.7628],[-4.031,40.7631],[-4.0311,40.7631],[-4.0313,40.763],[-4.0314,40.763],[-4.0321,40.7629],[-4.0325,40.7629],[-4.033,40.763],[-4.0335,40.763],[-4.0338,40.7631],[-4.0344,40.7633],[-4.0347,40.7635],[-4.035,40.7637],[-4.0351,40.7638],[-4.0352,40.7641],[-4.0355,40.7643],[-4.0357,40.7645],[-4.036,40.7645],[-4.0362,40.7645],[-4.0367,40.7646],[-4.0373,40.7648],[-4.0375,40.7649],[-4.0376,40.7651],[-4.0377,40.7651],[-4.0379,40.7652],[-4.038,40.7653],[-4.038,40.7654],[-4.038,40.7657],[-4.0381,40.7659],[-4.0382,40.7661],[-4.0382,40.7663],[-4.0383,40.7664],[-4.0384,40.7666],[-4.0387,40.7667],[-4.0387,40.7667],[-4.0387,40.7667],[-4.0387,40.7667],[-4.0388,40.7664],[-4.0388,40.7662],[-4.0388,40.7661],[-4.0388,40.7659],[-4.0388,40.7658],[-4.0389,40.7658],[-4.039,40.7657],[-4.0391,40.7656],[-4.0393,40.7656],[-4.0394,40.7656],[-4.0396,40.7655],[-4.0397,40.7655],[-4.0397,40.7655],[-4.0398,40.7654],[-4.0399,40.7656],[-4.0399,40.7657],[-4.0399,40.7658],[-4.04,40.7659],[-4.04,40.766],[-4.0401,40.7661],[-4.0401,40.7662],[-4.0403,40.7666],[-4.0403,40.7666],[-4.0405,40.7669],[-4.0407,40.7671],[-4.0408,40.7671],[-4.0408,40.7672],[-4.0409,40.7672],[-4.0409,40.7673],[-4.041,40.7673],[-4.041,40.7674],[-4.041,40.7675],[-4.0411,40.7675],[-4.0411,40.7675],[-4.0413,40.7677],[-4.0415,40.7678],[-4.0417,40.7679],[-4.0419,40.7681],[-4.0421,40.7682],[-4.0423,40.7683],[-4.0426,40.7685],[-4.0426,40.7686],[-4.0427,40.7687],[-4.043,40.769],[-4.043,40.769],[-4.043,40.769],[-4.0431,40.769],[-4.0431,40.7691],[-4.0431,40.7691],[-4.0432,40.7691],[-4.0432,40.7691],[-4.0433,40.7691],[-4.0433,40.7692],[-4.0433,40.7692],[-4.0436,40.7693],[-4.044,40.7694],[-4.0441,40.7694],[-4.0441,40.7695],[-4.0442,40.7695],[-4.0442,40.7695],[-4.0443,40.7696],[-4.0448,40.7698],[-4.045,40.7699],[-4.0451,40.7699],[-4.0452,40.7699],[-4.0453,40.77],[-4.0454,40.77],[-4.0458,40.7702],[-4.0458,40.7702],[-4.0459,40.7702],[-4.0461,40.7705],[-4.0462,40.7705],[-4.0462,40.7705],[-4.0462,40.7706],[-4.0463,40.7706],[-4.0463,40.7706],[-4.0463,40.7707],[-4.0463,40.7707],[-4.0464,40.7708],[-4.0464,40.7708],[-4.0464,40.7708],[-4.0464,40.7709],[-4.0464,40.7709],[-4.0468,40.7707],[-4.0476,40.7704],[-4.0481,40.7701],[-4.0484,40.7698],[-4.0485,40.7698],[-4.0489,40.7695],[-4.0495,40.7692],[-4.0497,40.7692],[-4.0497,40.7692],[-4.0498,40.7691],[-4.05,40.7691],[-4.0503,40.7691],[-4.051,40.7691],[-4.0511,40.769],[-4.0511,40.7688],[-4.0513,40.7685],[-4.0516,40.7684],[-4.052,40.7682],[-4.0524,40.7681],[-4.0531,40.7676],[-4.0532,40.7674],[-4.0532,40.7671],[-4.0533,40.7668],[-4.0535,40.7666],[-4.0536,40.7664],[-4.0556,40.7655],[-4.0558,40.7653],[-4.0561,40.7651],[-4.0565,40.7649],[-4.0569,40.7648],[-4.0571,40.7648],[-4.0572,40.7648],[-4.0571,40.765],[-4.0569,40.7652],[-4.0565,40.7655],[-4.0562,40.766],[-4.0558,40.7665],[-4.0556,40.7668],[-4.0552,40.7673],[-4.0548,40.7679],[-4.0546,40.7681],[-4.0544,40.7684],[-4.0543,40.7687],[-4.0542,40.769],[-4.0537,40.7694],[-4.0536,40.7695],[-4.0535,40.7697],[-4.0534,40.7703],[-4.0534,40.7708],[-4.0535,40.7712],[-4.0536,40.7714],[-4.0538,40.7717],[-4.054,40.7719],[-4.0541,40.7721],[-4.0542,40.7724],[-4.0543,40.7725],[-4.0544,40.7727],[-4.0545,40.7728],[-4.0552,40.7729],[-4.0553,40.7729],[-4.0555,40.773],[-4.056,40.7734],[-4.0563,40.7735],[-4.0565,40.7736],[-4.0567,40.7736],[-4.0571,40.7737],[-4.0574,40.7737],[-4.0578,40.7738],[-4.0579,40.7739],[-4.058,40.7741],[-4.0581,40.7744],[-4.0582,40.7747],[-4.0582,40.7748],[-4.0582,40.775],[-4.0581,40.7752],[-4.0581,40.7755],[-4.058,40.7758],[-4.058,40.776],[-4.0581,40.7763],[-4.0583,40.7765],[-4.0585,40.7765],[-4.0589,40.7765],[-4.0592,40.7766],[-4.0596,40.7767],[-4.0598,40.7768],[-4.0599,40.777],[-4.0599,40.7771],[-4.06,40.7773],[-4.0602,40.7774],[-4.0604,40.7777],[-4.0606,40.7781],[-4.0609,40.7783],[-4.061,40.7785],[-4.0611,40.7787],[-4.0611,40.7788],[-4.061,40.779],[-4.0609,40.7791],[-4.0609,40.7793],[-4.0609,40.7796],[-4.0609,40.7799],[-4.0609,40.7801],[-4.0604,40.7805],[-4.0599,40.7811],[-4.0598,40.7813],[-4.0597,40.7815],[-4.0595,40.7817],[-4.0593,40.7818],[-4.0591,40.7819],[-4.0589,40.782],[-4.0586,40.7821],[-4.0586,40.7822],[-4.0587,40.7823],[-4.0589,40.7824],[-4.0593,40.7824],[-4.0596,40.7824],[-4.0602,40.7823],[-4.0607,40.7823],[-4.0613,40.7823],[-4.0616,40.7822],[-4.0618,40.7822],[-4.0619,40.7821],[-4.062,40.782],[-4.0622,40.782],[-4.0628,40.782],[-4.0633,40.7824],[-4.0638,40.7826],[-4.064,40.7826],[-4.0642,40.7825],[-4.0642,40.7824],[-4.0642,40.7823],[-4.0642,40.7822],[-4.0643,40.7822],[-4.0644,40.7822],[-4.0647,40.7821],[-4.0652,40.782],[-4.0655,40.7817],[-4.0659,40.7815],[-4.0663,40.7813],[-4.0665,40.7812],[-4.0666,40.7812],[-4.0668,40.7809],[-4.0667,40.7806],[-4.0666,40.7804],[-4.0666,40.7801],[-4.0666,40.7801],[-4.0666,40.7801],[-4.0666,40.78],[-4.0667,40.78],[-4.0669,40.7799],[-4.0675,40.7795],[-4.0682,40.7792],[-4.0684,40.7791],[-4.0719,40.7779],[-4.081,40.7748],[-4.0811,40.7748],[-4.0812,40.7745],[-4.0814,40.7742],[-4.0817,40.7737],[-4.0819,40.7732],[-4.0822,40.7727],[-4.0825,40.7722],[-4.0826,40.772],[-4.0829,40.7716],[-4.083,40.7714],[-4.0832,40.7711],[-4.0835,40.7709],[-4.0839,40.7706],[-4.0846,40.77],[-4.0852,40.7697],[-4.0856,40.7693],[-4.0856,40.7693],[-4.0856,40.7692],[-4.0857,40.7692],[-4.0857,40.7692],[-4.0857,40.7691],[-4.0857,40.7691],[-4.0858,40.7691],[-4.0858,40.769],[-4.0859,40.769],[-4.0859,40.769],[-4.086,40.7689],[-4.086,40.7689],[-4.0861,40.7688],[-4.0861,40.7688],[-4.0861,40.7688],[-4.0862,40.7688],[-4.0862,40.7687],[-4.0863,40.7687],[-4.0864,40.7686],[-4.0864,40.7686],[-4.0864,40.7686],[-4.0865,40.7685],[-4.0866,40.7685],[-4.0866,40.7684],[-4.0867,40.7683],[-4.0868,40.7682],[-4.0868,40.768],[-4.0868,40.7677],[-4.0867,40.7675],[-4.0866,40.767],[-4.0866,40.7667],[-4.0866,40.7666],[-4.0867,40.7666],[-4.0867,40.7665],[-4.0867,40.7664],[-4.0868,40.7662],[-4.0868,40.7662],[-4.0869,40.7661],[-4.0869,40.766],[-4.087,40.7659],[-4.0872,40.7658],[-4.0874,40.7656],[-4.0877,40.7654],[-4.0877,40.7653],[-4.0878,40.7653],[-4.0878,40.7651],[-4.0879,40.765],[-4.0879,40.7649],[-4.088,40.7647],[-4.0882,40.7645],[-4.0883,40.7644],[-4.0885,40.7642],[-4.0887,40.7641],[-4.0888,40.764],[-4.089,40.7638],[-4.0893,40.7637],[-4.0896,40.7636],[-4.0898,40.7634],[-4.09,40.7632],[-4.0901,40.7631],[-4.0901,40.763],[-4.0901,40.7629],[-4.0901,40.7629],[-4.0901,40.7628],[-4.0901,40.7628],[-4.0901,40.7627],[-4.09,40.7626],[-4.09,40.7626],[-4.09,40.7625],[-4.09,40.7625],[-4.0899,40.7625],[-4.0899,40.7624],[-4.0897,40.7622],[-4.0897,40.7622],[-4.0897,40.7622],[-4.0897,40.7621],[-4.0896,40.7621],[-4.0895,40.762],[-4.0892,40.7616],[-4.089,40.7614],[-4.089,40.7614],[-4.0888,40.7612],[-4.0887,40.761],[-4.0887,40.7608],[-4.0887,40.7607],[-4.0887,40.7604],[-4.0887,40.7601],[-4.0887,40.7596],[-4.0887,40.7592],[-4.0886,40.7586],[-4.0884,40.758],[-4.0883,40.7578],[-4.0883,40.7577],[-4.0883,40.7575],[-4.0883,40.7572],[-4.0884,40.757],[-4.0885,40.7568],[-4.0886,40.7567],[-4.0887,40.7565],[-4.0891,40.7564],[-4.0894,40.7562],[-4.0896,40.756],[-4.0899,40.7559],[-4.0909,40.7553],[-4.0916,40.7548],[-4.0918,40.7547],[-4.0921,40.7546],[-4.0927,40.7546],[-4.0939,40.7544],[-4.0944,40.7543],[-4.0947,40.7543],[-4.0947,40.7543],[-4.097,40.7477],[-4.1041,40.747],[-4.1104,40.744],[-4.1195,40.7362],[-4.1208,40.7357],[-4.1216,40.7333],[-4.1252,40.7296],[-4.1258,40.7272],[-4.1257,40.7245],[-4.1272,40.7243],[-4.1287,40.724],[-4.1297,40.7237],[-4.1305,40.7231],[-4.1309,40.7224],[-4.1311,40.7221],[-4.1314,40.7218],[-4.1327,40.7198],[-4.1338,40.719],[-4.1343,40.7189],[-4.135,40.7186],[-4.1361,40.7177],[-4.1363,40.7168],[-4.1368,40.7162],[-4.1372,40.7154],[-4.138,40.7143],[-4.1391,40.7125],[-4.1402,40.7103],[-4.1402,40.7102],[-4.1402,40.7102],[-4.1402,40.7101],[-4.1401,40.7102],[-4.1396,40.7103],[-4.1387,40.7103],[-4.1379,40.7103],[-4.1374,40.7104],[-4.1366,40.7106],[-4.1353,40.7111],[-4.1348,40.7114],[-4.1344,40.7117],[-4.1341,40.7122],[-4.1336,40.7131],[-4.1334,40.7134],[-4.1332,40.7135],[-4.1329,40.7136],[-4.1327,40.7136],[-4.1324,40.7136],[-4.1323,40.7135],[-4.1321,40.7134],[-4.132,40.7132],[-4.1318,40.7126],[-4.1317,40.7127],[-4.1317,40.713],[-4.1317,40.7135],[-4.1318,40.7139],[-4.1318,40.7144],[-4.1321,40.7153],[-4.1322,40.7157],[-4.1321,40.7162],[-4.132,40.7164],[-4.1318,40.7167],[-4.1316,40.7171],[-4.1313,40.7175],[-4.131,40.7177],[-4.1307,40.7179],[-4.1305,40.7181],[-4.1303,40.7182],[-4.1302,40.7183],[-4.1298,40.7184],[-4.1292,40.7186],[-4.1287,40.7188],[-4.1282,40.719],[-4.1277,40.7191],[-4.1273,40.7192],[-4.1271,40.7193],[-4.127,40.7194],[-4.1268,40.7195],[-4.1264,40.7196],[-4.1262,40.7197],[-4.126,40.7198],[-4.1258,40.72],[-4.1257,40.7202],[-4.1257,40.7204],[-4.1256,40.7207],[-4.1255,40.7208],[-4.1251,40.7208],[-4.1248,40.7208],[-4.1244,40.721],[-4.124,40.7211],[-4.1233,40.7199],[-4.1232,40.7197],[-4.1229,40.719],[-4.1226,40.7186],[-4.1222,40.7181],[-4.1222,40.7181],[-4.1204,40.7154],[-4.1202,40.7151],[-4.12,40.7149],[-4.1199,40.7146],[-4.1194,40.7138],[-4.1188,40.7129],[-4.1182,40.7119],[-4.1182,40.7119],[-4.1182,40.7119],[-4.1182,40.7119],[-4.1181,40.7122],[-4.1181,40.7123],[-4.1181,40.7125],[-4.1181,40.7127],[-4.118,40.7129],[-4.1179,40.7134],[-4.1179,40.7134],[-4.1178,40.7135],[-4.1177,40.7136],[-4.1173,40.7138],[-4.1172,40.7139],[-4.1171,40.7141],[-4.117,40.7143],[-4.1169,40.7144],[-4.1168,40.7146],[-4.1167,40.7148],[-4.1166,40.7149],[-4.1164,40.715],[-4.1164,40.715],[-4.1164,40.7151],[-4.1164,40.7151],[-4.1164,40.7152],[-4.1163,40.7153],[-4.1161,40.7155],[-4.1159,40.7157],[-4.1158,40.7158],[-4.1155,40.7158],[-4.1151,40.7158],[-4.1147,40.7157],[-4.1146,40.7157],[-4.1144,40.7153],[-4.1142,40.7152],[-4.1141,40.7153],[-4.1139,40.7154],[-4.1137,40.7154],[-4.1135,40.7155],[-4.1134,40.7155],[-4.1133,40.7155],[-4.1131,40.7154],[-4.113,40.7155],[-4.1127,40.7155],[-4.1124,40.7156],[-4.1124,40.7156],[-4.1123,40.7156],[-4.1119,40.7157],[-4.1117,40.7158],[-4.1116,40.7158],[-4.1116,40.7158],[-4.1116,40.7159],[-4.1116,40.7161],[-4.1116,40.7162],[-4.1114,40.7164],[-4.1114,40.7165],[-4.1113,40.7165],[-4.1113,40.7165],[-4.1116,40.7169],[-4.1116,40.717],[-4.1117,40.7172],[-4.1117,40.7173],[-4.1117,40.7174],[-4.1117,40.7176],[-4.1117,40.7179],[-4.1117,40.7181],[-4.1118,40.7184],[-4.1119,40.7185],[-4.1119,40.7186],[-4.1122,40.7189],[-4.1125,40.7192],[-4.1126,40.7193],[-4.1128,40.7195],[-4.1129,40.7197],[-4.1132,40.7199],[-4.1132,40.7201],[-4.1132,40.7201],[-4.113,40.7201],[-4.113,40.7201],[-4.1131,40.7209],[-4.1131,40.7211],[-4.1129,40.7213],[-4.1128,40.7213],[-4.1127,40.7214],[-4.1125,40.7216],[-4.1124,40.7217],[-4.1123,40.7216],[-4.1121,40.7214],[-4.1116,40.7211],[-4.1105,40.7205],[-4.1088,40.7194],[-4.1081,40.7193],[-4.1079,40.7193],[-4.1079,40.7192],[-4.1078,40.7191],[-4.1079,40.7189],[-4.108,40.7189],[-4.1081,40.7187],[-4.1081,40.7186],[-4.1081,40.7184],[-4.1082,40.7183],[-4.1081,40.7182],[-4.1081,40.718],[-4.1081,40.7179],[-4.1081,40.7178],[-4.1079,40.7178],[-4.1078,40.7177],[-4.1077,40.7177],[-4.1075,40.7177],[-4.107,40.7179],[-4.1067,40.718],[-4.1066,40.718],[-4.1062,40.7181],[-4.1059,40.7181],[-4.1057,40.7181],[-4.1054,40.7181],[-4.1054,40.7181],[-4.1054,40.7181],[-4.1056,40.7183],[-4.1057,40.7184],[-4.1057,40.7185],[-4.1057,40.7185],[-4.1057,40.7186],[-4.1057,40.7186],[-4.1063,40.7188],[-4.1066,40.7189],[-4.1068,40.7191],[-4.1071,40.7192],[-4.1072,40.7193],[-4.1073,40.7194],[-4.1074,40.7195],[-4.1075,40.7196],[-4.1076,40.7197],[-4.1077,40.7198],[-4.1077,40.72],[-4.1078,40.7203],[-4.1078,40.7204],[-4.1078,40.7205],[-4.1078,40.7205],[-4.1077,40.7207],[-4.1076,40.7208],[-4.1076,40.7209],[-4.1075,40.721],[-4.1073,40.721],[-4.1071,40.721],[-4.1068,40.721],[-4.1066,40.721],[-4.1065,40.721],[-4.1062,40.7209],[-4.1061,40.7208],[-4.1059,40.7206],[-4.1056,40.7205],[-4.1054,40.7203],[-4.1053,40.7203],[-4.1051,40.7202],[-4.105,40.7202],[-4.105,40.7202],[-4.105,40.7203],[-4.105,40.7204],[-4.105,40.7205],[-4.105,40.7205],[-4.1049,40.7207],[-4.1048,40.7208],[-4.1046,40.7209],[-4.1043,40.7209],[-4.1041,40.721],[-4.1041,40.721],[-4.1043,40.7212],[-4.1044,40.7215],[-4.1048,40.7222],[-4.105,40.722],[-4.1051,40.7219],[-4.1053,40.7219],[-4.1054,40.722],[-4.1055,40.7221],[-4.1058,40.7221],[-4.1061,40.722],[-4.1061,40.7221],[-4.1061,40.7223],[-4.1061,40.7223],[-4.106,40.7225],[-4.1058,40.7227],[-4.1057,40.7229],[-4.1056,40.723],[-4.1054,40.7231],[-4.1053,40.7232],[-4.1052,40.7232],[-4.1051,40.7233],[-4.1049,40.7233],[-4.1047,40.7233],[-4.1045,40.7233],[-4.1043,40.7233],[-4.1043,40.7233],[-4.1041,40.7235],[-4.1039,40.7236],[-4.1037,40.7236],[-4.1034,40.7236],[-4.1033,40.7236],[-4.1032,40.7235],[-4.1032,40.7234],[-4.1029,40.7234],[-4.1027,40.7234],[-4.1026,40.7234],[-4.1025,40.7233],[-4.1024,40.7233],[-4.1022,40.7233],[-4.1021,40.7233],[-4.102,40.7232],[-4.1018,40.7232],[-4.1017,40.7232],[-4.1016,40.7232],[-4.1014,40.7231],[-4.1013,40.7231],[-4.1012,40.7231],[-4.101,40.7231],[-4.1008,40.7231],[-4.1006,40.723],[-4.1005,40.7229],[-4.1003,40.7231],[-4.1003,40.7231],[-4.1003,40.7232],[-4.1003,40.7233],[-4.1003,40.7234],[-4.1002,40.7235],[-4.1002,40.7236],[-4.1002,40.7238],[-4.1002,40.7239],[-4.1002,40.7239],[-4.1001,40.7241],[-4.0999,40.7242],[-4.0996,40.7243],[-4.0996,40.7244],[-4.0995,40.7245],[-4.0994,40.7246],[-4.0992,40.7246],[-4.0991,40.7247],[-4.099,40.7247],[-4.099,40.7247],[-4.099,40.7248],[-4.0989,40.725],[-4.0989,40.7251],[-4.0988,40.7252],[-4.0988,40.7254],[-4.0987,40.7254],[-4.0986,40.7255],[-4.0984,40.7256],[-4.0983,40.7256],[-4.0981,40.7256],[-4.098,40.7256],[-4.098,40.7255],[-4.098,40.7254],[-4.0979,40.7254],[-4.0978,40.7254],[-4.0978,40.7255],[-4.0977,40.7256],[-4.0976,40.7256],[-4.0974,40.7257],[-4.0973,40.7257],[-4.0971,40.7256],[-4.097,40.7255],[-4.097,40.7255],[-4.0969,40.7255],[-4.0968,40.7255],[-4.0966,40.7255],[-4.0965,40.7256],[-4.0964,40.7256],[-4.0962,40.7255],[-4.096,40.7255],[-4.0958,40.7255],[-4.0957,40.7255],[-4.0955,40.7254],[-4.0954,40.7254],[-4.0953,40.7254],[-4.0952,40.7253],[-4.0951,40.7253],[-4.0949,40.7253],[-4.0948,40.7253],[-4.0946,40.7252],[-4.0945,40.7251],[-4.0945,40.7252],[-4.0944,40.7252],[-4.0942,40.7253],[-4.0942,40.7254],[-4.0941,40.7255],[-4.0941,40.7255],[-4.094,40.7256],[-4.0938,40.7257],[-4.0937,40.7257],[-4.0936,40.7258],[-4.0934,40.7258],[-4.0933,40.7258],[-4.0931,40.7258],[-4.093,40.7257],[-4.0929,40.7257],[-4.0928,40.7256],[-4.0927,40.7255],[-4.0926,40.7254],[-4.0925,40.7253],[-4.0925,40.7252],[-4.0926,40.7251],[-4.0926,40.725],[-4.0927,40.7249],[-4.0928,40.7248],[-4.093,40.7247],[-4.0931,40.7247],[-4.0932,40.7246],[-4.0933,40.7246],[-4.0935,40.7245],[-4.0936,40.7245],[-4.0937,40.7244],[-4.0938,40.7244],[-4.0939,40.7243],[-4.094,40.7243],[-4.094,40.7241],[-4.0939,40.7239],[-4.0937,40.7236],[-4.0936,40.7234],[-4.0935,40.7234],[-4.0934,40.7234],[-4.0933,40.7234],[-4.0931,40.7234],[-4.0931,40.7234],[-4.0929,40.7233],[-4.0928,40.7232],[-4.0927,40.7231],[-4.0927,40.723],[-4.0927,40.7228],[-4.0924,40.7228],[-4.0921,40.7228],[-4.092,40.7228],[-4.0919,40.7228],[-4.0918,40.7227],[-4.0916,40.7227],[-4.0914,40.7228],[-4.0912,40.7228],[-4.0911,40.7228],[-4.0909,40.7229],[-4.0908,40.7228],[-4.0907,40.7228],[-4.0906,40.7227],[-4.0905,40.7226],[-4.0903,40.7225],[-4.0902,40.7224],[-4.0902,40.7223],[-4.0901,40.7222],[-4.09,40.722],[-4.0899,40.7219],[-4.0899,40.7218],[-4.0898,40.7217],[-4.0898,40.7216],[-4.0897,40.7216],[-4.0897,40.7217],[-4.0896,40.7218],[-4.0894,40.7221],[-4.0892,40.7223],[-4.0889,40.7226],[-4.0889,40.7227],[-4.0889,40.7228],[-4.0888,40.7229],[-4.0888,40.7229],[-4.0887,40.723],[-4.0886,40.7229],[-4.0884,40.7229],[-4.0883,40.7228],[-4.0883,40.7227],[-4.0882,40.7226],[-4.088,40.7226],[-4.0877,40.7227],[-4.0875,40.7227],[-4.0872,40.7228],[-4.0869,40.7229],[-4.0866,40.7229],[-4.0865,40.7229],[-4.086,40.7228],[-4.0859,40.7228],[-4.0857,40.7227],[-4.0856,40.7226],[-4.0856,40.7225],[-4.0856,40.7224],[-4.0855,40.7223],[-4.0855,40.7222],[-4.0855,40.7221],[-4.0855,40.722],[-4.0854,40.7218],[-4.0854,40.7217],[-4.0851,40.7212],[-4.0848,40.7206],[-4.0848,40.7205],[-4.0848,40.7204],[-4.0844,40.7204],[-4.0844,40.7204],[-4.0844,40.7204],[-4.0841,40.7209],[-4.0839,40.7209],[-4.0839,40.7209],[-4.0838,40.721],[-4.0838,40.7211],[-4.0838,40.7211],[-4.0838,40.7211],[-4.0838,40.7216],[-4.0838,40.7219],[-4.0838,40.7219],[-4.0837,40.722],[-4.0836,40.7221],[-4.0836,40.7222],[-4.0834,40.7223],[-4.0833,40.7224],[-4.083,40.7225],[-4.0827,40.7226],[-4.0826,40.7226],[-4.0827,40.7227],[-4.0828,40.7229],[-4.0828,40.7231],[-4.0828,40.7233],[-4.0827,40.7234],[-4.0823,40.7236],[-4.0818,40.724],[-4.0814,40.7243],[-4.0811,40.7245],[-4.0809,40.7245],[-4.0807,40.7245],[-4.0805,40.7246],[-4.0804,40.7247],[-4.0802,40.7248],[-4.0801,40.7249],[-4.08,40.725],[-4.0799,40.725],[-4.0797,40.7253],[-4.0794,40.7257],[-4.079,40.726],[-4.0788,40.7261],[-4.0789,40.7262],[-4.0789,40.7262],[-4.0789,40.7264],[-4.079,40.7265],[-4.0793,40.7267],[-4.0795,40.7269],[-4.0798,40.7272],[-4.0799,40.7273],[-4.08,40.7274],[-4.0805,40.7278],[-4.0808,40.728],[-4.0809,40.7282],[-4.0811,40.7284],[-4.0812,40.7286],[-4.0813,40.7287],[-4.081,40.7288],[-4.0804,40.7291],[-4.0799,40.7294],[-4.0791,40.7299],[-4.0788,40.7301],[-4.0788,40.7301],[-4.0788,40.7301],[-4.0779,40.7307],[-4.0773,40.7311],[-4.077,40.7312],[-4.0768,40.7313],[-4.0765,40.7314],[-4.0762,40.7315],[-4.0757,40.7316],[-4.075,40.7317],[-4.0739,40.7317],[-4.0734,40.7318],[-4.0729,40.7318],[-4.0724,40.7319],[-4.0719,40.7321],[-4.0713,40.7323],[-4.0709,40.7326],[-4.0706,40.7327],[-4.0705,40.7328],[-4.0707,40.733],[-4.0707,40.7331],[-4.0707,40.7332],[-4.0708,40.7333],[-4.0711,40.7335],[-4.0712,40.7335],[-4.0712,40.7335],[-4.0713,40.7335],[-4.0715,40.7336],[-4.0715,40.7336],[-4.0718,40.7337],[-4.0719,40.7336],[-4.072,40.7337],[-4.072,40.7337],[-4.072,40.7338],[-4.072,40.7338],[-4.072,40.7338],[-4.0721,40.7338],[-4.0724,40.734],[-4.0725,40.7341],[-4.0726,40.734],[-4.0727,40.7339],[-4.0729,40.7342],[-4.0732,40.7342],[-4.0735,40.7344],[-4.0737,40.7345],[-4.0739,40.7346],[-4.0741,40.7347],[-4.0742,40.7349],[-4.0743,40.7349],[-4.0744,40.7351],[-4.0744,40.7353],[-4.0748,40.7355],[-4.0746,40.7357],[-4.0745,40.7356],[-4.0743,40.7356],[-4.0742,40.7356],[-4.074,40.7356],[-4.0739,40.7356],[-4.0736,40.7357],[-4.0734,40.7357],[-4.0732,40.7355],[-4.0729,40.7355],[-4.0727,40.7354],[-4.0722,40.7355],[-4.0714,40.7355],[-4.0711,40.7355],[-4.0709,40.736],[-4.0708,40.7361],[-4.0707,40.7361],[-4.0705,40.7363],[-4.0699,40.7365],[-4.0698,40.7365],[-4.0692,40.7365],[-4.0687,40.7364],[-4.0683,40.7363],[-4.0682,40.7363],[-4.068,40.7366],[-4.0678,40.7368],[-4.0681,40.7369],[-4.0681,40.7369],[-4.0682,40.7371],[-4.0682,40.7373],[-4.0682,40.7375],[-4.0682,40.7376],[-4.0682,40.7377],[-4.0682,40.7378],[-4.0682,40.7379],[-4.068,40.7382],[-4.068,40.7382],[-4.068,40.7382],[-4.0679,40.7384],[-4.0679,40.7386],[-4.0679,40.7386],[-4.0679,40.7388],[-4.0679,40.739],[-4.0679,40.7391],[-4.0679,40.7392],[-4.0678,40.7393],[-4.0678,40.7393],[-4.0676,40.7394],[-4.0675,40.7395],[-4.0675,40.7396],[-4.0668,40.7398],[-4.0666,40.7399],[-4.0663,40.74],[-4.066,40.7401],[-4.0657,40.7402],[-4.0651,40.7403],[-4.0649,40.7403],[-4.0647,40.7404],[-4.0644,40.7405],[-4.0643,40.7406],[-4.064,40.7407],[-4.0638,40.7407],[-4.0637,40.7408],[-4.0637,40.7408],[-4.0636,40.7412],[-4.0636,40.7415],[-4.0634,40.7417],[-4.0634,40.7418],[-4.0633,40.7418],[-4.0632,40.7419],[-4.0632,40.7419],[-4.0632,40.7419],[-4.0632,40.7421],[-4.0631,40.7425],[-4.0631,40.7427],[-4.0629,40.7427],[-4.0626,40.7428],[-4.0624,40.7428],[-4.0623,40.7427],[-4.0621,40.7427],[-4.0619,40.7428],[-4.0616,40.7429],[-4.0615,40.7427],[-4.0614,40.7428],[-4.0613,40.7428],[-4.0611,40.7428],[-4.0609,40.7429],[-4.0607,40.743],[-4.0604,40.7431],[-4.0601,40.7432],[-4.0599,40.7433],[-4.0598,40.7434],[-4.0598,40.7435],[-4.0596,40.7438],[-4.0595,40.7439],[-4.0595,40.744],[-4.0595,40.7444],[-4.0595,40.7446],[-4.0594,40.7447],[-4.0593,40.7448],[-4.0592,40.7449],[-4.0592,40.7449],[-4.0592,40.7449],[-4.059,40.745],[-4.0591,40.7453],[-4.0591,40.7455],[-4.0592,40.7457],[-4.0593,40.746],[-4.0593,40.7462],[-4.0592,40.7464],[-4.0591,40.7468],[-4.059,40.7471],[-4.0589,40.7472],[-4.0589,40.7473],[-4.0588,40.7474],[-4.0586,40.7476],[-4.0583,40.7477],[-4.0582,40.7478],[-4.0582,40.7478],[-4.0577,40.748],[-4.0575,40.748],[-4.0572,40.7482],[-4.057,40.7481],[-4.0571,40.7481],[-4.0572,40.7479],[-4.0573,40.7479],[-4.0573,40.7478],[-4.0573,40.7477],[-4.0573,40.7476],[-4.0573,40.7476],[-4.0573,40.7476],[-4.0573,40.7475],[-4.0572,40.7473],[-4.0571,40.7471],[-4.057,40.7471],[-4.057,40.7472],[-4.0568,40.7475],[-4.0567,40.7476],[-4.0565,40.7477],[-4.0563,40.7479],[-4.056,40.7481],[-4.0559,40.7483],[-4.0558,40.7484],[-4.0554,40.7488],[-4.0552,40.7492],[-4.0551,40.7491],[-4.0551,40.7485],[-4.0551,40.7481],[-4.0552,40.7478],[-4.0552,40.7477],[-4.0551,40.7474],[-4.055,40.7473],[-4.055,40.7471],[-4.055,40.747],[-4.0554,40.7471],[-4.0561,40.7471],[-4.0562,40.7469],[-4.0564,40.7469],[-4.0565,40.7468],[-4.0564,40.7466],[-4.0563,40.7464],[-4.0562,40.7464],[-4.0561,40.7463],[-4.0562,40.7463],[-4.056,40.7461],[-4.0556,40.746],[-4.0551,40.7456],[-4.055,40.7456],[-4.0551,40.7454],[-4.0551,40.7454],[-4.0552,40.7451],[-4.0552,40.7451],[-4.0552,40.7451],[-4.0553,40.7449],[-4.0556,40.745],[-4.0559,40.7452],[-4.0561,40.7453],[-4.0563,40.7454],[-4.0565,40.7451],[-4.0568,40.7449],[-4.0568,40.7448],[-4.0567,40.7447],[-4.0567,40.7446],[-4.0565,40.7443],[-4.0566,40.7442],[-4.0565,40.744],[-4.0565,40.7438],[-4.0564,40.7437],[-4.0561,40.7435],[-4.0555,40.7434],[-4.0554,40.7434],[-4.0553,40.7434],[-4.0553,40.7436],[-4.0553,40.7438],[-4.0553,40.7438],[-4.055,40.7439],[-4.0548,40.7438],[-4.0548,40.7436],[-4.0549,40.7436],[-4.0548,40.7433],[-4.0547,40.7434],[-4.0546,40.7433],[-4.0544,40.743],[-4.0541,40.7431],[-4.054,40.7432],[-4.0538,40.7433],[-4.0536,40.7433],[-4.0535,40.7432],[-4.0535,40.7432],[-4.053,40.743],[-4.053,40.7428],[-4.053,40.7426],[-4.0528,40.7427],[-4.0524,40.7426],[-4.0521,40.7426],[-4.0518,40.7425],[-4.0518,40.7425],[-4.0516,40.7425],[-4.0514,40.7425],[-4.0513,40.7426],[-4.0512,40.7427],[-4.051,40.7427],[-4.0508,40.7427],[-4.0505,40.7428],[-4.0504,40.743],[-4.0503,40.7431],[-4.0501,40.7434],[-4.05,40.7435],[-4.05,40.7439],[-4.0501,40.7439],[-4.0502,40.7439],[-4.0502,40.7439],[-4.0502,40.7439],[-4.0507,40.7439],[-4.0507,40.744],[-4.0503,40.7441],[-4.05,40.7442],[-4.05,40.7442],[-4.0499,40.7443],[-4.0499,40.7443],[-4.0499,40.7445],[-4.0498,40.7445],[-4.0497,40.7445],[-4.0501,40.7449],[-4.0501,40.7449],[-4.0501,40.745],[-4.0502,40.7451],[-4.0504,40.7453],[-4.0505,40.7454],[-4.0496,40.7456],[-4.0494,40.7456],[-4.0494,40.7454],[-4.0493,40.7452],[-4.0493,40.7451],[-4.0489,40.745],[-4.0489,40.745],[-4.0486,40.745],[-4.0485,40.745],[-4.0484,40.7448],[-4.0481,40.7447],[-4.048,40.7446],[-4.0478,40.7444],[-4.0476,40.7443],[-4.0473,40.7441],[-4.0471,40.744],[-4.0469,40.7439],[-4.0466,40.7438],[-4.0465,40.7438],[-4.0465,40.7438],[-4.0461,40.7437],[-4.0455,40.7435],[-4.0451,40.7433],[-4.0446,40.7432],[-4.0444,40.7431],[-4.0444,40.743],[-4.0442,40.743],[-4.044,40.7429],[-4.0439,40.7428],[-4.0439,40.7427],[-4.0438,40.7426],[-4.0436,40.7424],[-4.0436,40.7423],[-4.0436,40.7422],[-4.0436,40.7421],[-4.0436,40.742],[-4.0436,40.7419],[-4.0437,40.7418],[-4.0437,40.7417],[-4.0438,40.7415],[-4.0439,40.7415],[-4.0439,40.7414],[-4.0439,40.7413],[-4.0438,40.7412],[-4.0437,40.7411],[-4.0436,40.741],[-4.0435,40.7409],[-4.0435,40.7408],[-4.0435,40.7407],[-4.0436,40.7406],[-4.0437,40.7405],[-4.0437,40.7404],[-4.0437,40.7403],[-4.0437,40.7401],[-4.0437,40.74],[-4.0437,40.7398],[-4.0437,40.7397],[-4.0438,40.7396],[-4.0438,40.7395],[-4.0438,40.7394],[-4.0438,40.7394],[-4.0439,40.7393],[-4.0439,40.7392],[-4.0438,40.7392],[-4.0438,40.7391],[-4.0437,40.739],[-4.0437,40.739],[-4.0435,40.7389],[-4.0435,40.7389],[-4.0433,40.7388],[-4.0433,40.7388],[-4.0433,40.7387],[-4.0434,40.7386],[-4.0435,40.7386],[-4.0437,40.7386],[-4.0439,40.7385],[-4.044,40.7385],[-4.0442,40.7384],[-4.0443,40.7384],[-4.0443,40.7383],[-4.0442,40.7383],[-4.0441,40.7382],[-4.044,40.7381],[-4.0438,40.7379],[-4.0437,40.7377],[-4.0436,40.7374],[-4.0435,40.7374],[-4.0435,40.7372],[-4.0434,40.7367],[-4.0433,40.7363],[-4.0433,40.7361],[-4.0433,40.7359],[-4.0433,40.7359],[-4.0432,40.7357],[-4.0428,40.7355],[-4.0424,40.7353],[-4.0419,40.735],[-4.0415,40.7348],[-4.041,40.7346],[-4.0406,40.7345],[-4.0403,40.7344],[-4.0399,40.7345],[-4.0396,40.7346],[-4.0392,40.7349],[-4.0387,40.7353],[-4.0381,40.7357],[-4.0378,40.736],[-4.0376,40.7361],[-4.0374,40.7362],[-4.0372,40.7362],[-4.037,40.7363],[-4.0368,40.7363],[-4.0367,40.7362],[-4.0365,40.7362],[-4.0365,40.7362],[-4.0364,40.7361],[-4.0363,40.7361],[-4.0362,40.736],[-4.0361,40.7359],[-4.036,40.7358],[-4.0359,40.7357],[-4.0359,40.7356],[-4.0359,40.7355],[-4.0359,40.7352],[-4.0359,40.735],[-4.0359,40.7348],[-4.0359,40.7348],[-4.0359,40.7348],[-4.0358,40.7346],[-4.0357,40.7345],[-4.0356,40.7343],[-4.0354,40.7342],[-4.0353,40.7341],[-4.035,40.734],[-4.0348,40.7339],[-4.0343,40.7337],[-4.0336,40.7335],[-4.0332,40.7334],[-4.0332,40.7334],[-4.0332,40.7334],[-4.0331,40.7333],[-4.0329,40.7335],[-4.0328,40.7336],[-4.0327,40.7338],[-4.0326,40.7339],[-4.0325,40.734],[-4.0324,40.7342],[-4.0323,40.7344],[-4.0322,40.7346],[-4.0319,40.7348],[-4.0316,40.7351],[-4.0313,40.7353],[-4.0311,40.7353],[-4.0296,40.7346],[-4.0294,40.7346],[-4.0292,40.7345],[-4.0288,40.7345],[-4.0286,40.7346],[-4.0285,40.7346],[-4.0281,40.7346],[-4.0279,40.7346],[-4.0277,40.7346],[-4.0275,40.7346],[-4.0272,40.7346],[-4.0269,40.7347],[-4.027,40.7345],[-4.0266,40.7345],[-4.0262,40.7345],[-4.0257,40.7344],[-4.0254,40.7344],[-4.0251,40.7344],[-4.0243,40.734],[-4.0236,40.7336],[-4.0235,40.7335],[-4.0231,40.7336],[-4.0228,40.7337],[-4.0225,40.7339],[-4.0223,40.7341],[-4.0222,40.7343],[-4.0221,40.7347],[-4.0219,40.7349],[-4.0218,40.7349],[-4.0216,40.7349],[-4.0215,40.7347],[-4.0214,40.7346],[-4.0212,40.7345],[-4.021,40.7345],[-4.0207,40.7344],[-4.0202,40.7345],[-4.0196,40.7346],[-4.0182,40.7346],[-4.0172,40.7346],[-4.0169,40.7346],[-4.0168,40.7346],[-4.0165,40.7345],[-4.0164,40.7345],[-4.0161,40.7344],[-4.0159,40.7343],[-4.0156,40.7342],[-4.0152,40.7341],[-4.0149,40.734],[-4.0148,40.734],[-4.0145,40.7339],[-4.0143,40.7339],[-4.014,40.7339],[-4.0139,40.7339],[-4.0137,40.7339],[-4.0135,40.7339],[-4.0132,40.7339],[-4.013,40.734],[-4.0129,40.7341],[-4.0127,40.7342],[-4.0125,40.7343],[-4.0123,40.7346],[-4.012,40.7349],[-4.0118,40.7351],[-4.0116,40.7352],[-4.0115,40.7353],[-4.0112,40.7354],[-4.011,40.7355],[-4.0109,40.7355],[-4.0109,40.7355],[-4.0109,40.7356],[-4.0109,40.7357],[-4.0109,40.7357],[-4.0109,40.7358],[-4.0109,40.7358],[-4.0109,40.7358],[-4.0109,40.7359],[-4.0109,40.736],[-4.0109,40.736],[-4.0109,40.7361],[-4.0108,40.7362],[-4.0108,40.7362],[-4.0107,40.7363],[-4.0107,40.7364],[-4.0107,40.7364],[-4.0107,40.7365],[-4.0106,40.7366],[-4.0106,40.7366],[-4.0107,40.7367],[-4.0107,40.7367],[-4.0107,40.7368],[-4.0107,40.7368],[-4.0106,40.737],[-4.0106,40.7373],[-4.0106,40.7373],[-4.0106,40.7374],[-4.0107,40.7375],[-4.0107,40.7377],[-4.0108,40.7377],[-4.0109,40.7378],[-4.0109,40.7379],[-4.0109,40.7379],[-4.011,40.738],[-4.011,40.738],[-4.0111,40.7381],[-4.0112,40.7381],[-4.0112,40.7382],[-4.0112,40.7383],[-4.0111,40.7383],[-4.0111,40.7384],[-4.0111,40.7385],[-4.0112,40.7385],[-4.0113,40.7386],[-4.0113,40.7386],[-4.0113,40.7388],[-4.0113,40.7388],[-4.0113,40.7389],[-4.0113,40.7389],[-4.0113,40.739],[-4.0113,40.7391],[-4.0113,40.7391],[-4.0112,40.7391],[-4.0111,40.7392],[-4.011,40.7393],[-4.011,40.7394],[-4.011,40.7395],[-4.0109,40.7397],[-4.0109,40.7398],[-4.0108,40.7399],[-4.0107,40.7399],[-4.0106,40.74],[-4.0105,40.7401],[-4.0105,40.7401],[-4.0101,40.7402],[-4.0098,40.7403],[-4.0097,40.7403],[-4.0096,40.7404],[-4.0095,40.7405],[-4.0094,40.7407],[-4.0093,40.7409],[-4.0092,40.7411],[-4.0091,40.7412],[-4.009,40.7414],[-4.0089,40.7415],[-4.0087,40.7418],[-4.0083,40.742],[-4.0083,40.742],[-4.008,40.7421],[-4.0076,40.7421],[-4.0074,40.7422],[-4.0073,40.7422],[-4.0072,40.7422],[-4.007,40.7422],[-4.0069,40.7422],[-4.0067,40.7421],[-4.0065,40.7421],[-4.0062,40.7421],[-4.0056,40.742],[-4.0054,40.742],[-4.0052,40.742],[-4.0048,40.7421],[-4.0042,40.7422],[-4.0039,40.7423],[-4.0037,40.7423],[-4.0044,40.7429],[-4.0035,40.7436],[-4.0029,40.744],[-4.0026,40.7441],[-4.0024,40.7442],[-4.002,40.7444],[-4.0017,40.7445],[-4.0015,40.7446],[-4.0014,40.7446],[-4.0013,40.7447],[-4.0012,40.7448],[-4.001,40.7448],[-4.0009,40.7449],[-4.0006,40.745],[-4.0004,40.7451],[-4.0002,40.7451],[-4.0001,40.7452],[-4,40.7453],[-3.9999,40.7452],[-3.9998,40.7451],[-3.9997,40.745],[-3.9996,40.7449],[-3.9995,40.7448],[-3.9994,40.7447],[-3.9993,40.7446],[-3.9994,40.7445],[-3.9995,40.7444],[-3.9998,40.7443],[-3.9999,40.7442],[-4.0001,40.7441],[-4.0004,40.744],[-4.0007,40.7439],[-4.0008,40.7438],[-4.001,40.7437],[-4.0013,40.7436],[-4.0014,40.7436],[-4.0016,40.7435],[-4.0017,40.7435],[-4.002,40.7433],[-4.0023,40.7431],[-4.0024,40.743],[-4.0025,40.743],[-4.0026,40.7429],[-4.0026,40.7429],[-4.0027,40.7428],[-4.0027,40.7428],[-4.0024,40.7427],[-4.0023,40.7428],[-4.0021,40.7428],[-4.0013,40.7431],[-4.0011,40.7432],[-4.0008,40.7432],[-4.0002,40.7431],[-3.9998,40.7428],[-3.9997,40.7428],[-3.9992,40.7423],[-3.999,40.7419],[-3.9987,40.7419],[-3.9982,40.7423],[-3.9979,40.7424],[-3.9977,40.7425],[-3.9977,40.7426],[-3.9976,40.7426],[-3.9976,40.7427],[-3.9976,40.7428],[-3.9976,40.7429],[-3.9974,40.743],[-3.9972,40.7431],[-3.9969,40.7431],[-3.9966,40.7431],[-3.9962,40.7435],[-3.9963,40.7436],[-3.9962,40.7437],[-3.9962,40.7438],[-3.9962,40.744],[-3.9961,40.7441],[-3.9959,40.7442],[-3.9958,40.7443],[-3.9957,40.7444],[-3.9956,40.7444],[-3.9953,40.7446],[-3.9947,40.7447],[-3.9941,40.7449],[-3.9939,40.7449],[-3.9938,40.7448],[-3.9938,40.7447],[-3.9938,40.7446],[-3.9937,40.7445],[-3.9937,40.7444],[-3.9937,40.7444],[-3.9938,40.7443],[-3.994,40.7442],[-3.9941,40.7442],[-3.9943,40.744],[-3.9945,40.7436],[-3.9947,40.7436],[-3.9948,40.7436],[-3.9949,40.7436],[-3.995,40.7437],[-3.995,40.7436],[-3.995,40.7432],[-3.9952,40.7425],[-3.9952,40.7424],[-3.9952,40.7423],[-3.9952,40.7423],[-3.9951,40.7421],[-3.995,40.7419],[-3.995,40.7418],[-3.9951,40.7418],[-3.9952,40.7417],[-3.9952,40.7416],[-3.9952,40.7415],[-3.9951,40.7413],[-3.9951,40.7411],[-3.9951,40.7409],[-3.9952,40.7407],[-3.9952,40.7406],[-3.9953,40.7404],[-3.9956,40.7404],[-3.9957,40.7404],[-3.9959,40.7404],[-3.996,40.7403],[-3.9961,40.7403],[-3.9961,40.7402],[-3.9962,40.7402],[-3.9963,40.7402],[-3.9964,40.7402],[-3.9966,40.7402],[-3.9968,40.7403],[-3.9967,40.7402],[-3.9966,40.7402],[-3.9963,40.7401],[-3.9959,40.7399],[-3.9955,40.7397],[-3.9957,40.7396],[-3.9958,40.7395],[-3.996,40.7392],[-3.9969,40.7382],[-3.9978,40.737],[-3.9977,40.7368],[-3.9977,40.7367],[-3.9979,40.7365],[-3.9982,40.7363],[-3.9984,40.7361],[-3.9987,40.736],[-3.9989,40.7358],[-3.999,40.7357],[-3.999,40.7348],[-3.9992,40.7346],[-3.9992,40.7344],[-3.9993,40.7342],[-3.9993,40.734],[-3.9991,40.7337],[-3.9991,40.7335],[-3.9991,40.733],[-3.9991,40.7325],[-3.999,40.7322],[-3.999,40.7319],[-3.9993,40.7317],[-3.9997,40.7314],[-3.9995,40.7311],[-3.9996,40.7308],[-3.9992,40.7304],[-3.9992,40.7303],[-3.999,40.73],[-3.9987,40.7295],[-3.9985,40.7292],[-3.9983,40.7291],[-3.9981,40.7291],[-3.9979,40.7292],[-3.9978,40.7292],[-3.9978,40.7292],[-3.9974,40.7292],[-3.9971,40.7291],[-3.997,40.7288],[-3.9969,40.7288],[-3.9967,40.7287],[-3.9966,40.7285],[-3.9965,40.7284],[-3.9965,40.7282],[-3.9962,40.7277],[-3.9959,40.7275],[-3.9958,40.7274],[-3.9955,40.7274],[-3.9954,40.7274],[-3.9951,40.727],[-3.9944,40.7263],[-3.9949,40.7258],[-3.9951,40.7257],[-3.9952,40.7256],[-3.9954,40.7254],[-3.9954,40.7254],[-3.9954,40.7254],[-3.995,40.7253],[-3.9944,40.7252],[-3.994,40.7251],[-3.9934,40.7252],[-3.9927,40.7252],[-3.9919,40.7252],[-3.9911,40.7253],[-3.9893,40.7253],[-3.9887,40.7254],[-3.9882,40.7256],[-3.9871,40.7259],[-3.9871,40.7259],[-3.987,40.7259],[-3.9858,40.7263],[-3.9843,40.7268],[-3.9832,40.7272],[-3.9832,40.7273],[-3.9836,40.7272],[-3.984,40.7271],[-3.9844,40.7272],[-3.9847,40.7272],[-3.9855,40.7271],[-3.9854,40.7275],[-3.9853,40.7276],[-3.985,40.7278],[-3.9847,40.728],[-3.9848,40.7284],[-3.9848,40.7287],[-3.9848,40.7288],[-3.9845,40.7288],[-3.9842,40.7288],[-3.9838,40.7289],[-3.9835,40.7289],[-3.9828,40.7289],[-3.9825,40.7289],[-3.9826,40.7293],[-3.9828,40.7298],[-3.9829,40.7301],[-3.9827,40.7302],[-3.9827,40.7303],[-3.9825,40.7305],[-3.9824,40.7306],[-3.9822,40.7307],[-3.9816,40.7311],[-3.9815,40.7311],[-3.9815,40.7311],[-3.9814,40.7312],[-3.9814,40.7312],[-3.9813,40.7313],[-3.9813,40.7313],[-3.9813,40.7314],[-3.9813,40.7314],[-3.9813,40.7314],[-3.9813,40.7316],[-3.9811,40.7317],[-3.9806,40.7319],[-3.9799,40.7322],[-3.9799,40.7323],[-3.9795,40.7324],[-3.979,40.7326],[-3.9783,40.7328],[-3.978,40.7329],[-3.978,40.7329],[-3.9778,40.7329],[-3.9778,40.7328],[-3.9778,40.7323],[-3.9777,40.7319],[-3.9776,40.7318],[-3.9774,40.7314],[-3.9772,40.7312],[-3.9769,40.7308],[-3.9769,40.7308],[-3.9768,40.7308],[-3.9766,40.7304],[-3.9762,40.7297],[-3.9759,40.7292],[-3.9758,40.7291],[-3.9753,40.7291],[-3.9749,40.7293],[-3.9741,40.7297],[-3.9738,40.7298],[-3.9736,40.7298],[-3.9733,40.7299],[-3.9729,40.7299],[-3.9726,40.7299],[-3.972,40.7299],[-3.9717,40.73],[-3.9714,40.7301],[-3.9711,40.7303],[-3.9709,40.7307],[-3.9705,40.731],[-3.9703,40.7313],[-3.97,40.7316],[-3.9699,40.7316],[-3.9699,40.7316],[-3.9696,40.7317],[-3.9691,40.7319],[-3.9684,40.7322],[-3.9667,40.7325],[-3.9647,40.733],[-3.9642,40.733],[-3.9637,40.733],[-3.9635,40.733],[-3.963,40.733],[-3.9627,40.7329],[-3.9624,40.7329],[-3.9616,40.7328],[-3.9597,40.7326],[-3.9592,40.7325],[-3.9591,40.7325],[-3.9589,40.7325],[-3.9586,40.7324],[-3.959,40.7333],[-3.959,40.7334],[-3.959,40.7334],[-3.9591,40.7336],[-3.9593,40.734],[-3.9593,40.7341],[-3.9597,40.734],[-3.9598,40.7339],[-3.9599,40.7339],[-3.9599,40.7339],[-3.96,40.7344],[-3.9601,40.7349],[-3.9601,40.7349],[-3.96,40.7349],[-3.96,40.7349],[-3.9598,40.735],[-3.9595,40.735],[-3.9592,40.735],[-3.959,40.7352],[-3.9587,40.7357],[-3.9585,40.7355],[-3.9581,40.7355],[-3.9574,40.7353],[-3.9571,40.7355],[-3.9568,40.7357],[-3.9572,40.7365],[-3.9573,40.7368],[-3.9571,40.7369],[-3.9568,40.7371],[-3.9566,40.7372],[-3.9567,40.7373],[-3.9567,40.7374],[-3.9567,40.7375],[-3.9565,40.7375],[-3.9564,40.7376],[-3.9562,40.7376],[-3.9562,40.7376],[-3.9561,40.7377],[-3.956,40.7377],[-3.9554,40.7378],[-3.9549,40.7379],[-3.9548,40.7379],[-3.9544,40.7375],[-3.9544,40.7373],[-3.9543,40.7373],[-3.9542,40.7374],[-3.9539,40.7374],[-3.9539,40.7375],[-3.9533,40.7374],[-3.953,40.7374],[-3.9528,40.7375],[-3.9528,40.7374],[-3.9526,40.7374],[-3.9525,40.7374],[-3.9523,40.7374],[-3.9522,40.7376],[-3.9522,40.7376],[-3.9519,40.7378],[-3.9515,40.7379],[-3.951,40.7381],[-3.9503,40.7382],[-3.9504,40.7383],[-3.9504,40.7385],[-3.9502,40.7386],[-3.9501,40.7388],[-3.9501,40.7389],[-3.95,40.7392],[-3.95,40.7395],[-3.9495,40.7393],[-3.9493,40.7393],[-3.9492,40.739],[-3.9489,40.7391],[-3.9486,40.7386],[-3.9484,40.7385],[-3.948,40.7386],[-3.9479,40.7389],[-3.9477,40.7389],[-3.9471,40.7388],[-3.9472,40.7388],[-3.9472,40.7388],[-3.9474,40.7387],[-3.9475,40.7385],[-3.9473,40.7384],[-3.947,40.7384],[-3.9469,40.7383],[-3.9467,40.7382],[-3.9459,40.7382],[-3.9453,40.7382],[-3.9451,40.7383],[-3.9451,40.7383],[-3.9446,40.7388],[-3.9445,40.7388],[-3.9438,40.7387],[-3.9438,40.7386],[-3.9438,40.7385],[-3.944,40.7382],[-3.944,40.738],[-3.9436,40.7378],[-3.9433,40.7378],[-3.9431,40.7376],[-3.9427,40.7375],[-3.9421,40.7376],[-3.9419,40.7375],[-3.9415,40.7373],[-3.9413,40.7373],[-3.9413,40.7373],[-3.9413,40.7372],[-3.9414,40.737],[-3.9414,40.7368],[-3.9416,40.7366],[-3.9414,40.7365],[-3.9412,40.7365],[-3.9408,40.7365],[-3.9409,40.7363],[-3.9409,40.7361],[-3.9412,40.7361],[-3.9414,40.7361],[-3.9417,40.7361],[-3.9419,40.736],[-3.9418,40.7359],[-3.9416,40.7355],[-3.9416,40.7351],[-3.9414,40.7348],[-3.9411,40.7343],[-3.941,40.7342],[-3.9406,40.7339],[-3.9403,40.7337],[-3.94,40.7335],[-3.9399,40.7334],[-3.9399,40.7333],[-3.9399,40.7332],[-3.9399,40.7332],[-3.9399,40.7331],[-3.94,40.7331],[-3.94,40.733],[-3.94,40.7329],[-3.9401,40.7329],[-3.9401,40.7328],[-3.9402,40.7328],[-3.9402,40.7328],[-3.9402,40.7327],[-3.9403,40.7327],[-3.9404,40.7326],[-3.9406,40.7326],[-3.9408,40.7326],[-3.9411,40.7325],[-3.9415,40.7324],[-3.9416,40.7324],[-3.9417,40.7323],[-3.9417,40.7323],[-3.9415,40.7321],[-3.9412,40.7319],[-3.9411,40.7319],[-3.9411,40.7318],[-3.941,40.7317],[-3.941,40.7316],[-3.9411,40.7314],[-3.9412,40.7314],[-3.9413,40.7313],[-3.9414,40.7312],[-3.9414,40.7311],[-3.9414,40.731],[-3.9414,40.7307],[-3.9414,40.7306],[-3.9412,40.7305],[-3.9404,40.7298],[-3.9397,40.7293],[-3.939,40.729],[-3.9385,40.7287],[-3.938,40.7285],[-3.9379,40.7285],[-3.9377,40.7284],[-3.9368,40.728],[-3.9363,40.7278],[-3.9356,40.7274],[-3.9354,40.7272],[-3.9345,40.7266],[-3.9341,40.7263],[-3.9332,40.7255],[-3.9329,40.7253],[-3.9323,40.7251],[-3.9319,40.7249],[-3.9314,40.7247],[-3.9311,40.7246],[-3.9306,40.7243],[-3.9302,40.7241],[-3.9298,40.7239],[-3.9295,40.7238],[-3.9292,40.7237],[-3.929,40.7236],[-3.9284,40.7233],[-3.9281,40.7232],[-3.9276,40.723],[-3.9272,40.7227],[-3.9268,40.7225],[-3.9266,40.7224],[-3.9263,40.7223],[-3.926,40.7223],[-3.9256,40.7222],[-3.9255,40.7222],[-3.9254,40.7224],[-3.9254,40.7225],[-3.9255,40.7228],[-3.9256,40.7231],[-3.9256,40.7233],[-3.9257,40.7234],[-3.9258,40.7237],[-3.9258,40.7238],[-3.926,40.724],[-3.9261,40.7242],[-3.9263,40.7245],[-3.9264,40.7247],[-3.9261,40.7247],[-3.9258,40.7248],[-3.9256,40.7249],[-3.9255,40.725],[-3.9253,40.7251],[-3.9252,40.7252],[-3.9251,40.7251],[-3.9249,40.7251],[-3.9246,40.7249],[-3.9245,40.7248],[-3.9243,40.7246],[-3.9241,40.7245],[-3.9238,40.7244],[-3.9236,40.7243],[-3.9234,40.7241],[-3.9232,40.724],[-3.9229,40.7238],[-3.9225,40.7235],[-3.9219,40.7232],[-3.9217,40.7231],[-3.9216,40.7231],[-3.9215,40.7231],[-3.9214,40.7231],[-3.9212,40.7231],[-3.9211,40.7231],[-3.9211,40.7232],[-3.921,40.7232],[-3.9209,40.7232],[-3.9208,40.7234],[-3.9207,40.7235],[-3.9205,40.7235],[-3.9203,40.7236],[-3.9203,40.7238],[-3.9203,40.724],[-3.9201,40.7241],[-3.9199,40.7241],[-3.9198,40.7241],[-3.9197,40.7239],[-3.9195,40.7238],[-3.9194,40.7238],[-3.9194,40.7236],[-3.9194,40.7235],[-3.9194,40.7235],[-3.9194,40.7235],[-3.9194,40.7234],[-3.9194,40.7234],[-3.9194,40.7233],[-3.9194,40.7232],[-3.9194,40.7232],[-3.9194,40.7231],[-3.9193,40.7231],[-3.9193,40.723],[-3.9192,40.723],[-3.9192,40.7229],[-3.9191,40.7228],[-3.9189,40.7227],[-3.9188,40.7226],[-3.9187,40.7225],[-3.9186,40.7225],[-3.9186,40.7223],[-3.9185,40.7222],[-3.9183,40.7221],[-3.9181,40.7219],[-3.918,40.7217],[-3.9178,40.7215],[-3.9177,40.7213],[-3.9176,40.7212],[-3.9172,40.7209],[-3.9171,40.7208],[-3.9169,40.7207],[-3.9167,40.7208],[-3.9166,40.7208],[-3.9166,40.7207],[-3.9166,40.7206],[-3.9165,40.7204],[-3.9164,40.7202],[-3.9167,40.7201],[-3.9169,40.7201],[-3.917,40.7202],[-3.917,40.7202],[-3.9171,40.7202],[-3.9172,40.7202],[-3.9171,40.7197],[-3.9171,40.7196],[-3.9168,40.7195],[-3.9168,40.7192],[-3.9168,40.7191],[-3.9166,40.719],[-3.9165,40.7189],[-3.9164,40.7187],[-3.9165,40.7186],[-3.9166,40.7185],[-3.9166,40.7185],[-3.9165,40.7185],[-3.9165,40.7185],[-3.9164,40.7185],[-3.9164,40.7185],[-3.9163,40.7185],[-3.9162,40.7184],[-3.9161,40.7184],[-3.9159,40.7184],[-3.9158,40.7183],[-3.9157,40.7183],[-3.9155,40.7182],[-3.9154,40.7181],[-3.9149,40.718],[-3.9145,40.7179],[-3.9143,40.7178],[-3.914,40.7177],[-3.9139,40.7177],[-3.9138,40.7177],[-3.9137,40.7177],[-3.9136,40.7177],[-3.9134,40.7177],[-3.9133,40.7177],[-3.9132,40.7177],[-3.9131,40.7177],[-3.913,40.7176],[-3.9129,40.7176],[-3.9129,40.7176],[-3.9128,40.7175],[-3.9127,40.7175],[-3.9127,40.7174],[-3.9126,40.7174],[-3.9126,40.7173],[-3.9126,40.7173],[-3.9125,40.7172],[-3.9125,40.717],[-3.9125,40.7169],[-3.9124,40.7167],[-3.9123,40.7165],[-3.9123,40.7165],[-3.9122,40.7164],[-3.9122,40.7163],[-3.9122,40.7162],[-3.9122,40.7162],[-3.9122,40.7161],[-3.9122,40.7161],[-3.9121,40.716],[-3.9122,40.7158],[-3.9122,40.7158],[-3.9123,40.7157],[-3.9125,40.7156],[-3.9127,40.7155],[-3.913,40.7155],[-3.9132,40.7154],[-3.9131,40.7154],[-3.913,40.7153],[-3.9128,40.7153],[-3.9124,40.7153],[-3.9122,40.7153],[-3.9121,40.7153],[-3.912,40.7152],[-3.9119,40.7152],[-3.9116,40.7149],[-3.9114,40.7148],[-3.911,40.7146],[-3.9106,40.7146],[-3.9099,40.7144],[-3.9091,40.7143],[-3.9086,40.7141],[-3.9082,40.714],[-3.9076,40.7137],[-3.9075,40.7137],[-3.9073,40.7137],[-3.9069,40.7135],[-3.9066,40.7133],[-3.9065,40.7132],[-3.9062,40.7134],[-3.9058,40.7136],[-3.9056,40.7137],[-3.9053,40.7138],[-3.9046,40.714],[-3.9039,40.7141],[-3.9029,40.7143],[-3.9026,40.7143],[-3.9027,40.7143],[-3.9027,40.7144],[-3.9027,40.7144],[-3.9028,40.7148],[-3.9028,40.715],[-3.9028,40.7151],[-3.9026,40.7153],[-3.9025,40.7153],[-3.9025,40.7153],[-3.9025,40.7164],[-3.9026,40.717],[-3.9026,40.7175],[-3.9027,40.718],[-3.9029,40.7185],[-3.9031,40.7187],[-3.9033,40.719],[-3.9032,40.7192],[-3.9033,40.7196],[-3.9032,40.7199],[-3.9028,40.7199],[-3.9027,40.7201],[-3.9025,40.7201],[-3.9024,40.7201],[-3.902,40.7202],[-3.9016,40.7204],[-3.9011,40.7206],[-3.9009,40.7206],[-3.9007,40.7203],[-3.9006,40.7198],[-3.9003,40.7192],[-3.9002,40.719],[-3.9,40.7187],[-3.9,40.7186],[-3.8999,40.7183],[-3.8998,40.718],[-3.8997,40.7179],[-3.8995,40.7178],[-3.8991,40.7179],[-3.8988,40.7179],[-3.8985,40.7179],[-3.8984,40.7179],[-3.8986,40.7182],[-3.8986,40.7188],[-3.8979,40.7189],[-3.8977,40.7189],[-3.8976,40.7189],[-3.8976,40.7189],[-3.8976,40.7189],[-3.8975,40.7187],[-3.8975,40.7186],[-3.8973,40.7185],[-3.8972,40.7184],[-3.897,40.7182],[-3.897,40.7182],[-3.8966,40.7179],[-3.8966,40.7179],[-3.8965,40.7178],[-3.8959,40.7173],[-3.8956,40.717],[-3.8955,40.717],[-3.8955,40.717],[-3.895,40.7165],[-3.8945,40.7161],[-3.8941,40.7158],[-3.8938,40.7155],[-3.8937,40.7154],[-3.8932,40.7154],[-3.8929,40.7154],[-3.8926,40.7154],[-3.8925,40.7155],[-3.8921,40.7156],[-3.8916,40.7157],[-3.8912,40.7159],[-3.8905,40.7162],[-3.8902,40.7163],[-3.8902,40.7163],[-3.8902,40.7163],[-3.8897,40.7165],[-3.8893,40.7167],[-3.8886,40.717],[-3.8875,40.7175],[-3.8859,40.7182],[-3.885,40.7187],[-3.8838,40.7192],[-3.8829,40.7197],[-3.8819,40.7202],[-3.8812,40.7205],[-3.8803,40.721],[-3.8802,40.7211],[-3.8799,40.7213],[-3.8791,40.7222],[-3.8785,40.7228],[-3.8783,40.7231],[-3.878,40.7234],[-3.8778,40.7235],[-3.8776,40.7236],[-3.8773,40.7238],[-3.8771,40.7239],[-3.8768,40.724],[-3.8767,40.724],[-3.8763,40.7241],[-3.8758,40.7241],[-3.8754,40.7241],[-3.8748,40.7241],[-3.8749,40.7242],[-3.8753,40.7243],[-3.8755,40.7243],[-3.8759,40.7243],[-3.8761,40.7243],[-3.8762,40.7244],[-3.8763,40.7244],[-3.8764,40.7245],[-3.8764,40.7245],[-3.8764,40.7245],[-3.8764,40.7245],[-3.8765,40.7246],[-3.8765,40.7248],[-3.8765,40.7249],[-3.8765,40.7249],[-3.8765,40.725],[-3.8765,40.7254],[-3.8765,40.7254],[-3.8765,40.7256],[-3.8765,40.7259],[-3.8765,40.7261],[-3.8765,40.7263],[-3.8765,40.7264],[-3.8765,40.7264],[-3.8765,40.7264],[-3.8765,40.7264],[-3.8767,40.7264],[-3.8767,40.7264],[-3.8767,40.7265],[-3.8768,40.7265],[-3.8768,40.7265],[-3.8768,40.7265],[-3.8768,40.7265],[-3.8774,40.7265],[-3.8779,40.7265],[-3.878,40.7265],[-3.8781,40.7265],[-3.8783,40.7264],[-3.8796,40.7265],[-3.8797,40.7265],[-3.8797,40.7265],[-3.8799,40.7265],[-3.8799,40.7266],[-3.8799,40.7266],[-3.88,40.7267],[-3.8801,40.7271],[-3.8801,40.7272],[-3.8801,40.7272],[-3.8801,40.7272],[-3.8802,40.7273],[-3.8802,40.7275],[-3.8802,40.7275],[-3.8802,40.7276],[-3.8801,40.7279],[-3.8802,40.7279],[-3.8802,40.7281],[-3.8803,40.7282],[-3.8804,40.7286],[-3.8804,40.7286],[-3.8804,40.7286],[-3.8805,40.7287],[-3.8805,40.7289],[-3.8805,40.729],[-3.8805,40.7291],[-3.8805,40.7293],[-3.8805,40.7294],[-3.8805,40.7294],[-3.8805,40.7295],[-3.8805,40.7296],[-3.8805,40.7296],[-3.8804,40.7296],[-3.8807,40.7301],[-3.881,40.7306],[-3.8811,40.7308],[-3.8811,40.7309],[-3.8804,40.7307],[-3.8801,40.7305],[-3.8798,40.7304],[-3.8794,40.7301],[-3.879,40.73],[-3.8787,40.73],[-3.8783,40.7302],[-3.878,40.7302],[-3.8779,40.7302],[-3.8779,40.7304],[-3.878,40.7309],[-3.8781,40.7312],[-3.8781,40.7313],[-3.8779,40.7314],[-3.8777,40.7315],[-3.8771,40.7317],[-3.8769,40.7324],[-3.8769,40.7325],[-3.8769,40.7326],[-3.877,40.7328],[-3.8771,40.733],[-3.8771,40.7332],[-3.8771,40.7333],[-3.877,40.7334],[-3.8769,40.7335],[-3.877,40.7335],[-3.8771,40.7335],[-3.8773,40.7335],[-3.8773,40.7335],[-3.8774,40.7335],[-3.8774,40.7335],[-3.8775,40.7335],[-3.8775,40.7335],[-3.8776,40.7335],[-3.8776,40.7336],[-3.8777,40.7336],[-3.8777,40.7336],[-3.8777,40.7336],[-3.8777,40.7336],[-3.8777,40.7336],[-3.8777,40.7337],[-3.8777,40.7337],[-3.8777,40.7337],[-3.8779,40.7337],[-3.878,40.7337],[-3.8782,40.7337],[-3.8783,40.7338],[-3.8784,40.7337],[-3.8785,40.7337],[-3.8785,40.7336],[-3.8785,40.7336],[-3.8785,40.7336],[-3.8785,40.7336],[-3.8785,40.7336],[-3.8786,40.7336],[-3.8786,40.7336],[-3.8786,40.7336],[-3.8786,40.7336],[-3.8786,40.7336],[-3.8787,40.7337],[-3.8787,40.7337],[-3.8787,40.7337],[-3.8788,40.7337],[-3.8791,40.7337],[-3.8793,40.7338],[-3.8795,40.7338],[-3.8796,40.7339],[-3.8796,40.734],[-3.8796,40.7341],[-3.8796,40.7342],[-3.8796,40.7343],[-3.8796,40.7345],[-3.8796,40.7346],[-3.8797,40.7347],[-3.8799,40.7347],[-3.8799,40.7347],[-3.8799,40.7349],[-3.88,40.7351],[-3.88,40.7352],[-3.8799,40.7355],[-3.8799,40.7359],[-3.8799,40.7363],[-3.8799,40.7365],[-3.8798,40.7368],[-3.8798,40.737],[-3.8798,40.7371],[-3.8797,40.7372],[-3.8796,40.7375],[-3.8796,40.7377],[-3.8795,40.7381],[-3.8794,40.7385],[-3.8794,40.7385],[-3.8794,40.7386],[-3.8794,40.7386],[-3.8794,40.7386],[-3.8794,40.7386],[-3.8794,40.7386],[-3.8794,40.7386],[-3.8794,40.7386],[-3.8794,40.7387],[-3.8794,40.7387],[-3.8794,40.7387],[-3.8795,40.7387],[-3.8798,40.739],[-3.8798,40.739],[-3.8798,40.739],[-3.8799,40.7392],[-3.8806,40.7391],[-3.8806,40.7392],[-3.8806,40.7395],[-3.8806,40.7398],[-3.8807,40.74],[-3.8808,40.7401],[-3.8809,40.7402],[-3.881,40.7403],[-3.8811,40.7405],[-3.8813,40.7405],[-3.8813,40.7406],[-3.8814,40.7407],[-3.8815,40.7407],[-3.8816,40.7407],[-3.8816,40.7408],[-3.8817,40.7408],[-3.8817,40.7408],[-3.8819,40.741],[-3.882,40.7412],[-3.8822,40.7412],[-3.8822,40.7412],[-3.8823,40.7415],[-3.8824,40.7416],[-3.8826,40.7417],[-3.8827,40.7418],[-3.883,40.7419],[-3.8832,40.7419],[-3.8836,40.742],[-3.884,40.742],[-3.8849,40.742],[-3.8854,40.7421],[-3.886,40.7421],[-3.8865,40.7421],[-3.8866,40.7421],[-3.8866,40.7423],[-3.8867,40.7423],[-3.8867,40.7425],[-3.8865,40.7425],[-3.8865,40.7424],[-3.8856,40.7424],[-3.8846,40.7427],[-3.8843,40.7428],[-3.8827,40.7429],[-3.8819,40.7429],[-3.8818,40.7429],[-3.8816,40.7429],[-3.8815,40.7429],[-3.8815,40.7429],[-3.8813,40.743],[-3.8812,40.743],[-3.8812,40.743],[-3.8811,40.7429],[-3.881,40.7429],[-3.8809,40.7429],[-3.8803,40.7427],[-3.88,40.7426],[-3.8799,40.7426],[-3.8797,40.7427],[-3.8795,40.7427],[-3.8793,40.7426],[-3.8793,40.7425],[-3.8793,40.7424],[-3.879,40.7423],[-3.8788,40.7423],[-3.8785,40.7422],[-3.878,40.7423],[-3.8779,40.7422],[-3.8776,40.7422],[-3.8775,40.7422],[-3.8773,40.7422],[-3.8768,40.7423],[-3.8765,40.7423],[-3.8763,40.7423],[-3.8761,40.7423],[-3.8757,40.7424],[-3.8755,40.7426],[-3.8748,40.7428],[-3.8741,40.743],[-3.8737,40.7432],[-3.8735,40.7431],[-3.8728,40.7425],[-3.8727,40.7424],[-3.8727,40.7423],[-3.8726,40.7423],[-3.8726,40.7423],[-3.8726,40.7423],[-3.8726,40.7422],[-3.8728,40.7412],[-3.8729,40.7408],[-3.8729,40.7407],[-3.8729,40.7407],[-3.8729,40.7406],[-3.8729,40.7405],[-3.8728,40.7404],[-3.8728,40.7403],[-3.8728,40.7401],[-3.8727,40.7399],[-3.8727,40.7394],[-3.8726,40.7388],[-3.8725,40.7383],[-3.8726,40.7381],[-3.8725,40.738],[-3.8725,40.7378],[-3.8724,40.7374],[-3.8723,40.7372],[-3.8722,40.7367],[-3.8722,40.7367],[-3.8722,40.7367],[-3.8722,40.7366],[-3.8722,40.7366],[-3.8721,40.7366],[-3.8721,40.7366],[-3.872,40.7366],[-3.8718,40.7365],[-3.8717,40.7365],[-3.8717,40.7365],[-3.8717,40.7365],[-3.8717,40.7365],[-3.8717,40.7365],[-3.8716,40.7365],[-3.8715,40.7365],[-3.8713,40.7366],[-3.8712,40.7366],[-3.8711,40.7366],[-3.871,40.7366],[-3.871,40.7366],[-3.871,40.7366],[-3.8703,40.7367],[-3.87,40.7368],[-3.8699,40.7368],[-3.8696,40.737],[-3.8693,40.737],[-3.8689,40.7371],[-3.8687,40.7372],[-3.8682,40.7373],[-3.8678,40.7374],[-3.8673,40.7376],[-3.8667,40.7377],[-3.866,40.7378],[-3.8656,40.7378],[-3.8653,40.7379],[-3.8653,40.7379],[-3.865,40.738],[-3.8648,40.7381],[-3.8648,40.7381],[-3.8648,40.7381],[-3.8647,40.7381],[-3.8645,40.7382],[-3.8644,40.7382],[-3.8644,40.7382],[-3.8642,40.7382],[-3.8641,40.738],[-3.864,40.738],[-3.864,40.7378],[-3.8639,40.7375],[-3.8637,40.7372],[-3.8636,40.737],[-3.8634,40.7371],[-3.8632,40.7371],[-3.8625,40.7372],[-3.8623,40.7373],[-3.8623,40.7373],[-3.8622,40.7373],[-3.8621,40.7372],[-3.8621,40.7372],[-3.8618,40.7369],[-3.8613,40.737],[-3.8608,40.7372],[-3.8606,40.7372],[-3.8606,40.7372],[-3.8606,40.7372],[-3.8605,40.7372],[-3.8603,40.7371],[-3.8603,40.7371],[-3.8602,40.737],[-3.8602,40.737],[-3.8601,40.737],[-3.86,40.7369],[-3.86,40.7369],[-3.8599,40.7368],[-3.8599,40.7368],[-3.8599,40.7368],[-3.8598,40.7366],[-3.8597,40.7365],[-3.8597,40.7365],[-3.8595,40.7366],[-3.8594,40.7367],[-3.8592,40.7367],[-3.859,40.7366],[-3.8586,40.7365],[-3.8584,40.7365],[-3.858,40.7365],[-3.8578,40.7365],[-3.8571,40.7365],[-3.857,40.7365],[-3.8569,40.7366],[-3.8568,40.7366],[-3.8567,40.7367],[-3.8564,40.7368],[-3.8562,40.7369],[-3.8562,40.7369],[-3.8562,40.737],[-3.8561,40.7371],[-3.8559,40.7371],[-3.8557,40.7371],[-3.8551,40.7374],[-3.8544,40.7377],[-3.8543,40.7377],[-3.8542,40.7378],[-3.8542,40.7378],[-3.8541,40.738],[-3.854,40.7381],[-3.854,40.7381],[-3.8537,40.7383],[-3.8536,40.7383],[-3.8536,40.7386],[-3.8535,40.7388],[-3.8534,40.739],[-3.8535,40.739],[-3.8536,40.7393],[-3.8537,40.7394],[-3.8532,40.7396],[-3.8532,40.7396],[-3.8531,40.7396],[-3.8531,40.7396],[-3.8528,40.7395],[-3.8524,40.7393],[-3.8523,40.7393],[-3.8522,40.7392],[-3.8521,40.7392],[-3.852,40.7391],[-3.8519,40.7392],[-3.8517,40.7392],[-3.8516,40.7391],[-3.8517,40.739],[-3.8515,40.739],[-3.8516,40.739],[-3.8514,40.739],[-3.8513,40.739],[-3.8513,40.739],[-3.8512,40.739],[-3.8512,40.7389],[-3.851,40.7389],[-3.8508,40.7389],[-3.8508,40.7388],[-3.8506,40.7389],[-3.8505,40.7389],[-3.8504,40.7389],[-3.8503,40.7388],[-3.8501,40.7388],[-3.8499,40.7388],[-3.8498,40.7387],[-3.8497,40.7386],[-3.8497,40.7386],[-3.8497,40.7385],[-3.8497,40.7384],[-3.8496,40.7384],[-3.8496,40.7384],[-3.8496,40.7381],[-3.8495,40.7379],[-3.8495,40.7377],[-3.8494,40.7377],[-3.8494,40.7377],[-3.8493,40.7373],[-3.8491,40.7369],[-3.8489,40.7366],[-3.8487,40.7363],[-3.8487,40.7362],[-3.8487,40.736],[-3.8487,40.7359],[-3.8487,40.7357],[-3.8486,40.7355],[-3.8486,40.7354],[-3.8485,40.7354],[-3.8482,40.7356],[-3.8476,40.7359],[-3.8464,40.7365],[-3.8458,40.7368],[-3.8455,40.7371],[-3.8452,40.7373],[-3.8448,40.7375],[-3.8444,40.738],[-3.8439,40.7385],[-3.8433,40.7393],[-3.8429,40.7396],[-3.8427,40.7398],[-3.8423,40.74],[-3.842,40.7402],[-3.8401,40.741],[-3.8388,40.7415],[-3.8381,40.7418],[-3.8377,40.7418],[-3.8372,40.7419],[-3.837,40.7419],[-3.8364,40.7419],[-3.8357,40.7418],[-3.8347,40.7416],[-3.8336,40.7414],[-3.8333,40.7414],[-3.833,40.7414],[-3.8325,40.7415],[-3.8312,40.7418],[-3.8305,40.7419],[-3.829,40.742],[-3.8287,40.7421],[-3.8284,40.742],[-3.828,40.7419],[-3.8269,40.7415],[-3.8265,40.7414],[-3.8258,40.7408],[-3.8249,40.7401],[-3.824,40.7394],[-3.8233,40.7388],[-3.8231,40.7386],[-3.8228,40.7385],[-3.8226,40.7384],[-3.8222,40.7383],[-3.8215,40.738],[-3.8209,40.738],[-3.8204,40.7379],[-3.8201,40.7379],[-3.8198,40.7379],[-3.8194,40.738],[-3.819,40.738],[-3.8176,40.7385],[-3.8161,40.739],[-3.8154,40.7393],[-3.8152,40.7393],[-3.8145,40.7396],[-3.814,40.7398],[-3.8132,40.7401],[-3.8125,40.7404],[-3.8116,40.7409],[-3.8106,40.7414],[-3.8092,40.7421],[-3.8059,40.7438],[-3.8037,40.745],[-3.8022,40.7458],[-3.8011,40.7463],[-3.8011,40.7467],[-3.8011,40.7469],[-3.8011,40.7472],[-3.8012,40.7474],[-3.8011,40.7475],[-3.8011,40.7478],[-3.801,40.7479],[-3.8011,40.7481],[-3.8011,40.7483],[-3.8011,40.7485],[-3.8012,40.7487],[-3.8012,40.7488],[-3.8012,40.7488],[-3.8013,40.7493],[-3.8017,40.7502],[-3.802,40.7515],[-3.8021,40.7523],[-3.8023,40.753],[-3.8029,40.7543],[-3.8018,40.7546],[-3.8004,40.7549],[-3.7998,40.755],[-3.7994,40.7551],[-3.7984,40.7556],[-3.7979,40.7558],[-3.7973,40.756],[-3.7962,40.7564],[-3.7953,40.7569],[-3.7937,40.7576],[-3.7927,40.7581],[-3.7922,40.7583],[-3.7916,40.7584],[-3.7907,40.7585],[-3.7907,40.7585],[-3.7906,40.759],[-3.7906,40.7601],[-3.7905,40.7606],[-3.7905,40.7607],[-3.7901,40.7612],[-3.7901,40.7613],[-3.7899,40.7615],[-3.7895,40.7621],[-3.7885,40.7636],[-3.7885,40.7637],[-3.7883,40.7641],[-3.7882,40.7643],[-3.7877,40.7653],[-3.7875,40.7655],[-3.7871,40.7665],[-3.7869,40.7672],[-3.7868,40.7676],[-3.7868,40.7678],[-3.786,40.7689],[-3.7855,40.7692],[-3.7849,40.7692],[-3.7843,40.7691],[-3.7832,40.769],[-3.7817,40.7688],[-3.7817,40.7688],[-3.7808,40.7686],[-3.7808,40.7688],[-3.7807,40.7687],[-3.7807,40.7689],[-3.7806,40.7689],[-3.7807,40.7689],[-3.7806,40.769],[-3.7804,40.7695],[-3.7804,40.7696],[-3.78,40.7703],[-3.7797,40.7712],[-3.7794,40.7719],[-3.7791,40.7725],[-3.7791,40.7725],[-3.7791,40.7725],[-3.7791,40.7729],[-3.7791,40.7733],[-3.7792,40.7741],[-3.779,40.7744],[-3.7787,40.7748],[-3.7782,40.7753],[-3.7777,40.7758],[-3.7772,40.7764],[-3.7766,40.7771],[-3.7759,40.7778],[-3.7756,40.7783],[-3.7754,40.7786],[-3.7753,40.7788],[-3.7753,40.779],[-3.7752,40.779],[-3.7752,40.7791],[-3.775,40.7796],[-3.7749,40.7802],[-3.7747,40.7805],[-3.7745,40.7813],[-3.7742,40.7823],[-3.774,40.7827],[-3.7739,40.7828],[-3.7736,40.783],[-3.7733,40.7831],[-3.7731,40.7832],[-3.7729,40.7832],[-3.7726,40.7832],[-3.7723,40.7831],[-3.7722,40.7829],[-3.7719,40.7828],[-3.7717,40.7827],[-3.7713,40.7823],[-3.7711,40.782],[-3.771,40.7819],[-3.7709,40.7817],[-3.7709,40.7816],[-3.7709,40.7815],[-3.7709,40.7814],[-3.7708,40.7813],[-3.7708,40.7813],[-3.7708,40.7813],[-3.7707,40.781],[-3.7704,40.7804],[-3.7703,40.7799],[-3.7697,40.78],[-3.7677,40.7802],[-3.7677,40.7802],[-3.7678,40.7807],[-3.7677,40.7812],[-3.7677,40.7817],[-3.7677,40.7819],[-3.7677,40.7822],[-3.7676,40.7828],[-3.7672,40.7851],[-3.767,40.786],[-3.767,40.7865],[-3.767,40.7868],[-3.767,40.787],[-3.7671,40.7873],[-3.7672,40.7879],[-3.7677,40.7892],[-3.7681,40.7898],[-3.7684,40.7906],[-3.7687,40.7917],[-3.7688,40.7918],[-3.7688,40.7918],[-3.769,40.7925],[-3.7691,40.7928],[-3.7691,40.7931],[-3.7691,40.7934],[-3.7691,40.7938],[-3.7689,40.7945],[-3.7688,40.7949],[-3.7687,40.795],[-3.7686,40.7952],[-3.7684,40.7956],[-3.7681,40.796],[-3.768,40.7961],[-3.7678,40.7963],[-3.7676,40.7966],[-3.7672,40.7969],[-3.7671,40.797],[-3.7669,40.7971],[-3.7664,40.7975],[-3.7655,40.798],[-3.7653,40.7981],[-3.7655,40.7984],[-3.7657,40.7988],[-3.7659,40.7992],[-3.7661,40.7996],[-3.7661,40.8],[-3.7662,40.8],[-3.7664,40.8001],[-3.767,40.8001],[-3.7675,40.8002],[-3.7678,40.8004],[-3.7682,40.8007],[-3.7689,40.8014],[-3.7697,40.8022],[-3.77,40.8025],[-3.7704,40.8021],[-3.7708,40.8018],[-3.7712,40.8017],[-3.7715,40.8016],[-3.7717,40.8016],[-3.772,40.8016],[-3.7721,40.8017],[-3.7726,40.8018],[-3.773,40.8018],[-3.7731,40.8017],[-3.7733,40.8016],[-3.7734,40.8013],[-3.7735,40.8011],[-3.7736,40.801],[-3.7739,40.8009],[-3.7741,40.8007],[-3.7744,40.8007],[-3.7748,40.8006],[-3.775,40.8005],[-3.7751,40.8005],[-3.7751,40.801],[-3.7752,40.8017],[-3.7753,40.8022],[-3.7755,40.8028],[-3.777,40.8032],[-3.778,40.8036],[-3.7787,40.8041],[-3.7793,40.8047],[-3.7796,40.8049],[-3.7803,40.8054],[-3.7803,40.8055],[-3.7794,40.8058],[-3.7795,40.8059],[-3.7796,40.8061],[-3.7799,40.8066],[-3.7796,40.8066],[-3.7797,40.8068],[-3.7798,40.807],[-3.7792,40.8072],[-3.7793,40.8075],[-3.7797,40.8074],[-3.78,40.8073],[-3.7804,40.807],[-3.7808,40.8069],[-3.7813,40.8066],[-3.7823,40.8064],[-3.7825,40.8063],[-3.7829,40.8063],[-3.7834,40.8064],[-3.7838,40.8064],[-3.7842,40.8066],[-3.7844,40.8065],[-3.7848,40.8066],[-3.7853,40.8066],[-3.7857,40.8065],[-3.786,40.8063],[-3.7855,40.8068],[-3.785,40.8073],[-3.785,40.8077],[-3.785,40.8078],[-3.785,40.808],[-3.7849,40.8081],[-3.7852,40.8083],[-3.7848,40.8088],[-3.7847,40.8091],[-3.7846,40.8092],[-3.7845,40.8092],[-3.7844,40.8093],[-3.7843,40.8093],[-3.7841,40.8094],[-3.7837,40.8095],[-3.7834,40.8097],[-3.7832,40.8098],[-3.7829,40.81],[-3.7826,40.8102],[-3.7825,40.8102],[-3.7822,40.8105],[-3.7819,40.8107],[-3.7816,40.8109],[-3.7816,40.8108],[-3.7814,40.811],[-3.7814,40.8111],[-3.7818,40.8115],[-3.7822,40.8119],[-3.7823,40.812],[-3.7822,40.8124],[-3.7823,40.8128],[-3.7824,40.8129],[-3.7823,40.8131],[-3.7828,40.8135],[-3.784,40.8151],[-3.7846,40.8153],[-3.7851,40.8155],[-3.7856,40.8157],[-3.7865,40.8161],[-3.7868,40.8163],[-3.788,40.8167],[-3.7892,40.8172],[-3.7899,40.8174],[-3.7904,40.8176],[-3.7918,40.8183],[-3.7929,40.8188],[-3.7936,40.819],[-3.7946,40.8193],[-3.7951,40.8194],[-3.7956,40.8195],[-3.796,40.8196],[-3.7965,40.8199],[-3.7972,40.8202],[-3.7979,40.8206],[-3.7983,40.8209],[-3.7983,40.8209],[-3.7985,40.8213],[-3.7987,40.8216],[-3.7987,40.8218],[-3.7988,40.822],[-3.7989,40.822],[-3.799,40.8221],[-3.7991,40.8223],[-3.7993,40.8224],[-3.7998,40.8225],[-3.7999,40.8226],[-3.7993,40.8229],[-3.7991,40.8231],[-3.7991,40.8231],[-3.7991,40.8231],[-3.799,40.8234],[-3.7991,40.8236],[-3.7992,40.8239],[-3.7992,40.8241],[-3.7992,40.8241],[-3.7991,40.8243],[-3.7991,40.8243],[-3.7993,40.8244],[-3.7994,40.8246],[-3.7995,40.8248],[-3.7995,40.8248],[-3.7994,40.8249],[-3.7992,40.8248],[-3.7986,40.8248],[-3.7984,40.8249],[-3.7984,40.8249],[-3.7985,40.825],[-3.7987,40.8253],[-3.7988,40.8254],[-3.7987,40.8257],[-3.7983,40.8257],[-3.7974,40.8256],[-3.7967,40.8254],[-3.7961,40.825],[-3.7956,40.8246],[-3.7955,40.8245],[-3.7951,40.8242],[-3.7949,40.824],[-3.795,40.8236],[-3.795,40.823],[-3.7951,40.8226],[-3.7951,40.8223],[-3.7949,40.8219],[-3.7946,40.8216],[-3.7941,40.8215],[-3.7935,40.8215],[-3.7928,40.8217],[-3.7924,40.8216],[-3.792,40.8214],[-3.7917,40.8212],[-3.7915,40.8209],[-3.791,40.8209],[-3.7905,40.8208],[-3.7899,40.8205],[-3.7893,40.8202],[-3.7892,40.8202],[-3.7891,40.8203],[-3.7882,40.8201],[-3.788,40.8201],[-3.7876,40.82],[-3.7865,40.8198],[-3.7864,40.82],[-3.786,40.82],[-3.7856,40.82],[-3.7855,40.8204],[-3.7854,40.8206],[-3.7854,40.821],[-3.7851,40.8213],[-3.7847,40.8215],[-3.7845,40.8214],[-3.7838,40.8208],[-3.7834,40.8206],[-3.7831,40.8201],[-3.7829,40.8194],[-3.7826,40.819],[-3.7822,40.8188],[-3.782,40.8185],[-3.7817,40.8182],[-3.7808,40.8178],[-3.7801,40.8172],[-3.7789,40.8168],[-3.7784,40.8166],[-3.7778,40.8165],[-3.7774,40.8164],[-3.7773,40.8164],[-3.777,40.8163],[-3.7761,40.8158],[-3.7753,40.8154],[-3.7753,40.8157],[-3.7748,40.8157],[-3.7748,40.8154],[-3.7746,40.8154],[-3.7739,40.8153],[-3.7733,40.8154],[-3.7727,40.8156],[-3.7722,40.8156],[-3.7712,40.8159],[-3.7707,40.8159],[-3.7704,40.8158],[-3.77,40.8161],[-3.7697,40.8162],[-3.7691,40.8163],[-3.7689,40.8165],[-3.7688,40.8168],[-3.7685,40.8172],[-3.7682,40.8173],[-3.7675,40.8175],[-3.7668,40.8181],[-3.7663,40.8184],[-3.7658,40.8187],[-3.7655,40.8187],[-3.7655,40.819],[-3.7649,40.8195],[-3.7648,40.8196],[-3.7645,40.82],[-3.7644,40.8203],[-3.7644,40.8208],[-3.7646,40.821],[-3.7646,40.8211],[-3.7644,40.821],[-3.7641,40.821],[-3.7638,40.8211],[-3.7637,40.821],[-3.7635,40.8212],[-3.7636,40.8213],[-3.7636,40.8215],[-3.7632,40.8214],[-3.763,40.8214],[-3.7628,40.8215],[-3.7626,40.8213],[-3.7618,40.8216],[-3.7618,40.8216],[-3.7613,40.8218],[-3.7615,40.8219],[-3.7617,40.822],[-3.7621,40.8222],[-3.7624,40.8224],[-3.7627,40.8227],[-3.7629,40.8228],[-3.7634,40.8231],[-3.7641,40.8234],[-3.7645,40.8236],[-3.765,40.8239],[-3.7655,40.8241],[-3.766,40.8243],[-3.7664,40.8245],[-3.7668,40.8246],[-3.7676,40.8249],[-3.7681,40.8251],[-3.7685,40.8253],[-3.7688,40.8254],[-3.7735,40.8255],[-3.7737,40.8259],[-3.7737,40.826],[-3.7738,40.8261],[-3.7738,40.8262],[-3.7738,40.8263],[-3.7738,40.8265],[-3.774,40.8267],[-3.7742,40.827],[-3.7745,40.8273],[-3.7747,40.8276],[-3.7749,40.8279],[-3.7753,40.8282],[-3.7753,40.8282],[-3.7755,40.8283],[-3.7756,40.8283],[-3.7757,40.8283],[-3.7757,40.8283],[-3.7759,40.8284],[-3.776,40.8285],[-3.7761,40.8285],[-3.7762,40.8286],[-3.7764,40.8287],[-3.7765,40.8289],[-3.7766,40.8291],[-3.7766,40.8291],[-3.7767,40.8292],[-3.7768,40.8292],[-3.7768,40.8292],[-3.777,40.8293],[-3.7774,40.8293],[-3.7775,40.8293],[-3.7776,40.8294],[-3.7778,40.8294],[-3.7779,40.8295],[-3.778,40.8295],[-3.7781,40.8296],[-3.7781,40.8296],[-3.7782,40.8297],[-3.7782,40.8299],[-3.7782,40.83],[-3.7782,40.8301],[-3.7782,40.8301],[-3.7783,40.8303],[-3.7783,40.8304],[-3.7784,40.8304],[-3.7785,40.8305],[-3.7787,40.8306],[-3.7788,40.8306],[-3.779,40.8307],[-3.7791,40.8307],[-3.7793,40.8307],[-3.7796,40.8308],[-3.7798,40.8309],[-3.7799,40.831],[-3.7798,40.8312],[-3.7798,40.8312],[-3.7798,40.8312],[-3.7797,40.8312],[-3.7797,40.8313],[-3.7797,40.8314],[-3.7796,40.8314],[-3.7797,40.8314],[-3.7798,40.8315],[-3.7798,40.8315],[-3.7799,40.8316],[-3.7799,40.8316],[-3.7799,40.8317],[-3.7799,40.8317],[-3.7799,40.8319],[-3.7799,40.8319],[-3.7799,40.832],[-3.7798,40.8323],[-3.7798,40.8323],[-3.7798,40.8324],[-3.7798,40.8324],[-3.7798,40.8324],[-3.7799,40.8325],[-3.7799,40.8325],[-3.7799,40.8325],[-3.7801,40.8326],[-3.7803,40.8326],[-3.7803,40.8326],[-3.7804,40.8326],[-3.7805,40.8326],[-3.7805,40.8326],[-3.7807,40.8327],[-3.7808,40.8328],[-3.7808,40.8329],[-3.7807,40.8331],[-3.7807,40.8333],[-3.7806,40.8335],[-3.7806,40.8335],[-3.7806,40.8336],[-3.7806,40.8337],[-3.7806,40.8337],[-3.7807,40.8338],[-3.7808,40.834],[-3.781,40.8341],[-3.7811,40.8343],[-3.7814,40.8344],[-3.7814,40.8344],[-3.7815,40.8346],[-3.7816,40.8347],[-3.7816,40.8349],[-3.7816,40.8349],[-3.7816,40.8349],[-3.7816,40.835],[-3.7816,40.835],[-3.7816,40.835],[-3.7817,40.8351],[-3.7817,40.8351],[-3.7819,40.8352],[-3.782,40.8354],[-3.7821,40.8356],[-3.7821,40.8357],[-3.7821,40.8358],[-3.7822,40.8359],[-3.7822,40.8359],[-3.7823,40.836],[-3.7824,40.8361],[-3.7826,40.8362],[-3.7827,40.8362],[-3.7827,40.8363],[-3.7828,40.8364],[-3.7829,40.8364],[-3.7829,40.8365],[-3.7829,40.8365],[-3.7829,40.8365],[-3.783,40.8367],[-3.7831,40.8368],[-3.7833,40.8369],[-3.7835,40.8369],[-3.7837,40.837],[-3.7839,40.837],[-3.7842,40.8371],[-3.7842,40.8371],[-3.7843,40.8371],[-3.7845,40.8371],[-3.7847,40.8371],[-3.7847,40.8371],[-3.7847,40.8372],[-3.7847,40.8372],[-3.7847,40.8374],[-3.7847,40.8375],[-3.7847,40.8375],[-3.7847,40.8375],[-3.7848,40.8377],[-3.7849,40.8378],[-3.7851,40.8379],[-3.7855,40.8382],[-3.7855,40.8383],[-3.7855,40.8383],[-3.7856,40.8384],[-3.7856,40.8384],[-3.7856,40.8384],[-3.7856,40.8385],[-3.7856,40.8385],[-3.7855,40.8385],[-3.7854,40.8386],[-3.7854,40.8386],[-3.7853,40.8388],[-3.7853,40.8388],[-3.7852,40.8388],[-3.7851,40.839],[-3.7851,40.839],[-3.7851,40.839],[-3.785,40.8392],[-3.785,40.8392],[-3.785,40.8392],[-3.785,40.8394],[-3.785,40.8394],[-3.785,40.8394],[-3.785,40.8396],[-3.785,40.8398],[-3.7851,40.84],[-3.7851,40.8401],[-3.785,40.8403],[-3.7851,40.8406],[-3.7852,40.8407],[-3.7852,40.8407],[-3.7852,40.8407],[-3.7854,40.8408],[-3.7854,40.8408],[-3.7855,40.8408],[-3.7855,40.8408],[-3.7855,40.8409],[-3.7856,40.8409],[-3.7856,40.841],[-3.7856,40.8411],[-3.7856,40.8411],[-3.7857,40.8412],[-3.7857,40.8412],[-3.7857,40.8414],[-3.7857,40.8414],[-3.7857,40.8414],[-3.7858,40.8415],[-3.7862,40.8416],[-3.7862,40.8416],[-3.7863,40.8416],[-3.7863,40.8416],[-3.7863,40.8417],[-3.7864,40.8417],[-3.7864,40.8418],[-3.7864,40.8418],[-3.7863,40.8419],[-3.7862,40.8421],[-3.7862,40.8421],[-3.7862,40.8423],[-3.7862,40.8425],[-3.7863,40.8428],[-3.7863,40.8429],[-3.7863,40.8431],[-3.7863,40.8431],[-3.7864,40.8432],[-3.7864,40.8432],[-3.7864,40.8432],[-3.7866,40.8432],[-3.7866,40.8433],[-3.7867,40.8433],[-3.7868,40.8433],[-3.7867,40.8433],[-3.7867,40.8434],[-3.7867,40.8434],[-3.7867,40.8434],[-3.7865,40.8435],[-3.7864,40.8437],[-3.7864,40.8437],[-3.7865,40.8438],[-3.7865,40.8438],[-3.7865,40.8439],[-3.7866,40.8439],[-3.7866,40.844],[-3.7866,40.844],[-3.7867,40.8441],[-3.7871,40.8443],[-3.789,40.8453],[-3.7896,40.8456],[-3.7894,40.8465],[-3.7894,40.8465],[-3.7893,40.8466],[-3.7891,40.8467],[-3.7887,40.8469],[-3.7881,40.8472],[-3.788,40.8477],[-3.7879,40.848],[-3.7879,40.848],[-3.7877,40.8483],[-3.7873,40.8487],[-3.7869,40.8488],[-3.7844,40.85],[-3.7847,40.8512],[-3.7848,40.8518],[-3.7848,40.8518],[-3.7848,40.8518],[-3.7847,40.8522],[-3.7846,40.8529],[-3.7846,40.853],[-3.7845,40.8534],[-3.7844,40.8545],[-3.7844,40.8546],[-3.7843,40.8549],[-3.7842,40.8553],[-3.7842,40.8553],[-3.782,40.8563],[-3.7812,40.8565],[-3.7812,40.8565],[-3.7812,40.8565],[-3.7811,40.8567],[-3.781,40.8569],[-3.7797,40.8583],[-3.7797,40.8583],[-3.7789,40.8588],[-3.7787,40.8588],[-3.777,40.86],[-3.7763,40.8601],[-3.7758,40.8603],[-3.7755,40.8611],[-3.7757,40.863],[-3.7757,40.864],[-3.7752,40.8645],[-3.775,40.8652],[-3.7739,40.866],[-3.773,40.866],[-3.7721,40.8661],[-3.7715,40.8662],[-3.7704,40.8663],[-3.7693,40.8664],[-3.768,40.8665],[-3.7667,40.8667],[-3.7661,40.8671],[-3.7645,40.8685],[-3.7645,40.8686],[-3.7645,40.8687],[-3.7645,40.8687],[-3.7636,40.8688],[-3.7636,40.8688],[-3.7635,40.8689],[-3.7634,40.8689],[-3.7632,40.8691],[-3.7632,40.8691],[-3.763,40.8692],[-3.7629,40.8692],[-3.7627,40.8692],[-3.7626,40.8693],[-3.7625,40.8693],[-3.7623,40.8695],[-3.7623,40.8695],[-3.7623,40.8695],[-3.762,40.8698],[-3.7618,40.87],[-3.7617,40.8701],[-3.7611,40.8686],[-3.7605,40.8684],[-3.7599,40.868],[-3.7594,40.8683],[-3.7588,40.8685],[-3.7577,40.8674],[-3.7576,40.8674],[-3.7576,40.8674],[-3.7573,40.8673],[-3.7571,40.8672],[-3.757,40.8672],[-3.7569,40.8671],[-3.7568,40.8671],[-3.7567,40.867],[-3.7564,40.867],[-3.7564,40.867],[-3.7563,40.8669],[-3.7562,40.8669],[-3.7559,40.8669],[-3.7559,40.8669],[-3.7559,40.8669],[-3.7557,40.8669],[-3.7554,40.8669],[-3.7552,40.867],[-3.7549,40.8671],[-3.7548,40.8672],[-3.7547,40.8672],[-3.7547,40.8672],[-3.7545,40.8672],[-3.7542,40.8672],[-3.7542,40.8672],[-3.7542,40.8672],[-3.7539,40.8672],[-3.7535,40.8672],[-3.7529,40.8672],[-3.7525,40.8672],[-3.7523,40.8672],[-3.7522,40.8672],[-3.7518,40.8672],[-3.7518,40.8672],[-3.7516,40.8674],[-3.7515,40.8675],[-3.7514,40.8676],[-3.7513,40.8677],[-3.7512,40.8678],[-3.751,40.8679],[-3.7508,40.868],[-3.7508,40.868],[-3.7506,40.8681],[-3.7506,40.8681],[-3.7506,40.8683],[-3.7489,40.8694],[-3.7474,40.87],[-3.7469,40.8701],[-3.7466,40.8701],[-3.7456,40.8716],[-3.7438,40.8727],[-3.7421,40.8728],[-3.7415,40.873],[-3.7414,40.873],[-3.7406,40.8737],[-3.7392,40.8748],[-3.7388,40.8748],[-3.737,40.8739],[-3.7348,40.8733],[-3.7321,40.8731],[-3.7303,40.8732],[-3.7287,40.873],[-3.7269,40.8723],[-3.7261,40.8718],[-3.7248,40.8715],[-3.7227,40.8719],[-3.7216,40.8745],[-3.7201,40.8755],[-3.7177,40.8767],[-3.7159,40.8768],[-3.7149,40.8765],[-3.7128,40.8764],[-3.7111,40.8768],[-3.7108,40.8771],[-3.7088,40.8774],[-3.7054,40.8776],[-3.7039,40.8778],[-3.7005,40.8789],[-3.6982,40.8799],[-3.6964,40.8806],[-3.6958,40.8806],[-3.6962,40.8822],[-3.6973,40.8844],[-3.6987,40.8866],[-3.6994,40.8875],[-3.7001,40.8884],[-3.7016,40.8888],[-3.7045,40.8902],[-3.705,40.8908],[-3.7067,40.8915],[-3.7099,40.8925],[-3.7121,40.8953],[-3.7128,40.8956],[-3.7154,40.8963],[-3.7154,40.8963],[-3.7155,40.8963],[-3.7156,40.896],[-3.7157,40.8959],[-3.7157,40.8958],[-3.7158,40.8956],[-3.7159,40.8954],[-3.7159,40.8951],[-3.716,40.8949],[-3.7161,40.8946],[-3.7161,40.8945],[-3.7162,40.8943],[-3.7162,40.8943],[-3.7164,40.8943],[-3.7166,40.8942],[-3.7167,40.8941],[-3.7169,40.894],[-3.7169,40.8938],[-3.7171,40.8938],[-3.7172,40.8938],[-3.7174,40.8937],[-3.7174,40.8936],[-3.7175,40.8935],[-3.7178,40.8933],[-3.718,40.8932],[-3.7183,40.8932],[-3.7185,40.8933],[-3.7187,40.8933],[-3.7189,40.8934],[-3.7191,40.8934],[-3.7192,40.8935],[-3.7193,40.8935],[-3.7194,40.8933],[-3.7196,40.8932],[-3.7197,40.8931],[-3.7198,40.8928],[-3.72,40.8928],[-3.7201,40.8929],[-3.7204,40.8932],[-3.7206,40.8933],[-3.7208,40.8934],[-3.721,40.8934],[-3.7213,40.8934],[-3.7216,40.8934],[-3.7217,40.8934],[-3.7219,40.8935],[-3.722,40.8936],[-3.7223,40.8938],[-3.7225,40.894],[-3.7227,40.8942],[-3.7228,40.8944],[-3.7229,40.8945],[-3.723,40.8947],[-3.7231,40.8948],[-3.7231,40.8948],[-3.7231,40.8949],[-3.7231,40.895],[-3.7232,40.8953],[-3.7232,40.8955],[-3.7232,40.8955],[-3.7232,40.8957],[-3.7232,40.8958],[-3.7233,40.8959],[-3.7235,40.896],[-3.7235,40.896],[-3.7237,40.8965],[-3.7238,40.8968],[-3.7239,40.897],[-3.724,40.8972],[-3.724,40.8973],[-3.7241,40.8975],[-3.7242,40.898],[-3.7242,40.8982],[-3.7242,40.8984],[-3.7243,40.8985],[-3.7244,40.8986],[-3.7245,40.8987],[-3.7246,40.8989],[-3.7247,40.8991],[-3.7247,40.8991],[-3.7248,40.8992],[-3.725,40.8994],[-3.7251,40.8994],[-3.7256,40.8997],[-3.7275,40.8997],[-3.7276,40.8996],[-3.728,40.8993],[-3.7282,40.8992],[-3.7283,40.8992],[-3.7285,40.899],[-3.7286,40.8989],[-3.7287,40.8989],[-3.7289,40.8988],[-3.7291,40.8987],[-3.7294,40.8986],[-3.7297,40.8985],[-3.7297,40.8985],[-3.7299,40.8984],[-3.7301,40.8984],[-3.7303,40.8984],[-3.7305,40.8984],[-3.7308,40.8984],[-3.7313,40.8985],[-3.7316,40.8984],[-3.7316,40.8986],[-3.7318,40.8986],[-3.7321,40.8986],[-3.7321,40.8986],[-3.7322,40.8988],[-3.7322,40.8988],[-3.7322,40.8988],[-3.7323,40.899],[-3.7325,40.8991],[-3.7326,40.8992],[-3.7327,40.8993],[-3.7327,40.8994],[-3.7327,40.8995],[-3.7327,40.8996],[-3.7328,40.8998],[-3.7331,40.9],[-3.7333,40.9001],[-3.7334,40.9002],[-3.7335,40.9003],[-3.7336,40.9004],[-3.7338,40.9005],[-3.734,40.9006],[-3.7342,40.9006],[-3.7343,40.9007],[-3.7345,40.9009],[-3.7345,40.9011],[-3.7347,40.9014],[-3.7347,40.9017],[-3.7347,40.9019],[-3.7346,40.9022],[-3.7346,40.9022],[-3.7348,40.9024],[-3.735,40.9025],[-3.7352,40.9026],[-3.7355,40.9028],[-3.7355,40.9028],[-3.7356,40.9031],[-3.7356,40.9031],[-3.7356,40.9031],[-3.7358,40.9034],[-3.7362,40.9036],[-3.7364,40.9036],[-3.7367,40.9037],[-3.737,40.9038],[-3.7373,40.9038],[-3.7377,40.9038],[-3.7381,40.9039],[-3.7387,40.9038],[-3.739,40.9039],[-3.7393,40.904],[-3.7396,40.9041],[-3.7398,40.9044],[-3.7402,40.9045],[-3.7403,40.9045],[-3.7405,40.9044],[-3.7407,40.9044],[-3.7409,40.9045],[-3.741,40.9045],[-3.7412,40.9047],[-3.7412,40.9047],[-3.7412,40.9048],[-3.7412,40.9049],[-3.7414,40.9052],[-3.7414,40.9052],[-3.7416,40.9052],[-3.7419,40.9052],[-3.7421,40.9052],[-3.7423,40.9052],[-3.7426,40.9052],[-3.7426,40.9052],[-3.7428,40.9052],[-3.7431,40.9052],[-3.7433,40.9052],[-3.7435,40.9052],[-3.7436,40.9052],[-3.744,40.9052],[-3.7443,40.9052],[-3.7445,40.9052],[-3.7448,40.9052],[-3.7449,40.9052],[-3.7454,40.9053],[-3.7457,40.9055],[-3.7461,40.9053],[-3.7463,40.9057],[-3.7468,40.9059],[-3.7471,40.9059],[-3.7474,40.9059],[-3.7479,40.9059],[-3.7483,40.906],[-3.7486,40.9064],[-3.7491,40.9069],[-3.7496,40.9073],[-3.75,40.9075],[-3.7504,40.9076],[-3.7507,40.9074],[-3.7512,40.9074],[-3.7516,40.9072],[-3.7522,40.907],[-3.7527,40.9068],[-3.753,40.9067],[-3.7535,40.9065],[-3.754,40.9063],[-3.7544,40.9062],[-3.7545,40.9061],[-3.7547,40.906],[-3.7549,40.906],[-3.7552,40.9059],[-3.7554,40.9059],[-3.7556,40.9059],[-3.7558,40.9059],[-3.7561,40.906],[-3.7565,40.9062],[-3.7567,40.9063],[-3.7566,40.9064],[-3.7566,40.9066],[-3.7567,40.9068],[-3.7567,40.9069],[-3.7568,40.907],[-3.7569,40.9072],[-3.7569,40.9074],[-3.7569,40.9075],[-3.7569,40.9077],[-3.7569,40.9078],[-3.7568,40.908],[-3.7568,40.9081],[-3.7567,40.9083],[-3.7566,40.9084],[-3.7564,40.9085],[-3.7563,40.9086],[-3.7561,40.9087],[-3.756,40.9088],[-3.7559,40.9089],[-3.7558,40.9089],[-3.7557,40.909],[-3.7555,40.909],[-3.7553,40.909],[-3.7552,40.909],[-3.755,40.9089],[-3.7548,40.9089],[-3.7547,40.9089],[-3.7545,40.909],[-3.7544,40.9091],[-3.7543,40.9092],[-3.7542,40.9093],[-3.7541,40.9094],[-3.7539,40.9095],[-3.7538,40.9096],[-3.7537,40.9097],[-3.7537,40.9099],[-3.7537,40.91],[-3.7536,40.9102],[-3.7535,40.9104],[-3.7534,40.911],[-3.7534,40.9112],[-3.7534,40.9114],[-3.7528,40.9114],[-3.7528,40.9116],[-3.7528,40.9118],[-3.7526,40.9118],[-3.7526,40.912],[-3.7526,40.9122],[-3.7525,40.9125],[-3.7525,40.9125],[-3.7525,40.9125],[-3.7527,40.9125],[-3.7526,40.9127],[-3.7525,40.9127],[-3.7525,40.9129],[-3.7525,40.9131],[-3.7525,40.9133],[-3.7524,40.9135],[-3.752,40.9136],[-3.752,40.914],[-3.7521,40.9141],[-3.7522,40.9143],[-3.7523,40.9144],[-3.7522,40.9147],[-3.7521,40.9149],[-3.7521,40.9152],[-3.7521,40.9155],[-3.7521,40.9161],[-3.7524,40.9165],[-3.7522,40.9165],[-3.7521,40.9166],[-3.7521,40.9166],[-3.7522,40.9167],[-3.7523,40.9167],[-3.7524,40.9168],[-3.7524,40.9168],[-3.7521,40.9171],[-3.752,40.9172],[-3.7519,40.9172],[-3.7517,40.9173],[-3.7517,40.9174],[-3.7515,40.9177],[-3.7514,40.9179],[-3.7513,40.9179],[-3.7511,40.9178],[-3.7508,40.9178],[-3.7503,40.9176],[-3.7501,40.9176],[-3.75,40.9175],[-3.7498,40.9175],[-3.7497,40.9174],[-3.7498,40.9177],[-3.7498,40.9179],[-3.7499,40.9181],[-3.7501,40.9184],[-3.7502,40.9186],[-3.7502,40.9188],[-3.7503,40.9189],[-3.7503,40.9193],[-3.7505,40.9198],[-3.7507,40.9202],[-3.7509,40.9206],[-3.751,40.9209],[-3.7511,40.9211],[-3.7511,40.9211],[-3.7513,40.9213],[-3.7513,40.9213],[-3.7514,40.9214],[-3.7514,40.9216],[-3.7512,40.9218],[-3.7511,40.9218],[-3.7509,40.9218],[-3.7499,40.9217],[-3.7495,40.9217],[-3.7487,40.9217],[-3.7476,40.9217],[-3.7467,40.9216],[-3.7461,40.9215],[-3.7448,40.9213],[-3.7448,40.9215],[-3.7447,40.9216],[-3.7446,40.9216],[-3.7443,40.9217],[-3.7441,40.9217],[-3.7439,40.9217],[-3.7439,40.9218],[-3.7439,40.9219],[-3.7439,40.922],[-3.7439,40.9221],[-3.744,40.9223],[-3.7442,40.9227],[-3.7442,40.9229],[-3.7442,40.923],[-3.7442,40.923],[-3.7444,40.9232],[-3.7444,40.9232],[-3.7445,40.9234],[-3.7445,40.9235],[-3.7445,40.9238],[-3.7444,40.9242],[-3.7444,40.9246],[-3.7444,40.9247],[-3.7443,40.9248],[-3.7442,40.9248],[-3.7441,40.9251],[-3.7442,40.9251],[-3.7444,40.9251],[-3.7445,40.9251],[-3.7448,40.925],[-3.745,40.925],[-3.7454,40.9249],[-3.7456,40.925],[-3.7456,40.925],[-3.7456,40.9251],[-3.7456,40.9252],[-3.7456,40.9252],[-3.7461,40.9254],[-3.7462,40.9255],[-3.7465,40.9258],[-3.7469,40.9262],[-3.7473,40.9266],[-3.7476,40.9269],[-3.7476,40.9269],[-3.7478,40.9273],[-3.748,40.9276],[-3.7481,40.9278],[-3.7482,40.928],[-3.7482,40.9281],[-3.7482,40.9282],[-3.7482,40.9283],[-3.7482,40.9285],[-3.7483,40.9286],[-3.7483,40.9288],[-3.7483,40.9289],[-3.7483,40.929],[-3.7481,40.9292],[-3.7477,40.9291],[-3.7467,40.929],[-3.7462,40.9289],[-3.7458,40.9288],[-3.7452,40.9289],[-3.7448,40.929],[-3.7447,40.929],[-3.7441,40.9289],[-3.7439,40.9289],[-3.7436,40.9288],[-3.7436,40.929],[-3.7436,40.9292],[-3.7435,40.9296],[-3.7435,40.9298],[-3.7435,40.9301],[-3.7434,40.9305],[-3.7434,40.9307],[-3.7434,40.9308],[-3.7434,40.931],[-3.7434,40.9312],[-3.7435,40.9314],[-3.7434,40.9318],[-3.7433,40.9322],[-3.7432,40.9324],[-3.7432,40.9325],[-3.743,40.9326],[-3.743,40.9327],[-3.7429,40.9328],[-3.7428,40.933],[-3.7427,40.9332],[-3.7426,40.9333],[-3.7425,40.9338],[-3.7425,40.934],[-3.7425,40.9342],[-3.7425,40.9343],[-3.7425,40.9344],[-3.7426,40.9346],[-3.7426,40.9347],[-3.7426,40.935],[-3.7426,40.9351],[-3.7422,40.9352],[-3.7418,40.9352],[-3.7414,40.9352],[-3.7409,40.9352],[-3.74,40.9352],[-3.7398,40.9351],[-3.7394,40.935],[-3.7391,40.935],[-3.7388,40.9349],[-3.7386,40.9349],[-3.7381,40.9348],[-3.7377,40.9347],[-3.7373,40.9346],[-3.7367,40.9346],[-3.7362,40.9345],[-3.7358,40.9345],[-3.7354,40.9344],[-3.7352,40.9344],[-3.7351,40.9344],[-3.7345,40.9344],[-3.7343,40.9344],[-3.7341,40.9345],[-3.7341,40.9347],[-3.7341,40.9348],[-3.734,40.9355],[-3.734,40.9358],[-3.734,40.9359],[-3.734,40.936],[-3.734,40.936],[-3.7341,40.936],[-3.7342,40.9361],[-3.7343,40.9362],[-3.7343,40.9363],[-3.7344,40.9364],[-3.7344,40.9364],[-3.7345,40.9366],[-3.7345,40.9367],[-3.7346,40.9369],[-3.7345,40.937],[-3.7346,40.9372],[-3.7347,40.9375],[-3.7347,40.9377],[-3.7347,40.9377],[-3.7348,40.9378],[-3.7348,40.9379],[-3.7348,40.938],[-3.7349,40.9381],[-3.7349,40.9382],[-3.7349,40.9383],[-3.7349,40.9384],[-3.7349,40.9385],[-3.7349,40.9386],[-3.7349,40.9387],[-3.7349,40.9388],[-3.7349,40.9389],[-3.7348,40.9391],[-3.7348,40.9392],[-3.7348,40.9393],[-3.7347,40.9393],[-3.7346,40.9394],[-3.7345,40.9395],[-3.7344,40.9395],[-3.7343,40.9396],[-3.7342,40.9397],[-3.7342,40.9398],[-3.7342,40.9399],[-3.7342,40.94],[-3.7342,40.9401],[-3.7342,40.9403],[-3.7342,40.9403],[-3.7345,40.9403],[-3.7346,40.9404],[-3.7348,40.9404],[-3.7349,40.9405],[-3.735,40.9406],[-3.7351,40.9407],[-3.7352,40.9407],[-3.7353,40.9408],[-3.7354,40.9408],[-3.7355,40.9409],[-3.7356,40.941],[-3.7357,40.9411],[-3.7358,40.9412],[-3.7359,40.9413],[-3.736,40.9413],[-3.7361,40.9414],[-3.7362,40.9414],[-3.7364,40.9415],[-3.7365,40.9415],[-3.7367,40.9415],[-3.7368,40.9416],[-3.737,40.9416],[-3.7371,40.9416],[-3.7372,40.9416],[-3.7374,40.9415],[-3.7375,40.9415],[-3.7376,40.9414],[-3.7377,40.9413],[-3.7381,40.9411],[-3.7384,40.941],[-3.7385,40.9409],[-3.7386,40.9409],[-3.7388,40.9408],[-3.7388,40.9407],[-3.7389,40.9406],[-3.739,40.9406],[-3.7392,40.9403],[-3.7393,40.9402],[-3.7394,40.9401],[-3.7395,40.94],[-3.7396,40.9399],[-3.7397,40.9399],[-3.7398,40.9398],[-3.7399,40.9398],[-3.7401,40.9397],[-3.7402,40.9397],[-3.7403,40.9396],[-3.7404,40.9396],[-3.7405,40.9395],[-3.7407,40.9395],[-3.7408,40.9395],[-3.7409,40.9394],[-3.741,40.9394],[-3.7412,40.9393],[-3.7413,40.9393],[-3.7415,40.9392],[-3.7416,40.9392],[-3.7418,40.9392],[-3.7419,40.9392],[-3.742,40.9392],[-3.7422,40.9392],[-3.7423,40.9393],[-3.7424,40.9393],[-3.7425,40.9394],[-3.7426,40.9395],[-3.7428,40.9395],[-3.7429,40.9396],[-3.743,40.9396],[-3.743,40.9397],[-3.7433,40.9398],[-3.7436,40.9401],[-3.7437,40.9402],[-3.7438,40.9403],[-3.7439,40.9403],[-3.7441,40.9404],[-3.7442,40.9404],[-3.7443,40.9405],[-3.7444,40.9405],[-3.7448,40.9408],[-3.7449,40.9409],[-3.745,40.941],[-3.7451,40.941],[-3.7453,40.9411],[-3.7454,40.9411],[-3.7456,40.9411],[-3.7457,40.9412],[-3.7458,40.9413],[-3.7458,40.9414],[-3.7459,40.9415],[-3.7461,40.9415],[-3.7462,40.9416],[-3.7463,40.9416],[-3.7465,40.9417],[-3.7466,40.9417],[-3.7467,40.9418],[-3.7468,40.9418],[-3.7469,40.9419],[-3.747,40.942],[-3.7471,40.9421],[-3.7472,40.9421],[-3.7473,40.9422],[-3.7475,40.9422],[-3.7475,40.9422],[-3.7475,40.9422],[-3.7476,40.9422],[-3.7479,40.9422],[-3.7479,40.9423],[-3.7479,40.9425],[-3.7479,40.9425],[-3.7478,40.9426],[-3.7476,40.9427],[-3.7475,40.9429],[-3.7475,40.943],[-3.7476,40.9434],[-3.7475,40.9436],[-3.7475,40.9437],[-3.7475,40.9437],[-3.7474,40.9439],[-3.7474,40.944],[-3.7474,40.9441],[-3.7475,40.9442],[-3.7475,40.9442],[-3.7474,40.9444],[-3.7474,40.9445],[-3.7475,40.9447],[-3.7476,40.9449],[-3.7475,40.945],[-3.7475,40.9451],[-3.7475,40.9454],[-3.7474,40.9456],[-3.7473,40.9458],[-3.7468,40.946],[-3.7468,40.9462],[-3.7469,40.9464],[-3.747,40.9466],[-3.747,40.9469],[-3.7467,40.9469],[-3.7467,40.947],[-3.7466,40.9472],[-3.7466,40.9473],[-3.7465,40.9474],[-3.7463,40.9475],[-3.746,40.9477],[-3.7459,40.9477],[-3.7458,40.9478],[-3.7457,40.9478],[-3.7455,40.9479],[-3.7453,40.948],[-3.7451,40.9481],[-3.745,40.9481],[-3.7449,40.9482],[-3.7447,40.9482],[-3.7445,40.9482],[-3.7444,40.9482],[-3.7442,40.9482],[-3.7441,40.9483],[-3.7439,40.9483],[-3.7439,40.9484],[-3.7439,40.9485],[-3.7439,40.9486],[-3.7439,40.9486],[-3.7441,40.9486],[-3.7443,40.9486],[-3.7443,40.9487],[-3.7443,40.9487],[-3.7444,40.9488],[-3.7444,40.9489],[-3.7443,40.949],[-3.7442,40.9492],[-3.744,40.9493],[-3.7439,40.9495],[-3.7438,40.9496],[-3.7437,40.9496],[-3.7436,40.9496],[-3.7436,40.9496],[-3.7435,40.9494],[-3.7435,40.9494],[-3.7432,40.9496],[-3.7431,40.9498],[-3.7432,40.9499],[-3.7432,40.95],[-3.7432,40.9502],[-3.7433,40.9504],[-3.7434,40.9505],[-3.7434,40.9506],[-3.743,40.9508],[-3.7427,40.9509],[-3.7426,40.9509],[-3.7425,40.951],[-3.7424,40.9512],[-3.7424,40.9513],[-3.7424,40.9515],[-3.7424,40.9516],[-3.7424,40.9517],[-3.7423,40.9518],[-3.7423,40.9519],[-3.7423,40.952],[-3.7423,40.9521],[-3.7422,40.9522],[-3.7422,40.9524],[-3.7421,40.9526],[-3.7421,40.9528],[-3.7421,40.9529],[-3.7421,40.953],[-3.742,40.9531],[-3.742,40.9533],[-3.7417,40.9536],[-3.7416,40.9537],[-3.7415,40.9537],[-3.7413,40.9538],[-3.7411,40.9538],[-3.741,40.9538],[-3.7407,40.954],[-3.7404,40.954],[-3.7403,40.954],[-3.7399,40.9541],[-3.7398,40.9541],[-3.7396,40.954],[-3.7394,40.954],[-3.7392,40.954],[-3.7391,40.954],[-3.739,40.9539],[-3.739,40.9538],[-3.739,40.9538],[-3.739,40.9538],[-3.7389,40.9537],[-3.7388,40.9536],[-3.7387,40.9535],[-3.7385,40.9535],[-3.7384,40.9535],[-3.7383,40.9535],[-3.7382,40.9534],[-3.7381,40.9533],[-3.7379,40.9532],[-3.7378,40.9532],[-3.7377,40.9531],[-3.7376,40.953],[-3.7375,40.9529],[-3.7375,40.9528],[-3.7375,40.9528],[-3.7375,40.9528],[-3.7374,40.9527],[-3.7373,40.9526],[-3.7372,40.9525],[-3.7371,40.9525],[-3.737,40.9524],[-3.7369,40.9523],[-3.7369,40.9522],[-3.7368,40.9521],[-3.7367,40.952],[-3.7366,40.9519],[-3.7364,40.9519],[-3.7362,40.9519],[-3.7362,40.9519],[-3.7363,40.9524],[-3.7364,40.9531],[-3.7373,40.9553],[-3.7383,40.9576],[-3.7386,40.9585],[-3.7386,40.9585],[-3.7388,40.9591],[-3.7388,40.9591],[-3.7388,40.9591],[-3.7361,40.9622],[-3.7361,40.963],[-3.7392,40.9659],[-3.7393,40.9659],[-3.7393,40.9659],[-3.7403,40.9675],[-3.7404,40.9677],[-3.7404,40.9677],[-3.7404,40.9677],[-3.741,40.9689],[-3.7414,40.9696],[-3.7414,40.9696],[-3.7414,40.9696],[-3.7415,40.97],[-3.7416,40.9705],[-3.7419,40.9714],[-3.7419,40.9715],[-3.7419,40.9718],[-3.7419,40.9721],[-3.7419,40.9721],[-3.7419,40.9721],[-3.7418,40.9723],[-3.7418,40.9725],[-3.7416,40.9725],[-3.7416,40.9726],[-3.7416,40.9726],[-3.7415,40.9726],[-3.7414,40.9726],[-3.7412,40.9727],[-3.7412,40.9727],[-3.7411,40.9727],[-3.741,40.9728],[-3.7409,40.9728],[-3.7409,40.9729],[-3.7408,40.9729],[-3.7407,40.973],[-3.7404,40.973],[-3.7403,40.973],[-3.7402,40.973],[-3.74,40.9732],[-3.7399,40.9732],[-3.7397,40.9734],[-3.7396,40.9735],[-3.7393,40.9736],[-3.7381,40.9743],[-3.7381,40.9743],[-3.7381,40.9743],[-3.7387,40.975],[-3.7386,40.975],[-3.7387,40.9752],[-3.7388,40.9754],[-3.7391,40.9764],[-3.7393,40.9771],[-3.7395,40.9776],[-3.7397,40.9783],[-3.74,40.9791],[-3.7402,40.9797],[-3.7403,40.9797],[-3.7404,40.9799],[-3.7404,40.9799],[-3.7404,40.9799],[-3.7405,40.9801],[-3.7405,40.9801],[-3.7405,40.9802],[-3.7405,40.9802],[-3.7408,40.9808],[-3.7408,40.9808],[-3.7409,40.9811],[-3.741,40.9813],[-3.7411,40.9814],[-3.7411,40.9814],[-3.7414,40.9819],[-3.7416,40.9821],[-3.7418,40.9824],[-3.7418,40.9824],[-3.7422,40.983],[-3.7423,40.9831],[-3.7425,40.9833],[-3.7425,40.9833],[-3.7425,40.9834],[-3.7426,40.9835],[-3.7426,40.9835],[-3.7426,40.9835],[-3.7428,40.9837],[-3.7434,40.9843],[-3.7435,40.9843],[-3.7435,40.9844],[-3.744,40.9849],[-3.744,40.9849],[-3.744,40.9849],[-3.7442,40.9852],[-3.7443,40.9853],[-3.7446,40.9857],[-3.7448,40.986],[-3.745,40.9862],[-3.745,40.9862],[-3.7452,40.9865],[-3.7455,40.9869],[-3.7455,40.9869],[-3.7455,40.9869],[-3.7455,40.9869],[-3.7455,40.9869],[-3.7457,40.9871],[-3.7457,40.9871],[-3.7457,40.9871],[-3.7459,40.9873],[-3.7462,40.9876],[-3.7462,40.9876],[-3.7466,40.9878],[-3.747,40.988],[-3.7472,40.988],[-3.7473,40.9881],[-3.7475,40.9881],[-3.7479,40.9882],[-3.7483,40.9883],[-3.7485,40.9884],[-3.7487,40.9886],[-3.7491,40.9889],[-3.7492,40.989],[-3.7494,40.9894],[-3.7496,40.9896],[-3.7497,40.9898],[-3.7497,40.9898],[-3.7497,40.9899],[-3.7498,40.9899],[-3.7498,40.9899],[-3.7499,40.99],[-3.7499,40.99],[-3.7501,40.9901],[-3.7504,40.9903],[-3.7505,40.9903],[-3.7507,40.9904],[-3.7508,40.9906],[-3.751,40.9907],[-3.7513,40.9909],[-3.7517,40.9911],[-3.7517,40.9912],[-3.7517,40.9912],[-3.7517,40.9912],[-3.7521,40.9916],[-3.7521,40.9916],[-3.7517,40.9923],[-3.7509,40.9925],[-3.7501,40.9927],[-3.7494,40.9928],[-3.7484,40.9929],[-3.7485,40.9934],[-3.7485,40.9934],[-3.7485,40.9934],[-3.7491,40.9935],[-3.7496,40.9936],[-3.7498,40.9936],[-3.7498,40.9937],[-3.7498,40.9937],[-3.7499,40.9939],[-3.7499,40.9939],[-3.7499,40.994],[-3.75,40.9941],[-3.7501,40.9943],[-3.7501,40.9943],[-3.7503,40.9943],[-3.7505,40.9943],[-3.7505,40.9943],[-3.7506,40.9945],[-3.7507,40.9946],[-3.7506,40.9949],[-3.7506,40.995],[-3.7507,40.9952],[-3.7507,40.9955],[-3.7508,40.9957],[-3.7507,40.996],[-3.7506,40.9962],[-3.7505,40.9963],[-3.7505,40.9964],[-3.7502,40.9966],[-3.75,40.9969],[-3.7498,40.9975],[-3.7498,40.998],[-3.7498,40.998],[-3.75,40.998],[-3.7504,40.9981],[-3.7504,40.9981],[-3.7504,40.9984],[-3.7504,40.9984],[-3.7506,40.9985],[-3.7506,40.9985],[-3.7508,40.9988],[-3.7508,40.999],[-3.7506,40.9992],[-3.7503,40.9993],[-3.75,40.9994],[-3.749,40.9997],[-3.748,41.0002],[-3.7478,41.0001],[-3.7476,41],[-3.7476,41],[-3.7474,40.9996],[-3.7474,40.9996],[-3.7472,40.9996],[-3.747,40.9998],[-3.7466,41],[-3.7454,40.9995],[-3.7449,40.9997],[-3.7439,40.9998],[-3.7436,40.9999],[-3.7435,41.0002],[-3.7433,41.0003],[-3.7432,41.0004],[-3.7431,41.0005],[-3.7431,41.0006],[-3.743,41.0008],[-3.743,41.0008],[-3.743,41.0011],[-3.743,41.0012],[-3.7428,41.0014],[-3.7427,41.0015],[-3.7424,41.0017],[-3.7421,41.0019],[-3.742,41.002],[-3.742,41.0021],[-3.7417,41.0023],[-3.7414,41.0024],[-3.7411,41.0024],[-3.7409,41.0024],[-3.7407,41.0025],[-3.7405,41.0028],[-3.7404,41.003],[-3.7403,41.0031],[-3.7401,41.0032],[-3.74,41.0034],[-3.7399,41.0035],[-3.7398,41.0037],[-3.7398,41.0039],[-3.7397,41.004],[-3.7397,41.0041],[-3.7396,41.0042],[-3.7393,41.0046],[-3.7391,41.0048],[-3.739,41.0048],[-3.7389,41.0049],[-3.7386,41.005],[-3.7384,41.0049],[-3.7382,41.005],[-3.7381,41.005],[-3.7377,41.0053],[-3.7375,41.0053],[-3.7374,41.0054],[-3.7371,41.0054],[-3.7369,41.0055],[-3.7367,41.0055],[-3.7366,41.0056],[-3.7364,41.0057],[-3.7361,41.0055],[-3.7359,41.0054],[-3.7357,41.0053],[-3.7355,41.0052],[-3.7352,41.0049],[-3.7349,41.0046],[-3.7347,41.0046],[-3.7338,41.005],[-3.7336,41.0051],[-3.7332,41.0053],[-3.7328,41.0055],[-3.7326,41.0057],[-3.7322,41.0059],[-3.732,41.006],[-3.7319,41.0061],[-3.7319,41.0062],[-3.7318,41.0064],[-3.7319,41.0066],[-3.732,41.0068],[-3.7321,41.007],[-3.7322,41.0072],[-3.7323,41.0074],[-3.7323,41.0078],[-3.7324,41.0079],[-3.732,41.008],[-3.7318,41.008],[-3.7316,41.008],[-3.7315,41.008],[-3.7313,41.008],[-3.7311,41.0081],[-3.731,41.0082],[-3.7308,41.0082],[-3.7306,41.0083],[-3.7305,41.0083],[-3.7304,41.0084],[-3.7303,41.0088],[-3.7304,41.0091],[-3.7305,41.0092],[-3.7305,41.0093],[-3.7307,41.0095],[-3.7307,41.0096],[-3.7306,41.0099],[-3.7306,41.01],[-3.7304,41.0102],[-3.7303,41.0103],[-3.7302,41.0105],[-3.7302,41.0106],[-3.7301,41.0107],[-3.7298,41.0109],[-3.7301,41.0111],[-3.7291,41.0118],[-3.7269,41.0132],[-3.7264,41.0135],[-3.7254,41.0141],[-3.7241,41.0149],[-3.724,41.0154],[-3.7232,41.0156],[-3.7226,41.0157],[-3.7221,41.016],[-3.7217,41.0162],[-3.721,41.0161],[-3.7208,41.0161],[-3.7203,41.0161],[-3.7197,41.0163],[-3.7194,41.0162],[-3.718,41.0163],[-3.7176,41.0172],[-3.7173,41.0179],[-3.7173,41.0179],[-3.7176,41.0181],[-3.7176,41.0181],[-3.7176,41.0183],[-3.7173,41.0184],[-3.7171,41.0185],[-3.7166,41.0187],[-3.7166,41.0187],[-3.7169,41.019],[-3.7169,41.019],[-3.7171,41.0192],[-3.7171,41.0192],[-3.7171,41.0192],[-3.7172,41.0194],[-3.7173,41.0197],[-3.7173,41.0199],[-3.7173,41.02],[-3.7173,41.0202],[-3.7171,41.0203],[-3.717,41.0203],[-3.7168,41.0203],[-3.7165,41.0203],[-3.7163,41.0202],[-3.7158,41.0208],[-3.7157,41.021],[-3.7157,41.021],[-3.7159,41.0211],[-3.7159,41.0211],[-3.7159,41.0212],[-3.7159,41.0214],[-3.7159,41.0215],[-3.7159,41.0216],[-3.7159,41.0218],[-3.7158,41.0219],[-3.7156,41.0221],[-3.7154,41.0222],[-3.7152,41.0224],[-3.715,41.0225],[-3.7149,41.0227],[-3.7147,41.0227],[-3.7145,41.0226],[-3.7144,41.0225],[-3.7141,41.0225],[-3.714,41.0225],[-3.7138,41.0226],[-3.7135,41.0227],[-3.7133,41.0228],[-3.713,41.0229],[-3.7127,41.0229],[-3.7124,41.0229],[-3.7122,41.0229],[-3.712,41.023],[-3.7119,41.0231],[-3.7118,41.0233],[-3.7117,41.0235],[-3.7116,41.0237],[-3.7116,41.0239],[-3.7113,41.0238],[-3.7111,41.0237],[-3.7112,41.0241],[-3.7113,41.0243],[-3.7113,41.0244],[-3.7114,41.0246],[-3.7115,41.0248],[-3.7116,41.025],[-3.7116,41.0252],[-3.7117,41.0253],[-3.7117,41.0253],[-3.7117,41.0253],[-3.7117,41.0254],[-3.7117,41.0257],[-3.7116,41.0258],[-3.7115,41.0259],[-3.7115,41.0259],[-3.7115,41.0266],[-3.7155,41.0275],[-3.7156,41.0275],[-3.7159,41.0274],[-3.716,41.0275]],[[-3.8527,40.9128],[-3.853,40.9124],[-3.8532,40.9122],[-3.8536,40.912],[-3.8538,40.9125],[-3.854,40.9127],[-3.8543,40.9125],[-3.8545,40.9126],[-3.8548,40.9127],[-3.8553,40.9129],[-3.8556,40.9131],[-3.856,40.9133],[-3.8563,40.9135],[-3.8562,40.9137],[-3.8562,40.9139],[-3.8566,40.914],[-3.8571,40.9142],[-3.8572,40.9143],[-3.8575,40.9144],[-3.8574,40.9145],[-3.8574,40.9146],[-3.8574,40.9147],[-3.8573,40.9147],[-3.8573,40.9148],[-3.857,40.9149],[-3.8567,40.9151],[-3.8566,40.9152],[-3.857,40.9155],[-3.857,40.9156],[-3.8571,40.9158],[-3.8574,40.9159],[-3.856,40.9165],[-3.8556,40.9166],[-3.8543,40.9171],[-3.8542,40.917],[-3.8544,40.9168],[-3.8547,40.9165],[-3.8548,40.9165],[-3.855,40.9165],[-3.8551,40.9163],[-3.8551,40.9162],[-3.8551,40.9161],[-3.855,40.9161],[-3.8549,40.9161],[-3.8549,40.916],[-3.8548,40.9157],[-3.8547,40.9155],[-3.8544,40.9154],[-3.8542,40.9154],[-3.8538,40.9156],[-3.8537,40.9156],[-3.8535,40.9156],[-3.8535,40.9154],[-3.8532,40.9157],[-3.853,40.9159],[-3.8528,40.916],[-3.8526,40.9161],[-3.8524,40.916],[-3.8523,40.916],[-3.8522,40.9159],[-3.8523,40.9156],[-3.8523,40.9156],[-3.8523,40.9154],[-3.8524,40.9152],[-3.8524,40.915],[-3.8525,40.9147],[-3.8524,40.9146],[-3.8526,40.9144],[-3.8527,40.9143],[-3.8528,40.9142],[-3.8528,40.9141],[-3.8532,40.914],[-3.8533,40.9138],[-3.8535,40.9138],[-3.8536,40.9137],[-3.8537,40.9136],[-3.8538,40.9134],[-3.8537,40.9133],[-3.8533,40.9131],[-3.8527,40.9128]],[[-3.8197,40.9246],[-3.8204,40.9249],[-3.8206,40.9251],[-3.8212,40.9254],[-3.8215,40.9256],[-3.8217,40.9259],[-3.8218,40.926],[-3.822,40.9262],[-3.8222,40.9264],[-3.8225,40.9266],[-3.8228,40.9268],[-3.824,40.928],[-3.8241,40.9282],[-3.8244,40.9284],[-3.8246,40.9285],[-3.8246,40.9285],[-3.8247,40.9285],[-3.8248,40.9286],[-3.825,40.9287],[-3.8252,40.9288],[-3.8254,40.9289],[-3.8257,40.929],[-3.8259,40.9292],[-3.8259,40.9292],[-3.8251,40.9292],[-3.825,40.9294],[-3.8242,40.9288],[-3.8241,40.929],[-3.8239,40.9291],[-3.8236,40.9289],[-3.8235,40.9288],[-3.8221,40.9284],[-3.8218,40.9286],[-3.821,40.9282],[-3.8202,40.9283],[-3.8194,40.9286],[-3.8191,40.9288],[-3.819,40.9289],[-3.8188,40.9289],[-3.8186,40.9288],[-3.8186,40.9286],[-3.8187,40.9282],[-3.8183,40.9281],[-3.818,40.928],[-3.8176,40.9278],[-3.8175,40.9279],[-3.8169,40.9275],[-3.816,40.9282],[-3.8158,40.9284],[-3.8148,40.9275],[-3.8149,40.9275],[-3.8151,40.9274],[-3.8153,40.9272],[-3.8156,40.9268],[-3.8158,40.9266],[-3.8158,40.9265],[-3.8159,40.9265],[-3.816,40.9264],[-3.8159,40.9263],[-3.8158,40.9263],[-3.8157,40.9263],[-3.8155,40.9263],[-3.8154,40.9263],[-3.8153,40.9263],[-3.8151,40.9262],[-3.8149,40.9261],[-3.815,40.926],[-3.8151,40.926],[-3.8152,40.9259],[-3.8156,40.9258],[-3.8159,40.9256],[-3.816,40.9255],[-3.8161,40.9254],[-3.8162,40.9253],[-3.8164,40.9254],[-3.8168,40.9252],[-3.8169,40.925],[-3.817,40.9249],[-3.8171,40.9248],[-3.8172,40.9247],[-3.8174,40.9246],[-3.8174,40.9244],[-3.8176,40.9244],[-3.8178,40.9244],[-3.8179,40.9243],[-3.8179,40.9242],[-3.818,40.9238],[-3.8185,40.9239],[-3.8193,40.9242],[-3.8192,40.9242],[-3.8193,40.9244],[-3.8197,40.9246]],[[-3.8599,40.9104],[-3.8588,40.9095],[-3.86,40.9086],[-3.8606,40.9081],[-3.8607,40.9079],[-3.8605,40.9079],[-3.8602,40.9076],[-3.86,40.9076],[-3.8599,40.9074],[-3.8605,40.9067],[-3.8607,40.9068],[-3.861,40.9071],[-3.8614,40.9073],[-3.8617,40.9073],[-3.8624,40.9065],[-3.862,40.9062],[-3.8615,40.9058],[-3.8617,40.9057],[-3.8623,40.9055],[-3.8623,40.9053],[-3.8624,40.9051],[-3.8627,40.9048],[-3.8635,40.905],[-3.8635,40.9053],[-3.864,40.906],[-3.8645,40.9056],[-3.8651,40.906],[-3.8664,40.9067],[-3.8658,40.9071],[-3.8669,40.9078],[-3.8667,40.908],[-3.8668,40.9087],[-3.8665,40.9087],[-3.866,40.9087],[-3.8656,40.9089],[-3.8652,40.909],[-3.8649,40.9092],[-3.8645,40.9095],[-3.864,40.9099],[-3.8635,40.9102],[-3.8631,40.9105],[-3.8624,40.9108],[-3.8618,40.9111],[-3.8612,40.9113],[-3.8599,40.9104]],[[-3.8411,40.9223],[-3.8409,40.9225],[-3.8406,40.9227],[-3.8401,40.9228],[-3.8399,40.9227],[-3.8394,40.9224],[-3.8393,40.9221],[-3.8388,40.9221],[-3.8387,40.9217],[-3.8384,40.9211],[-3.8387,40.9209],[-3.8385,40.9207],[-3.8385,40.9205],[-3.839,40.9202],[-3.8393,40.92],[-3.8397,40.9199],[-3.8402,40.9197],[-3.841,40.9193],[-3.8413,40.9192],[-3.8412,40.919],[-3.8412,40.9187],[-3.8412,40.9185],[-3.8411,40.9182],[-3.841,40.9179],[-3.8407,40.9176],[-3.8407,40.9172],[-3.8407,40.9169],[-3.8407,40.9166],[-3.8406,40.9164],[-3.8407,40.9162],[-3.8411,40.9161],[-3.8415,40.916],[-3.8417,40.9155],[-3.8418,40.9152],[-3.842,40.915],[-3.8423,40.9147],[-3.8421,40.9144],[-3.842,40.914],[-3.8418,40.9137],[-3.8419,40.9135],[-3.8418,40.9132],[-3.8416,40.9126],[-3.8417,40.9123],[-3.8417,40.912],[-3.8418,40.9112],[-3.8419,40.9107],[-3.842,40.91],[-3.8419,40.9098],[-3.8419,40.9097],[-3.8419,40.9096],[-3.8421,40.9092],[-3.8422,40.909],[-3.8423,40.9089],[-3.8422,40.9087],[-3.8422,40.9086],[-3.8423,40.9083],[-3.8427,40.9084],[-3.8432,40.9099],[-3.8433,40.9102],[-3.8435,40.9106],[-3.8436,40.9111],[-3.8439,40.9116],[-3.8439,40.9118],[-3.8438,40.9119],[-3.8436,40.9122],[-3.8435,40.9124],[-3.8435,40.9125],[-3.8436,40.9127],[-3.8437,40.9129],[-3.8437,40.9131],[-3.8439,40.913],[-3.8443,40.9129],[-3.8444,40.913],[-3.8448,40.913],[-3.846,40.9132],[-3.8464,40.9133],[-3.8466,40.9133],[-3.8467,40.9133],[-3.8473,40.914],[-3.8454,40.9147],[-3.8454,40.915],[-3.8452,40.9151],[-3.8439,40.9153],[-3.8442,40.9162],[-3.8446,40.9162],[-3.8449,40.9161],[-3.8452,40.916],[-3.8454,40.9162],[-3.8458,40.9165],[-3.8462,40.9168],[-3.8466,40.9171],[-3.8466,40.9173],[-3.8466,40.9175],[-3.8466,40.9179],[-3.8466,40.9181],[-3.8466,40.9183],[-3.8465,40.9187],[-3.8464,40.9189],[-3.8463,40.9191],[-3.8464,40.9193],[-3.8465,40.9194],[-3.8466,40.9198],[-3.8468,40.9197],[-3.8468,40.9197],[-3.847,40.9197],[-3.8474,40.9196],[-3.8475,40.9198],[-3.8477,40.9198],[-3.8478,40.9199],[-3.8478,40.92],[-3.8479,40.92],[-3.8482,40.9202],[-3.8484,40.9204],[-3.8486,40.9206],[-3.8487,40.9207],[-3.8476,40.9214],[-3.8472,40.9216],[-3.8467,40.9218],[-3.8463,40.9218],[-3.8457,40.922],[-3.8454,40.9221],[-3.845,40.9221],[-3.8438,40.9221],[-3.8437,40.9221],[-3.8434,40.9211],[-3.8433,40.921],[-3.8432,40.9208],[-3.8429,40.9205],[-3.8428,40.9206],[-3.8428,40.921],[-3.8427,40.9213],[-3.8425,40.9217],[-3.8423,40.922],[-3.8421,40.9221],[-3.8418,40.922],[-3.8416,40.9221],[-3.8414,40.9221],[-3.8411,40.9223]],[[-3.8746,40.9055],[-3.8747,40.9053],[-3.8749,40.905],[-3.8754,40.9043],[-3.8759,40.9042],[-3.8761,40.9039],[-3.876,40.9039],[-3.8757,40.9036],[-3.8755,40.9034],[-3.8753,40.9032],[-3.8746,40.9031],[-3.8749,40.9027],[-3.8753,40.9023],[-3.8749,40.9024],[-3.8747,40.9023],[-3.8747,40.9021],[-3.8746,40.9021],[-3.8743,40.902],[-3.8744,40.9017],[-3.8739,40.9016],[-3.8737,40.9016],[-3.8729,40.9006],[-3.8732,40.9004],[-3.8731,40.9003],[-3.8728,40.9001],[-3.8727,40.8999],[-3.8728,40.8996],[-3.8725,40.8995],[-3.873,40.899],[-3.8732,40.8991],[-3.8735,40.8992],[-3.8739,40.8993],[-3.8743,40.8995],[-3.8744,40.8993],[-3.8745,40.8991],[-3.8746,40.8991],[-3.8747,40.8992],[-3.875,40.8996],[-3.8752,40.8996],[-3.8755,40.8999],[-3.8757,40.9002],[-3.8759,40.9004],[-3.8762,40.9007],[-3.8767,40.9011],[-3.8768,40.901],[-3.8771,40.9006],[-3.8772,40.9002],[-3.877,40.9002],[-3.8769,40.8998],[-3.8769,40.8997],[-3.8769,40.8995],[-3.8769,40.8994],[-3.8769,40.8993],[-3.8769,40.8991],[-3.8769,40.899],[-3.877,40.8985],[-3.8771,40.8984],[-3.8775,40.8984],[-3.8779,40.8985],[-3.8783,40.8983],[-3.8784,40.8982],[-3.8788,40.8982],[-3.8793,40.8982],[-3.8797,40.8982],[-3.8804,40.8983],[-3.8806,40.8983],[-3.8809,40.8985],[-3.881,40.8987],[-3.8816,40.8992],[-3.8811,40.8995],[-3.8808,40.8997],[-3.8806,40.9],[-3.8797,40.9005],[-3.8803,40.901],[-3.8808,40.9009],[-3.8809,40.9006],[-3.8812,40.9003],[-3.8814,40.9002],[-3.8815,40.9002],[-3.8817,40.9003],[-3.882,40.9004],[-3.8819,40.9005],[-3.8819,40.9008],[-3.8823,40.9008],[-3.8826,40.9007],[-3.8828,40.9006],[-3.8832,40.901],[-3.8827,40.9009],[-3.8824,40.901],[-3.8822,40.9012],[-3.8823,40.9013],[-3.8826,40.9016],[-3.8825,40.9019],[-3.8824,40.9022],[-3.8818,40.9022],[-3.882,40.9028],[-3.8823,40.9031],[-3.8831,40.9037],[-3.8835,40.9039],[-3.8832,40.904],[-3.8826,40.904],[-3.8817,40.9039],[-3.8817,40.9042],[-3.8818,40.9043],[-3.8821,40.9044],[-3.8823,40.9046],[-3.8825,40.9046],[-3.8828,40.9046],[-3.8831,40.9046],[-3.8833,40.9047],[-3.8838,40.9049],[-3.8841,40.905],[-3.885,40.9051],[-3.8852,40.9051],[-3.8856,40.9054],[-3.8861,40.9054],[-3.8863,40.9056],[-3.8866,40.9056],[-3.8869,40.9056],[-3.887,40.9056],[-3.8872,40.9057],[-3.8873,40.9057],[-3.8874,40.9058],[-3.8874,40.9058],[-3.8875,40.9059],[-3.8873,40.906],[-3.8872,40.9061],[-3.8871,40.9061],[-3.8872,40.9062],[-3.8872,40.9062],[-3.8867,40.9063],[-3.8865,40.9064],[-3.8862,40.9065],[-3.8863,40.9065],[-3.8861,40.9065],[-3.8867,40.907],[-3.8874,40.9076],[-3.8875,40.9078],[-3.8862,40.9084],[-3.8857,40.9084],[-3.8847,40.9086],[-3.8846,40.9086],[-3.8842,40.9078],[-3.8828,40.9084],[-3.8818,40.9087],[-3.8807,40.9092],[-3.8806,40.9092],[-3.8805,40.9091],[-3.8802,40.909],[-3.8799,40.909],[-3.8797,40.9089],[-3.8797,40.9088],[-3.8797,40.9087],[-3.8795,40.9084],[-3.8795,40.9081],[-3.8795,40.908],[-3.8792,40.9078],[-3.8789,40.9077],[-3.8789,40.9076],[-3.8785,40.9069],[-3.8778,40.9071],[-3.8775,40.9072],[-3.8773,40.9072],[-3.877,40.9074],[-3.8768,40.9074],[-3.8766,40.9074],[-3.8761,40.9075],[-3.8761,40.9076],[-3.8757,40.9077],[-3.8756,40.9079],[-3.8754,40.908],[-3.8749,40.9081],[-3.8751,40.9084],[-3.8743,40.9086],[-3.8741,40.9084],[-3.8752,40.9077],[-3.8761,40.907],[-3.8771,40.9063],[-3.8771,40.9061],[-3.8768,40.906],[-3.8767,40.9058],[-3.8768,40.9055],[-3.8765,40.9056],[-3.876,40.9056],[-3.8751,40.9055],[-3.8746,40.9055]],[[-3.7979,40.962],[-3.7978,40.9621],[-3.7978,40.9624],[-3.7977,40.9626],[-3.7977,40.9628],[-3.7974,40.9627],[-3.7969,40.9625],[-3.7967,40.9625],[-3.7967,40.962],[-3.7967,40.9617],[-3.7967,40.9614],[-3.7967,40.961],[-3.7969,40.961],[-3.7973,40.961],[-3.7976,40.9609],[-3.7976,40.9601],[-3.7976,40.9596],[-3.7971,40.9595],[-3.797,40.9589],[-3.797,40.9589],[-3.797,40.9589],[-3.7969,40.9586],[-3.7968,40.9585],[-3.7963,40.9585],[-3.796,40.9586],[-3.7956,40.9588],[-3.7952,40.9588],[-3.7949,40.9588],[-3.7946,40.9587],[-3.7953,40.958],[-3.7954,40.9579],[-3.7955,40.9577],[-3.7951,40.9573],[-3.7954,40.9571],[-3.795,40.9567],[-3.7947,40.9567],[-3.7941,40.957],[-3.7933,40.9574],[-3.7932,40.9575],[-3.7932,40.9577],[-3.7932,40.9579],[-3.7928,40.9578],[-3.7925,40.9578],[-3.7925,40.9581],[-3.7925,40.9584],[-3.7925,40.9584],[-3.7925,40.9586],[-3.7927,40.9587],[-3.7932,40.9589],[-3.7932,40.9592],[-3.7931,40.9595],[-3.7931,40.9597],[-3.793,40.9598],[-3.7929,40.9602],[-3.7928,40.9604],[-3.7926,40.9604],[-3.7925,40.9604],[-3.7924,40.9606],[-3.7925,40.9608],[-3.7924,40.9608],[-3.7924,40.9609],[-3.7922,40.9608],[-3.7921,40.9607],[-3.792,40.9606],[-3.792,40.9602],[-3.7917,40.9598],[-3.7914,40.9595],[-3.7912,40.959],[-3.791,40.9588],[-3.7909,40.9586],[-3.7908,40.9583],[-3.7908,40.958],[-3.7905,40.9578],[-3.7902,40.9576],[-3.7898,40.9575],[-3.7893,40.957],[-3.7888,40.9567],[-3.7884,40.9565],[-3.7882,40.956],[-3.788,40.9559],[-3.7875,40.9556],[-3.7873,40.9556],[-3.7867,40.9558],[-3.7862,40.9559],[-3.7857,40.9559],[-3.7854,40.9559],[-3.785,40.9558],[-3.7846,40.9555],[-3.7844,40.9554],[-3.7848,40.955],[-3.7854,40.9547],[-3.7862,40.9544],[-3.7866,40.9543],[-3.7871,40.954],[-3.7873,40.954],[-3.7875,40.9545],[-3.788,40.955],[-3.7882,40.955],[-3.7887,40.9547],[-3.7889,40.9549],[-3.7892,40.9551],[-3.7893,40.9552],[-3.7895,40.9555],[-3.7897,40.9557],[-3.79,40.9555],[-3.7902,40.9553],[-3.7904,40.9552],[-3.7906,40.9549],[-3.7908,40.9544],[-3.791,40.9542],[-3.7912,40.9541],[-3.7915,40.954],[-3.7917,40.9539],[-3.792,40.9541],[-3.7923,40.9541],[-3.7927,40.9542],[-3.7929,40.9541],[-3.7933,40.9536],[-3.7938,40.9533],[-3.793,40.9526],[-3.7928,40.9528],[-3.7925,40.9528],[-3.7924,40.9526],[-3.7922,40.9524],[-3.7919,40.9524],[-3.7916,40.9524],[-3.7914,40.9523],[-3.7911,40.9524],[-3.7909,40.9523],[-3.7907,40.9524],[-3.7905,40.9523],[-3.7901,40.9524],[-3.7899,40.9524],[-3.7898,40.9522],[-3.7892,40.9523],[-3.7891,40.9521],[-3.7889,40.9519],[-3.7887,40.952],[-3.7884,40.9523],[-3.7882,40.9524],[-3.7879,40.9526],[-3.7878,40.9526],[-3.7875,40.9525],[-3.787,40.9525],[-3.7871,40.952],[-3.7876,40.9503],[-3.7878,40.9499],[-3.7879,40.9496],[-3.7882,40.9494],[-3.7884,40.9492],[-3.7887,40.9491],[-3.7889,40.949],[-3.7893,40.949],[-3.7897,40.949],[-3.7899,40.9489],[-3.7891,40.9484],[-3.7892,40.9482],[-3.7904,40.949],[-3.7907,40.9492],[-3.7914,40.9496],[-3.7917,40.9497],[-3.7919,40.9497],[-3.7919,40.9496],[-3.792,40.9495],[-3.7922,40.9492],[-3.7922,40.9492],[-3.7922,40.949],[-3.7924,40.9488],[-3.793,40.949],[-3.7935,40.949],[-3.7937,40.9491],[-3.7942,40.9492],[-3.7952,40.9496],[-3.7955,40.9496],[-3.7959,40.9499],[-3.796,40.95],[-3.7961,40.9502],[-3.7959,40.9502],[-3.7958,40.9502],[-3.7956,40.9501],[-3.7954,40.95],[-3.7953,40.9501],[-3.7951,40.9502],[-3.7951,40.9503],[-3.7952,40.9505],[-3.7953,40.9505],[-3.7952,40.9506],[-3.7954,40.9508],[-3.7956,40.9509],[-3.7957,40.9509],[-3.7958,40.9509],[-3.7961,40.951],[-3.7964,40.9511],[-3.7966,40.9511],[-3.7969,40.9512],[-3.7972,40.9512],[-3.7974,40.9512],[-3.7975,40.9512],[-3.7976,40.9512],[-3.7979,40.9513],[-3.7984,40.9512],[-3.7988,40.9513],[-3.7993,40.9515],[-3.8002,40.9516],[-3.8004,40.9517],[-3.8005,40.9517],[-3.8007,40.9519],[-3.8009,40.952],[-3.8005,40.9524],[-3.8008,40.9526],[-3.8011,40.9529],[-3.8015,40.9533],[-3.8017,40.9539],[-3.8019,40.9541],[-3.8019,40.9543],[-3.8022,40.9547],[-3.8022,40.9551],[-3.8022,40.9553],[-3.8023,40.9557],[-3.8023,40.9561],[-3.8023,40.9562],[-3.8022,40.9562],[-3.802,40.9562],[-3.8017,40.9561],[-3.8016,40.956],[-3.8014,40.9559],[-3.8012,40.9558],[-3.8011,40.9558],[-3.8011,40.956],[-3.8009,40.9561],[-3.8006,40.9564],[-3.8003,40.9569],[-3.8002,40.9571],[-3.8002,40.9576],[-3.8002,40.9578],[-3.8001,40.9581],[-3.8,40.9582],[-3.8,40.9583],[-3.8,40.9585],[-3.7999,40.9586],[-3.7999,40.9587],[-3.8,40.9588],[-3.8,40.959],[-3.8,40.9592],[-3.8,40.9595],[-3.7999,40.9597],[-3.7998,40.9599],[-3.7996,40.9601],[-3.7994,40.9604],[-3.7994,40.9606],[-3.7995,40.9606],[-3.7995,40.9606],[-3.7995,40.9609],[-3.7994,40.9609],[-3.7994,40.9611],[-3.7995,40.9614],[-3.7994,40.9615],[-3.7993,40.9616],[-3.799,40.9617],[-3.7985,40.9619],[-3.7983,40.9619],[-3.7979,40.962]],[[-3.8826,40.8959],[-3.882,40.8959],[-3.8809,40.8958],[-3.8803,40.8958],[-3.8801,40.8954],[-3.8797,40.8948],[-3.8797,40.8945],[-3.8799,40.894],[-3.8802,40.8937],[-3.8803,40.8935],[-3.8803,40.8935],[-3.8799,40.8932],[-3.8794,40.8931],[-3.8789,40.893],[-3.879,40.8927],[-3.879,40.8927],[-3.8794,40.8921],[-3.8796,40.8917],[-3.88,40.8914],[-3.8802,40.8912],[-3.8802,40.8912],[-3.8801,40.8912],[-3.88,40.8912],[-3.8799,40.8911],[-3.8798,40.891],[-3.8797,40.8909],[-3.8796,40.8906],[-3.8795,40.8905],[-3.8793,40.8899],[-3.8793,40.8894],[-3.8795,40.8886],[-3.8794,40.8882],[-3.879,40.8877],[-3.8789,40.8875],[-3.8785,40.8874],[-3.8779,40.8871],[-3.8777,40.8871],[-3.8775,40.887],[-3.8775,40.8869],[-3.8775,40.8869],[-3.8776,40.8868],[-3.8777,40.8868],[-3.8778,40.8867],[-3.8779,40.8865],[-3.8779,40.8864],[-3.8781,40.8863],[-3.8785,40.8862],[-3.8786,40.8861],[-3.8787,40.8861],[-3.8789,40.886],[-3.8789,40.886],[-3.8789,40.8859],[-3.8786,40.8858],[-3.8785,40.8858],[-3.8782,40.8854],[-3.8781,40.8851],[-3.8781,40.8851],[-3.8782,40.885],[-3.8785,40.8847],[-3.8787,40.8847],[-3.8787,40.8847],[-3.8786,40.8846],[-3.8785,40.8845],[-3.8785,40.8844],[-3.8785,40.8842],[-3.8784,40.8841],[-3.8784,40.884],[-3.8786,40.8834],[-3.8786,40.8832],[-3.8786,40.8831],[-3.8784,40.8828],[-3.8784,40.8827],[-3.8785,40.8826],[-3.8785,40.8825],[-3.8787,40.8823],[-3.8787,40.8822],[-3.879,40.8821],[-3.8791,40.8821],[-3.8792,40.882],[-3.8792,40.882],[-3.8792,40.8819],[-3.8792,40.8818],[-3.8792,40.8818],[-3.8794,40.8815],[-3.8795,40.8814],[-3.8796,40.8813],[-3.8798,40.8811],[-3.8798,40.8811],[-3.8797,40.881],[-3.8796,40.881],[-3.8793,40.8809],[-3.8791,40.8808],[-3.8789,40.8807],[-3.8788,40.8806],[-3.8786,40.8806],[-3.8785,40.8806],[-3.8783,40.8807],[-3.8778,40.8808],[-3.8774,40.8809],[-3.8774,40.881],[-3.8772,40.881],[-3.8772,40.8807],[-3.8772,40.8805],[-3.8769,40.8801],[-3.8769,40.88],[-3.8769,40.88],[-3.877,40.8798],[-3.877,40.8798],[-3.877,40.8798],[-3.877,40.8797],[-3.8767,40.8794],[-3.8795,40.8779],[-3.8795,40.8777],[-3.8795,40.8777],[-3.8798,40.8775],[-3.88,40.8774],[-3.8802,40.8774],[-3.8805,40.8773],[-3.8808,40.8774],[-3.881,40.8777],[-3.8821,40.8774],[-3.8845,40.8805],[-3.8847,40.8806],[-3.8854,40.8808],[-3.8857,40.8809],[-3.8864,40.8803],[-3.8865,40.8802],[-3.8869,40.8799],[-3.8871,40.8798],[-3.8873,40.8797],[-3.8874,40.8795],[-3.8875,40.8798],[-3.8878,40.8802],[-3.8881,40.8805],[-3.8885,40.8807],[-3.8884,40.8813],[-3.8886,40.8817],[-3.889,40.8821],[-3.8893,40.8825],[-3.8895,40.8831],[-3.8896,40.8835],[-3.8901,40.8837],[-3.8906,40.8838],[-3.891,40.8839],[-3.8914,40.8841],[-3.8942,40.8842],[-3.8944,40.8844],[-3.8943,40.8846],[-3.8938,40.8859],[-3.8933,40.8868],[-3.8925,40.8891],[-3.8925,40.8894],[-3.8923,40.8897],[-3.8918,40.8897],[-3.8911,40.89],[-3.8908,40.8901],[-3.8906,40.8905],[-3.8904,40.8909],[-3.8904,40.8912],[-3.8904,40.8922],[-3.8904,40.8931],[-3.8903,40.8935],[-3.89,40.8934],[-3.8886,40.8932],[-3.8881,40.8932],[-3.8877,40.8933],[-3.8873,40.8935],[-3.887,40.8939],[-3.8868,40.8941],[-3.8868,40.8942],[-3.8867,40.8942],[-3.8865,40.8944],[-3.8863,40.8945],[-3.8863,40.8945],[-3.8859,40.8946],[-3.8857,40.8946],[-3.8855,40.8947],[-3.8853,40.895],[-3.8851,40.8951],[-3.885,40.8952],[-3.8848,40.8952],[-3.8845,40.8953],[-3.8844,40.8953],[-3.8843,40.8953],[-3.8841,40.8953],[-3.8837,40.8951],[-3.8836,40.8952],[-3.8835,40.8956],[-3.8834,40.8957],[-3.8833,40.8957],[-3.8832,40.8957],[-3.8831,40.8957],[-3.8829,40.8957],[-3.8826,40.8959]]],[[[-3.9761,40.7877],[-3.9761,40.7877],[-3.9762,40.7877],[-3.9762,40.7877],[-3.9762,40.7877],[-3.9762,40.7877],[-3.9762,40.7877],[-3.9763,40.7877],[-3.9764,40.7877],[-3.9766,40.7877],[-3.9771,40.7876],[-3.9778,40.7875],[-3.9779,40.7875],[-3.9781,40.7875],[-3.9781,40.7874],[-3.9784,40.787],[-3.979,40.7863],[-3.9791,40.7862],[-3.9792,40.7861],[-3.9792,40.7859],[-3.9797,40.7846],[-3.9842,40.7859],[-3.9885,40.7856],[-3.9885,40.7855],[-3.9884,40.7855],[-3.9883,40.7854],[-3.9881,40.7854],[-3.9878,40.7854],[-3.9877,40.7854],[-3.9876,40.7854],[-3.9875,40.7854],[-3.9875,40.7853],[-3.9875,40.7852],[-3.9877,40.7852],[-3.9879,40.7852],[-3.988,40.7852],[-3.9881,40.7852],[-3.9883,40.7852],[-3.9885,40.7851],[-3.9886,40.7851],[-3.9889,40.7849],[-3.9891,40.7849],[-3.9892,40.7849],[-3.9895,40.7848],[-3.9897,40.7847],[-3.9899,40.7846],[-3.9903,40.7844],[-3.9903,40.7844],[-3.9903,40.7844],[-3.9904,40.7844],[-3.9904,40.7843],[-3.9905,40.7843],[-3.9905,40.7843],[-3.9903,40.7843],[-3.9903,40.7843],[-3.9899,40.7842],[-3.9875,40.7844],[-3.9855,40.7845],[-3.9846,40.7845],[-3.9842,40.7844],[-3.9824,40.7839],[-3.9818,40.7837],[-3.9818,40.7837],[-3.9817,40.7837],[-3.9811,40.7835],[-3.9789,40.7828],[-3.9787,40.7829],[-3.9786,40.783],[-3.9786,40.783],[-3.9784,40.7834],[-3.9776,40.7849],[-3.9771,40.7858],[-3.977,40.7859],[-3.977,40.7859],[-3.9768,40.7862],[-3.9761,40.7874],[-3.9761,40.7877]]]]},"geometry_name":"GEOMETRY1","properties":{"CD_ZONA":"ZPP","DS_ZONA":"Zona Periférica de Protección del Parque Nacional de la Sierra de Guadarrama","NM_SUP_HA":29954}},{"type":"Feature","id":"IDEM_MA_PN_GUADARRAMA_CM.2","geometry":{"type":"Polygon","coordinates":[[[-4.0947,40.7543],[-4.0944,40.7543],[-4.0939,40.7544],[-4.0927,40.7546],[-4.0921,40.7546],[-4.0918,40.7547],[-4.0916,40.7548],[-4.0909,40.7553],[-4.0899,40.7559],[-4.0896,40.756],[-4.0894,40.7562],[-4.0891,40.7564],[-4.0887,40.7565],[-4.0886,40.7567],[-4.0885,40.7568],[-4.0884,40.757],[-4.0883,40.7572],[-4.0883,40.7575],[-4.0883,40.7577],[-4.0883,40.7578],[-4.0884,40.758],[-4.0886,40.7586],[-4.0887,40.7592],[-4.0887,40.7596],[-4.0887,40.7601],[-4.0887,40.7604],[-4.0887,40.7607],[-4.0887,40.7608],[-4.0887,40.761],[-4.0888,40.7612],[-4.089,40.7614],[-4.089,40.7614],[-4.0892,40.7616],[-4.0895,40.762],[-4.0896,40.7621],[-4.0897,40.7621],[-4.0897,40.7622],[-4.0897,40.7622],[-4.0897,40.7622],[-4.0899,40.7624],[-4.0899,40.7625],[-4.09,40.7625],[-4.09,40.7625],[-4.09,40.7626],[-4.09,40.7626],[-4.0901,40.7627],[-4.0901,40.7628],[-4.0901,40.7628],[-4.0901,40.7629],[-4.0901,40.7629],[-4.0901,40.763],[-4.0901,40.7631],[-4.09,40.7632],[-4.0898,40.7634],[-4.0896,40.7636],[-4.0893,40.7637],[-4.089,40.7638],[-4.0888,40.764],[-4.0887,40.7641],[-4.0885,40.7642],[-4.0883,40.7644],[-4.0882,40.7645],[-4.088,40.7647],[-4.0879,40.7649],[-4.0879,40.765],[-4.0878,40.7651],[-4.0878,40.7653],[-4.0877,40.7653],[-4.0877,40.7654],[-4.0874,40.7656],[-4.0872,40.7658],[-4.087,40.7659],[-4.0869,40.766],[-4.0869,40.7661],[-4.0868,40.7662],[-4.0868,40.7662],[-4.0867,40.7664],[-4.0867,40.7665],[-4.0867,40.7666],[-4.0866,40.7666],[-4.0866,40.7667],[-4.0866,40.767],[-4.0867,40.7675],[-4.0868,40.7677],[-4.0868,40.768],[-4.0868,40.7682],[-4.0867,40.7683],[-4.0866,40.7684],[-4.0866,40.7685],[-4.0865,40.7685],[-4.0864,40.7686],[-4.0864,40.7686],[-4.0864,40.7686],[-4.0863,40.7687],[-4.0862,40.7687],[-4.0862,40.7688],[-4.0861,40.7688],[-4.0861,40.7688],[-4.0861,40.7688],[-4.086,40.7689],[-4.086,40.7689],[-4.0859,40.769],[-4.0859,40.769],[-4.0858,40.769],[-4.0858,40.7691],[-4.0857,40.7691],[-4.0857,40.7691],[-4.0857,40.7692],[-4.0857,40.7692],[-4.0856,40.7692],[-4.0856,40.7693],[-4.0856,40.7693],[-4.0852,40.7697],[-4.0846,40.77],[-4.0839,40.7706],[-4.0835,40.7709],[-4.0832,40.7711],[-4.083,40.7714],[-4.0829,40.7716],[-4.0826,40.772],[-4.0825,40.7722],[-4.0822,40.7727],[-4.0819,40.7732],[-4.0817,40.7737],[-4.0814,40.7742],[-4.0812,40.7745],[-4.0811,40.7748],[-4.081,40.7748],[-4.0719,40.7779],[-4.0684,40.7791],[-4.0682,40.7792],[-4.0675,40.7795],[-4.0669,40.7799],[-4.0667,40.78],[-4.0666,40.78],[-4.0666,40.7801],[-4.0666,40.7801],[-4.0666,40.7801],[-4.0666,40.7804],[-4.0667,40.7806],[-4.0668,40.7809],[-4.0666,40.7812],[-4.0665,40.7812],[-4.0663,40.7813],[-4.0659,40.7815],[-4.0655,40.7817],[-4.0652,40.782],[-4.0647,40.7821],[-4.0644,40.7822],[-4.0643,40.7822],[-4.0642,40.7822],[-4.0642,40.7823],[-4.0642,40.7824],[-4.0642,40.7825],[-4.064,40.7826],[-4.0638,40.7826],[-4.0633,40.7824],[-4.0628,40.782],[-4.0622,40.782],[-4.062,40.782],[-4.0619,40.7821],[-4.0618,40.7822],[-4.0616,40.7822],[-4.0613,40.7823],[-4.0607,40.7823],[-4.0602,40.7823],[-4.0596,40.7824],[-4.0593,40.7824],[-4.0589,40.7824],[-4.0587,40.7823],[-4.0586,40.7822],[-4.0586,40.7821],[-4.0589,40.782],[-4.0591,40.7819],[-4.0593,40.7818],[-4.0595,40.7817],[-4.0597,40.7815],[-4.0598,40.7813],[-4.0599,40.7811],[-4.0604,40.7805],[-4.0609,40.7801],[-4.0609,40.7799],[-4.0609,40.7796],[-4.0609,40.7793],[-4.0609,40.7791],[-4.061,40.779],[-4.0611,40.7788],[-4.0611,40.7787],[-4.061,40.7785],[-4.0609,40.7783],[-4.0606,40.7781],[-4.0604,40.7777],[-4.0602,40.7774],[-4.06,40.7773],[-4.0599,40.7771],[-4.0599,40.777],[-4.0598,40.7768],[-4.0596,40.7767],[-4.0592,40.7766],[-4.0589,40.7765],[-4.0585,40.7765],[-4.0583,40.7765],[-4.0581,40.7763],[-4.058,40.776],[-4.058,40.7758],[-4.0581,40.7755],[-4.0581,40.7752],[-4.0582,40.775],[-4.0582,40.7748],[-4.0582,40.7747],[-4.0581,40.7744],[-4.058,40.7741],[-4.0579,40.7739],[-4.0578,40.7738],[-4.0574,40.7737],[-4.0571,40.7737],[-4.0567,40.7736],[-4.0565,40.7736],[-4.0563,40.7735],[-4.056,40.7734],[-4.0555,40.773],[-4.0553,40.7729],[-4.0552,40.7729],[-4.0545,40.7728],[-4.0544,40.7727],[-4.0543,40.7725],[-4.0542,40.7724],[-4.0541,40.7721],[-4.054,40.7719],[-4.0538,40.7717],[-4.0536,40.7714],[-4.0535,40.7712],[-4.0534,40.7708],[-4.0534,40.7703],[-4.0535,40.7697],[-4.0536,40.7695],[-4.0537,40.7694],[-4.0542,40.769],[-4.0543,40.7687],[-4.0544,40.7684],[-4.0546,40.7681],[-4.0548,40.7679],[-4.0552,40.7673],[-4.0556,40.7668],[-4.0558,40.7665],[-4.0562,40.766],[-4.0565,40.7655],[-4.0569,40.7652],[-4.0571,40.765],[-4.0572,40.7648],[-4.0571,40.7648],[-4.0569,40.7648],[-4.0565,40.7649],[-4.0561,40.7651],[-4.0558,40.7653],[-4.0556,40.7655],[-4.0536,40.7664],[-4.0535,40.7666],[-4.0533,40.7668],[-4.0532,40.7671],[-4.0532,40.7674],[-4.0531,40.7676],[-4.0524,40.7681],[-4.052,40.7682],[-4.0516,40.7684],[-4.0513,40.7685],[-4.0511,40.7688],[-4.0511,40.769],[-4.051,40.7691],[-4.0503,40.7691],[-4.05,40.7691],[-4.0498,40.7691],[-4.0497,40.7692],[-4.0497,40.7692],[-4.0495,40.7692],[-4.0489,40.7695],[-4.0485,40.7698],[-4.0484,40.7698],[-4.0481,40.7701],[-4.0476,40.7704],[-4.0468,40.7707],[-4.0464,40.7709],[-4.0464,40.7709],[-4.0464,40.7708],[-4.0464,40.7708],[-4.0464,40.7708],[-4.0463,40.7707],[-4.0463,40.7707],[-4.0463,40.7706],[-4.0463,40.7706],[-4.0462,40.7706],[-4.0462,40.7705],[-4.0462,40.7705],[-4.0461,40.7705],[-4.0459,40.7702],[-4.0458,40.7702],[-4.0458,40.7702],[-4.0454,40.77],[-4.0453,40.77],[-4.0452,40.7699],[-4.0451,40.7699],[-4.045,40.7699],[-4.0448,40.7698],[-4.0443,40.7696],[-4.0442,40.7695],[-4.0442,40.7695],[-4.0441,40.7695],[-4.0441,40.7694],[-4.044,40.7694],[-4.0436,40.7693],[-4.0433,40.7692],[-4.0433,40.7692],[-4.0433,40.7691],[-4.0432,40.7691],[-4.0432,40.7691],[-4.0431,40.7691],[-4.0431,40.7691],[-4.0431,40.769],[-4.043,40.769],[-4.043,40.769],[-4.043,40.769],[-4.0427,40.7687],[-4.0426,40.7686],[-4.0426,40.7685],[-4.0423,40.7683],[-4.0421,40.7682],[-4.0419,40.7681],[-4.0417,40.7679],[-4.0415,40.7678],[-4.0413,40.7677],[-4.0411,40.7675],[-4.0411,40.7675],[-4.041,40.7675],[-4.041,40.7674],[-4.041,40.7673],[-4.0409,40.7673],[-4.0409,40.7672],[-4.0408,40.7672],[-4.0408,40.7671],[-4.0407,40.7671],[-4.0405,40.7669],[-4.0403,40.7666],[-4.0403,40.7666],[-4.0401,40.7662],[-4.0401,40.7661],[-4.04,40.766],[-4.04,40.7659],[-4.0399,40.7658],[-4.0399,40.7657],[-4.0399,40.7656],[-4.0398,40.7654],[-4.0397,40.7655],[-4.0397,40.7655],[-4.0396,40.7655],[-4.0394,40.7656],[-4.0393,40.7656],[-4.0391,40.7656],[-4.039,40.7657],[-4.0389,40.7658],[-4.0388,40.7658],[-4.0388,40.7659],[-4.0388,40.7661],[-4.0388,40.7662],[-4.0388,40.7664],[-4.0387,40.7667],[-4.0387,40.7667],[-4.0387,40.7667],[-4.0387,40.7667],[-4.0384,40.7666],[-4.0383,40.7664],[-4.0382,40.7663],[-4.0382,40.7661],[-4.0381,40.7659],[-4.038,40.7657],[-4.038,40.7654],[-4.038,40.7653],[-4.0379,40.7652],[-4.0377,40.7651],[-4.0376,40.7651],[-4.0375,40.7649],[-4.0373,40.7648],[-4.0367,40.7646],[-4.0362,40.7645],[-4.036,40.7645],[-4.0357,40.7645],[-4.0355,40.7643],[-4.0352,40.7641],[-4.0351,40.7638],[-4.035,40.7637],[-4.0347,40.7635],[-4.0344,40.7633],[-4.0338,40.7631],[-4.0335,40.763],[-4.033,40.763],[-4.0325,40.7629],[-4.0321,40.7629],[-4.0314,40.763],[-4.0313,40.763],[-4.0311,40.7631],[-4.031,40.7631],[-4.0311,40.7628],[-4.0314,40.7622],[-4.0311,40.7621],[-4.028,40.7618],[-4.0259,40.7616],[-4.0253,40.7615],[-4.0244,40.7613],[-4.0243,40.7612],[-4.0242,40.7612],[-4.0242,40.7612],[-4.0241,40.7612],[-4.0238,40.7613],[-4.0238,40.7613],[-4.0238,40.7613],[-4.0238,40.7613],[-4.0238,40.7613],[-4.0237,40.7613],[-4.0234,40.7614],[-4.0231,40.7614],[-4.0226,40.7615],[-4.0226,40.7615],[-4.0222,40.7616],[-4.0216,40.7617],[-4.0209,40.7619],[-4.0206,40.7619],[-4.0205,40.7621],[-4.0205,40.7621],[-4.0189,40.7641],[-4.0188,40.7642],[-4.0188,40.7642],[-4.0179,40.7648],[-4.0175,40.7651],[-4.0168,40.766],[-4.0166,40.7663],[-4.016,40.7671],[-4.0156,40.7677],[-4.0156,40.7677],[-4.0155,40.7678],[-4.0154,40.768],[-4.0154,40.768],[-4.015,40.7683],[-4.0146,40.7686],[-4.0136,40.7682],[-4.0101,40.767],[-4.0077,40.7658],[-4.0076,40.7657],[-4.0076,40.7656],[-4.0076,40.7653],[-4.0076,40.7653],[-4.0076,40.7652],[-4.0076,40.7652],[-4.0076,40.7652],[-4.0076,40.7652],[-4.0076,40.7651],[-4.0076,40.7651],[-4.0076,40.7651],[-4.0076,40.7651],[-4.0076,40.765],[-4.0076,40.765],[-4.0076,40.765],[-4.0076,40.765],[-4.0076,40.7649],[-4.0076,40.7649],[-4.0077,40.7649],[-4.0077,40.7649],[-4.0077,40.7648],[-4.0077,40.7648],[-4.0077,40.7648],[-4.0077,40.7648],[-4.0077,40.7647],[-4.0077,40.7647],[-4.0077,40.7647],[-4.0077,40.7647],[-4.0077,40.7646],[-4.0077,40.7646],[-4.0077,40.7646],[-4.0077,40.7645],[-4.0077,40.7645],[-4.0078,40.7645],[-4.0078,40.7644],[-4.0078,40.7644],[-4.0078,40.7644],[-4.0078,40.7644],[-4.0078,40.7643],[-4.0078,40.7643],[-4.0078,40.7643],[-4.0078,40.7642],[-4.0078,40.7642],[-4.0078,40.7642],[-4.0079,40.7642],[-4.0079,40.7641],[-4.0079,40.7641],[-4.0079,40.7641],[-4.0079,40.764],[-4.0079,40.764],[-4.0079,40.764],[-4.0079,40.764],[-4.0079,40.7639],[-4.0079,40.7639],[-4.008,40.7639],[-4.008,40.7638],[-4.008,40.7638],[-4.008,40.7638],[-4.008,40.7638],[-4.008,40.7638],[-4.008,40.7638],[-4.008,40.7637],[-4.008,40.7637],[-4.0079,40.7637],[-4.0079,40.7637],[-4.0079,40.7637],[-4.0079,40.7637],[-4.0079,40.7636],[-4.0079,40.7636],[-4.0079,40.7636],[-4.0079,40.7636],[-4.0079,40.7636],[-4.0079,40.7636],[-4.0079,40.7635],[-4.0079,40.7635],[-4.0079,40.7635],[-4.0079,40.7635],[-4.0079,40.7635],[-4.0079,40.7635],[-4.0079,40.7634],[-4.0079,40.7634],[-4.0079,40.7634],[-4.0079,40.7634],[-4.0079,40.7634],[-4.0079,40.7634],[-4.0079,40.7633],[-4.0079,40.7633],[-4.0079,40.7633],[-4.0079,40.7633],[-4.008,40.7633],[-4.008,40.7633],[-4.008,40.7632],[-4.008,40.7632],[-4.008,40.7632],[-4.008,40.7632],[-4.008,40.7632],[-4.008,40.7632],[-4.008,40.7631],[-4.008,40.7631],[-4.008,40.7631],[-4.008,40.7631],[-4.008,40.7631],[-4.008,40.7631],[-4.008,40.763],[-4.008,40.763],[-4.008,40.763],[-4.008,40.763],[-4.008,40.763],[-4.008,40.763],[-4.008,40.7629],[-4.008,40.7629],[-4.008,40.7629],[-4.008,40.7629],[-4.008,40.7629],[-4.008,40.7629],[-4.008,40.7629],[-4.008,40.7628],[-4.0081,40.7626],[-4.0084,40.762],[-4.0085,40.7618],[-4.0085,40.7618],[-4.0085,40.7618],[-4.0085,40.7618],[-4.0086,40.7618],[-4.0086,40.7618],[-4.0086,40.7618],[-4.0086,40.7618],[-4.0086,40.7618],[-4.0086,40.7618],[-4.0086,40.7618],[-4.0086,40.7618],[-4.0086,40.7617],[-4.0086,40.7617],[-4.0086,40.7617],[-4.0086,40.7617],[-4.0086,40.7617],[-4.0086,40.7617],[-4.0086,40.7617],[-4.0086,40.7617],[-4.0086,40.7617],[-4.0086,40.7617],[-4.0086,40.7617],[-4.0086,40.7617],[-4.0086,40.7616],[-4.0086,40.7616],[-4.0086,40.7616],[-4.0086,40.7616],[-4.0086,40.7616],[-4.0086,40.7616],[-4.0086,40.7616],[-4.0086,40.7616],[-4.0086,40.7616],[-4.0086,40.7616],[-4.0086,40.7616],[-4.0086,40.7616],[-4.0087,40.7616],[-4.0087,40.7616],[-4.0087,40.7616],[-4.0087,40.7616],[-4.0087,40.7616],[-4.0087,40.7616],[-4.0087,40.7615],[-4.0087,40.7615],[-4.0087,40.7615],[-4.0087,40.7615],[-4.0087,40.7615],[-4.0087,40.7615],[-4.0087,40.7615],[-4.0087,40.7615],[-4.0087,40.7615],[-4.0087,40.7615],[-4.0087,40.7615],[-4.009,40.7613],[-4.0094,40.7612],[-4.0094,40.7612],[-4.0094,40.7612],[-4.0094,40.7612],[-4.0094,40.7612],[-4.0094,40.7612],[-4.0094,40.7612],[-4.0094,40.7612],[-4.0094,40.7612],[-4.0094,40.7612],[-4.0094,40.7612],[-4.0094,40.7612],[-4.0094,40.7612],[-4.0094,40.7612],[-4.0094,40.7612],[-4.0094,40.7612],[-4.0095,40.7612],[-4.0095,40.7612],[-4.0095,40.7612],[-4.0095,40.7612],[-4.0095,40.7612],[-4.0095,40.7612],[-4.0095,40.7612],[-4.0095,40.7612],[-4.0095,40.7611],[-4.0095,40.7611],[-4.0095,40.7611],[-4.0095,40.7611],[-4.0095,40.7611],[-4.0095,40.7611],[-4.0095,40.7611],[-4.0095,40.7611],[-4.0095,40.7611],[-4.0095,40.7611],[-4.0095,40.7611],[-4.0095,40.7611],[-4.0095,40.7611],[-4.0095,40.7611],[-4.0095,40.7611],[-4.0095,40.7611],[-4.0095,40.7611],[-4.0095,40.7611],[-4.0096,40.7611],[-4.0096,40.7611],[-4.0096,40.7611],[-4.0096,40.7611],[-4.0096,40.761],[-4.0096,40.761],[-4.0096,40.761],[-4.0096,40.761],[-4.0096,40.761],[-4.0096,40.761],[-4.0096,40.761],[-4.0096,40.761],[-4.0096,40.761],[-4.0096,40.761],[-4.0096,40.761],[-4.0093,40.7606],[-4.0093,40.7606],[-4.0093,40.7606],[-4.0093,40.7606],[-4.0093,40.7606],[-4.0093,40.7606],[-4.0093,40.7606],[-4.0093,40.7606],[-4.0093,40.7606],[-4.0093,40.7606],[-4.0092,40.7605],[-4.0092,40.7605],[-4.0092,40.7605],[-4.0092,40.7605],[-4.0092,40.7605],[-4.0092,40.7605],[-4.0092,40.7605],[-4.0092,40.7605],[-4.0092,40.7605],[-4.0092,40.7605],[-4.0092,40.7605],[-4.0092,40.7605],[-4.0092,40.7605],[-4.0092,40.7605],[-4.0092,40.7605],[-4.0092,40.7605],[-4.0092,40.7604],[-4.0092,40.7604],[-4.0092,40.7604],[-4.0091,40.7602],[-4.0092,40.76],[-4.0093,40.7597],[-4.0093,40.7597],[-4.0093,40.7594],[-4.0093,40.7586],[-4.0093,40.7586],[-4.0094,40.7583],[-4.0094,40.7571],[-4.0094,40.757],[-4.0095,40.757],[-4.0095,40.7569],[-4.0105,40.754],[-4.01,40.7542],[-4.0096,40.7543],[-4.0089,40.7546],[-4.0084,40.7548],[-4.008,40.755],[-4.0078,40.7551],[-4.0076,40.755],[-4.0072,40.7551],[-4.0067,40.7552],[-4.0065,40.7553],[-4.0064,40.7554],[-4.0062,40.7555],[-4.006,40.7555],[-4.0059,40.7556],[-4.0057,40.7556],[-4.0056,40.7555],[-4.0055,40.7555],[-4.0053,40.7554],[-4.005,40.7551],[-4.0046,40.7545],[-4.0044,40.7542],[-4.0042,40.7541],[-4.0041,40.754],[-4.004,40.754],[-4.004,40.754],[-4.0039,40.7541],[-4.004,40.7543],[-4.0041,40.7547],[-4.0041,40.7548],[-4.004,40.7549],[-4.0039,40.7551],[-4.0037,40.7557],[-4.0036,40.756],[-4.0036,40.7565],[-4.0036,40.7569],[-4.0036,40.757],[-4.0036,40.7573],[-4.0037,40.7577],[-4.0036,40.7579],[-4.0036,40.7581],[-4.0033,40.7585],[-4.0032,40.7586],[-4.0029,40.7588],[-4.0027,40.759],[-4.0025,40.7592],[-4.0023,40.7594],[-4.0022,40.7597],[-4.0022,40.7598],[-4.0022,40.7599],[-4.0023,40.7601],[-4.0025,40.7604],[-4.0026,40.7606],[-4.0027,40.7609],[-4.0027,40.7611],[-4.0026,40.7613],[-4.0024,40.7617],[-4.0023,40.7621],[-4.0023,40.7622],[-4.0022,40.7623],[-4.002,40.7625],[-4.0017,40.7627],[-4.0016,40.7628],[-4.0014,40.7628],[-4.0011,40.7629],[-4.001,40.7629],[-4.0004,40.763],[-4.0003,40.7631],[-4,40.7632],[-3.9999,40.7634],[-3.9997,40.7638],[-3.9997,40.764],[-3.9997,40.7644],[-3.9997,40.7646],[-3.9998,40.7647],[-3.9998,40.7649],[-3.9998,40.7651],[-3.9996,40.7655],[-3.9995,40.7658],[-3.9993,40.766],[-3.9991,40.7661],[-3.9988,40.7664],[-3.9986,40.7665],[-3.9984,40.7667],[-3.9981,40.767],[-3.9979,40.7673],[-3.9978,40.7675],[-3.9976,40.7678],[-3.9975,40.7681],[-3.9974,40.7682],[-3.9972,40.7682],[-3.9967,40.7682],[-3.9962,40.7681],[-3.9959,40.7678],[-3.9956,40.7676],[-3.9954,40.7673],[-3.9952,40.7671],[-3.9948,40.7666],[-3.9942,40.7666],[-3.9942,40.7666],[-3.9942,40.7666],[-3.9942,40.7666],[-3.9941,40.7665],[-3.9941,40.7665],[-3.9941,40.7665],[-3.994,40.7665],[-3.994,40.7665],[-3.994,40.7665],[-3.994,40.7665],[-3.994,40.7665],[-3.9939,40.7665],[-3.9939,40.7665],[-3.9939,40.7665],[-3.9939,40.7665],[-3.9938,40.7665],[-3.9938,40.7665],[-3.9938,40.7665],[-3.9938,40.7665],[-3.9938,40.7665],[-3.9937,40.7665],[-3.9937,40.7665],[-3.9937,40.7665],[-3.9937,40.7665],[-3.9936,40.7665],[-3.9936,40.7665],[-3.9936,40.7665],[-3.9936,40.7665],[-3.9936,40.7665],[-3.9935,40.7665],[-3.9935,40.7665],[-3.9935,40.7665],[-3.9935,40.7665],[-3.9934,40.7665],[-3.9934,40.7665],[-3.9934,40.7665],[-3.9934,40.7665],[-3.9934,40.7665],[-3.9933,40.7665],[-3.9933,40.7665],[-3.9933,40.7665],[-3.9933,40.7664],[-3.9932,40.7664],[-3.9932,40.7664],[-3.9932,40.7664],[-3.9932,40.7664],[-3.9932,40.7664],[-3.9931,40.7664],[-3.9931,40.7664],[-3.9931,40.7664],[-3.9931,40.7664],[-3.993,40.7664],[-3.993,40.7664],[-3.993,40.7664],[-3.993,40.7664],[-3.993,40.7664],[-3.9929,40.7664],[-3.9929,40.7664],[-3.9929,40.7664],[-3.9929,40.7664],[-3.9928,40.7664],[-3.9928,40.7664],[-3.9928,40.7664],[-3.9928,40.7664],[-3.9928,40.7664],[-3.9927,40.7664],[-3.9927,40.7664],[-3.9927,40.7664],[-3.9927,40.7663],[-3.9927,40.7663],[-3.9927,40.7663],[-3.9916,40.7661],[-3.9916,40.7661],[-3.9916,40.7661],[-3.9913,40.766],[-3.9913,40.766],[-3.9913,40.766],[-3.9913,40.766],[-3.9912,40.766],[-3.9912,40.766],[-3.9912,40.766],[-3.9912,40.766],[-3.9912,40.766],[-3.9911,40.7659],[-3.9911,40.7659],[-3.9911,40.7659],[-3.9911,40.7659],[-3.991,40.7659],[-3.991,40.7659],[-3.991,40.7659],[-3.991,40.7659],[-3.9909,40.7659],[-3.9909,40.7659],[-3.9909,40.7659],[-3.9909,40.7659],[-3.9908,40.7659],[-3.9908,40.7659],[-3.9908,40.7658],[-3.9908,40.7658],[-3.9908,40.7658],[-3.9907,40.7658],[-3.9907,40.7658],[-3.9907,40.7658],[-3.9907,40.7658],[-3.9906,40.7658],[-3.9906,40.7658],[-3.9906,40.7658],[-3.9906,40.7658],[-3.9905,40.7657],[-3.9905,40.7657],[-3.9905,40.7657],[-3.9905,40.7657],[-3.9905,40.7657],[-3.9905,40.7657],[-3.9904,40.7657],[-3.9904,40.7657],[-3.9904,40.7657],[-3.9904,40.7657],[-3.9904,40.7657],[-3.9904,40.7657],[-3.9904,40.7657],[-3.9904,40.7657],[-3.9904,40.7657],[-3.9904,40.7656],[-3.9903,40.7656],[-3.9903,40.7656],[-3.9903,40.7656],[-3.9903,40.7656],[-3.9903,40.7656],[-3.9903,40.7656],[-3.9903,40.7656],[-3.9903,40.7656],[-3.9903,40.7656],[-3.9902,40.7656],[-3.9902,40.7656],[-3.9902,40.7656],[-3.9902,40.7656],[-3.9902,40.7656],[-3.9902,40.7655],[-3.9902,40.7655],[-3.9902,40.7654],[-3.9901,40.7653],[-3.9901,40.7653],[-3.9901,40.7653],[-3.9901,40.7653],[-3.9901,40.7653],[-3.9901,40.7653],[-3.9901,40.7653],[-3.9901,40.7653],[-3.99,40.7652],[-3.99,40.7652],[-3.99,40.7652],[-3.99,40.7652],[-3.99,40.7652],[-3.99,40.7652],[-3.99,40.7652],[-3.99,40.7652],[-3.99,40.7652],[-3.99,40.7652],[-3.99,40.7652],[-3.99,40.7651],[-3.99,40.7651],[-3.99,40.7651],[-3.99,40.7651],[-3.99,40.7651],[-3.9899,40.7651],[-3.9899,40.7651],[-3.9899,40.7651],[-3.9899,40.7651],[-3.9899,40.7651],[-3.9899,40.765],[-3.9899,40.765],[-3.9899,40.765],[-3.9899,40.765],[-3.9899,40.765],[-3.9899,40.765],[-3.9899,40.765],[-3.9899,40.765],[-3.9899,40.765],[-3.9899,40.765],[-3.9899,40.7649],[-3.9899,40.7649],[-3.9899,40.7649],[-3.9898,40.7649],[-3.9898,40.7649],[-3.9898,40.7649],[-3.9898,40.7649],[-3.9898,40.7649],[-3.9898,40.7649],[-3.9898,40.7648],[-3.9898,40.7648],[-3.9898,40.7648],[-3.9898,40.7648],[-3.9898,40.7648],[-3.9898,40.7648],[-3.9898,40.7648],[-3.9898,40.7648],[-3.9898,40.7648],[-3.9898,40.7648],[-3.9898,40.7647],[-3.9898,40.7647],[-3.9898,40.7647],[-3.9898,40.7647],[-3.9898,40.7647],[-3.9898,40.7647],[-3.9898,40.7647],[-3.9898,40.7647],[-3.9897,40.7647],[-3.9897,40.7646],[-3.9897,40.7646],[-3.9897,40.7646],[-3.9897,40.7646],[-3.9897,40.7646],[-3.9897,40.7646],[-3.9897,40.7646],[-3.9897,40.7646],[-3.9897,40.7646],[-3.9897,40.7646],[-3.9897,40.7645],[-3.9897,40.7645],[-3.9897,40.7645],[-3.9897,40.7645],[-3.9897,40.7645],[-3.9897,40.7645],[-3.9897,40.7645],[-3.9897,40.7645],[-3.9896,40.7639],[-3.9896,40.7634],[-3.9895,40.7628],[-3.9895,40.7617],[-3.9893,40.7603],[-3.9891,40.7584],[-3.9891,40.7583],[-3.9891,40.7583],[-3.9889,40.7571],[-3.9882,40.7577],[-3.9881,40.7578],[-3.9881,40.7578],[-3.9879,40.7585],[-3.9868,40.7595],[-3.9842,40.7573],[-3.985,40.7554],[-3.9862,40.7541],[-3.9866,40.7535],[-3.9867,40.7534],[-3.9867,40.7534],[-3.9867,40.7534],[-3.9867,40.7534],[-3.9867,40.7533],[-3.9867,40.7533],[-3.9867,40.7533],[-3.9866,40.7533],[-3.9866,40.7532],[-3.9866,40.7532],[-3.9866,40.7532],[-3.9866,40.7531],[-3.9866,40.7531],[-3.9865,40.7531],[-3.9865,40.7531],[-3.9865,40.753],[-3.9864,40.7529],[-3.9864,40.7529],[-3.9864,40.7529],[-3.9864,40.7529],[-3.9864,40.7529],[-3.9863,40.7528],[-3.9863,40.7527],[-3.9862,40.7526],[-3.9862,40.7526],[-3.9862,40.7526],[-3.9862,40.7525],[-3.9861,40.7525],[-3.986,40.7524],[-3.986,40.7523],[-3.9859,40.7522],[-3.9859,40.7521],[-3.9858,40.752],[-3.9858,40.7519],[-3.9858,40.7519],[-3.9858,40.7518],[-3.9858,40.7518],[-3.9858,40.7517],[-3.9858,40.7517],[-3.9858,40.7517],[-3.9857,40.7517],[-3.9857,40.7516],[-3.9857,40.7516],[-3.9857,40.7515],[-3.9857,40.7515],[-3.9857,40.7515],[-3.9855,40.7513],[-3.9855,40.7512],[-3.9854,40.7512],[-3.9854,40.7511],[-3.9853,40.7511],[-3.9853,40.751],[-3.9852,40.751],[-3.9852,40.7508],[-3.985,40.7508],[-3.985,40.7507],[-3.985,40.7506],[-3.9849,40.7505],[-3.9849,40.7503],[-3.9849,40.7502],[-3.9849,40.7501],[-3.9849,40.7501],[-3.9849,40.7501],[-3.9849,40.75],[-3.9849,40.75],[-3.9849,40.7499],[-3.9849,40.7499],[-3.9849,40.7499],[-3.9849,40.7498],[-3.985,40.7497],[-3.9849,40.7496],[-3.985,40.7495],[-3.985,40.7494],[-3.985,40.7493],[-3.9851,40.7493],[-3.9851,40.7491],[-3.9852,40.749],[-3.9853,40.7489],[-3.9853,40.7489],[-3.9853,40.7489],[-3.9853,40.7488],[-3.9854,40.7488],[-3.9854,40.7487],[-3.9854,40.7486],[-3.9855,40.7485],[-3.9855,40.7484],[-3.9855,40.7483],[-3.9855,40.7483],[-3.9855,40.7483],[-3.9856,40.7482],[-3.9856,40.7482],[-3.9856,40.7482],[-3.9856,40.7481],[-3.9856,40.7481],[-3.9856,40.7481],[-3.9855,40.748],[-3.9854,40.748],[-3.9854,40.7479],[-3.9853,40.7479],[-3.9853,40.7478],[-3.9852,40.7477],[-3.9852,40.7477],[-3.9852,40.7477],[-3.9852,40.7477],[-3.9851,40.7476],[-3.9851,40.7476],[-3.9851,40.7476],[-3.985,40.7475],[-3.9849,40.7472],[-3.9849,40.7472],[-3.9848,40.7469],[-3.9848,40.7469],[-3.9848,40.7469],[-3.9847,40.7467],[-3.9847,40.7467],[-3.9845,40.7467],[-3.9841,40.7466],[-3.984,40.7466],[-3.984,40.7465],[-3.9832,40.7464],[-3.9831,40.7465],[-3.9831,40.7463],[-3.9833,40.7452],[-3.9833,40.7452],[-3.9833,40.7452],[-3.9831,40.745],[-3.9825,40.7445],[-3.9818,40.7438],[-3.9818,40.7438],[-3.9817,40.7437],[-3.9817,40.7437],[-3.9817,40.7437],[-3.9817,40.7437],[-3.9817,40.7437],[-3.9815,40.7438],[-3.9813,40.7438],[-3.981,40.7439],[-3.9808,40.744],[-3.9805,40.744],[-3.9801,40.7439],[-3.9798,40.7438],[-3.9795,40.7439],[-3.9793,40.744],[-3.9793,40.744],[-3.979,40.7441],[-3.9789,40.7441],[-3.9789,40.7443],[-3.9789,40.7444],[-3.9789,40.7447],[-3.979,40.745],[-3.9789,40.7452],[-3.9789,40.7457],[-3.9789,40.7457],[-3.9787,40.7457],[-3.9785,40.7456],[-3.9783,40.7457],[-3.9782,40.7458],[-3.978,40.7459],[-3.9776,40.7461],[-3.9772,40.7462],[-3.9767,40.7462],[-3.9764,40.7461],[-3.9601,40.7392],[-3.9601,40.7392],[-3.9596,40.7392],[-3.9589,40.7394],[-3.9585,40.7395],[-3.9581,40.7396],[-3.9577,40.7397],[-3.9572,40.74],[-3.9569,40.7403],[-3.9567,40.7404],[-3.9565,40.7406],[-3.9565,40.7407],[-3.9563,40.7409],[-3.9563,40.7413],[-3.9563,40.7417],[-3.9563,40.7418],[-3.9563,40.7419],[-3.9563,40.7419],[-3.9563,40.7419],[-3.9562,40.7421],[-3.9561,40.7421],[-3.9554,40.7427],[-3.9551,40.743],[-3.9549,40.7432],[-3.9546,40.7435],[-3.9544,40.7438],[-3.9541,40.7444],[-3.9539,40.7447],[-3.9537,40.745],[-3.9535,40.7453],[-3.9535,40.7453],[-3.9535,40.7453],[-3.9535,40.7459],[-3.9535,40.7464],[-3.9535,40.7464],[-3.9527,40.7467],[-3.9525,40.7468],[-3.9514,40.7465],[-3.9507,40.7463],[-3.9502,40.7462],[-3.95,40.7462],[-3.9486,40.746],[-3.9481,40.7456],[-3.9474,40.7458],[-3.9472,40.7458],[-3.9468,40.7459],[-3.9465,40.746],[-3.9463,40.7461],[-3.946,40.7462],[-3.9456,40.7464],[-3.9454,40.7465],[-3.9444,40.7466],[-3.9438,40.7465],[-3.9425,40.7463],[-3.9422,40.7463],[-3.9415,40.7463],[-3.9412,40.7463],[-3.9409,40.7463],[-3.9408,40.7462],[-3.9405,40.7462],[-3.9404,40.746],[-3.9403,40.7459],[-3.9403,40.7457],[-3.9403,40.7456],[-3.9402,40.7455],[-3.9401,40.7454],[-3.9399,40.7452],[-3.9398,40.745],[-3.9397,40.7448],[-3.9395,40.7446],[-3.9394,40.7445],[-3.939,40.7441],[-3.9384,40.7437],[-3.9383,40.7435],[-3.9381,40.7434],[-3.9375,40.7428],[-3.9372,40.7425],[-3.9367,40.7422],[-3.9362,40.7419],[-3.9358,40.742],[-3.9358,40.7419],[-3.9357,40.7417],[-3.9357,40.7417],[-3.9357,40.7417],[-3.9358,40.7415],[-3.9356,40.7411],[-3.9356,40.7409],[-3.9355,40.7405],[-3.9354,40.7403],[-3.9352,40.74],[-3.935,40.74],[-3.9348,40.7399],[-3.9342,40.7397],[-3.9332,40.7394],[-3.9324,40.7391],[-3.9312,40.7389],[-3.9307,40.7387],[-3.9304,40.7386],[-3.929,40.7384],[-3.9287,40.7384],[-3.9287,40.7382],[-3.9286,40.7379],[-3.9283,40.7379],[-3.9281,40.7378],[-3.9277,40.7378],[-3.9272,40.7378],[-3.9261,40.7378],[-3.9259,40.7378],[-3.9256,40.7379],[-3.925,40.7379],[-3.9247,40.738],[-3.9241,40.7379],[-3.9238,40.7379],[-3.9232,40.738],[-3.9231,40.7379],[-3.9227,40.7378],[-3.9214,40.7373],[-3.9213,40.7379],[-3.9212,40.7385],[-3.9209,40.739],[-3.9206,40.7399],[-3.9198,40.7418],[-3.9192,40.7422],[-3.9189,40.7424],[-3.9189,40.7424],[-3.9189,40.7424],[-3.9189,40.7424],[-3.9189,40.7424],[-3.9183,40.7423],[-3.9174,40.7421],[-3.9166,40.7416],[-3.916,40.7415],[-3.915,40.7413],[-3.9145,40.7412],[-3.9125,40.7401],[-3.9122,40.7396],[-3.9116,40.7394],[-3.9094,40.7391],[-3.9091,40.7396],[-3.9086,40.7401],[-3.9083,40.7404],[-3.9079,40.7408],[-3.9076,40.7412],[-3.9076,40.7412],[-3.9077,40.7414],[-3.9078,40.7418],[-3.9076,40.7422],[-3.9076,40.7428],[-3.9076,40.7433],[-3.9076,40.7438],[-3.9077,40.7442],[-3.9077,40.7443],[-3.9079,40.7446],[-3.908,40.7449],[-3.908,40.7451],[-3.9079,40.7454],[-3.9079,40.7459],[-3.9078,40.7464],[-3.9076,40.7473],[-3.9075,40.7483],[-3.9068,40.7483],[-3.9062,40.7483],[-3.9056,40.7483],[-3.905,40.7482],[-3.9046,40.7481],[-3.904,40.7482],[-3.9033,40.7484],[-3.9025,40.7486],[-3.902,40.7487],[-3.9008,40.7489],[-3.8998,40.7491],[-3.8995,40.7492],[-3.899,40.7493],[-3.8984,40.7495],[-3.898,40.7496],[-3.8977,40.7497],[-3.8974,40.7498],[-3.8977,40.75],[-3.898,40.7502],[-3.8983,40.7502],[-3.8986,40.7502],[-3.899,40.7503],[-3.8992,40.7504],[-3.8996,40.7506],[-3.8997,40.7507],[-3.9,40.7508],[-3.9004,40.7509],[-3.9009,40.7511],[-3.9013,40.7512],[-3.9015,40.7513],[-3.9019,40.7513],[-3.902,40.7512],[-3.9022,40.751],[-3.9023,40.7508],[-3.9025,40.7508],[-3.9027,40.7509],[-3.9028,40.751],[-3.9029,40.7511],[-3.9031,40.7513],[-3.9033,40.7515],[-3.9034,40.7516],[-3.9035,40.7517],[-3.9034,40.7519],[-3.9033,40.752],[-3.9032,40.7521],[-3.9031,40.7522],[-3.9031,40.7523],[-3.9031,40.7524],[-3.9031,40.7524],[-3.903,40.7525],[-3.903,40.7526],[-3.903,40.7527],[-3.903,40.7527],[-3.9029,40.7527],[-3.9028,40.7527],[-3.9026,40.7527],[-3.9024,40.7526],[-3.9022,40.7526],[-3.902,40.7526],[-3.9018,40.7525],[-3.9017,40.7525],[-3.9016,40.7524],[-3.9015,40.7524],[-3.9013,40.7523],[-3.9012,40.7522],[-3.9011,40.7521],[-3.9009,40.7519],[-3.9008,40.7518],[-3.9007,40.7517],[-3.9007,40.7516],[-3.9006,40.7515],[-3.9004,40.7514],[-3.9003,40.7512],[-3.9001,40.7511],[-3.8998,40.751],[-3.8998,40.751],[-3.8995,40.751],[-3.8992,40.7511],[-3.8992,40.7511],[-3.8991,40.7511],[-3.899,40.7511],[-3.8989,40.7511],[-3.8988,40.7511],[-3.8986,40.751],[-3.8985,40.751],[-3.8985,40.751],[-3.8984,40.7509],[-3.8984,40.7509],[-3.8982,40.7508],[-3.8981,40.7508],[-3.8981,40.7508],[-3.8978,40.7506],[-3.8976,40.7506],[-3.8976,40.7506],[-3.8972,40.7505],[-3.897,40.7505],[-3.8968,40.7504],[-3.8965,40.7503],[-3.8964,40.7503],[-3.8963,40.7503],[-3.8962,40.7503],[-3.8961,40.7503],[-3.8959,40.7503],[-3.8957,40.7503],[-3.8956,40.7503],[-3.8956,40.7503],[-3.8955,40.7503],[-3.8953,40.7504],[-3.8951,40.7504],[-3.895,40.7504],[-3.8949,40.7504],[-3.8948,40.7503],[-3.8948,40.7503],[-3.8946,40.7503],[-3.8945,40.7503],[-3.8944,40.7502],[-3.8943,40.7502],[-3.8943,40.7502],[-3.8941,40.7502],[-3.8941,40.7501],[-3.894,40.7501],[-3.894,40.7499],[-3.894,40.7497],[-3.8941,40.7494],[-3.8942,40.7493],[-3.8943,40.7489],[-3.8945,40.7485],[-3.8946,40.7482],[-3.8946,40.7481],[-3.8946,40.7479],[-3.8946,40.7479],[-3.8945,40.7479],[-3.8943,40.7477],[-3.8939,40.7474],[-3.8941,40.7464],[-3.8941,40.746],[-3.8942,40.7457],[-3.8942,40.7454],[-3.8942,40.7452],[-3.8941,40.7449],[-3.8941,40.7447],[-3.894,40.7444],[-3.894,40.7443],[-3.8945,40.7439],[-3.8948,40.7437],[-3.8947,40.7436],[-3.8946,40.7436],[-3.8945,40.7436],[-3.8945,40.7436],[-3.8943,40.7436],[-3.8943,40.7436],[-3.8941,40.7437],[-3.8941,40.7437],[-3.894,40.7437],[-3.8939,40.7437],[-3.8939,40.7437],[-3.8938,40.7438],[-3.8937,40.7438],[-3.8936,40.7439],[-3.8935,40.7439],[-3.8934,40.7439],[-3.8933,40.744],[-3.8931,40.7439],[-3.893,40.7439],[-3.893,40.7439],[-3.8929,40.7438],[-3.8928,40.7438],[-3.8926,40.7436],[-3.8925,40.7434],[-3.8924,40.7433],[-3.8924,40.7433],[-3.8922,40.7432],[-3.892,40.7431],[-3.8919,40.743],[-3.8919,40.743],[-3.8918,40.7429],[-3.8918,40.7429],[-3.8917,40.7427],[-3.8916,40.7426],[-3.8916,40.7425],[-3.8915,40.7423],[-3.8915,40.7422],[-3.8916,40.7421],[-3.8916,40.742],[-3.8916,40.7419],[-3.8916,40.7418],[-3.8916,40.7417],[-3.8916,40.7416],[-3.8915,40.7415],[-3.8915,40.7415],[-3.8914,40.7414],[-3.8913,40.7414],[-3.8911,40.7413],[-3.891,40.7413],[-3.8909,40.7413],[-3.8907,40.7413],[-3.8906,40.7413],[-3.8904,40.7414],[-3.8903,40.7414],[-3.8902,40.7415],[-3.8901,40.7415],[-3.89,40.7415],[-3.8899,40.7415],[-3.8898,40.7415],[-3.8897,40.7415],[-3.8897,40.7415],[-3.8896,40.7416],[-3.8895,40.7416],[-3.8894,40.7416],[-3.8893,40.7415],[-3.8892,40.7415],[-3.8891,40.7415],[-3.8889,40.7415],[-3.8888,40.7416],[-3.8887,40.7416],[-3.8886,40.7416],[-3.8885,40.7416],[-3.8883,40.7415],[-3.8882,40.7415],[-3.8881,40.7415],[-3.888,40.7415],[-3.8879,40.7415],[-3.8878,40.7415],[-3.8877,40.7415],[-3.8872,40.7415],[-3.887,40.7417],[-3.8869,40.7418],[-3.8869,40.7418],[-3.8869,40.7418],[-3.8868,40.7421],[-3.8868,40.7421],[-3.8869,40.7424],[-3.8866,40.7439],[-3.8866,40.7439],[-3.8796,40.7438],[-3.8757,40.744],[-3.8734,40.7441],[-3.8713,40.7436],[-3.8702,40.743],[-3.8702,40.7429],[-3.8699,40.7423],[-3.8692,40.7414],[-3.8686,40.7407],[-3.8681,40.7398],[-3.8679,40.7393],[-3.8675,40.7386],[-3.8664,40.7389],[-3.8655,40.7392],[-3.8644,40.7397],[-3.8642,40.7393],[-3.864,40.7392],[-3.8638,40.7391],[-3.8635,40.7389],[-3.8634,40.7388],[-3.8632,40.7388],[-3.8627,40.7388],[-3.8623,40.7388],[-3.8618,40.7387],[-3.8616,40.7387],[-3.8614,40.7388],[-3.8611,40.7389],[-3.8608,40.7392],[-3.8595,40.7405],[-3.8594,40.7404],[-3.8593,40.7402],[-3.8592,40.7401],[-3.8591,40.74],[-3.859,40.7399],[-3.8589,40.7397],[-3.8587,40.7397],[-3.8585,40.7398],[-3.858,40.74],[-3.8576,40.74],[-3.8572,40.74],[-3.8571,40.74],[-3.8567,40.7401],[-3.8565,40.7402],[-3.856,40.7402],[-3.8557,40.7402],[-3.8551,40.7403],[-3.8545,40.7404],[-3.8544,40.7406],[-3.8544,40.7406],[-3.8543,40.7406],[-3.8543,40.7407],[-3.854,40.7411],[-3.8539,40.7414],[-3.8535,40.7428],[-3.8535,40.7428],[-3.8535,40.7428],[-3.8531,40.7435],[-3.8528,40.7443],[-3.8526,40.7446],[-3.8526,40.7446],[-3.8525,40.7452],[-3.8526,40.7458],[-3.8528,40.7468],[-3.8529,40.7475],[-3.8531,40.7478],[-3.8533,40.7483],[-3.8544,40.7489],[-3.8545,40.749],[-3.8545,40.749],[-3.8553,40.7499],[-3.8553,40.7506],[-3.8553,40.7506],[-3.8549,40.7511],[-3.8549,40.7513],[-3.8549,40.7513],[-3.8549,40.7513],[-3.8548,40.7515],[-3.8548,40.7515],[-3.8558,40.7526],[-3.8569,40.7535],[-3.8581,40.7545],[-3.8581,40.7545],[-3.858,40.7546],[-3.8573,40.7548],[-3.856,40.7552],[-3.8529,40.7551],[-3.8514,40.7559],[-3.8492,40.757],[-3.8457,40.7582],[-3.8452,40.7583],[-3.8408,40.7587],[-3.8392,40.7589],[-3.8392,40.7586],[-3.8391,40.7585],[-3.8391,40.7583],[-3.839,40.7582],[-3.8389,40.7581],[-3.8388,40.7578],[-3.8386,40.7575],[-3.8385,40.7573],[-3.8384,40.757],[-3.8383,40.7569],[-3.8382,40.7568],[-3.8381,40.7566],[-3.8381,40.7565],[-3.8382,40.7563],[-3.8382,40.756],[-3.8381,40.7559],[-3.8379,40.7554],[-3.8378,40.7549],[-3.8369,40.7547],[-3.8366,40.7547],[-3.8353,40.7548],[-3.8344,40.755],[-3.8334,40.755],[-3.8317,40.7551],[-3.8305,40.7553],[-3.8301,40.7555],[-3.8299,40.7555],[-3.8297,40.7556],[-3.8296,40.7557],[-3.8295,40.756],[-3.8294,40.7561],[-3.8294,40.7561],[-3.8293,40.7563],[-3.8293,40.7563],[-3.8292,40.7564],[-3.829,40.7566],[-3.8289,40.7567],[-3.8288,40.7569],[-3.8286,40.7571],[-3.8286,40.7573],[-3.8286,40.7573],[-3.8286,40.7574],[-3.8286,40.7575],[-3.8285,40.7576],[-3.8284,40.7577],[-3.8282,40.7579],[-3.8285,40.7579],[-3.8287,40.7579],[-3.8288,40.7579],[-3.829,40.758],[-3.8292,40.7581],[-3.8293,40.7582],[-3.8294,40.7584],[-3.8294,40.7586],[-3.8294,40.7588],[-3.83,40.7601],[-3.8312,40.7622],[-3.8315,40.763],[-3.8317,40.7644],[-3.8318,40.7649],[-3.8317,40.7651],[-3.8317,40.7653],[-3.8317,40.7655],[-3.8317,40.7659],[-3.8321,40.766],[-3.8321,40.7661],[-3.8321,40.7662],[-3.832,40.7669],[-3.8317,40.767],[-3.8313,40.767],[-3.831,40.767],[-3.8306,40.767],[-3.8302,40.767],[-3.8299,40.7671],[-3.8297,40.7671],[-3.8295,40.7671],[-3.8294,40.7672],[-3.8291,40.7673],[-3.829,40.7674],[-3.8287,40.7673],[-3.8286,40.7673],[-3.8286,40.7672],[-3.8285,40.767],[-3.8284,40.7669],[-3.8283,40.7669],[-3.828,40.7669],[-3.8278,40.7668],[-3.8276,40.7668],[-3.8275,40.7667],[-3.8273,40.7668],[-3.8272,40.7667],[-3.827,40.7666],[-3.827,40.7665],[-3.8269,40.7664],[-3.8268,40.7663],[-3.8266,40.7663],[-3.8264,40.7663],[-3.8265,40.7665],[-3.8266,40.7667],[-3.8266,40.7669],[-3.8266,40.7671],[-3.8264,40.7672],[-3.8263,40.7674],[-3.8261,40.7676],[-3.8261,40.7677],[-3.826,40.7679],[-3.8259,40.7682],[-3.8258,40.7683],[-3.8256,40.7684],[-3.8256,40.7685],[-3.8255,40.7686],[-3.8253,40.7688],[-3.8253,40.7689],[-3.8253,40.769],[-3.8255,40.7692],[-3.8253,40.7694],[-3.8252,40.7695],[-3.8252,40.7697],[-3.8253,40.7697],[-3.8253,40.7699],[-3.8253,40.77],[-3.8253,40.7701],[-3.8263,40.7703],[-3.8265,40.77],[-3.8266,40.7703],[-3.8267,40.7704],[-3.8267,40.7705],[-3.8269,40.7708],[-3.827,40.771],[-3.8271,40.7711],[-3.8271,40.7713],[-3.8272,40.7715],[-3.8273,40.7717],[-3.8275,40.7719],[-3.8277,40.7721],[-3.8279,40.7722],[-3.8282,40.7724],[-3.8288,40.7726],[-3.8288,40.7733],[-3.8287,40.7734],[-3.8287,40.7736],[-3.8288,40.7736],[-3.829,40.7735],[-3.8291,40.7734],[-3.8297,40.7735],[-3.8299,40.7736],[-3.83,40.7737],[-3.8302,40.7739],[-3.8303,40.774],[-3.8314,40.7744],[-3.8316,40.7745],[-3.8319,40.7745],[-3.8323,40.7746],[-3.8327,40.7747],[-3.8332,40.7747],[-3.8346,40.7749],[-3.8349,40.7749],[-3.8351,40.7751],[-3.8352,40.7752],[-3.8352,40.7753],[-3.8351,40.7754],[-3.835,40.7755],[-3.8348,40.7755],[-3.8348,40.7753],[-3.8347,40.7752],[-3.8343,40.7752],[-3.834,40.7753],[-3.8339,40.7755],[-3.8339,40.7763],[-3.8335,40.7762],[-3.8332,40.7761],[-3.833,40.776],[-3.8328,40.776],[-3.8324,40.7761],[-3.8321,40.7761],[-3.832,40.7761],[-3.8318,40.7761],[-3.8317,40.776],[-3.8316,40.7759],[-3.8313,40.7758],[-3.8314,40.776],[-3.8314,40.7766],[-3.8314,40.7767],[-3.8316,40.7767],[-3.8318,40.7768],[-3.8319,40.7769],[-3.832,40.777],[-3.8321,40.7772],[-3.8322,40.7773],[-3.8322,40.7775],[-3.8322,40.7776],[-3.8321,40.7777],[-3.832,40.7777],[-3.8317,40.7776],[-3.8314,40.7776],[-3.8314,40.7778],[-3.8314,40.7779],[-3.8313,40.778],[-3.8311,40.7782],[-3.8309,40.7782],[-3.8307,40.7783],[-3.8306,40.7782],[-3.8305,40.7781],[-3.8303,40.778],[-3.8301,40.7778],[-3.8298,40.7779],[-3.8296,40.778],[-3.8293,40.7782],[-3.8291,40.7784],[-3.8289,40.7784],[-3.8286,40.7785],[-3.8286,40.7787],[-3.8287,40.779],[-3.8287,40.7792],[-3.8285,40.7794],[-3.8284,40.7794],[-3.8284,40.7795],[-3.8285,40.7796],[-3.8287,40.7798],[-3.8288,40.78],[-3.829,40.7803],[-3.8293,40.7806],[-3.8294,40.7808],[-3.8296,40.781],[-3.8305,40.7824],[-3.8309,40.7829],[-3.8312,40.7834],[-3.8316,40.7838],[-3.8318,40.7841],[-3.8321,40.7843],[-3.8324,40.7845],[-3.8327,40.7847],[-3.833,40.7848],[-3.8333,40.7851],[-3.8335,40.7852],[-3.8336,40.7853],[-3.8337,40.7853],[-3.8342,40.7856],[-3.8343,40.7858],[-3.8345,40.7859],[-3.8347,40.786],[-3.8348,40.7862],[-3.8349,40.7863],[-3.835,40.7866],[-3.8352,40.7868],[-3.8354,40.787],[-3.8355,40.7872],[-3.8356,40.7873],[-3.8357,40.7875],[-3.8358,40.7876],[-3.8359,40.7879],[-3.836,40.788],[-3.8361,40.7882],[-3.8363,40.7883],[-3.8364,40.7884],[-3.8366,40.7885],[-3.8367,40.7886],[-3.8368,40.7887],[-3.8369,40.7888],[-3.837,40.7889],[-3.8371,40.7889],[-3.8373,40.789],[-3.8374,40.789],[-3.8377,40.789],[-3.8379,40.789],[-3.8382,40.789],[-3.8386,40.7891],[-3.8387,40.7891],[-3.8389,40.7891],[-3.8391,40.7892],[-3.8393,40.7893],[-3.8394,40.7894],[-3.8394,40.7895],[-3.8394,40.7897],[-3.8395,40.7898],[-3.8395,40.7899],[-3.8396,40.7901],[-3.8397,40.7902],[-3.8398,40.7907],[-3.84,40.7911],[-3.8401,40.7912],[-3.8401,40.7914],[-3.8401,40.7915],[-3.84,40.7916],[-3.84,40.7917],[-3.84,40.7918],[-3.84,40.7919],[-3.84,40.7921],[-3.8399,40.7922],[-3.8399,40.7923],[-3.84,40.7925],[-3.8402,40.7927],[-3.8403,40.7928],[-3.8403,40.793],[-3.8402,40.793],[-3.8402,40.7931],[-3.8402,40.7933],[-3.8401,40.7933],[-3.8401,40.7936],[-3.8401,40.7937],[-3.8402,40.7938],[-3.8403,40.7941],[-3.8401,40.7941],[-3.8399,40.7941],[-3.8401,40.7944],[-3.8388,40.7948],[-3.8386,40.7948],[-3.8385,40.7948],[-3.838,40.7945],[-3.8374,40.7942],[-3.8371,40.794],[-3.8366,40.7938],[-3.8361,40.7937],[-3.8358,40.7937],[-3.8356,40.7936],[-3.8354,40.7935],[-3.8352,40.7934],[-3.835,40.7933],[-3.8347,40.7932],[-3.8345,40.7932],[-3.8343,40.7931],[-3.8339,40.793],[-3.8337,40.793],[-3.8336,40.7929],[-3.8334,40.7929],[-3.8333,40.7928],[-3.8331,40.7927],[-3.8329,40.7926],[-3.8328,40.7925],[-3.8323,40.7921],[-3.8321,40.792],[-3.8319,40.7918],[-3.8317,40.7917],[-3.8315,40.7915],[-3.8314,40.7914],[-3.8303,40.7905],[-3.8302,40.7904],[-3.8302,40.7914],[-3.8302,40.7931],[-3.8309,40.7939],[-3.8315,40.7946],[-3.8323,40.7955],[-3.8328,40.7962],[-3.834,40.7977],[-3.8346,40.7985],[-3.8348,40.7989],[-3.8273,40.7981],[-3.8251,40.7992],[-3.8252,40.8004],[-3.8258,40.8017],[-3.8252,40.8018],[-3.8235,40.8012],[-3.8225,40.8004],[-3.8223,40.7999],[-3.8221,40.7998],[-3.8216,40.7995],[-3.8209,40.7992],[-3.8205,40.7989],[-3.8198,40.799],[-3.8192,40.7991],[-3.8191,40.7992],[-3.819,40.7993],[-3.8188,40.7999],[-3.8186,40.801],[-3.8187,40.8018],[-3.819,40.8025],[-3.8202,40.8033],[-3.8208,40.8038],[-3.8204,40.8036],[-3.82,40.8035],[-3.8184,40.803],[-3.8182,40.8029],[-3.818,40.8028],[-3.8177,40.8026],[-3.8174,40.8024],[-3.8168,40.8017],[-3.8166,40.8014],[-3.8165,40.8014],[-3.816,40.801],[-3.8155,40.8006],[-3.815,40.8003],[-3.8145,40.8],[-3.8143,40.7998],[-3.8128,40.8001],[-3.8115,40.8006],[-3.811,40.801],[-3.8104,40.8013],[-3.8099,40.8019],[-3.8095,40.8027],[-3.8047,40.8011],[-3.8043,40.8012],[-3.805,40.8029],[-3.8058,40.8032],[-3.8065,40.8049],[-3.807,40.8071],[-3.8069,40.8079],[-3.8066,40.8081],[-3.8067,40.8094],[-3.8065,40.81],[-3.8066,40.8103],[-3.8071,40.8107],[-3.8074,40.8111],[-3.8069,40.8124],[-3.8069,40.8129],[-3.8068,40.8135],[-3.807,40.8139],[-3.8072,40.8143],[-3.8072,40.8143],[-3.8251,40.8256],[-3.8259,40.826],[-3.8265,40.8263],[-3.8267,40.8266],[-3.8277,40.8272],[-3.8287,40.8276],[-3.8299,40.8278],[-3.8302,40.8279],[-3.8312,40.828],[-3.8315,40.828],[-3.8315,40.8284],[-3.8314,40.8288],[-3.8309,40.8297],[-3.8302,40.831],[-3.8302,40.831],[-3.8299,40.8313],[-3.8298,40.8313],[-3.8298,40.8314],[-3.8296,40.8315],[-3.8292,40.8317],[-3.8289,40.832],[-3.8284,40.8324],[-3.8282,40.8326],[-3.8279,40.8328],[-3.8277,40.833],[-3.8275,40.8332],[-3.8271,40.8332],[-3.8268,40.8333],[-3.8264,40.8333],[-3.8259,40.8335],[-3.8247,40.8336],[-3.8239,40.8336],[-3.8235,40.8339],[-3.823,40.8339],[-3.8225,40.8339],[-3.822,40.8341],[-3.8212,40.8342],[-3.821,40.8347],[-3.8207,40.8348],[-3.8201,40.8352],[-3.8196,40.8356],[-3.8195,40.8358],[-3.8193,40.8364],[-3.8193,40.8367],[-3.8192,40.8368],[-3.8176,40.8375],[-3.8168,40.8383],[-3.8166,40.8392],[-3.816,40.8398],[-3.816,40.8405],[-3.816,40.8405],[-3.8159,40.8408],[-3.8154,40.841],[-3.8154,40.8419],[-3.815,40.8422],[-3.8147,40.8426],[-3.8143,40.8431],[-3.8138,40.8435],[-3.8133,40.844],[-3.8129,40.8444],[-3.8128,40.8445],[-3.8127,40.8447],[-3.812,40.8453],[-3.8117,40.8455],[-3.8115,40.8457],[-3.8108,40.8461],[-3.8103,40.8465],[-3.8099,40.8467],[-3.8095,40.847],[-3.8092,40.8472],[-3.8092,40.8472],[-3.8091,40.8473],[-3.8091,40.8473],[-3.809,40.8473],[-3.809,40.8473],[-3.8089,40.8475],[-3.8087,40.8477],[-3.8086,40.8479],[-3.8083,40.848],[-3.808,40.8482],[-3.8079,40.8482],[-3.8077,40.8482],[-3.8074,40.8484],[-3.8072,40.8486],[-3.807,40.8486],[-3.8069,40.8487],[-3.8067,40.8488],[-3.8065,40.8489],[-3.8064,40.8489],[-3.8062,40.8489],[-3.8061,40.849],[-3.8059,40.849],[-3.8058,40.849],[-3.8056,40.849],[-3.8052,40.849],[-3.8047,40.8488],[-3.8046,40.8488],[-3.8043,40.8488],[-3.8037,40.8488],[-3.8035,40.8487],[-3.8034,40.8487],[-3.8032,40.8484],[-3.8031,40.8483],[-3.8031,40.8483],[-3.8029,40.8482],[-3.8028,40.8482],[-3.8024,40.848],[-3.8021,40.848],[-3.802,40.848],[-3.8018,40.848],[-3.8016,40.8482],[-3.8014,40.8482],[-3.8012,40.8484],[-3.8009,40.8486],[-3.8007,40.8488],[-3.8001,40.8492],[-3.7998,40.8494],[-3.7997,40.8495],[-3.7994,40.8495],[-3.7992,40.8495],[-3.7989,40.8494],[-3.7988,40.8494],[-3.7988,40.8492],[-3.7986,40.849],[-3.7982,40.849],[-3.7982,40.849],[-3.7983,40.8494],[-3.7983,40.8495],[-3.7982,40.8507],[-3.7997,40.851],[-3.8016,40.8516],[-3.8031,40.8524],[-3.8044,40.853],[-3.8055,40.8534],[-3.8076,40.8545],[-3.8077,40.8545],[-3.8081,40.8546],[-3.8083,40.8547],[-3.8087,40.8547],[-3.8095,40.8554],[-3.8095,40.8555],[-3.8096,40.856],[-3.8102,40.8562],[-3.8111,40.8564],[-3.8116,40.8564],[-3.8124,40.8563],[-3.8129,40.8563],[-3.813,40.8563],[-3.8136,40.8563],[-3.8142,40.8564],[-3.8144,40.8564],[-3.8153,40.8563],[-3.8163,40.8563],[-3.8166,40.8563],[-3.8174,40.8567],[-3.8179,40.8572],[-3.8183,40.8578],[-3.8187,40.858],[-3.8194,40.8585],[-3.8196,40.8598],[-3.8195,40.86],[-3.8195,40.8602],[-3.8194,40.8604],[-3.8194,40.8605],[-3.8201,40.8598],[-3.8204,40.8596],[-3.8233,40.8588],[-3.824,40.8586],[-3.8245,40.8588],[-3.8251,40.8594],[-3.8259,40.8601],[-3.8282,40.8629],[-3.8285,40.8642],[-3.8285,40.8657],[-3.8289,40.8665],[-3.8291,40.8673],[-3.8293,40.8678],[-3.83,40.8691],[-3.8305,40.87],[-3.8314,40.8714],[-3.8317,40.8714],[-3.832,40.8714],[-3.8329,40.8711],[-3.8334,40.8709],[-3.834,40.8707],[-3.8349,40.8706],[-3.8356,40.8706],[-3.8372,40.8708],[-3.8382,40.871],[-3.8389,40.8709],[-3.8399,40.871],[-3.8416,40.871],[-3.8431,40.8714],[-3.8436,40.8717],[-3.8443,40.872],[-3.8451,40.8721],[-3.8459,40.8722],[-3.8471,40.8725],[-3.8478,40.8727],[-3.8491,40.873],[-3.8509,40.8732],[-3.8513,40.8725],[-3.8517,40.8718],[-3.8521,40.8712],[-3.8526,40.8705],[-3.8529,40.87],[-3.8534,40.8693],[-3.8539,40.8686],[-3.8543,40.8679],[-3.8557,40.867],[-3.8572,40.8661],[-3.8574,40.8659],[-3.858,40.8654],[-3.8588,40.8645],[-3.8591,40.8641],[-3.8591,40.8641],[-3.8591,40.864],[-3.859,40.864],[-3.859,40.8639],[-3.8591,40.8636],[-3.8592,40.8632],[-3.8592,40.863],[-3.8592,40.8629],[-3.8594,40.8628],[-3.8595,40.8628],[-3.8597,40.8628],[-3.8598,40.8628],[-3.86,40.8629],[-3.8603,40.8629],[-3.8614,40.8621],[-3.8625,40.8613],[-3.8625,40.8613],[-3.8636,40.8608],[-3.8636,40.8608],[-3.8636,40.8607],[-3.8635,40.8605],[-3.8635,40.8603],[-3.8637,40.8599],[-3.8642,40.8597],[-3.8644,40.8596],[-3.8645,40.8596],[-3.8654,40.8593],[-3.8671,40.8587],[-3.8674,40.8582],[-3.8678,40.8583],[-3.868,40.8583],[-3.8682,40.8583],[-3.8685,40.8583],[-3.8688,40.8591],[-3.8687,40.8592],[-3.8686,40.8594],[-3.8686,40.8594],[-3.8688,40.8594],[-3.8702,40.8593],[-3.8703,40.859],[-3.8707,40.858],[-3.8714,40.8574],[-3.8715,40.8572],[-3.8717,40.8568],[-3.8719,40.8566],[-3.8723,40.8558],[-3.8725,40.8554],[-3.8727,40.8552],[-3.8732,40.8548],[-3.8737,40.8542],[-3.8744,40.8541],[-3.8749,40.854],[-3.8757,40.8538],[-3.8767,40.8536],[-3.8768,40.852],[-3.8769,40.851],[-3.8769,40.8509],[-3.8772,40.8506],[-3.8784,40.8494],[-3.8793,40.8486],[-3.8799,40.848],[-3.8802,40.8478],[-3.8805,40.8476],[-3.8808,40.8475],[-3.8805,40.8439],[-3.8805,40.8435],[-3.8804,40.8428],[-3.8804,40.8425],[-3.8804,40.8422],[-3.8804,40.8419],[-3.8805,40.8413],[-3.8805,40.8407],[-3.8806,40.8395],[-3.8807,40.8394],[-3.8813,40.8391],[-3.8822,40.8384],[-3.883,40.8381],[-3.8837,40.8378],[-3.8845,40.8374],[-3.885,40.8376],[-3.8854,40.8378],[-3.8863,40.8383],[-3.8872,40.8387],[-3.8876,40.8389],[-3.8878,40.8387],[-3.8881,40.8381],[-3.8882,40.838],[-3.8885,40.8378],[-3.8886,40.8378],[-3.8886,40.8377],[-3.8893,40.8372],[-3.8899,40.8367],[-3.8903,40.8365],[-3.8904,40.8364],[-3.8898,40.8358],[-3.8888,40.8349],[-3.8882,40.8342],[-3.8881,40.8341],[-3.8882,40.8339],[-3.8884,40.8332],[-3.8885,40.8328],[-3.8885,40.8328],[-3.8886,40.8325],[-3.8899,40.8317],[-3.8902,40.8315],[-3.8904,40.8314],[-3.8899,40.831],[-3.8894,40.8306],[-3.8898,40.83],[-3.8924,40.8275],[-3.8924,40.8273],[-3.8923,40.8271],[-3.8923,40.8253],[-3.8927,40.8246],[-3.8928,40.8244],[-3.8943,40.8259],[-3.8949,40.8248],[-3.8943,40.8228],[-3.8951,40.8225],[-3.8962,40.822],[-3.8976,40.8214],[-3.8986,40.8201],[-3.9017,40.8197],[-3.9051,40.8192],[-3.909,40.8183],[-3.9106,40.8191],[-3.9124,40.8192],[-3.9125,40.8191],[-3.913,40.8186],[-3.9144,40.8171],[-3.9149,40.8166],[-3.9162,40.8151],[-3.9178,40.815],[-3.9189,40.815],[-3.92,40.8149],[-3.9213,40.8137],[-3.9228,40.8124],[-3.9253,40.8102],[-3.9271,40.8101],[-3.9297,40.8101],[-3.9317,40.8101],[-3.9339,40.81],[-3.9357,40.81],[-3.9361,40.8101],[-3.9389,40.8084],[-3.9426,40.8064],[-3.9454,40.805],[-3.9473,40.804],[-3.9515,40.8078],[-3.9516,40.8089],[-3.952,40.8105],[-3.9524,40.8118],[-3.9526,40.8135],[-3.9534,40.815],[-3.9535,40.8169],[-3.953,40.8207],[-3.9516,40.8216],[-3.9492,40.8226],[-3.9471,40.8241],[-3.9467,40.8256],[-3.9466,40.8266],[-3.9459,40.8277],[-3.9435,40.829],[-3.9412,40.8307],[-3.9404,40.8315],[-3.9401,40.8323],[-3.9396,40.8336],[-3.9391,40.8341],[-3.9391,40.8342],[-3.939,40.8348],[-3.9391,40.835],[-3.9391,40.8355],[-3.9392,40.8359],[-3.9392,40.8359],[-3.9393,40.8359],[-3.9395,40.8359],[-3.9397,40.836],[-3.9398,40.836],[-3.9401,40.8362],[-3.9402,40.8362],[-3.9404,40.8363],[-3.9405,40.8363],[-3.9405,40.8364],[-3.9406,40.8366],[-3.9406,40.8367],[-3.9407,40.8368],[-3.9408,40.837],[-3.9409,40.8371],[-3.941,40.8372],[-3.9411,40.8374],[-3.9411,40.8375],[-3.9412,40.8376],[-3.9412,40.8378],[-3.9413,40.8379],[-3.9413,40.838],[-3.9411,40.8384],[-3.9411,40.8385],[-3.9412,40.8386],[-3.9413,40.8388],[-3.9413,40.8389],[-3.9413,40.839],[-3.9414,40.8392],[-3.9414,40.8394],[-3.9415,40.8395],[-3.9416,40.8396],[-3.9419,40.8398],[-3.942,40.84],[-3.942,40.8401],[-3.9421,40.8402],[-3.9422,40.8404],[-3.9424,40.8406],[-3.9426,40.8408],[-3.9427,40.8409],[-3.9428,40.8411],[-3.9429,40.8412],[-3.9425,40.8413],[-3.9424,40.8413],[-3.9422,40.8413],[-3.942,40.8414],[-3.9418,40.8414],[-3.9416,40.8415],[-3.941,40.8416],[-3.9405,40.8417],[-3.94,40.8418],[-3.9394,40.8419],[-3.939,40.842],[-3.9385,40.8421],[-3.9382,40.8422],[-3.9379,40.8423],[-3.9378,40.8424],[-3.9376,40.8424],[-3.9369,40.843],[-3.9364,40.8433],[-3.9362,40.8434],[-3.9356,40.844],[-3.9355,40.8442],[-3.9353,40.8443],[-3.9351,40.8447],[-3.935,40.8449],[-3.9349,40.8451],[-3.9345,40.8465],[-3.9342,40.8472],[-3.9339,40.8477],[-3.9336,40.848],[-3.9333,40.8483],[-3.9327,40.8488],[-3.9318,40.8498],[-3.9318,40.8499],[-3.9317,40.85],[-3.9316,40.8509],[-3.9317,40.852],[-3.9318,40.8523],[-3.9306,40.854],[-3.9303,40.8543],[-3.9294,40.8555],[-3.9279,40.8572],[-3.9267,40.8583],[-3.927,40.8596],[-3.9267,40.8611],[-3.9266,40.8629],[-3.9252,40.8655],[-3.9241,40.8668],[-3.9224,40.8681],[-3.9191,40.8685],[-3.9185,40.8683],[-3.9176,40.8686],[-3.9144,40.8682],[-3.9109,40.8675],[-3.912,40.868],[-3.912,40.868],[-3.9118,40.8683],[-3.9113,40.8685],[-3.9109,40.8685],[-3.9106,40.8686],[-3.9104,40.8687],[-3.9101,40.8689],[-3.9104,40.8702],[-3.9113,40.8707],[-3.912,40.8712],[-3.9124,40.8717],[-3.9126,40.8724],[-3.9126,40.8725],[-3.9127,40.8737],[-3.9122,40.8749],[-3.9129,40.8775],[-3.913,40.8779],[-3.913,40.8783],[-3.9134,40.8788],[-3.9137,40.8793],[-3.9139,40.8796],[-3.9145,40.8814],[-3.9147,40.8821],[-3.9144,40.8849],[-3.9158,40.8871],[-3.9162,40.8883],[-3.9163,40.8893],[-3.9162,40.8894],[-3.9161,40.8895],[-3.9158,40.8898],[-3.9155,40.89],[-3.9153,40.8902],[-3.9145,40.8914],[-3.9137,40.8923],[-3.9127,40.8934],[-3.9127,40.894],[-3.913,40.8944],[-3.9131,40.8947],[-3.9133,40.8952],[-3.9136,40.8957],[-3.9136,40.8963],[-3.9133,40.8963],[-3.9133,40.8962],[-3.913,40.897],[-3.9132,40.8973],[-3.9134,40.8977],[-3.9137,40.8984],[-3.9138,40.8988],[-3.9135,40.8992],[-3.9137,40.8996],[-3.9134,40.9001],[-3.9133,40.9004],[-3.9131,40.9008],[-3.9127,40.9011],[-3.9124,40.9013],[-3.9121,40.9016],[-3.9117,40.9019],[-3.9114,40.9021],[-3.9111,40.9024],[-3.9107,40.9028],[-3.9103,40.9035],[-3.9102,40.9041],[-3.91,40.9045],[-3.9103,40.905],[-3.9105,40.9053],[-3.9106,40.9055],[-3.9106,40.9056],[-3.9105,40.9057],[-3.9105,40.9059],[-3.9104,40.9062],[-3.9103,40.9064],[-3.9101,40.9067],[-3.9099,40.9072],[-3.9096,40.9077],[-3.9094,40.908],[-3.9092,40.9084],[-3.9089,40.9089],[-3.9087,40.9093],[-3.9083,40.9099],[-3.9081,40.9104],[-3.9078,40.9105],[-3.9076,40.9107],[-3.9075,40.9107],[-3.9074,40.9108],[-3.9071,40.911],[-3.9067,40.9114],[-3.9064,40.9116],[-3.9062,40.9118],[-3.906,40.9119],[-3.9057,40.9122],[-3.9055,40.9123],[-3.9053,40.9124],[-3.9051,40.9125],[-3.9049,40.9127],[-3.9045,40.913],[-3.9044,40.9131],[-3.9043,40.9133],[-3.9042,40.9134],[-3.9042,40.9135],[-3.9043,40.9136],[-3.9043,40.9137],[-3.9044,40.9139],[-3.9046,40.914],[-3.9045,40.9141],[-3.9044,40.9144],[-3.9043,40.9146],[-3.9042,40.915],[-3.904,40.9153],[-3.9037,40.9159],[-3.9035,40.9163],[-3.9032,40.9168],[-3.903,40.9172],[-3.9029,40.9175],[-3.9028,40.9178],[-3.9025,40.9186],[-3.9023,40.9193],[-3.9022,40.9197],[-3.9021,40.92],[-3.9019,40.9205],[-3.9017,40.9209],[-3.9015,40.9219],[-3.9013,40.9227],[-3.9012,40.9231],[-3.9011,40.9234],[-3.9009,40.9239],[-3.9009,40.9239],[-3.9009,40.9239],[-3.9006,40.9243],[-3.9001,40.9248],[-3.8998,40.9252],[-3.8995,40.9254],[-3.8993,40.9255],[-3.8986,40.9259],[-3.8985,40.926],[-3.8982,40.9261],[-3.8978,40.9262],[-3.8975,40.9264],[-3.8972,40.9266],[-3.8971,40.9267],[-3.8968,40.9268],[-3.8967,40.9268],[-3.8963,40.9273],[-3.8961,40.9275],[-3.8957,40.9281],[-3.8956,40.9283],[-3.8955,40.9284],[-3.8955,40.9285],[-3.8953,40.9288],[-3.8951,40.929],[-3.8949,40.9292],[-3.8948,40.9293],[-3.8945,40.9296],[-3.8942,40.93],[-3.894,40.9303],[-3.8935,40.931],[-3.8933,40.9312],[-3.8932,40.9313],[-3.8929,40.9314],[-3.8926,40.9314],[-3.8923,40.9316],[-3.8919,40.9317],[-3.8915,40.9319],[-3.8911,40.9321],[-3.8907,40.9322],[-3.8904,40.9324],[-3.8901,40.9325],[-3.89,40.9327],[-3.8901,40.9327],[-3.8903,40.9328],[-3.8903,40.9328],[-3.8905,40.9329],[-3.8906,40.933],[-3.8906,40.9331],[-3.8906,40.9332],[-3.8907,40.9333],[-3.8908,40.9334],[-3.8909,40.9335],[-3.891,40.9335],[-3.8911,40.9336],[-3.8911,40.9337],[-3.8905,40.934],[-3.8895,40.9343],[-3.8888,40.9346],[-3.8882,40.9348],[-3.8869,40.935],[-3.886,40.9353],[-3.8853,40.9354],[-3.8842,40.9357],[-3.8836,40.9359],[-3.8829,40.9361],[-3.8825,40.9363],[-3.8824,40.9363],[-3.8824,40.9363],[-3.8826,40.9365],[-3.8827,40.9367],[-3.8828,40.9369],[-3.8829,40.9371],[-3.883,40.9373],[-3.883,40.9375],[-3.8831,40.9377],[-3.8833,40.9383],[-3.8833,40.9383],[-3.8833,40.9383],[-3.8832,40.9383],[-3.883,40.9387],[-3.8829,40.9388],[-3.8828,40.939],[-3.8826,40.939],[-3.8825,40.9391],[-3.8823,40.9395],[-3.8821,40.9396],[-3.8819,40.94],[-3.8818,40.9403],[-3.8818,40.9406],[-3.8816,40.9407],[-3.8814,40.9409],[-3.8812,40.9412],[-3.8811,40.9413],[-3.881,40.9414],[-3.881,40.9414],[-3.8807,40.9417],[-3.8804,40.942],[-3.8802,40.9422],[-3.8798,40.943],[-3.8796,40.9433],[-3.879,40.9438],[-3.879,40.9439],[-3.8788,40.9439],[-3.8785,40.9442],[-3.8784,40.9443],[-3.8783,40.9444],[-3.8782,40.9444],[-3.878,40.9446],[-3.8777,40.9449],[-3.8773,40.9452],[-3.8769,40.9454],[-3.8765,40.9456],[-3.8762,40.9456],[-3.876,40.9457],[-3.8757,40.9459],[-3.8757,40.946],[-3.8755,40.9462],[-3.8749,40.9463],[-3.8748,40.9463],[-3.874,40.9465],[-3.8737,40.9466],[-3.8736,40.9467],[-3.8733,40.9469],[-3.8725,40.9477],[-3.8716,40.9487],[-3.8714,40.9489],[-3.8712,40.9491],[-3.871,40.9493],[-3.8699,40.9499],[-3.8697,40.95],[-3.8693,40.95],[-3.8687,40.9501],[-3.8683,40.9502],[-3.8678,40.9502],[-3.8675,40.9502],[-3.8672,40.9502],[-3.8671,40.9501],[-3.8669,40.95],[-3.8667,40.9498],[-3.8667,40.9498],[-3.8665,40.9496],[-3.8662,40.9494],[-3.8658,40.9491],[-3.8655,40.949],[-3.8651,40.9489],[-3.8646,40.9489],[-3.8643,40.9489],[-3.864,40.9489],[-3.8636,40.9488],[-3.8629,40.9488],[-3.8626,40.949],[-3.8625,40.9491],[-3.8623,40.9491],[-3.862,40.9491],[-3.8616,40.9491],[-3.8612,40.9492],[-3.8609,40.9492],[-3.8604,40.9494],[-3.8595,40.9497],[-3.8593,40.9498],[-3.8586,40.9498],[-3.8586,40.9498],[-3.8584,40.9499],[-3.8581,40.9499],[-3.8578,40.9499],[-3.8575,40.9499],[-3.8572,40.9498],[-3.8571,40.9497],[-3.857,40.9497],[-3.8568,40.9496],[-3.8567,40.9495],[-3.8565,40.9495],[-3.8564,40.9495],[-3.8563,40.9494],[-3.8562,40.9494],[-3.856,40.9493],[-3.8559,40.9492],[-3.8559,40.9492],[-3.8557,40.949],[-3.8555,40.9488],[-3.8555,40.9488],[-3.8554,40.9486],[-3.8553,40.9486],[-3.8553,40.9486],[-3.8553,40.9488],[-3.8551,40.9492],[-3.8548,40.9495],[-3.8547,40.9496],[-3.8545,40.9499],[-3.8543,40.9502],[-3.8542,40.9504],[-3.8541,40.9505],[-3.8541,40.9506],[-3.854,40.9507],[-3.8539,40.9509],[-3.8538,40.9511],[-3.8537,40.9513],[-3.8536,40.9513],[-3.8535,40.9515],[-3.8534,40.9516],[-3.8532,40.9518],[-3.8532,40.9519],[-3.853,40.952],[-3.8529,40.9521],[-3.8528,40.9522],[-3.8527,40.9523],[-3.8527,40.9524],[-3.8526,40.9527],[-3.8525,40.9529],[-3.8525,40.953],[-3.8524,40.9531],[-3.8524,40.9531],[-3.8523,40.9532],[-3.8522,40.9534],[-3.8522,40.9534],[-3.8522,40.9535],[-3.8521,40.9536],[-3.8522,40.9538],[-3.8522,40.954],[-3.8522,40.9541],[-3.8523,40.9542],[-3.8523,40.9544],[-3.8524,40.9544],[-3.8525,40.9545],[-3.8525,40.9545],[-3.8528,40.9549],[-3.8528,40.9551],[-3.8529,40.9553],[-3.8529,40.9555],[-3.8531,40.9557],[-3.8531,40.9559],[-3.8532,40.9561],[-3.8533,40.9564],[-3.8532,40.9567],[-3.8534,40.957],[-3.8534,40.9571],[-3.8535,40.9572],[-3.8536,40.9575],[-3.8538,40.9578],[-3.8538,40.9582],[-3.8537,40.9586],[-3.8535,40.9591],[-3.8533,40.9593],[-3.8529,40.9597],[-3.8525,40.9599],[-3.8521,40.9603],[-3.8517,40.9606],[-3.8514,40.9607],[-3.8508,40.9609],[-3.85,40.9611],[-3.8491,40.9615],[-3.8487,40.9618],[-3.8484,40.9619],[-3.8483,40.9618],[-3.8483,40.9617],[-3.8482,40.9616],[-3.8478,40.9613],[-3.8477,40.9611],[-3.8477,40.961],[-3.8477,40.9608],[-3.8477,40.9606],[-3.8476,40.9605],[-3.8473,40.9604],[-3.8471,40.9603],[-3.847,40.9602],[-3.8469,40.9601],[-3.8468,40.9601],[-3.8466,40.9599],[-3.8466,40.9598],[-3.8465,40.9598],[-3.8465,40.9595],[-3.8464,40.9593],[-3.8464,40.9593],[-3.8462,40.9592],[-3.8461,40.9591],[-3.846,40.9589],[-3.8459,40.9588],[-3.8459,40.9588],[-3.8458,40.9586],[-3.8458,40.9586],[-3.8458,40.9585],[-3.8457,40.9583],[-3.8456,40.9582],[-3.8454,40.958],[-3.8453,40.9579],[-3.8451,40.9577],[-3.8449,40.9576],[-3.8448,40.9574],[-3.8447,40.9573],[-3.8446,40.9572],[-3.8445,40.9572],[-3.8444,40.9571],[-3.8444,40.957],[-3.8444,40.9569],[-3.8443,40.9568],[-3.8443,40.9566],[-3.8442,40.9566],[-3.8441,40.9565],[-3.844,40.9564],[-3.8438,40.9563],[-3.8437,40.9562],[-3.8435,40.9561],[-3.8434,40.9561],[-3.8433,40.9561],[-3.8431,40.956],[-3.843,40.956],[-3.8428,40.9561],[-3.8428,40.9561],[-3.8426,40.9562],[-3.8425,40.9563],[-3.8425,40.9563],[-3.8425,40.9565],[-3.8424,40.9566],[-3.8423,40.9566],[-3.8422,40.9567],[-3.8421,40.9568],[-3.8419,40.957],[-3.8417,40.9572],[-3.8416,40.9573],[-3.8414,40.9574],[-3.8414,40.9575],[-3.8412,40.9576],[-3.8411,40.9577],[-3.841,40.9578],[-3.8408,40.9579],[-3.8407,40.9581],[-3.8405,40.9581],[-3.8403,40.9581],[-3.8402,40.9582],[-3.8402,40.9582],[-3.8401,40.9583],[-3.8401,40.9583],[-3.84,40.9584],[-3.84,40.9586],[-3.84,40.9588],[-3.8399,40.959],[-3.8399,40.9591],[-3.84,40.9592],[-3.8401,40.9594],[-3.8401,40.9595],[-3.8401,40.9595],[-3.84,40.9596],[-3.8399,40.9598],[-3.8398,40.9598],[-3.8397,40.9599],[-3.8396,40.9601],[-3.8395,40.9602],[-3.8395,40.9604],[-3.8395,40.9605],[-3.8395,40.9606],[-3.8394,40.9608],[-3.8393,40.9609],[-3.8392,40.9611],[-3.839,40.9612],[-3.8389,40.9613],[-3.8388,40.9614],[-3.8387,40.9616],[-3.8387,40.9617],[-3.8387,40.9618],[-3.8387,40.9619],[-3.8388,40.9622],[-3.8389,40.9624],[-3.8389,40.9626],[-3.8391,40.9628],[-3.8392,40.9631],[-3.8393,40.9633],[-3.8393,40.9634],[-3.8394,40.9636],[-3.8394,40.9638],[-3.8394,40.9639],[-3.8394,40.964],[-3.8394,40.9641],[-3.8394,40.9641],[-3.8393,40.9643],[-3.8393,40.9644],[-3.8393,40.9646],[-3.8394,40.9647],[-3.8393,40.9648],[-3.8391,40.9651],[-3.839,40.9652],[-3.8389,40.9652],[-3.8388,40.9654],[-3.8388,40.9654],[-3.8387,40.9656],[-3.8386,40.9657],[-3.8386,40.9657],[-3.8386,40.9658],[-3.8384,40.9659],[-3.8384,40.9661],[-3.8383,40.9662],[-3.8383,40.9664],[-3.8382,40.9664],[-3.8381,40.9665],[-3.838,40.9666],[-3.838,40.9667],[-3.8378,40.9669],[-3.8377,40.967],[-3.8375,40.9672],[-3.8374,40.9673],[-3.8372,40.9674],[-3.8371,40.9675],[-3.837,40.9676],[-3.8367,40.9677],[-3.8366,40.9678],[-3.8365,40.9679],[-3.8365,40.968],[-3.8364,40.9681],[-3.8363,40.9682],[-3.8362,40.9683],[-3.8361,40.9684],[-3.836,40.9685],[-3.8359,40.9686],[-3.8357,40.9687],[-3.835,40.9693],[-3.8349,40.9695],[-3.8347,40.9698],[-3.8347,40.9698],[-3.8347,40.9699],[-3.8347,40.9702],[-3.8346,40.9704],[-3.8344,40.9708],[-3.8342,40.9711],[-3.8341,40.9713],[-3.8341,40.9714],[-3.8341,40.9716],[-3.8339,40.9717],[-3.8338,40.9719],[-3.8338,40.9721],[-3.8338,40.9723],[-3.8337,40.9726],[-3.8337,40.973],[-3.8336,40.973],[-3.8334,40.9736],[-3.8334,40.9738],[-3.8334,40.974],[-3.8332,40.9742],[-3.8331,40.9744],[-3.8329,40.9747],[-3.8329,40.9749],[-3.8329,40.9751],[-3.8329,40.9752],[-3.8329,40.9753],[-3.8328,40.9754],[-3.8328,40.9755],[-3.8328,40.9757],[-3.8327,40.9758],[-3.8327,40.9759],[-3.8327,40.976],[-3.8327,40.9762],[-3.8327,40.9764],[-3.8326,40.9765],[-3.8326,40.9765],[-3.8325,40.9766],[-3.8323,40.9766],[-3.8321,40.9766],[-3.8318,40.9766],[-3.8315,40.9767],[-3.8313,40.9767],[-3.8312,40.9768],[-3.8311,40.9768],[-3.8309,40.9768],[-3.8302,40.9764],[-3.8281,40.9755],[-3.8268,40.9748],[-3.8262,40.9745],[-3.8256,40.9744],[-3.8253,40.9745],[-3.8248,40.9746],[-3.8243,40.9749],[-3.824,40.975],[-3.8234,40.975],[-3.8229,40.9748],[-3.8223,40.9745],[-3.8217,40.9743],[-3.8213,40.974],[-3.821,40.9737],[-3.8209,40.9733],[-3.8211,40.9727],[-3.8211,40.9725],[-3.8211,40.9725],[-3.8211,40.9724],[-3.8211,40.9722],[-3.821,40.9721],[-3.8206,40.9722],[-3.8202,40.9726],[-3.8198,40.973],[-3.8194,40.9734],[-3.8192,40.9738],[-3.8192,40.9743],[-3.8192,40.9747],[-3.8193,40.975],[-3.8193,40.9753],[-3.8191,40.9754],[-3.8187,40.9754],[-3.8184,40.9752],[-3.818,40.9752],[-3.8173,40.9753],[-3.8163,40.9756],[-3.8157,40.9759],[-3.8155,40.9762],[-3.8153,40.9764],[-3.8148,40.9766],[-3.8145,40.9768],[-3.8143,40.9772],[-3.8139,40.9778],[-3.8133,40.9786],[-3.8128,40.9792],[-3.8124,40.9797],[-3.8121,40.9797],[-3.8115,40.9794],[-3.8111,40.9791],[-3.8108,40.9787],[-3.8106,40.9782],[-3.8104,40.9776],[-3.8101,40.9766],[-3.8099,40.976],[-3.8096,40.9757],[-3.8091,40.9756],[-3.8083,40.9757],[-3.8076,40.9761],[-3.8069,40.9766],[-3.8064,40.977],[-3.8062,40.9773],[-3.8061,40.9781],[-3.8058,40.9787],[-3.8052,40.9793],[-3.8043,40.9798],[-3.8036,40.9802],[-3.803,40.9802],[-3.8027,40.9801],[-3.8028,40.9799],[-3.8032,40.9796],[-3.8035,40.9794],[-3.8037,40.9791],[-3.804,40.9785],[-3.8041,40.9783],[-3.8043,40.9781],[-3.8044,40.978],[-3.8043,40.9779],[-3.804,40.9781],[-3.8034,40.9787],[-3.803,40.9789],[-3.8026,40.9789],[-3.8021,40.9791],[-3.8015,40.9793],[-3.8009,40.9795],[-3.8007,40.9794],[-3.8006,40.9793],[-3.8006,40.9792],[-3.8007,40.9789],[-3.8014,40.9785],[-3.8016,40.9783],[-3.8018,40.9783],[-3.8024,40.9781],[-3.8026,40.9781],[-3.8026,40.978],[-3.8023,40.9777],[-3.8022,40.9775],[-3.8023,40.9773],[-3.8025,40.9769],[-3.8028,40.9765],[-3.803,40.9762],[-3.8032,40.9759],[-3.8034,40.9754],[-3.8035,40.9753],[-3.8035,40.9753],[-3.8036,40.9752],[-3.8036,40.9748],[-3.8038,40.9745],[-3.8037,40.9745],[-3.8036,40.9746],[-3.8036,40.9746],[-3.8034,40.9747],[-3.8034,40.9747],[-3.8031,40.9747],[-3.803,40.9747],[-3.8029,40.9749],[-3.8028,40.975],[-3.8027,40.975],[-3.8027,40.975],[-3.8025,40.9749],[-3.8022,40.9746],[-3.8022,40.9746],[-3.8019,40.9747],[-3.8018,40.9747],[-3.8013,40.9746],[-3.8008,40.9743],[-3.8004,40.974],[-3.8001,40.9739],[-3.799,40.9735],[-3.7984,40.9732],[-3.7981,40.9731],[-3.7977,40.973],[-3.7974,40.9728],[-3.7971,40.9727],[-3.797,40.9725],[-3.7965,40.9725],[-3.7962,40.9725],[-3.7961,40.9724],[-3.7953,40.9725],[-3.7953,40.9724],[-3.7951,40.9724],[-3.7943,40.9728],[-3.7933,40.9735],[-3.7933,40.9746],[-3.7933,40.9757],[-3.7933,40.9759],[-3.7933,40.9762],[-3.7933,40.9766],[-3.793,40.9772],[-3.7929,40.9774],[-3.7927,40.9778],[-3.7925,40.9782],[-3.7923,40.9786],[-3.7923,40.9788],[-3.7922,40.9794],[-3.7922,40.9798],[-3.7921,40.98],[-3.7921,40.9807],[-3.792,40.9813],[-3.7922,40.9817],[-3.7923,40.982],[-3.7924,40.9823],[-3.7923,40.9824],[-3.7925,40.9828],[-3.7925,40.983],[-3.7924,40.9831],[-3.7925,40.9835],[-3.7925,40.9842],[-3.7916,40.9848],[-3.7914,40.9849],[-3.7914,40.985],[-3.7913,40.985],[-3.7911,40.9851],[-3.7905,40.9856],[-3.7901,40.9859],[-3.7898,40.9862],[-3.7896,40.9865],[-3.7895,40.9865],[-3.7895,40.9865],[-3.7893,40.9865],[-3.7887,40.9863],[-3.7885,40.9862],[-3.7882,40.9863],[-3.7879,40.9863],[-3.7878,40.9863],[-3.7873,40.9863],[-3.7853,40.9863],[-3.7845,40.9864],[-3.7835,40.9865],[-3.783,40.9866],[-3.7825,40.9867],[-3.782,40.9868],[-3.7812,40.9871],[-3.7804,40.9873],[-3.7799,40.9874],[-3.7795,40.9874],[-3.7792,40.9874],[-3.7784,40.9873],[-3.7772,40.987],[-3.7753,40.9866],[-3.7748,40.9865],[-3.7742,40.9868],[-3.7738,40.987],[-3.7732,40.987],[-3.7715,40.9871],[-3.7695,40.9871],[-3.7692,40.9871],[-3.7688,40.9871],[-3.7684,40.9869],[-3.7684,40.9869],[-3.7683,40.9869],[-3.7677,40.9868],[-3.7674,40.9867],[-3.7673,40.9867],[-3.7671,40.9867],[-3.7669,40.9868],[-3.7666,40.9868],[-3.7665,40.9869],[-3.7665,40.9869],[-3.7665,40.987],[-3.7665,40.9871],[-3.7665,40.9872],[-3.7665,40.9873],[-3.7666,40.9873],[-3.7666,40.9874],[-3.7667,40.9875],[-3.7668,40.9874],[-3.7668,40.9875],[-3.767,40.9876],[-3.767,40.9878],[-3.767,40.9879],[-3.767,40.9879],[-3.7669,40.988],[-3.7668,40.9881],[-3.7668,40.9882],[-3.7665,40.9886],[-3.7658,40.989],[-3.7655,40.9891],[-3.7648,40.9893],[-3.7645,40.9894],[-3.7642,40.9895],[-3.764,40.9895],[-3.7635,40.9891],[-3.7633,40.9889],[-3.763,40.9885],[-3.7626,40.988],[-3.7623,40.9876],[-3.7621,40.9872],[-3.7619,40.9869],[-3.7617,40.9867],[-3.7616,40.9866],[-3.7614,40.9863],[-3.7612,40.986],[-3.7609,40.9861],[-3.7607,40.9862],[-3.7606,40.9862],[-3.7603,40.9862],[-3.76,40.9863],[-3.7599,40.9863],[-3.7596,40.9864],[-3.7594,40.9864],[-3.7591,40.9864],[-3.7589,40.9864],[-3.7588,40.9864],[-3.7587,40.9864],[-3.7586,40.9864],[-3.7582,40.9863],[-3.7581,40.9863],[-3.758,40.9862],[-3.7579,40.9862],[-3.7576,40.9861],[-3.7576,40.9861],[-3.7575,40.986],[-3.7575,40.9859],[-3.7574,40.9857],[-3.7572,40.9854],[-3.7572,40.9852],[-3.7572,40.9851],[-3.7572,40.985],[-3.7571,40.9849],[-3.757,40.9847],[-3.757,40.9847],[-3.7567,40.9844],[-3.7567,40.9843],[-3.7567,40.9843],[-3.7566,40.9842],[-3.7565,40.984],[-3.7565,40.9839],[-3.7564,40.9838],[-3.7564,40.9837],[-3.7564,40.9835],[-3.7563,40.9833],[-3.7563,40.9833],[-3.7563,40.9833],[-3.7562,40.9831],[-3.7561,40.9829],[-3.7561,40.9827],[-3.7561,40.9826],[-3.756,40.9825],[-3.756,40.9824],[-3.7559,40.9822],[-3.7559,40.9821],[-3.7558,40.982],[-3.7558,40.9819],[-3.7557,40.9818],[-3.7557,40.9817],[-3.7557,40.9817],[-3.7557,40.9815],[-3.7557,40.9814],[-3.7557,40.9811],[-3.7555,40.9808],[-3.7555,40.9807],[-3.7554,40.9804],[-3.7554,40.9803],[-3.7553,40.9799],[-3.7552,40.9797],[-3.7551,40.9793],[-3.7551,40.9792],[-3.755,40.9791],[-3.755,40.979],[-3.755,40.9789],[-3.755,40.9788],[-3.7549,40.9787],[-3.7548,40.9786],[-3.7546,40.9784],[-3.7545,40.9784],[-3.7544,40.9783],[-3.7543,40.9784],[-3.7542,40.9784],[-3.754,40.9784],[-3.7539,40.9783],[-3.7538,40.9783],[-3.7538,40.9783],[-3.7537,40.9783],[-3.7537,40.9782],[-3.7536,40.9782],[-3.7534,40.9781],[-3.7533,40.9781],[-3.7531,40.978],[-3.753,40.978],[-3.7529,40.9779],[-3.7529,40.9779],[-3.7529,40.9778],[-3.7528,40.9775],[-3.7528,40.9775],[-3.7528,40.9774],[-3.7528,40.9773],[-3.7527,40.9771],[-3.7527,40.977],[-3.7526,40.9769],[-3.7525,40.9766],[-3.7524,40.9766],[-3.7524,40.9765],[-3.7524,40.9765],[-3.7523,40.9764],[-3.7524,40.9763],[-3.7523,40.9758],[-3.7524,40.9758],[-3.7523,40.9758],[-3.7523,40.9757],[-3.7523,40.9757],[-3.7525,40.9756],[-3.7526,40.9754],[-3.7527,40.9751],[-3.7527,40.9749],[-3.7527,40.9748],[-3.7527,40.9745],[-3.7528,40.9742],[-3.7528,40.9742],[-3.7529,40.9741],[-3.7532,40.9738],[-3.7535,40.9735],[-3.7536,40.9734],[-3.7536,40.9733],[-3.7536,40.9733],[-3.7536,40.9732],[-3.7536,40.9732],[-3.7536,40.9731],[-3.7535,40.9731],[-3.7535,40.973],[-3.7534,40.9729],[-3.7531,40.9728],[-3.7528,40.9726],[-3.7527,40.9725],[-3.7525,40.9724],[-3.7525,40.9724],[-3.7524,40.9724],[-3.7524,40.9724],[-3.7524,40.9724],[-3.7523,40.9724],[-3.7516,40.9727],[-3.751,40.9733],[-3.7503,40.9736],[-3.75,40.9742],[-3.7497,40.9749],[-3.7497,40.975],[-3.7496,40.975],[-3.749,40.9761],[-3.749,40.9761],[-3.7487,40.9767],[-3.7481,40.9773],[-3.7472,40.9783],[-3.7465,40.9787],[-3.7456,40.9792],[-3.7451,40.9794],[-3.7451,40.9794],[-3.7449,40.9796],[-3.7449,40.9797],[-3.7449,40.9807],[-3.7449,40.9808],[-3.7451,40.9817],[-3.7451,40.9818],[-3.7452,40.9822],[-3.7452,40.9824],[-3.7457,40.9837],[-3.7462,40.9849],[-3.7466,40.9857],[-3.7474,40.9865],[-3.7484,40.9869],[-3.7485,40.9869],[-3.7495,40.9873],[-3.7504,40.9878],[-3.7505,40.988],[-3.7509,40.9885],[-3.7513,40.9891],[-3.7523,40.9899],[-3.753,40.9902],[-3.7534,40.9904],[-3.7535,40.9912],[-3.7535,40.9918],[-3.7534,40.992],[-3.7533,40.9922],[-3.7537,40.9923],[-3.7548,40.9932],[-3.7555,40.9938],[-3.7558,40.9946],[-3.7562,40.9955],[-3.7562,40.9957],[-3.7549,40.9962],[-3.7541,40.9966],[-3.7537,40.9968],[-3.7535,40.9971],[-3.7535,40.9973],[-3.7536,40.9978],[-3.754,40.9985],[-3.7543,40.9989],[-3.7544,40.9993],[-3.7544,40.9996],[-3.7542,40.9998],[-3.7534,40.9999],[-3.7527,41.0001],[-3.7517,41.0004],[-3.7505,41.0009],[-3.7502,41.0012],[-3.7501,41.0016],[-3.7499,41.0019],[-3.7495,41.0021],[-3.7488,41.0021],[-3.7478,41.0023],[-3.7468,41.0026],[-3.746,41.0028],[-3.7454,41.0028],[-3.7448,41.0029],[-3.7443,41.003],[-3.7437,41.0035],[-3.7429,41.0044],[-3.7422,41.0051],[-3.7416,41.0057],[-3.7409,41.006],[-3.7408,41.0062],[-3.7405,41.0064],[-3.7399,41.0069],[-3.7397,41.0073],[-3.7396,41.008],[-3.7396,41.0086],[-3.7396,41.0089],[-3.7396,41.0091],[-3.7396,41.0092],[-3.7395,41.0092],[-3.7394,41.0091],[-3.7393,41.0086],[-3.7392,41.0082],[-3.7392,41.008],[-3.7388,41.0076],[-3.7386,41.0074],[-3.7386,41.0072],[-3.7385,41.0072],[-3.7385,41.0074],[-3.7386,41.0078],[-3.7387,41.0082],[-3.7387,41.0086],[-3.7387,41.0089],[-3.7388,41.0093],[-3.7389,41.0096],[-3.739,41.0099],[-3.7393,41.0106],[-3.7391,41.0109],[-3.7383,41.0108],[-3.7371,41.0109],[-3.7364,41.0111],[-3.7352,41.0116],[-3.7348,41.0119],[-3.7339,41.0123],[-3.7331,41.0128],[-3.7324,41.0134],[-3.732,41.0137],[-3.7315,41.0136],[-3.7312,41.0136],[-3.7307,41.0137],[-3.7303,41.0138],[-3.7302,41.0139],[-3.7302,41.0142],[-3.7302,41.0148],[-3.7301,41.0156],[-3.7301,41.016],[-3.7303,41.0164],[-3.7307,41.018],[-3.7314,41.0201],[-3.732,41.0216],[-3.7325,41.0235],[-3.7329,41.0248],[-3.7331,41.0253],[-3.7345,41.0251],[-3.7351,41.025],[-3.7365,41.0252],[-3.7377,41.0254],[-3.7377,41.0254],[-3.7377,41.0255],[-3.7385,41.0257],[-3.7399,41.0259],[-3.7414,41.0264],[-3.7421,41.0265],[-3.7428,41.0265],[-3.7448,41.0263],[-3.7482,41.0259],[-3.7487,41.0259],[-3.749,41.0258],[-3.7504,41.0258],[-3.7515,41.0257],[-3.7521,41.0257],[-3.7524,41.0259],[-3.7536,41.0265],[-3.7551,41.0277],[-3.7555,41.0279],[-3.7556,41.0279],[-3.7578,41.0274],[-3.7582,41.0273],[-3.759,41.0271],[-3.7593,41.0268],[-3.7595,41.0267],[-3.76,41.0262],[-3.7605,41.0257],[-3.7615,41.0248],[-3.7622,41.0242],[-3.7639,41.0226],[-3.7649,41.0216],[-3.7654,41.0212],[-3.7659,41.0208],[-3.766,41.0207],[-3.7664,41.02],[-3.7667,41.0196],[-3.7667,41.0195],[-3.7667,41.0195],[-3.7669,41.0189],[-3.7673,41.016],[-3.77,41.0137],[-3.7711,41.0123],[-3.7726,41.01],[-3.7772,41.0046],[-3.7802,41.0018],[-3.7807,41.0014],[-3.7814,41.0003],[-3.7839,41.001],[-3.7993,40.9934],[-3.8,40.9936],[-3.8031,40.9923],[-3.8052,40.991],[-3.8094,40.9878],[-3.8125,40.9871],[-3.814,40.9866],[-3.8194,40.9859],[-3.8212,40.9848],[-3.8261,40.986],[-3.8291,40.9867],[-3.8319,40.9856],[-3.8352,40.9842],[-3.8393,40.9839],[-3.8445,40.9823],[-3.846,40.9811],[-3.8474,40.9794],[-3.8487,40.9794],[-3.8498,40.9792],[-3.8562,40.9794],[-3.8593,40.9792],[-3.8617,40.9774],[-3.8639,40.9746],[-3.8648,40.9742],[-3.87,40.9711],[-3.8709,40.9724],[-3.8723,40.9733],[-3.874,40.9748],[-3.879,40.9752],[-3.8801,40.9745],[-3.8808,40.9741],[-3.8808,40.9728],[-3.8835,40.9712],[-3.8869,40.9712],[-3.8905,40.969],[-3.8952,40.9655],[-3.8986,40.9588],[-3.9015,40.9574],[-3.9024,40.9569],[-3.9042,40.9565],[-3.9043,40.9565],[-3.9044,40.9565],[-3.9047,40.9564],[-3.9049,40.9564],[-3.905,40.9564],[-3.9052,40.9564],[-3.9053,40.9564],[-3.9054,40.9564],[-3.9055,40.9564],[-3.9056,40.9563],[-3.9058,40.9562],[-3.906,40.9561],[-3.9061,40.956],[-3.9063,40.9558],[-3.9065,40.9557],[-3.9067,40.9556],[-3.9068,40.9555],[-3.907,40.9554],[-3.9071,40.9553],[-3.9072,40.9553],[-3.9073,40.9551],[-3.9074,40.9549],[-3.9075,40.9547],[-3.9076,40.9545],[-3.9077,40.9543],[-3.9078,40.9541],[-3.9079,40.9539],[-3.908,40.9537],[-3.9081,40.9536],[-3.9081,40.9534],[-3.9082,40.9532],[-3.9083,40.953],[-3.9085,40.9528],[-3.9087,40.9526],[-3.9089,40.9525],[-3.909,40.9524],[-3.9091,40.9522],[-3.9093,40.952],[-3.9094,40.9519],[-3.9094,40.9518],[-3.9095,40.9516],[-3.9095,40.9513],[-3.9096,40.9511],[-3.9097,40.9508],[-3.9097,40.9506],[-3.9098,40.9504],[-3.9098,40.9501],[-3.9099,40.9498],[-3.9101,40.9498],[-3.9102,40.9497],[-3.9103,40.9498],[-3.9105,40.9497],[-3.9106,40.9496],[-3.9108,40.9495],[-3.911,40.9494],[-3.9112,40.9494],[-3.9113,40.9493],[-3.9115,40.9493],[-3.9117,40.9493],[-3.9118,40.9493],[-3.9119,40.9493],[-3.912,40.9493],[-3.9122,40.9493],[-3.9123,40.9493],[-3.9124,40.9492],[-3.9124,40.9492],[-3.9125,40.9492],[-3.9125,40.9491],[-3.9124,40.949],[-3.9124,40.9488],[-3.9123,40.9487],[-3.9122,40.9485],[-3.9122,40.9483],[-3.9121,40.9482],[-3.912,40.9481],[-3.9119,40.948],[-3.9118,40.9478],[-3.9116,40.9476],[-3.9115,40.9475],[-3.9114,40.9473],[-3.9113,40.9472],[-3.9113,40.9471],[-3.9113,40.947],[-3.9114,40.9468],[-3.9114,40.9467],[-3.9114,40.9466],[-3.9116,40.9464],[-3.9117,40.9464],[-3.9117,40.9463],[-3.9118,40.9461],[-3.9118,40.946],[-3.9118,40.9458],[-3.9118,40.9457],[-3.9119,40.9455],[-3.912,40.9453],[-3.912,40.9452],[-3.912,40.9451],[-3.912,40.945],[-3.912,40.9449],[-3.912,40.9448],[-3.9119,40.9448],[-3.9119,40.9447],[-3.9117,40.9445],[-3.9172,40.943],[-3.92,40.9377],[-3.9202,40.9345],[-3.9213,40.9318],[-3.9218,40.9299],[-3.9273,40.9276],[-3.9379,40.9272],[-3.9365,40.9205],[-3.9371,40.9157],[-3.9417,40.9119],[-3.9427,40.9099],[-3.9427,40.9074],[-3.9447,40.9036],[-3.945,40.9033],[-3.9475,40.9005],[-3.9492,40.8978],[-3.9512,40.896],[-3.9513,40.8958],[-3.9523,40.8936],[-3.949,40.8904],[-3.9467,40.8889],[-3.9455,40.8887],[-3.9424,40.889],[-3.9424,40.8856],[-3.9425,40.883],[-3.9433,40.8803],[-3.9445,40.8768],[-3.9465,40.8752],[-3.9472,40.8733],[-3.9465,40.8681],[-3.9471,40.863],[-3.9491,40.8608],[-3.9504,40.8601],[-3.9519,40.8575],[-3.9519,40.8557],[-3.9524,40.855],[-3.9531,40.8543],[-3.9534,40.854],[-3.9537,40.8534],[-3.956,40.8501],[-3.957,40.8492],[-3.9569,40.8485],[-3.9597,40.8459],[-3.9625,40.8443],[-3.9635,40.8417],[-3.963,40.84],[-3.9655,40.838],[-3.9659,40.8366],[-3.9657,40.835],[-3.9653,40.8335],[-3.9621,40.8234],[-3.9622,40.8232],[-3.9642,40.8182],[-3.9647,40.8179],[-3.9648,40.817],[-3.965,40.816],[-3.9663,40.8141],[-3.9675,40.8126],[-3.9683,40.8117],[-3.9717,40.81],[-3.9728,40.8094],[-3.9736,40.8088],[-3.9755,40.8069],[-3.9755,40.8038],[-3.9755,40.8038],[-3.9755,40.8038],[-3.9755,40.8038],[-3.9754,40.8039],[-3.9754,40.8039],[-3.9754,40.8039],[-3.9754,40.8039],[-3.9754,40.8041],[-3.975,40.8041],[-3.971,40.8048],[-3.9711,40.805],[-3.9708,40.8053],[-3.9706,40.8056],[-3.9698,40.8064],[-3.9693,40.8069],[-3.969,40.807],[-3.9685,40.8073],[-3.9678,40.807],[-3.9677,40.8065],[-3.968,40.8059],[-3.9683,40.8055],[-3.968,40.8051],[-3.967,40.8045],[-3.966,40.8038],[-3.9651,40.8034],[-3.9641,40.8028],[-3.9636,40.8026],[-3.9631,40.8022],[-3.9616,40.8013],[-3.9618,40.801],[-3.9623,40.8002],[-3.9626,40.7995],[-3.9625,40.7988],[-3.9622,40.7984],[-3.9614,40.7973],[-3.9603,40.7959],[-3.9594,40.7952],[-3.9601,40.7949],[-3.9624,40.793],[-3.9627,40.7927],[-3.963,40.7915],[-3.9645,40.792],[-3.9662,40.7914],[-3.9674,40.7912],[-3.9698,40.7901],[-3.9709,40.7899],[-3.9721,40.7897],[-3.9735,40.789],[-3.9747,40.788],[-3.9753,40.788],[-3.9761,40.7879],[-3.9761,40.7877],[-3.9761,40.7877],[-3.9761,40.7874],[-3.9768,40.7862],[-3.977,40.7859],[-3.977,40.7859],[-3.9771,40.7858],[-3.9776,40.7849],[-3.9784,40.7834],[-3.9786,40.783],[-3.9786,40.783],[-3.9787,40.7829],[-3.9789,40.7828],[-3.9811,40.7835],[-3.9817,40.7837],[-3.9818,40.7837],[-3.9818,40.7837],[-3.9824,40.7839],[-3.9842,40.7844],[-3.9846,40.7845],[-3.9855,40.7845],[-3.9875,40.7844],[-3.9899,40.7842],[-3.9903,40.7843],[-3.9903,40.7843],[-3.9905,40.7843],[-3.9905,40.7843],[-3.9906,40.7842],[-3.9909,40.7842],[-3.9913,40.7842],[-3.9914,40.7842],[-3.9914,40.7841],[-3.9912,40.7841],[-3.991,40.784],[-3.9909,40.7839],[-3.9907,40.7839],[-3.9905,40.7839],[-3.9904,40.7839],[-3.9903,40.7839],[-3.9903,40.7838],[-3.9906,40.7836],[-3.9907,40.7836],[-3.9908,40.7835],[-3.991,40.7834],[-3.9912,40.7833],[-3.9914,40.7833],[-3.9918,40.7833],[-3.9921,40.7833],[-3.9924,40.7832],[-3.9928,40.7833],[-3.9929,40.7833],[-3.9929,40.783],[-3.9931,40.7829],[-3.9933,40.7828],[-3.9935,40.7829],[-3.9937,40.783],[-3.9938,40.7833],[-3.994,40.7837],[-3.9941,40.7841],[-3.9946,40.7841],[-3.995,40.7841],[-3.9957,40.7843],[-3.9961,40.7843],[-3.9982,40.7845],[-3.9999,40.7843],[-4.0003,40.7843],[-4.0005,40.7845],[-4.0013,40.7844],[-4.0018,40.7838],[-4.002,40.7835],[-4.0021,40.783],[-4.002,40.7824],[-4.002,40.7821],[-4.0016,40.7817],[-4.0014,40.7814],[-4.0014,40.7812],[-4.0014,40.781],[-4.0017,40.7809],[-4.0018,40.781],[-4.0018,40.7812],[-4.002,40.7814],[-4.0021,40.7815],[-4.0023,40.7816],[-4.0025,40.7818],[-4.0026,40.7821],[-4.0028,40.7826],[-4.003,40.783],[-4.0032,40.7833],[-4.0033,40.7834],[-4.0037,40.7833],[-4.004,40.783],[-4.0043,40.7828],[-4.0044,40.7826],[-4.005,40.7829],[-4.0052,40.7828],[-4.0055,40.7827],[-4.0059,40.7826],[-4.0063,40.7826],[-4.0066,40.7826],[-4.0067,40.783],[-4.0065,40.7834],[-4.0064,40.7835],[-4.0062,40.7837],[-4.006,40.784],[-4.0057,40.7844],[-4.0057,40.7846],[-4.0053,40.7849],[-4.005,40.7854],[-4.0047,40.7857],[-4.0043,40.7859],[-4.004,40.7863],[-4.0039,40.7866],[-4.0038,40.7869],[-4.0041,40.7871],[-4.0045,40.7874],[-4.0047,40.7876],[-4.0049,40.788],[-4.0053,40.7881],[-4.0057,40.7881],[-4.0065,40.788],[-4.007,40.7879],[-4.0071,40.7878],[-4.007,40.7877],[-4.0072,40.7876],[-4.0076,40.7876],[-4.0078,40.7878],[-4.0077,40.787],[-4.0092,40.7867],[-4.0092,40.7867],[-4.0125,40.7843],[-4.0152,40.783],[-4.0213,40.7812],[-4.0295,40.7817],[-4.0324,40.7816],[-4.0342,40.7826],[-4.0363,40.7835],[-4.0395,40.7842],[-4.0422,40.7838],[-4.0441,40.7867],[-4.0455,40.7889],[-4.047,40.7902],[-4.0507,40.7904],[-4.0535,40.7906],[-4.0596,40.7923],[-4.0655,40.7932],[-4.0701,40.7939],[-4.0767,40.7889],[-4.0788,40.7822],[-4.0793,40.7807],[-4.081,40.7766],[-4.0863,40.7724],[-4.0926,40.7688],[-4.0963,40.7653],[-4.0967,40.7642],[-4.0944,40.7611],[-4.0942,40.7596],[-4.0938,40.7581],[-4.0943,40.7553],[-4.0947,40.7543]]]},"geometry_name":"GEOMETRY1","properties":{"CD_ZONA":"PN","DS_ZONA":"Parque Nacional de la Sierra de Guadarrama (en la Comunidad de Madrid)","NM_SUP_HA":21714}}],"totalFeatures":2,"numberMatched":2,"numberReturned":2,"timeStamp":"2026-09-17T20:34:42.471Z","crs":{"type":"name","properties":{"name":"urn:ogc:def:crs:EPSG::4326"}}}