{"type":"FeatureCollection","features":[{"type":"Feature","id":"IDEM_MA_PR_GUADARRAMA.52","geometry":{"type":"MultiPolygon","coordinates":[[[[-3.9345,40.2084],[-3.935,40.2084],[-3.9353,40.2084],[-3.9356,40.2084],[-3.9354,40.2082],[-3.935,40.2079],[-3.9348,40.2078],[-3.9347,40.2077],[-3.9347,40.2075],[-3.9346,40.2073],[-3.9345,40.2071],[-3.9344,40.2069],[-3.9341,40.2066],[-3.9339,40.2064],[-3.9336,40.2063],[-3.9332,40.2062],[-3.9329,40.2061],[-3.9327,40.2059],[-3.9325,40.2058],[-3.9322,40.2057],[-3.932,40.2056],[-3.9319,40.2054],[-3.9318,40.2054],[-3.9317,40.2054],[-3.9317,40.2061],[-3.9316,40.2063],[-3.9319,40.2067],[-3.932,40.207],[-3.9321,40.2073],[-3.9321,40.2075],[-3.9321,40.2077],[-3.9322,40.2079],[-3.9323,40.2081],[-3.9323,40.2081],[-3.9323,40.2081],[-3.9325,40.2082],[-3.9328,40.2083],[-3.9332,40.2084],[-3.9336,40.2084],[-3.9339,40.2084],[-3.9342,40.2083],[-3.9345,40.2084]]],[[[-3.9281,40.2495],[-3.9286,40.2501],[-3.9288,40.2502],[-3.9291,40.2509],[-3.9299,40.2512],[-3.9313,40.2504],[-3.9313,40.2501],[-3.9313,40.2498],[-3.9313,40.2497],[-3.9313,40.2495],[-3.9314,40.2493],[-3.9315,40.2492],[-3.9317,40.2491],[-3.932,40.2491],[-3.9325,40.249],[-3.9329,40.249],[-3.9333,40.249],[-3.9337,40.249],[-3.934,40.249],[-3.9344,40.2489],[-3.9346,40.2489],[-3.9347,40.2489],[-3.9349,40.2489],[-3.9351,40.2489],[-3.9357,40.249],[-3.9357,40.249],[-3.9349,40.2484],[-3.9345,40.2482],[-3.9338,40.2477],[-3.9338,40.2477],[-3.9337,40.2477],[-3.9336,40.2476],[-3.9335,40.2476],[-3.9334,40.2475],[-3.9333,40.2474],[-3.9331,40.2474],[-3.9329,40.2473],[-3.9326,40.2473],[-3.9324,40.2473],[-3.9322,40.2473],[-3.932,40.2473],[-3.9319,40.2473],[-3.9317,40.2473],[-3.9316,40.2473],[-3.9312,40.2475],[-3.931,40.2475],[-3.9308,40.2476],[-3.9307,40.2476],[-3.9305,40.2477],[-3.9303,40.2477],[-3.9301,40.2478],[-3.9298,40.2478],[-3.9297,40.2478],[-3.9294,40.2479],[-3.9293,40.2479],[-3.9293,40.2479],[-3.9292,40.2479],[-3.9292,40.2479],[-3.9291,40.248],[-3.9291,40.248],[-3.929,40.2481],[-3.9288,40.2481],[-3.9287,40.2482],[-3.9286,40.2483],[-3.9283,40.2485],[-3.9281,40.2486],[-3.9278,40.2487],[-3.9277,40.2488],[-3.9277,40.2488],[-3.9281,40.2495]]],[[[-3.924,40.2684],[-3.924,40.2684],[-3.924,40.2684],[-3.924,40.2684]]],[[[-3.8947,40.3893],[-3.8945,40.3894],[-3.8942,40.3894],[-3.8942,40.3895],[-3.8941,40.3896],[-3.8941,40.3901],[-3.8941,40.391],[-3.8941,40.391],[-3.8945,40.391],[-3.8947,40.3907],[-3.8948,40.3906],[-3.895,40.3904],[-3.8951,40.3902],[-3.8953,40.39],[-3.8954,40.3898],[-3.8955,40.3895],[-3.8956,40.3894],[-3.8957,40.3893],[-3.8958,40.3892],[-3.8962,40.3892],[-3.8963,40.3892],[-3.8963,40.3892],[-3.8965,40.3891],[-3.8966,40.3891],[-3.8969,40.3891],[-3.897,40.389],[-3.8971,40.389],[-3.8973,40.3889],[-3.8976,40.3889],[-3.8977,40.3888],[-3.8978,40.3888],[-3.8979,40.3888],[-3.898,40.3887],[-3.8981,40.3886],[-3.8982,40.3885],[-3.8983,40.3884],[-3.8984,40.3883],[-3.8984,40.3883],[-3.8985,40.3883],[-3.8986,40.3881],[-3.8987,40.3879],[-3.8989,40.3877],[-3.899,40.3875],[-3.8991,40.3873],[-3.8993,40.3872],[-3.8995,40.3871],[-3.8997,40.3871],[-3.8999,40.3871],[-3.9001,40.387],[-3.9002,40.387],[-3.9003,40.387],[-3.9006,40.387],[-3.9008,40.387],[-3.901,40.387],[-3.9011,40.387],[-3.9013,40.387],[-3.9013,40.387],[-3.9015,40.3868],[-3.9019,40.3864],[-3.9024,40.3861],[-3.9026,40.3858],[-3.9028,40.3856],[-3.9034,40.3849],[-3.9038,40.3844],[-3.9045,40.3834],[-3.905,40.3828],[-3.9055,40.382],[-3.9054,40.382],[-3.9052,40.382],[-3.9051,40.3819],[-3.9048,40.3819],[-3.9047,40.3819],[-3.9045,40.3818],[-3.9044,40.3819],[-3.9044,40.3819],[-3.9043,40.382],[-3.9041,40.3821],[-3.904,40.3822],[-3.9038,40.3823],[-3.9036,40.3823],[-3.9035,40.3825],[-3.9033,40.3826],[-3.9032,40.3827],[-3.9032,40.3829],[-3.9032,40.3829],[-3.9033,40.383],[-3.9034,40.3832],[-3.9034,40.3833],[-3.9031,40.3834],[-3.903,40.3834],[-3.9029,40.3836],[-3.9029,40.3839],[-3.9029,40.3841],[-3.9028,40.3842],[-3.9026,40.3844],[-3.9025,40.3846],[-3.9024,40.3848],[-3.9023,40.385],[-3.9022,40.3852],[-3.9021,40.3854],[-3.9021,40.3855],[-3.902,40.3856],[-3.902,40.3857],[-3.902,40.3858],[-3.902,40.3859],[-3.902,40.386],[-3.902,40.3861],[-3.902,40.3863],[-3.9019,40.3864],[-3.9017,40.3864],[-3.9015,40.3865],[-3.9012,40.3864],[-3.901,40.3864],[-3.9007,40.3864],[-3.9005,40.3864],[-3.9002,40.3865],[-3.9,40.3865],[-3.8998,40.3865],[-3.8994,40.3866],[-3.8993,40.3866],[-3.8991,40.3867],[-3.899,40.3869],[-3.8989,40.387],[-3.8986,40.3873],[-3.8985,40.3874],[-3.8983,40.3877],[-3.8981,40.3878],[-3.8978,40.3879],[-3.8975,40.388],[-3.8972,40.3881],[-3.897,40.3881],[-3.8967,40.3882],[-3.8965,40.3882],[-3.8963,40.3882],[-3.896,40.3883],[-3.8958,40.3883],[-3.8957,40.3883],[-3.8956,40.3884],[-3.8955,40.3885],[-3.8953,40.3887],[-3.8952,40.3889],[-3.8951,40.3891],[-3.8949,40.3892],[-3.8947,40.3893]]],[[[-3.9617,40.4063],[-3.9617,40.4066],[-3.9617,40.4067],[-3.9618,40.4068],[-3.9618,40.4068],[-3.9619,40.4068],[-3.9621,40.4068],[-3.9624,40.4068],[-3.9628,40.4068],[-3.9632,40.4068],[-3.9639,40.4067],[-3.9643,40.4067],[-3.9647,40.4066],[-3.965,40.4066],[-3.9654,40.4065],[-3.9655,40.4064],[-3.9655,40.4063],[-3.9656,40.4062],[-3.9659,40.406],[-3.9661,40.406],[-3.9664,40.4061],[-3.9667,40.4062],[-3.9671,40.4063],[-3.9674,40.4063],[-3.9677,40.4063],[-3.9681,40.4063],[-3.9685,40.4062],[-3.9688,40.4061],[-3.9691,40.4061],[-3.9694,40.4061],[-3.9696,40.4061],[-3.9699,40.4061],[-3.9703,40.4061],[-3.9709,40.4061],[-3.9714,40.4061],[-3.9717,40.4061],[-3.9717,40.406],[-3.9717,40.4059],[-3.9718,40.4058],[-3.9719,40.4058],[-3.9719,40.4057],[-3.9719,40.4056],[-3.9719,40.4055],[-3.9719,40.4055],[-3.9719,40.4054],[-3.9719,40.4053],[-3.9719,40.4053],[-3.9719,40.4052],[-3.9719,40.4051],[-3.9719,40.405],[-3.9719,40.405],[-3.9719,40.4049],[-3.972,40.4048],[-3.9722,40.4046],[-3.9722,40.4045],[-3.9723,40.4044],[-3.9723,40.4043],[-3.9724,40.4042],[-3.9725,40.404],[-3.9726,40.4039],[-3.9727,40.4038],[-3.9727,40.4037],[-3.9727,40.4036],[-3.9727,40.4035],[-3.9726,40.4033],[-3.9726,40.4031],[-3.9726,40.403],[-3.9726,40.4027],[-3.9726,40.4025],[-3.9726,40.4024],[-3.9725,40.4023],[-3.9725,40.4021],[-3.9724,40.402],[-3.9723,40.4018],[-3.9722,40.4015],[-3.9722,40.4015],[-3.9722,40.4015],[-3.9722,40.4014],[-3.9722,40.4014],[-3.9722,40.4013],[-3.9723,40.4011],[-3.9723,40.4011],[-3.9724,40.4007],[-3.9724,40.4007],[-3.9724,40.4007],[-3.9723,40.4009],[-3.9723,40.4009],[-3.972,40.4007],[-3.9716,40.4004],[-3.9715,40.4003],[-3.9712,40.4001],[-3.9711,40.4],[-3.9709,40.3999],[-3.9706,40.3998],[-3.9703,40.3997],[-3.9701,40.3997],[-3.9697,40.3996],[-3.9693,40.3996],[-3.969,40.3996],[-3.9687,40.3996],[-3.9685,40.3996],[-3.9682,40.3996],[-3.968,40.3996],[-3.9676,40.3995],[-3.9674,40.3995],[-3.9671,40.3995],[-3.967,40.3996],[-3.9667,40.3996],[-3.9664,40.3996],[-3.9662,40.3996],[-3.966,40.3996],[-3.966,40.3998],[-3.966,40.3999],[-3.966,40.4001],[-3.9661,40.4003],[-3.9663,40.4006],[-3.9664,40.4009],[-3.9666,40.4012],[-3.9666,40.4013],[-3.9667,40.4017],[-3.9667,40.4019],[-3.9667,40.402],[-3.9666,40.4021],[-3.9663,40.4021],[-3.9661,40.402],[-3.9658,40.402],[-3.9656,40.4019],[-3.9654,40.4017],[-3.9652,40.4015],[-3.9651,40.4013],[-3.9649,40.4011],[-3.9648,40.4009],[-3.9647,40.4006],[-3.9645,40.4004],[-3.9643,40.4002],[-3.9641,40.4],[-3.9639,40.3999],[-3.9637,40.3996],[-3.9635,40.3994],[-3.9634,40.3992],[-3.9633,40.399],[-3.9632,40.3988],[-3.963,40.3986],[-3.9627,40.3983],[-3.9625,40.3982],[-3.9624,40.398],[-3.9622,40.3978],[-3.962,40.3977],[-3.9619,40.3977],[-3.9615,40.3976],[-3.9611,40.3976],[-3.9606,40.3975],[-3.9602,40.3975],[-3.9599,40.3974],[-3.9594,40.3974],[-3.959,40.3974],[-3.9586,40.3973],[-3.9581,40.3972],[-3.9575,40.3971],[-3.9569,40.397],[-3.9563,40.3969],[-3.9559,40.3968],[-3.9556,40.3967],[-3.9551,40.3966],[-3.9548,40.3965],[-3.9543,40.3962],[-3.9539,40.3961],[-3.9534,40.3959],[-3.953,40.3957],[-3.9525,40.3955],[-3.9521,40.3954],[-3.9518,40.3953],[-3.9514,40.3952],[-3.951,40.3952],[-3.9506,40.3952],[-3.9503,40.3951],[-3.9499,40.3951],[-3.9495,40.3949],[-3.9492,40.3948],[-3.9488,40.3947],[-3.9485,40.3946],[-3.9482,40.3946],[-3.9481,40.3947],[-3.948,40.3949],[-3.948,40.3951],[-3.948,40.3953],[-3.948,40.3956],[-3.948,40.3959],[-3.9481,40.3961],[-3.9481,40.3963],[-3.9481,40.3965],[-3.948,40.3968],[-3.948,40.3971],[-3.948,40.3973],[-3.9481,40.3975],[-3.9481,40.3977],[-3.9482,40.398],[-3.9482,40.3982],[-3.9481,40.3984],[-3.948,40.3986],[-3.9479,40.3989],[-3.9477,40.399],[-3.9475,40.3993],[-3.9474,40.3995],[-3.9472,40.3998],[-3.9472,40.4],[-3.9472,40.4],[-3.9473,40.4001],[-3.9477,40.4001],[-3.9478,40.4001],[-3.948,40.4001],[-3.9483,40.4],[-3.9486,40.4],[-3.9489,40.3999],[-3.9491,40.3999],[-3.9494,40.3999],[-3.9497,40.3999],[-3.9499,40.4],[-3.9504,40.4001],[-3.9508,40.4002],[-3.9511,40.4003],[-3.9512,40.4003],[-3.9514,40.4004],[-3.9518,40.4005],[-3.9522,40.4006],[-3.9525,40.4007],[-3.9531,40.4008],[-3.9537,40.401],[-3.9543,40.4012],[-3.955,40.4014],[-3.9554,40.4015],[-3.9557,40.4016],[-3.9558,40.4015],[-3.9559,40.4015],[-3.956,40.4013],[-3.9562,40.4012],[-3.9564,40.4012],[-3.9565,40.4011],[-3.9568,40.4011],[-3.9571,40.401],[-3.9575,40.4009],[-3.9577,40.4009],[-3.9579,40.4008],[-3.9584,40.4008],[-3.9588,40.4007],[-3.9592,40.4007],[-3.9596,40.4006],[-3.96,40.4006],[-3.9605,40.4006],[-3.961,40.4005],[-3.9613,40.4005],[-3.9617,40.4006],[-3.962,40.4006],[-3.9622,40.4007],[-3.9624,40.4009],[-3.9626,40.401],[-3.9629,40.4012],[-3.963,40.4014],[-3.9631,40.4016],[-3.9632,40.4018],[-3.9634,40.4019],[-3.9635,40.4021],[-3.9635,40.4023],[-3.9635,40.4025],[-3.9635,40.4026],[-3.9634,40.4027],[-3.9633,40.4027],[-3.963,40.4027],[-3.9628,40.4027],[-3.9625,40.4026],[-3.9622,40.4026],[-3.9619,40.4025],[-3.9617,40.4025],[-3.9614,40.4025],[-3.9611,40.4025],[-3.9609,40.4025],[-3.9607,40.4026],[-3.9607,40.4027],[-3.9607,40.4028],[-3.9608,40.403],[-3.9609,40.4032],[-3.961,40.4035],[-3.9611,40.4038],[-3.9611,40.404],[-3.9612,40.4042],[-3.9612,40.4045],[-3.9613,40.4047],[-3.9614,40.405],[-3.9614,40.4052],[-3.9615,40.4055],[-3.9615,40.4058],[-3.9616,40.406],[-3.9617,40.4063]]],[[[-3.9023,40.474],[-3.9052,40.475],[-3.9069,40.4755],[-3.9079,40.4758],[-3.9086,40.4761],[-3.9087,40.4761],[-3.9089,40.476],[-3.9091,40.4758],[-3.9093,40.4756],[-3.9093,40.4754],[-3.9094,40.4751],[-3.9093,40.4748],[-3.9093,40.4746],[-3.9093,40.4744],[-3.9092,40.4741],[-3.9092,40.4739],[-3.9092,40.4737],[-3.9092,40.4736],[-3.9092,40.4734],[-3.9092,40.4732],[-3.9093,40.4731],[-3.9095,40.473],[-3.9098,40.473],[-3.9101,40.473],[-3.9105,40.473],[-3.9111,40.4729],[-3.9114,40.4729],[-3.9117,40.4728],[-3.9119,40.4727],[-3.9122,40.4726],[-3.9125,40.4724],[-3.9127,40.4722],[-3.9127,40.472],[-3.9127,40.4717],[-3.9128,40.4715],[-3.9129,40.4713],[-3.9129,40.4711],[-3.9129,40.4709],[-3.9129,40.4707],[-3.9128,40.4705],[-3.9127,40.4704],[-3.9126,40.4703],[-3.9123,40.4703],[-3.9122,40.4703],[-3.912,40.4703],[-3.9118,40.4702],[-3.9116,40.4701],[-3.9113,40.4701],[-3.911,40.4701],[-3.9108,40.47],[-3.9105,40.4701],[-3.9102,40.4701],[-3.91,40.47],[-3.9095,40.47],[-3.9096,40.4698],[-3.9097,40.4696],[-3.9098,40.4694],[-3.9099,40.4692],[-3.9099,40.4691],[-3.9099,40.4689],[-3.9099,40.4688],[-3.9099,40.4686],[-3.91,40.4683],[-3.9101,40.4681],[-3.9103,40.4677],[-3.9106,40.4673],[-3.9108,40.467],[-3.9109,40.4668],[-3.911,40.4665],[-3.9111,40.4664],[-3.9111,40.4662],[-3.9112,40.466],[-3.9113,40.4657],[-3.9113,40.4654],[-3.9113,40.4651],[-3.9113,40.4648],[-3.9113,40.4646],[-3.9114,40.4643],[-3.9114,40.4641],[-3.9114,40.4638],[-3.9114,40.4636],[-3.9115,40.4634],[-3.9115,40.4632],[-3.9115,40.4629],[-3.9114,40.4627],[-3.9113,40.4626],[-3.9112,40.4624],[-3.9111,40.4622],[-3.911,40.4621],[-3.9109,40.4619],[-3.9108,40.4615],[-3.9102,40.4615],[-3.9098,40.4614],[-3.9095,40.4614],[-3.9092,40.4615],[-3.9088,40.4615],[-3.9085,40.4615],[-3.9082,40.4615],[-3.908,40.4615],[-3.9078,40.4615],[-3.9075,40.4615],[-3.9072,40.4615],[-3.9069,40.4614],[-3.9066,40.4614],[-3.9063,40.4614],[-3.9061,40.4614],[-3.9059,40.4615],[-3.9058,40.4615],[-3.9055,40.4617],[-3.9051,40.4619],[-3.9051,40.4619],[-3.905,40.462],[-3.905,40.462],[-3.9049,40.4621],[-3.9048,40.4621],[-3.9048,40.4622],[-3.9048,40.4622],[-3.9047,40.4622],[-3.9046,40.4623],[-3.9045,40.4623],[-3.9044,40.4624],[-3.9043,40.4625],[-3.904,40.4627],[-3.9039,40.4629],[-3.9038,40.463],[-3.9037,40.4632],[-3.9037,40.4633],[-3.9037,40.4634],[-3.9038,40.4635],[-3.9038,40.4636],[-3.9039,40.4638],[-3.9039,40.4639],[-3.9039,40.4639],[-3.9039,40.464],[-3.9038,40.4641],[-3.9038,40.4641],[-3.9037,40.4642],[-3.9036,40.4643],[-3.9035,40.4644],[-3.9034,40.4645],[-3.9032,40.4647],[-3.9032,40.4648],[-3.9031,40.4648],[-3.9031,40.4649],[-3.9031,40.4651],[-3.9032,40.4652],[-3.9033,40.4653],[-3.9034,40.4654],[-3.9033,40.4654],[-3.9033,40.4655],[-3.9032,40.4656],[-3.9032,40.4657],[-3.9032,40.4659],[-3.9032,40.466],[-3.9032,40.4661],[-3.9031,40.4663],[-3.903,40.4665],[-3.9029,40.4666],[-3.9028,40.4667],[-3.9027,40.4668],[-3.9026,40.4668],[-3.9024,40.4669],[-3.9023,40.4669],[-3.9021,40.4668],[-3.9019,40.4668],[-3.9017,40.4667],[-3.9016,40.4667],[-3.9016,40.4667],[-3.9015,40.4666],[-3.9001,40.4669],[-3.9,40.4669],[-3.8999,40.467],[-3.8995,40.4671],[-3.8991,40.4672],[-3.8986,40.4673],[-3.8982,40.4674],[-3.8978,40.4674],[-3.8975,40.4675],[-3.8972,40.4675],[-3.897,40.4676],[-3.8967,40.4676],[-3.8965,40.4677],[-3.8963,40.4678],[-3.8959,40.4679],[-3.8957,40.468],[-3.8954,40.4681],[-3.8952,40.4682],[-3.895,40.4683],[-3.8949,40.4683],[-3.8948,40.4684],[-3.8947,40.4685],[-3.8945,40.4686],[-3.8944,40.4688],[-3.8942,40.4689],[-3.8942,40.469],[-3.894,40.4691],[-3.8939,40.4692],[-3.8938,40.4693],[-3.8937,40.4693],[-3.8936,40.4693],[-3.8933,40.4694],[-3.8931,40.4695],[-3.8928,40.4696],[-3.8925,40.4697],[-3.8924,40.4698],[-3.8924,40.4698],[-3.8924,40.4699],[-3.8925,40.4701],[-3.8927,40.4703],[-3.8931,40.4705],[-3.8933,40.4706],[-3.894,40.471],[-3.8945,40.4712],[-3.896,40.4718],[-3.8967,40.4721],[-3.8972,40.4723],[-3.8995,40.473],[-3.9023,40.474]]],[[[-4.0349,40.5065],[-4.035,40.5067],[-4.0351,40.5069],[-4.0353,40.5071],[-4.0354,40.5073],[-4.0356,40.5075],[-4.0357,40.5078],[-4.0357,40.5081],[-4.0357,40.5085],[-4.0358,40.5088],[-4.0359,40.5091],[-4.036,40.5095],[-4.0361,40.5097],[-4.0361,40.51],[-4.0361,40.5103],[-4.0362,40.5107],[-4.0362,40.511],[-4.0363,40.5112],[-4.0365,40.5114],[-4.0369,40.5115],[-4.0372,40.5116],[-4.0376,40.5116],[-4.038,40.5117],[-4.0384,40.5117],[-4.0386,40.5117],[-4.039,40.5115],[-4.0394,40.5114],[-4.04,40.5112],[-4.0408,40.511],[-4.0408,40.511],[-4.0401,40.5101],[-4.0393,40.5089],[-4.0387,40.5081],[-4.0371,40.5057],[-4.0365,40.5054],[-4.0361,40.5052],[-4.0357,40.5051],[-4.0352,40.5048],[-4.0348,40.5046],[-4.0344,40.5044],[-4.0341,40.5043],[-4.0337,40.5041],[-4.0334,40.504],[-4.0332,40.504],[-4.0328,40.5038],[-4.0325,40.5037],[-4.0323,40.5036],[-4.0322,40.5036],[-4.0321,40.5037],[-4.032,40.5038],[-4.0319,40.504],[-4.0318,40.5043],[-4.0318,40.5045],[-4.0317,40.5047],[-4.0316,40.505],[-4.0315,40.5052],[-4.0314,40.5054],[-4.0313,40.5057],[-4.0312,40.5059],[-4.0307,40.5064],[-4.0303,40.5069],[-4.0302,40.5069],[-4.0301,40.5069],[-4.0298,40.5068],[-4.0295,40.5068],[-4.0292,40.5066],[-4.0288,40.5065],[-4.0284,40.5063],[-4.028,40.5061],[-4.0277,40.506],[-4.0274,40.506],[-4.0272,40.5061],[-4.0271,40.5058],[-4.0271,40.5058],[-4.027,40.5057],[-4.0268,40.5056],[-4.0266,40.5054],[-4.0264,40.5052],[-4.0262,40.5051],[-4.026,40.505],[-4.0259,40.505],[-4.0258,40.5051],[-4.0257,40.5052],[-4.0256,40.5054],[-4.0254,40.5055],[-4.0252,40.5056],[-4.0251,40.5056],[-4.0249,40.5059],[-4.0251,40.506],[-4.0252,40.5061],[-4.0254,40.5064],[-4.0256,40.5066],[-4.0258,40.5068],[-4.026,40.507],[-4.0264,40.5071],[-4.0266,40.5072],[-4.0269,40.5073],[-4.0273,40.5074],[-4.0278,40.5075],[-4.0282,40.5075],[-4.0286,40.5075],[-4.0289,40.5076],[-4.0293,40.5076],[-4.0297,40.5077],[-4.0299,40.5077],[-4.0302,40.5077],[-4.0305,40.5077],[-4.0307,40.5077],[-4.031,40.5077],[-4.0313,40.5076],[-4.0317,40.5075],[-4.0319,40.5074],[-4.0321,40.5073],[-4.0323,40.5072],[-4.0326,40.5071],[-4.0329,40.5069],[-4.0333,40.5068],[-4.0336,40.5066],[-4.0339,40.5066],[-4.0342,40.5065],[-4.0346,40.5064],[-4.0348,40.5064],[-4.0349,40.5065]]],[[[-3.9036,40.5611],[-3.9037,40.5611],[-3.9037,40.5611],[-3.9038,40.5612],[-3.9039,40.5612],[-3.9042,40.5613],[-3.9047,40.5614],[-3.9049,40.5615],[-3.9053,40.5615],[-3.9057,40.5616],[-3.9061,40.5616],[-3.9064,40.5616],[-3.9067,40.5616],[-3.907,40.5616],[-3.9071,40.5616],[-3.9074,40.5615],[-3.9081,40.5614],[-3.9087,40.5613],[-3.9101,40.5611],[-3.9108,40.5609],[-3.912,40.5607],[-3.9125,40.5606],[-3.9125,40.5606],[-3.9131,40.5606],[-3.9138,40.5606],[-3.9139,40.5606],[-3.9144,40.5606],[-3.9145,40.5606],[-3.9151,40.5607],[-3.916,40.5609],[-3.9167,40.5611],[-3.9167,40.5611],[-3.9168,40.5611],[-3.917,40.561],[-3.9173,40.561],[-3.9175,40.5609],[-3.9176,40.5608],[-3.9178,40.5606],[-3.9179,40.5605],[-3.9181,40.5604],[-3.9184,40.5603],[-3.9187,40.5602],[-3.9188,40.5601],[-3.9189,40.5599],[-3.9191,40.5598],[-3.9192,40.5598],[-3.9193,40.5597],[-3.9194,40.5595],[-3.9196,40.5594],[-3.92,40.5594],[-3.9203,40.5593],[-3.9206,40.5592],[-3.9209,40.559],[-3.9213,40.5589],[-3.9215,40.5589],[-3.9217,40.5587],[-3.922,40.5585],[-3.9223,40.5583],[-3.9224,40.5581],[-3.9226,40.5579],[-3.9226,40.5576],[-3.9227,40.5574],[-3.9227,40.5572],[-3.9226,40.557],[-3.9225,40.5568],[-3.9224,40.5565],[-3.9224,40.5563],[-3.9224,40.5561],[-3.9225,40.5558],[-3.9225,40.5555],[-3.9226,40.5553],[-3.9226,40.5551],[-3.9225,40.5548],[-3.9224,40.5547],[-3.9223,40.5544],[-3.9223,40.5542],[-3.9224,40.5539],[-3.9226,40.5536],[-3.9227,40.5532],[-3.9229,40.5529],[-3.9231,40.5528],[-3.9234,40.5526],[-3.9237,40.5523],[-3.924,40.552],[-3.9242,40.5518],[-3.9242,40.5516],[-3.9244,40.5513],[-3.9246,40.5509],[-3.9247,40.5505],[-3.9248,40.5502],[-3.9248,40.5499],[-3.9249,40.5498],[-3.9249,40.5493],[-3.9249,40.5492],[-3.9135,40.5499],[-3.9117,40.5501],[-3.9117,40.5501],[-3.9117,40.551],[-3.9112,40.5514],[-3.9112,40.5514],[-3.9111,40.5514],[-3.911,40.5515],[-3.9109,40.5516],[-3.9107,40.5516],[-3.9105,40.5517],[-3.9101,40.5517],[-3.91,40.5517],[-3.9099,40.5517],[-3.9098,40.5517],[-3.9097,40.5518],[-3.9095,40.5518],[-3.9094,40.5518],[-3.9094,40.5518],[-3.9092,40.5519],[-3.9091,40.5519],[-3.9089,40.552],[-3.9086,40.552],[-3.9084,40.5521],[-3.9075,40.5522],[-3.9068,40.5523],[-3.9045,40.5526],[-3.9028,40.5529],[-3.9026,40.5529],[-3.9025,40.553],[-3.9024,40.553],[-3.9022,40.5531],[-3.9021,40.5532],[-3.9021,40.5532],[-3.9025,40.5541],[-3.9025,40.554],[-3.9029,40.5539],[-3.903,40.554],[-3.9034,40.5548],[-3.9034,40.5548],[-3.9035,40.5547],[-3.9037,40.5547],[-3.9037,40.5546],[-3.9037,40.5546],[-3.9039,40.5546],[-3.9039,40.5546],[-3.904,40.5546],[-3.904,40.5547],[-3.9043,40.5547],[-3.9045,40.5547],[-3.9046,40.5551],[-3.9047,40.5557],[-3.9047,40.5557],[-3.9047,40.5561],[-3.9045,40.5563],[-3.9042,40.5564],[-3.9038,40.5566],[-3.9033,40.5568],[-3.903,40.557],[-3.9029,40.557],[-3.9029,40.5571],[-3.9029,40.5571],[-3.9028,40.5571],[-3.9028,40.5571],[-3.9028,40.5572],[-3.9027,40.5572],[-3.9027,40.5574],[-3.9027,40.5575],[-3.9027,40.5576],[-3.9028,40.5577],[-3.9029,40.5577],[-3.9029,40.5578],[-3.9031,40.5579],[-3.9031,40.5579],[-3.9032,40.558],[-3.9036,40.5582],[-3.9037,40.5582],[-3.9038,40.5583],[-3.9039,40.5583],[-3.9041,40.5584],[-3.9045,40.5583],[-3.9046,40.5583],[-3.9047,40.5583],[-3.9047,40.5583],[-3.905,40.5582],[-3.9051,40.5582],[-3.9052,40.5582],[-3.9053,40.5582],[-3.9054,40.5582],[-3.9054,40.5582],[-3.9055,40.5582],[-3.9056,40.5582],[-3.9058,40.5581],[-3.9059,40.5581],[-3.9061,40.558],[-3.9064,40.5579],[-3.9066,40.5579],[-3.9068,40.5578],[-3.9068,40.5578],[-3.9069,40.5578],[-3.9069,40.5578],[-3.9071,40.5577],[-3.9073,40.5576],[-3.9076,40.5575],[-3.9079,40.5575],[-3.9081,40.5574],[-3.9083,40.5573],[-3.9085,40.5572],[-3.9086,40.5572],[-3.9087,40.5571],[-3.9089,40.557],[-3.9091,40.5569],[-3.9091,40.5568],[-3.9092,40.5568],[-3.9093,40.5566],[-3.9096,40.5565],[-3.9099,40.5563],[-3.91,40.5563],[-3.9102,40.5562],[-3.9106,40.556],[-3.9109,40.5559],[-3.9111,40.5557],[-3.9115,40.5556],[-3.9119,40.5555],[-3.9119,40.5555],[-3.9126,40.5555],[-3.9127,40.5555],[-3.9127,40.5555],[-3.9128,40.5555],[-3.9128,40.5555],[-3.9128,40.5556],[-3.9128,40.5556],[-3.9127,40.5558],[-3.9126,40.556],[-3.9124,40.556],[-3.9121,40.556],[-3.9117,40.5561],[-3.9113,40.5563],[-3.9109,40.5564],[-3.9099,40.5569],[-3.9098,40.557],[-3.9097,40.557],[-3.91,40.5573],[-3.9088,40.558],[-3.9073,40.5585],[-3.9059,40.5588],[-3.9042,40.5592],[-3.9039,40.5591],[-3.9039,40.5591],[-3.9037,40.559],[-3.9036,40.559],[-3.9035,40.5589],[-3.9035,40.5588],[-3.9034,40.5587],[-3.9033,40.5587],[-3.9033,40.5587],[-3.9032,40.5587],[-3.9032,40.5587],[-3.9029,40.5588],[-3.9028,40.5589],[-3.9028,40.5589],[-3.9027,40.5589],[-3.9026,40.5589],[-3.9025,40.5588],[-3.9024,40.5588],[-3.9023,40.5587],[-3.9022,40.5587],[-3.9021,40.5587],[-3.9021,40.5587],[-3.9022,40.5589],[-3.9024,40.5592],[-3.9026,40.5597],[-3.9029,40.5602],[-3.9033,40.5608],[-3.9036,40.5611],[-3.9036,40.5611],[-3.9036,40.5611]]],[[[-3.9537,40.5925],[-3.9537,40.5926],[-3.9537,40.5926],[-3.9536,40.5928],[-3.9535,40.593],[-3.9535,40.5932],[-3.9535,40.5933],[-3.9535,40.5934],[-3.9535,40.5935],[-3.9535,40.5938],[-3.9536,40.5941],[-3.9537,40.5943],[-3.9538,40.5945],[-3.954,40.5948],[-3.9543,40.5952],[-3.9544,40.5954],[-3.9545,40.5955],[-3.9548,40.5956],[-3.9549,40.5957],[-3.9551,40.5958],[-3.9552,40.5958],[-3.9558,40.5957],[-3.956,40.5956],[-3.956,40.5956],[-3.9566,40.5953],[-3.957,40.5951],[-3.9571,40.595],[-3.9572,40.5948],[-3.9572,40.5948],[-3.9575,40.5945],[-3.9576,40.5944],[-3.9578,40.5941],[-3.9579,40.5939],[-3.958,40.5938],[-3.9581,40.5938],[-3.9581,40.5937],[-3.9582,40.5933],[-3.9583,40.5931],[-3.9584,40.593],[-3.9585,40.593],[-3.9587,40.5929],[-3.9589,40.5928],[-3.9593,40.5927],[-3.9594,40.5926],[-3.9595,40.5925],[-3.9597,40.5924],[-3.9598,40.5923],[-3.96,40.5923],[-3.9605,40.5921],[-3.9605,40.592],[-3.9605,40.5919],[-3.9605,40.5918],[-3.9604,40.5917],[-3.9604,40.5915],[-3.9604,40.5915],[-3.9604,40.5913],[-3.9604,40.5912],[-3.9605,40.5912],[-3.9606,40.5912],[-3.9607,40.5911],[-3.9608,40.5911],[-3.961,40.5911],[-3.9612,40.5911],[-3.9613,40.5911],[-3.9613,40.5912],[-3.9614,40.5912],[-3.9616,40.5911],[-3.9617,40.5911],[-3.9618,40.591],[-3.9618,40.5909],[-3.9619,40.5909],[-3.9619,40.5908],[-3.962,40.5907],[-3.962,40.5906],[-3.9621,40.5904],[-3.9621,40.5902],[-3.9621,40.5901],[-3.9622,40.59],[-3.9623,40.5899],[-3.9625,40.5898],[-3.9627,40.5898],[-3.9632,40.5898],[-3.9637,40.5899],[-3.9639,40.5899],[-3.9641,40.5899],[-3.9642,40.5899],[-3.9645,40.5899],[-3.9646,40.5899],[-3.9647,40.5898],[-3.9649,40.5897],[-3.965,40.5896],[-3.9652,40.5894],[-3.9652,40.5894],[-3.9653,40.5893],[-3.9654,40.5892],[-3.9656,40.5891],[-3.9658,40.589],[-3.9673,40.5891],[-3.9656,40.5882],[-3.9616,40.5883],[-3.9582,40.5904],[-3.9566,40.5914],[-3.9564,40.592],[-3.9562,40.5921],[-3.956,40.5921],[-3.9557,40.5921],[-3.9555,40.5921],[-3.9551,40.592],[-3.9547,40.5918],[-3.9544,40.5917],[-3.9542,40.5916],[-3.9539,40.5921],[-3.9537,40.5925]]],[[[-3.9868,40.6193],[-3.9869,40.6193],[-3.9872,40.6194],[-3.9873,40.6193],[-3.9876,40.6193],[-3.9877,40.6193],[-3.9878,40.6193],[-3.9881,40.6192],[-3.9883,40.6192],[-3.9884,40.6192],[-3.9885,40.6191],[-3.9886,40.6191],[-3.9886,40.6192],[-3.9887,40.6192],[-3.989,40.6192],[-3.989,40.6193],[-3.9891,40.6193],[-3.9892,40.6193],[-3.9893,40.6193],[-3.9893,40.6193],[-3.9894,40.6193],[-3.9894,40.6192],[-3.9896,40.6192],[-3.9897,40.6192],[-3.9899,40.6192],[-3.9899,40.6192],[-3.99,40.6192],[-3.99,40.6192],[-3.9901,40.6192],[-3.9901,40.6191],[-3.9902,40.6191],[-3.9903,40.6191],[-3.9903,40.6191],[-3.9904,40.619],[-3.9905,40.6189],[-3.9906,40.6189],[-3.9906,40.6188],[-3.9907,40.6188],[-3.9907,40.6188],[-3.9908,40.6188],[-3.9908,40.6188],[-3.9908,40.6188],[-3.9909,40.6188],[-3.991,40.6188],[-3.9912,40.6188],[-3.9912,40.6188],[-3.9913,40.6188],[-3.9915,40.6188],[-3.9915,40.6188],[-3.9917,40.6188],[-3.9918,40.6187],[-3.9921,40.6187],[-3.9922,40.6187],[-3.9924,40.6186],[-3.9926,40.6186],[-3.9927,40.6186],[-3.9927,40.6186],[-3.9928,40.6186],[-3.9928,40.6186],[-3.9928,40.6186],[-3.9929,40.6186],[-3.9929,40.6186],[-3.993,40.6186],[-3.9931,40.6186],[-3.9931,40.6186],[-3.9932,40.6186],[-3.9932,40.6186],[-3.9933,40.6186],[-3.9933,40.6186],[-3.9933,40.6186],[-3.9934,40.6186],[-3.9934,40.6186],[-3.9935,40.6186],[-3.9936,40.6186],[-3.9938,40.6185],[-3.9939,40.6185],[-3.9939,40.6185],[-3.994,40.6185],[-3.994,40.6185],[-3.9941,40.6185],[-3.9942,40.6185],[-3.9944,40.6184],[-3.9975,40.6174],[-3.9999,40.6172],[-3.9998,40.6169],[-3.9996,40.6168],[-3.9994,40.6167],[-3.9991,40.6166],[-3.9987,40.6165],[-3.9984,40.6164],[-3.998,40.6162],[-3.9976,40.6161],[-3.9969,40.6159],[-3.9966,40.6158],[-3.9966,40.6157],[-3.9965,40.6154],[-3.9964,40.6149],[-3.9963,40.6148],[-3.9964,40.6148],[-3.9964,40.6147],[-3.9964,40.6147],[-3.9966,40.6148],[-3.9967,40.6149],[-3.9971,40.6149],[-3.9975,40.615],[-3.998,40.6151],[-3.9983,40.6151],[-3.9988,40.6151],[-3.9992,40.6151],[-3.9997,40.6152],[-3.9999,40.6151],[-4,40.6151],[-4,40.6151],[-4.0005,40.6147],[-4.0008,40.6147],[-4.0009,40.6146],[-4.001,40.6145],[-4.0013,40.6143],[-4.0014,40.6143],[-4.0015,40.614],[-4.0016,40.6139],[-4.0018,40.6135],[-4.0019,40.6132],[-4.002,40.613],[-4.0019,40.6129],[-4.0019,40.6128],[-4.0018,40.6128],[-4.0017,40.6127],[-4.0016,40.6126],[-4.0014,40.6123],[-4.0011,40.612],[-4.001,40.6119],[-4.0009,40.6118],[-4.0007,40.6117],[-4,40.6112],[-4.0003,40.611],[-4.0005,40.6108],[-4.0012,40.6103],[-4.0013,40.6102],[-4.0014,40.6103],[-4.0029,40.6102],[-4.0049,40.6102],[-4.0057,40.6102],[-4.0058,40.6102],[-4.0058,40.6101],[-4.0058,40.6099],[-4.0057,40.6097],[-4.0056,40.6095],[-4.0052,40.6085],[-4.0048,40.6075],[-4.0046,40.607],[-4.0044,40.6066],[-4.0044,40.6065],[-4.004,40.6057],[-4.0037,40.605],[-4.0037,40.605],[-4.0037,40.605],[-4.0034,40.6046],[-4.0029,40.6041],[-4.0028,40.6039],[-4.0027,40.6038],[-4.0026,40.6038],[-4.0026,40.6037],[-4.0026,40.6036],[-4.0025,40.6035],[-4.0024,40.6035],[-4.0023,40.6036],[-4.0022,40.6036],[-4.002,40.6037],[-4.0017,40.6037],[-4.0015,40.6038],[-4.001,40.6037],[-4.0008,40.6037],[-4.0005,40.6037],[-4.0003,40.6038],[-4.0001,40.6038],[-3.9999,40.6039],[-3.9996,40.604],[-3.999,40.6043],[-3.9988,40.6044],[-3.9986,40.6044],[-3.9982,40.6045],[-3.9976,40.6047],[-3.9969,40.6048],[-3.9962,40.605],[-3.9956,40.605],[-3.9954,40.6051],[-3.9948,40.6052],[-3.9943,40.6052],[-3.9938,40.6053],[-3.9934,40.6054],[-3.9932,40.6055],[-3.992,40.6059],[-3.9912,40.6061],[-3.9907,40.6063],[-3.9907,40.6063],[-3.9906,40.6063],[-3.9906,40.6062],[-3.9896,40.6067],[-3.9896,40.6067],[-3.9896,40.6067],[-3.9892,40.6065],[-3.9886,40.6064],[-3.9881,40.6061],[-3.9875,40.6061],[-3.9867,40.6057],[-3.9867,40.6046],[-3.9859,40.6036],[-3.9858,40.6028],[-3.9856,40.6021],[-3.9854,40.6012],[-3.9852,40.6007],[-3.9852,40.6003],[-3.9852,40.6003],[-3.9852,40.6002],[-3.9851,40.6001],[-3.985,40.6001],[-3.9849,40.6],[-3.9848,40.6],[-3.9847,40.6],[-3.9847,40.5999],[-3.9846,40.5995],[-3.9846,40.5995],[-3.9844,40.5995],[-3.9844,40.5995],[-3.9842,40.5995],[-3.9841,40.5995],[-3.984,40.5994],[-3.9839,40.5994],[-3.9839,40.5993],[-3.9837,40.5992],[-3.9837,40.5991],[-3.9838,40.599],[-3.9838,40.5989],[-3.9835,40.5986],[-3.9835,40.5985],[-3.9833,40.5985],[-3.9829,40.5983],[-3.9822,40.5982],[-3.9818,40.5982],[-3.9815,40.5982],[-3.9814,40.5981],[-3.9812,40.5981],[-3.981,40.5979],[-3.9806,40.5976],[-3.9805,40.5974],[-3.9798,40.5976],[-3.9796,40.5976],[-3.9793,40.5975],[-3.9792,40.5975],[-3.979,40.5975],[-3.979,40.5975],[-3.9788,40.5975],[-3.9787,40.5974],[-3.9786,40.5974],[-3.9786,40.5974],[-3.9785,40.5973],[-3.9785,40.5973],[-3.9785,40.5973],[-3.9785,40.5973],[-3.9783,40.5971],[-3.9781,40.5971],[-3.9777,40.5971],[-3.9769,40.597],[-3.9762,40.5969],[-3.976,40.5968],[-3.9758,40.5968],[-3.9757,40.5967],[-3.9757,40.5966],[-3.9757,40.5964],[-3.9756,40.5963],[-3.9757,40.5961],[-3.9759,40.5959],[-3.976,40.5957],[-3.9761,40.5955],[-3.9762,40.5953],[-3.9763,40.5951],[-3.9763,40.595],[-3.9764,40.5948],[-3.9765,40.5946],[-3.9766,40.5943],[-3.9767,40.5941],[-3.9767,40.5938],[-3.9767,40.5936],[-3.9766,40.5934],[-3.9765,40.5933],[-3.9764,40.5931],[-3.9763,40.5931],[-3.9762,40.593],[-3.976,40.5929],[-3.9758,40.5928],[-3.9756,40.5928],[-3.9755,40.5927],[-3.9753,40.5924],[-3.9753,40.5923],[-3.9751,40.5922],[-3.9749,40.5921],[-3.9747,40.592],[-3.9745,40.5919],[-3.9743,40.5917],[-3.9742,40.5917],[-3.9741,40.5915],[-3.9739,40.5913],[-3.9738,40.5912],[-3.9737,40.5911],[-3.9736,40.591],[-3.9735,40.5909],[-3.9734,40.5909],[-3.9734,40.5908],[-3.9734,40.5907],[-3.9736,40.5907],[-3.9737,40.5907],[-3.974,40.5906],[-3.9743,40.5906],[-3.9745,40.5906],[-3.9748,40.5906],[-3.9751,40.5906],[-3.9755,40.5906],[-3.9758,40.5907],[-3.9761,40.5908],[-3.9765,40.5909],[-3.9768,40.5909],[-3.9772,40.591],[-3.9776,40.5912],[-3.9782,40.5914],[-3.9785,40.591],[-3.9788,40.5905],[-3.9789,40.5903],[-3.979,40.5903],[-3.979,40.5902],[-3.9791,40.5901],[-3.9793,40.5899],[-3.9796,40.5896],[-3.9797,40.5895],[-3.9798,40.5895],[-3.98,40.5894],[-3.9801,40.5894],[-3.9803,40.5893],[-3.9804,40.5893],[-3.9806,40.5892],[-3.9812,40.589],[-3.9813,40.589],[-3.9814,40.5889],[-3.9816,40.5888],[-3.9816,40.5887],[-3.9818,40.5886],[-3.9819,40.5885],[-3.9821,40.5884],[-3.9823,40.5882],[-3.9823,40.5882],[-3.9826,40.588],[-3.9827,40.5879],[-3.9829,40.5878],[-3.983,40.5877],[-3.9831,40.5876],[-3.9832,40.5876],[-3.9832,40.5875],[-3.9832,40.5873],[-3.9833,40.5872],[-3.9834,40.5871],[-3.9835,40.5869],[-3.9836,40.5868],[-3.9836,40.5866],[-3.9837,40.5865],[-3.9839,40.5864],[-3.984,40.5861],[-3.984,40.5861],[-3.9841,40.586],[-3.9842,40.5858],[-3.9843,40.5858],[-3.9843,40.5857],[-3.9845,40.5856],[-3.9846,40.5856],[-3.9848,40.5854],[-3.9849,40.5853],[-3.985,40.5851],[-3.9851,40.5851],[-3.9852,40.585],[-3.9852,40.585],[-3.9854,40.5849],[-3.9855,40.5848],[-3.9857,40.5847],[-3.9858,40.5846],[-3.9858,40.5845],[-3.9858,40.5845],[-3.9858,40.5844],[-3.9859,40.5843],[-3.9859,40.5842],[-3.986,40.5841],[-3.986,40.5841],[-3.9861,40.584],[-3.9862,40.5838],[-3.9862,40.5837],[-3.9863,40.5835],[-3.9863,40.5834],[-3.9863,40.5833],[-3.9863,40.5832],[-3.9864,40.5831],[-3.9864,40.583],[-3.9866,40.5826],[-3.9866,40.5825],[-3.9866,40.5825],[-3.9866,40.5824],[-3.9867,40.5823],[-3.9867,40.5823],[-3.9868,40.5822],[-3.9868,40.5822],[-3.9868,40.5822],[-3.9869,40.582],[-3.9871,40.5819],[-3.987,40.5819],[-3.9868,40.5817],[-3.9865,40.5816],[-3.9863,40.5814],[-3.9861,40.5813],[-3.9859,40.5811],[-3.9855,40.5809],[-3.9853,40.5808],[-3.9849,40.5806],[-3.9846,40.5804],[-3.9842,40.5803],[-3.9839,40.5802],[-3.9835,40.5801],[-3.9833,40.5801],[-3.9831,40.58],[-3.9829,40.58],[-3.9828,40.5799],[-3.9827,40.5798],[-3.9826,40.5798],[-3.9825,40.5798],[-3.9825,40.5798],[-3.9823,40.5799],[-3.9821,40.5799],[-3.982,40.5799],[-3.9818,40.5798],[-3.9817,40.5797],[-3.9817,40.5796],[-3.9816,40.5795],[-3.9816,40.5795],[-3.9815,40.5794],[-3.9815,40.5793],[-3.9816,40.5793],[-3.9816,40.5791],[-3.9815,40.579],[-3.9815,40.5788],[-3.9815,40.5787],[-3.9816,40.5786],[-3.9817,40.5785],[-3.9818,40.5785],[-3.982,40.5784],[-3.9822,40.5783],[-3.9824,40.5782],[-3.9825,40.5781],[-3.9825,40.5781],[-3.9825,40.5779],[-3.9823,40.5778],[-3.9823,40.5776],[-3.9821,40.5775],[-3.982,40.5773],[-3.9819,40.5772],[-3.9818,40.5771],[-3.9816,40.5768],[-3.9822,40.5767],[-3.9819,40.5766],[-3.9816,40.5766],[-3.9814,40.5765],[-3.9811,40.5763],[-3.9808,40.5763],[-3.9805,40.5762],[-3.9803,40.5762],[-3.98,40.5762],[-3.9797,40.5763],[-3.9794,40.5763],[-3.9791,40.5762],[-3.9789,40.5762],[-3.9787,40.5761],[-3.9784,40.576],[-3.9783,40.576],[-3.9781,40.576],[-3.9779,40.576],[-3.9776,40.5761],[-3.9774,40.5761],[-3.9772,40.5761],[-3.9771,40.5761],[-3.9769,40.5761],[-3.9769,40.5756],[-3.9769,40.5753],[-3.9769,40.575],[-3.9769,40.5748],[-3.9769,40.5746],[-3.9769,40.5744],[-3.9769,40.5743],[-3.977,40.5742],[-3.9771,40.574],[-3.977,40.574],[-3.9769,40.5737],[-3.9769,40.5737],[-3.9769,40.5736],[-3.9768,40.5736],[-3.9768,40.5735],[-3.9766,40.5732],[-3.9766,40.5731],[-3.9765,40.5729],[-3.9764,40.5728],[-3.9764,40.5728],[-3.9763,40.5727],[-3.9759,40.5724],[-3.9759,40.5724],[-3.9758,40.5723],[-3.9755,40.5721],[-3.9754,40.572],[-3.9754,40.5718],[-3.9754,40.5715],[-3.9755,40.5714],[-3.9755,40.5713],[-3.9755,40.5712],[-3.9756,40.5709],[-3.9756,40.5707],[-3.9755,40.5705],[-3.9755,40.5703],[-3.9755,40.57],[-3.9754,40.5695],[-3.9756,40.5689],[-3.9756,40.5687],[-3.9756,40.5685],[-3.9757,40.5684],[-3.9757,40.5682],[-3.9758,40.568],[-3.9759,40.5679],[-3.9759,40.5678],[-3.9759,40.5678],[-3.9759,40.5677],[-3.9758,40.5676],[-3.9756,40.5674],[-3.9753,40.5671],[-3.9746,40.5665],[-3.9741,40.5659],[-3.9736,40.5654],[-3.9732,40.565],[-3.973,40.5647],[-3.9728,40.5645],[-3.9727,40.5645],[-3.9725,40.5644],[-3.9716,40.5641],[-3.9709,40.5639],[-3.9707,40.5639],[-3.9706,40.5638],[-3.9705,40.5638],[-3.9704,40.5637],[-3.9703,40.5637],[-3.9702,40.5636],[-3.9684,40.5619],[-3.9668,40.5603],[-3.9667,40.5602],[-3.966,40.5595],[-3.9652,40.5588],[-3.9646,40.5582],[-3.9639,40.5575],[-3.9628,40.5564],[-3.9626,40.5563],[-3.9624,40.5562],[-3.9623,40.5561],[-3.9619,40.5557],[-3.9616,40.5553],[-3.9616,40.5553],[-3.9618,40.5552],[-3.9618,40.5552],[-3.9616,40.555],[-3.9616,40.555],[-3.9614,40.5548],[-3.9612,40.5546],[-3.9611,40.5544],[-3.961,40.5543],[-3.961,40.5542],[-3.9609,40.554],[-3.9609,40.5538],[-3.9608,40.5536],[-3.9606,40.5535],[-3.9604,40.5533],[-3.9601,40.5532],[-3.9599,40.5531],[-3.9596,40.553],[-3.9594,40.5529],[-3.9591,40.5528],[-3.9588,40.5528],[-3.9586,40.5528],[-3.9584,40.5528],[-3.9583,40.5527],[-3.9581,40.5526],[-3.9578,40.5523],[-3.9577,40.5522],[-3.9576,40.552],[-3.9576,40.5518],[-3.9576,40.5517],[-3.9576,40.5516],[-3.9576,40.5514],[-3.9576,40.5513],[-3.9576,40.551],[-3.9576,40.5509],[-3.9574,40.5506],[-3.9573,40.5504],[-3.9573,40.5502],[-3.9572,40.55],[-3.9572,40.5498],[-3.9571,40.5496],[-3.9572,40.5494],[-3.9572,40.5492],[-3.9571,40.549],[-3.9571,40.5487],[-3.9571,40.5485],[-3.957,40.5482],[-3.9571,40.5481],[-3.9571,40.548],[-3.9573,40.5478],[-3.9574,40.5477],[-3.9576,40.5476],[-3.9577,40.5475],[-3.9578,40.5474],[-3.958,40.5474],[-3.9582,40.5474],[-3.9583,40.5474],[-3.9584,40.5474],[-3.9585,40.5473],[-3.9587,40.5472],[-3.9588,40.5471],[-3.9589,40.5469],[-3.9589,40.5467],[-3.9591,40.5466],[-3.9593,40.5465],[-3.9594,40.5465],[-3.9595,40.5464],[-3.9596,40.5462],[-3.9596,40.5462],[-3.9596,40.5462],[-3.9596,40.5461],[-3.9595,40.5459],[-3.9594,40.5458],[-3.9592,40.5456],[-3.959,40.5455],[-3.9587,40.5453],[-3.9586,40.5451],[-3.9585,40.545],[-3.9585,40.5448],[-3.9584,40.5446],[-3.9584,40.5443],[-3.9583,40.5442],[-3.9582,40.5438],[-3.9581,40.5437],[-3.9579,40.5434],[-3.9577,40.5432],[-3.9576,40.5431],[-3.9574,40.5428],[-3.9573,40.5426],[-3.9567,40.5418],[-3.9565,40.5416],[-3.9565,40.5415],[-3.9564,40.5414],[-3.9563,40.5412],[-3.9563,40.541],[-3.9563,40.5409],[-3.9562,40.5407],[-3.9561,40.5404],[-3.956,40.5402],[-3.9559,40.5399],[-3.9558,40.5398],[-3.9557,40.5396],[-3.9556,40.5394],[-3.9556,40.5392],[-3.9557,40.539],[-3.9557,40.5388],[-3.9556,40.5386],[-3.9556,40.5384],[-3.9554,40.5382],[-3.9552,40.538],[-3.955,40.5379],[-3.9549,40.5377],[-3.9548,40.5376],[-3.9547,40.5374],[-3.9546,40.5371],[-3.9545,40.5369],[-3.9545,40.5366],[-3.9543,40.5364],[-3.9541,40.5361],[-3.954,40.5359],[-3.9539,40.5358],[-3.9537,40.5356],[-3.9534,40.5354],[-3.9533,40.5352],[-3.9532,40.535],[-3.9529,40.5349],[-3.9526,40.5346],[-3.9522,40.5344],[-3.9517,40.5342],[-3.9512,40.5339],[-3.9507,40.5335],[-3.9502,40.5331],[-3.9499,40.5329],[-3.9496,40.5327],[-3.9493,40.5326],[-3.9491,40.5325],[-3.9488,40.5323],[-3.9486,40.5322],[-3.9482,40.5321],[-3.9479,40.532],[-3.9475,40.5319],[-3.9472,40.5318],[-3.9469,40.5317],[-3.9467,40.5315],[-3.9465,40.5314],[-3.9463,40.5312],[-3.946,40.531],[-3.9458,40.5309],[-3.9456,40.5307],[-3.9455,40.5306],[-3.9453,40.5304],[-3.945,40.5302],[-3.9448,40.5301],[-3.9446,40.53],[-3.9442,40.5298],[-3.944,40.5297],[-3.9438,40.5297],[-3.9437,40.5297],[-3.9435,40.5297],[-3.9433,40.5298],[-3.9433,40.5298],[-3.9433,40.5299],[-3.9433,40.53],[-3.9433,40.5302],[-3.9433,40.5304],[-3.9434,40.5306],[-3.9435,40.5308],[-3.9436,40.531],[-3.9437,40.5312],[-3.9438,40.5314],[-3.9439,40.5316],[-3.9439,40.5319],[-3.9438,40.5321],[-3.9438,40.5323],[-3.9438,40.5325],[-3.9437,40.5326],[-3.9437,40.5328],[-3.9436,40.5329],[-3.9434,40.533],[-3.9433,40.5331],[-3.9433,40.5331],[-3.9432,40.5328],[-3.9432,40.5328],[-3.9431,40.5327],[-3.943,40.5326],[-3.943,40.5325],[-3.9429,40.5323],[-3.9429,40.5322],[-3.9428,40.5321],[-3.9427,40.532],[-3.9426,40.532],[-3.9425,40.5319],[-3.9423,40.5318],[-3.9422,40.5316],[-3.9421,40.5315],[-3.942,40.5314],[-3.9418,40.5313],[-3.9417,40.5311],[-3.9417,40.5309],[-3.9416,40.5308],[-3.9415,40.5306],[-3.9414,40.5304],[-3.9413,40.5302],[-3.9411,40.5301],[-3.9411,40.53],[-3.941,40.5298],[-3.9409,40.5296],[-3.9408,40.5293],[-3.9408,40.5291],[-3.9408,40.5288],[-3.9408,40.5287],[-3.941,40.5285],[-3.9411,40.5284],[-3.9412,40.5283],[-3.9412,40.5282],[-3.9412,40.5281],[-3.9412,40.5279],[-3.9412,40.5277],[-3.9411,40.5276],[-3.9411,40.5275],[-3.941,40.5274],[-3.9409,40.5273],[-3.9409,40.5271],[-3.9409,40.527],[-3.9407,40.5269],[-3.9406,40.5268],[-3.9405,40.5268],[-3.9404,40.5268],[-3.9404,40.5267],[-3.9404,40.5265],[-3.9404,40.5264],[-3.9404,40.5263],[-3.9404,40.5261],[-3.9405,40.526],[-3.9406,40.5259],[-3.9407,40.5258],[-3.9408,40.5256],[-3.9409,40.5255],[-3.9409,40.5253],[-3.941,40.5251],[-3.941,40.525],[-3.9411,40.5248],[-3.9413,40.5246],[-3.9414,40.5245],[-3.9414,40.5243],[-3.9414,40.5241],[-3.9414,40.524],[-3.9414,40.5239],[-3.9415,40.5236],[-3.9416,40.5235],[-3.9417,40.5234],[-3.9417,40.5232],[-3.9417,40.523],[-3.9417,40.5228],[-3.9416,40.5226],[-3.9415,40.5225],[-3.9414,40.5223],[-3.9412,40.5221],[-3.9411,40.5219],[-3.941,40.5216],[-3.9409,40.5214],[-3.9409,40.5213],[-3.9408,40.521],[-3.9408,40.5209],[-3.9407,40.5207],[-3.9405,40.5206],[-3.9404,40.5204],[-3.9404,40.5204],[-3.9404,40.5202],[-3.9405,40.52],[-3.9405,40.5199],[-3.9405,40.5197],[-3.9405,40.5196],[-3.9404,40.5195],[-3.9405,40.5194],[-3.9405,40.5192],[-3.9406,40.519],[-3.9406,40.5189],[-3.9407,40.5188],[-3.9408,40.5187],[-3.9409,40.5184],[-3.9411,40.5182],[-3.9412,40.5179],[-3.9413,40.5178],[-3.9414,40.5175],[-3.9417,40.5173],[-3.9419,40.517],[-3.942,40.5168],[-3.9423,40.5166],[-3.9424,40.5163],[-3.9425,40.5161],[-3.9425,40.5157],[-3.9426,40.5153],[-3.9426,40.5152],[-3.9428,40.5151],[-3.943,40.5151],[-3.9433,40.515],[-3.9436,40.5149],[-3.9439,40.5148],[-3.944,40.5147],[-3.9442,40.5145],[-3.9442,40.5144],[-3.9442,40.5142],[-3.9441,40.5141],[-3.944,40.514],[-3.9438,40.5139],[-3.9436,40.5139],[-3.9433,40.5139],[-3.943,40.5139],[-3.9428,40.5139],[-3.9427,40.5139],[-3.9424,40.5137],[-3.9423,40.5136],[-3.9422,40.5134],[-3.942,40.5132],[-3.9419,40.513],[-3.9419,40.5129],[-3.9418,40.5128],[-3.9417,40.5125],[-3.9416,40.5124],[-3.9414,40.5121],[-3.9412,40.512],[-3.941,40.5118],[-3.9409,40.5115],[-3.9408,40.5113],[-3.9408,40.5111],[-3.9407,40.5108],[-3.9405,40.5106],[-3.9402,40.5102],[-3.94,40.5099],[-3.9403,40.5096],[-3.9404,40.5094],[-3.9405,40.5092],[-3.9405,40.5091],[-3.9405,40.5089],[-3.9404,40.5088],[-3.9404,40.5086],[-3.9404,40.5084],[-3.9402,40.5081],[-3.9401,40.508],[-3.9399,40.5079],[-3.9398,40.5078],[-3.9397,40.5078],[-3.9397,40.5078],[-3.9397,40.5077],[-3.9397,40.5077],[-3.9397,40.5075],[-3.9397,40.5074],[-3.9395,40.5073],[-3.9394,40.5074],[-3.9392,40.5075],[-3.9391,40.5075],[-3.9389,40.5076],[-3.9388,40.5076],[-3.9386,40.5075],[-3.9385,40.5075],[-3.9383,40.5074],[-3.9382,40.5073],[-3.938,40.5071],[-3.9378,40.507],[-3.9376,40.5069],[-3.9375,40.5069],[-3.9373,40.5069],[-3.9372,40.5068],[-3.9371,40.5068],[-3.9369,40.5067],[-3.9367,40.5066],[-3.9365,40.5066],[-3.9363,40.5066],[-3.9361,40.5066],[-3.936,40.5065],[-3.9359,40.5064],[-3.9358,40.5061],[-3.9358,40.5059],[-3.9358,40.5056],[-3.9358,40.5053],[-3.9358,40.5052],[-3.9357,40.5049],[-3.9357,40.5046],[-3.9357,40.5043],[-3.9358,40.504],[-3.9358,40.504],[-3.9358,40.5037],[-3.9359,40.5035],[-3.9359,40.5033],[-3.9359,40.503],[-3.9359,40.5029],[-3.9358,40.5027],[-3.9356,40.5024],[-3.9354,40.5022],[-3.9354,40.5021],[-3.9352,40.5019],[-3.935,40.5016],[-3.9348,40.5014],[-3.9347,40.5013],[-3.9345,40.5011],[-3.9345,40.5009],[-3.9346,40.5009],[-3.9347,40.5008],[-3.9348,40.5007],[-3.9349,40.5006],[-3.9349,40.5005],[-3.9349,40.5004],[-3.935,40.5003],[-3.9349,40.5001],[-3.935,40.4999],[-3.9351,40.4997],[-3.9353,40.4995],[-3.9354,40.4993],[-3.9356,40.4991],[-3.9358,40.4989],[-3.9359,40.4987],[-3.936,40.4984],[-3.9361,40.4983],[-3.9362,40.4981],[-3.9362,40.4979],[-3.9363,40.4977],[-3.9363,40.4975],[-3.9363,40.4973],[-3.9363,40.4971],[-3.9364,40.4968],[-3.9366,40.4966],[-3.9367,40.4964],[-3.9368,40.4964],[-3.9368,40.4964],[-3.9369,40.4962],[-3.937,40.4959],[-3.9371,40.4958],[-3.9373,40.4956],[-3.9373,40.4953],[-3.9375,40.4952],[-3.9374,40.495],[-3.9374,40.4947],[-3.9374,40.4946],[-3.9375,40.4945],[-3.9376,40.4942],[-3.9378,40.4941],[-3.9378,40.4938],[-3.9378,40.4938],[-3.9378,40.4936],[-3.9378,40.4936],[-3.9378,40.4936],[-3.9377,40.4932],[-3.9376,40.4932],[-3.9375,40.4931],[-3.9375,40.4931],[-3.9374,40.493],[-3.9374,40.493],[-3.9374,40.4929],[-3.9374,40.4929],[-3.9374,40.4928],[-3.9373,40.4927],[-3.9373,40.4926],[-3.9372,40.4926],[-3.9372,40.4925],[-3.9372,40.4924],[-3.9372,40.4924],[-3.9372,40.4923],[-3.9372,40.4922],[-3.9374,40.4918],[-3.9372,40.4917],[-3.9372,40.4914],[-3.9372,40.4912],[-3.9372,40.491],[-3.9372,40.4908],[-3.9372,40.4905],[-3.9372,40.4903],[-3.9371,40.4901],[-3.9371,40.4899],[-3.9371,40.4896],[-3.9372,40.4895],[-3.9372,40.4893],[-3.9372,40.4891],[-3.9373,40.4888],[-3.9374,40.4882],[-3.9374,40.4879],[-3.9374,40.4877],[-3.9374,40.4876],[-3.9374,40.4875],[-3.9374,40.4874],[-3.9374,40.4873],[-3.9374,40.4871],[-3.9374,40.4869],[-3.9376,40.4866],[-3.9378,40.4862],[-3.9379,40.4859],[-3.9379,40.4857],[-3.9378,40.4853],[-3.9378,40.4852],[-3.9377,40.485],[-3.9376,40.4848],[-3.9376,40.4846],[-3.9375,40.4844],[-3.9375,40.4842],[-3.9375,40.484],[-3.9374,40.4838],[-3.9374,40.4834],[-3.9373,40.4832],[-3.9373,40.4829],[-3.9372,40.4828],[-3.9372,40.4824],[-3.9371,40.482],[-3.9369,40.4816],[-3.9369,40.4815],[-3.9368,40.4813],[-3.9367,40.481],[-3.9367,40.481],[-3.9367,40.4809],[-3.9366,40.4808],[-3.9366,40.4806],[-3.9366,40.4806],[-3.9367,40.4804],[-3.9367,40.4803],[-3.9367,40.4802],[-3.9366,40.48],[-3.9366,40.4797],[-3.9365,40.4795],[-3.9365,40.4794],[-3.9365,40.4793],[-3.9365,40.4792],[-3.9366,40.4791],[-3.9365,40.4787],[-3.9366,40.4785],[-3.9368,40.4781],[-3.937,40.4779],[-3.9377,40.4774],[-3.9377,40.4773],[-3.9378,40.4773],[-3.9379,40.4772],[-3.938,40.4771],[-3.938,40.477],[-3.9382,40.4768],[-3.9382,40.4766],[-3.9382,40.4766],[-3.9383,40.4766],[-3.9383,40.4763],[-3.9383,40.4762],[-3.9383,40.4761],[-3.9383,40.476],[-3.9383,40.4758],[-3.9384,40.4753],[-3.9384,40.4751],[-3.9384,40.4749],[-3.9384,40.4747],[-3.9385,40.4745],[-3.9385,40.4743],[-3.9386,40.4741],[-3.9386,40.4739],[-3.9387,40.4738],[-3.9386,40.4737],[-3.9386,40.4736],[-3.9386,40.4734],[-3.9386,40.4732],[-3.9386,40.4731],[-3.9384,40.4725],[-3.9382,40.4718],[-3.9382,40.4716],[-3.9381,40.4714],[-3.9381,40.4713],[-3.9381,40.4713],[-3.9381,40.4711],[-3.938,40.471],[-3.938,40.471],[-3.9379,40.4709],[-3.9379,40.4708],[-3.938,40.4707],[-3.938,40.4705],[-3.9381,40.4703],[-3.9381,40.4699],[-3.9379,40.4696],[-3.9377,40.4692],[-3.9376,40.4689],[-3.9375,40.4687],[-3.9375,40.4687],[-3.9375,40.4685],[-3.9373,40.4683],[-3.9375,40.4679],[-3.9387,40.4668],[-3.9388,40.4668],[-3.939,40.4666],[-3.9392,40.4665],[-3.9393,40.4664],[-3.9394,40.4663],[-3.9395,40.4662],[-3.94,40.4656],[-3.9402,40.4654],[-3.9401,40.4653],[-3.9399,40.4651],[-3.9398,40.4646],[-3.9398,40.4643],[-3.9398,40.4642],[-3.9397,40.4641],[-3.9397,40.4639],[-3.9396,40.4637],[-3.9396,40.4636],[-3.9395,40.4635],[-3.9395,40.4634],[-3.9396,40.4634],[-3.9396,40.4633],[-3.9397,40.4632],[-3.9398,40.4632],[-3.9398,40.4631],[-3.9399,40.463],[-3.9399,40.4626],[-3.9399,40.4622],[-3.9399,40.4621],[-3.94,40.4619],[-3.94,40.4617],[-3.9401,40.4616],[-3.9402,40.4614],[-3.9411,40.4607],[-3.9413,40.4605],[-3.9414,40.4604],[-3.9415,40.4603],[-3.9416,40.4603],[-3.9417,40.4602],[-3.9419,40.4602],[-3.942,40.4601],[-3.9422,40.46],[-3.9423,40.4599],[-3.943,40.4599],[-3.943,40.4598],[-3.9431,40.4597],[-3.9433,40.4598],[-3.9434,40.4598],[-3.9435,40.4598],[-3.9436,40.4597],[-3.9436,40.4593],[-3.9436,40.4591],[-3.944,40.4591],[-3.9444,40.4585],[-3.9446,40.4583],[-3.9447,40.4581],[-3.9447,40.4581],[-3.9451,40.4582],[-3.9455,40.4583],[-3.9458,40.4584],[-3.9461,40.4584],[-3.9465,40.4585],[-3.9466,40.4585],[-3.9467,40.4585],[-3.9467,40.4585],[-3.9467,40.4585],[-3.9468,40.4584],[-3.9469,40.4584],[-3.947,40.4584],[-3.947,40.4583],[-3.947,40.4583],[-3.9471,40.4583],[-3.9471,40.4582],[-3.9473,40.4583],[-3.9474,40.4583],[-3.9474,40.4584],[-3.9475,40.4584],[-3.9475,40.4584],[-3.9476,40.4584],[-3.9477,40.4585],[-3.9477,40.4585],[-3.9478,40.4585],[-3.948,40.4585],[-3.9485,40.4585],[-3.9488,40.4585],[-3.9492,40.4586],[-3.9496,40.4586],[-3.9498,40.4587],[-3.9502,40.4588],[-3.9504,40.4589],[-3.9508,40.459],[-3.9509,40.4591],[-3.9516,40.4594],[-3.9521,40.4596],[-3.9525,40.4597],[-3.9528,40.4598],[-3.9531,40.4599],[-3.9534,40.4599],[-3.9534,40.4599],[-3.9538,40.4599],[-3.9538,40.4599],[-3.9542,40.4599],[-3.9547,40.4599],[-3.9551,40.4599],[-3.9554,40.4599],[-3.956,40.4599],[-3.9564,40.4599],[-3.9567,40.4599],[-3.9569,40.4599],[-3.9574,40.46],[-3.9579,40.4601],[-3.9584,40.4602],[-3.9589,40.4604],[-3.9594,40.4606],[-3.9599,40.4608],[-3.9602,40.4609],[-3.9607,40.4612],[-3.961,40.4614],[-3.9612,40.4616],[-3.9615,40.4618],[-3.9616,40.4619],[-3.9618,40.4621],[-3.962,40.4623],[-3.9622,40.4625],[-3.9625,40.4629],[-3.9634,40.4648],[-3.9641,40.4649],[-3.965,40.4652],[-3.9652,40.4653],[-3.9656,40.4654],[-3.966,40.4655],[-3.9663,40.4656],[-3.9666,40.4657],[-3.9667,40.4658],[-3.9672,40.466],[-3.9677,40.4662],[-3.9682,40.4664],[-3.9687,40.4666],[-3.969,40.4667],[-3.9694,40.4668],[-3.9699,40.467],[-3.9701,40.467],[-3.9703,40.4671],[-3.9706,40.4673],[-3.9711,40.4675],[-3.9714,40.4677],[-3.9719,40.468],[-3.9719,40.468],[-3.9725,40.4683],[-3.973,40.4685],[-3.9736,40.4689],[-3.9743,40.4693],[-3.9744,40.4691],[-3.9745,40.4689],[-3.9747,40.4688],[-3.9747,40.4685],[-3.9748,40.4683],[-3.9748,40.468],[-3.975,40.4677],[-3.9751,40.4673],[-3.9753,40.4669],[-3.9754,40.4663],[-3.9757,40.4655],[-3.9758,40.4652],[-3.976,40.465],[-3.9763,40.4648],[-3.9765,40.4647],[-3.9767,40.4646],[-3.9769,40.4646],[-3.9771,40.4645],[-3.9773,40.4644],[-3.9774,40.4642],[-3.9774,40.4641],[-3.9774,40.4639],[-3.9774,40.4637],[-3.9775,40.4635],[-3.9775,40.4633],[-3.9776,40.4632],[-3.9777,40.4631],[-3.9778,40.4629],[-3.9779,40.4628],[-3.9783,40.4625],[-3.9785,40.4624],[-3.9787,40.4622],[-3.9789,40.4621],[-3.9792,40.4619],[-3.9794,40.4617],[-3.9796,40.4616],[-3.9798,40.4615],[-3.9798,40.4615],[-3.9798,40.4615],[-3.98,40.4615],[-3.9802,40.4616],[-3.9805,40.4618],[-3.9807,40.462],[-3.9809,40.4623],[-3.9811,40.4626],[-3.9814,40.4629],[-3.9817,40.4633],[-3.9819,40.4637],[-3.9821,40.464],[-3.9823,40.4642],[-3.9826,40.4645],[-3.9826,40.4648],[-3.9826,40.4648],[-3.9825,40.465],[-3.9824,40.4651],[-3.9823,40.4653],[-3.9821,40.4655],[-3.9818,40.4657],[-3.9814,40.4658],[-3.981,40.4659],[-3.9808,40.4661],[-3.9806,40.4663],[-3.9805,40.4666],[-3.9804,40.4669],[-3.9803,40.4672],[-3.9802,40.4675],[-3.98,40.4677],[-3.9799,40.468],[-3.9797,40.4683],[-3.9795,40.4686],[-3.9793,40.469],[-3.9792,40.4692],[-3.9791,40.4695],[-3.979,40.4698],[-3.9789,40.47],[-3.9787,40.4703],[-3.9786,40.4705],[-3.9787,40.4706],[-3.9788,40.4707],[-3.9789,40.4709],[-3.9789,40.4711],[-3.9786,40.4713],[-3.9784,40.4714],[-3.9782,40.4715],[-3.9779,40.4716],[-3.9777,40.4717],[-3.9777,40.4717],[-3.9776,40.4718],[-3.9778,40.4718],[-3.9779,40.4718],[-3.9781,40.4718],[-3.9783,40.4719],[-3.9785,40.4721],[-3.9787,40.4722],[-3.9791,40.4724],[-3.9794,40.4727],[-3.9797,40.4728],[-3.9799,40.473],[-3.98,40.4731],[-3.9803,40.4732],[-3.9805,40.4731],[-3.9808,40.4731],[-3.981,40.473],[-3.9811,40.473],[-3.9812,40.4729],[-3.9814,40.4727],[-3.9816,40.4724],[-3.9818,40.4721],[-3.9819,40.4719],[-3.9819,40.4717],[-3.9818,40.4715],[-3.9817,40.4712],[-3.9818,40.4709],[-3.9818,40.4707],[-3.9819,40.4704],[-3.9819,40.47],[-3.982,40.4696],[-3.9821,40.4693],[-3.9823,40.4692],[-3.9826,40.4689],[-3.9827,40.4687],[-3.9828,40.4684],[-3.983,40.4682],[-3.9831,40.4679],[-3.9829,40.4676],[-3.9828,40.4674],[-3.9827,40.4671],[-3.9827,40.4669],[-3.9827,40.4667],[-3.9827,40.4664],[-3.9827,40.4661],[-3.9828,40.4658],[-3.9829,40.4657],[-3.983,40.4656],[-3.983,40.4656],[-3.983,40.4656],[-3.9831,40.4655],[-3.9834,40.4655],[-3.9836,40.4656],[-3.9838,40.4657],[-3.984,40.4659],[-3.9843,40.4661],[-3.9845,40.4663],[-3.9847,40.4664],[-3.9848,40.4666],[-3.985,40.4668],[-3.9851,40.467],[-3.9852,40.4673],[-3.9853,40.4674],[-3.9855,40.4676],[-3.9858,40.4677],[-3.986,40.4678],[-3.9862,40.4678],[-3.9864,40.4678],[-3.9865,40.4678],[-3.9867,40.4679],[-3.9867,40.4681],[-3.9867,40.4683],[-3.9867,40.4685],[-3.9866,40.4687],[-3.9865,40.469],[-3.9864,40.4692],[-3.9863,40.4694],[-3.9862,40.4695],[-3.9858,40.4697],[-3.9856,40.4698],[-3.9854,40.47],[-3.9852,40.4701],[-3.9851,40.4702],[-3.985,40.4704],[-3.985,40.4704],[-3.9851,40.4704],[-3.9851,40.4705],[-3.9852,40.4706],[-3.9853,40.4707],[-3.9855,40.4708],[-3.9856,40.4708],[-3.9857,40.4709],[-3.9859,40.471],[-3.9859,40.4712],[-3.9859,40.4713],[-3.9859,40.4716],[-3.9859,40.4718],[-3.9858,40.4719],[-3.9857,40.472],[-3.9856,40.4722],[-3.9855,40.4723],[-3.9853,40.4724],[-3.9851,40.4725],[-3.9849,40.4726],[-3.9847,40.4728],[-3.9845,40.4729],[-3.9842,40.4732],[-3.984,40.4734],[-3.9838,40.4737],[-3.9837,40.474],[-3.9836,40.4743],[-3.9835,40.4745],[-3.9834,40.4748],[-3.9833,40.475],[-3.9833,40.4752],[-3.9831,40.4755],[-3.983,40.4757],[-3.9828,40.4759],[-3.9826,40.4762],[-3.9826,40.4762],[-3.9824,40.4764],[-3.9822,40.4766],[-3.9821,40.4768],[-3.9821,40.477],[-3.9821,40.4772],[-3.9821,40.4773],[-3.9822,40.4775],[-3.9823,40.4775],[-3.9825,40.4777],[-3.9828,40.4779],[-3.983,40.478],[-3.9831,40.4782],[-3.9834,40.4784],[-3.9836,40.4786],[-3.9837,40.4788],[-3.9838,40.4789],[-3.9839,40.479],[-3.9842,40.4791],[-3.9843,40.4792],[-3.9845,40.4794],[-3.9845,40.4796],[-3.9845,40.4798],[-3.9845,40.4799],[-3.9844,40.4801],[-3.9842,40.4802],[-3.9842,40.4804],[-3.9842,40.4805],[-3.9843,40.4806],[-3.9844,40.4807],[-3.9844,40.4809],[-3.9848,40.4809],[-3.985,40.4809],[-3.9852,40.4809],[-3.9856,40.4809],[-3.9858,40.4809],[-3.986,40.4809],[-3.9863,40.4809],[-3.9864,40.4809],[-3.9866,40.481],[-3.9867,40.481],[-3.9868,40.481],[-3.9868,40.4812],[-3.9868,40.4813],[-3.987,40.4812],[-3.9871,40.4812],[-3.9874,40.4812],[-3.9877,40.4811],[-3.9879,40.4811],[-3.9881,40.4811],[-3.9883,40.4811],[-3.9884,40.481],[-3.9885,40.4809],[-3.9887,40.4808],[-3.9888,40.4807],[-3.989,40.4807],[-3.9893,40.4808],[-3.9895,40.481],[-3.9897,40.4812],[-3.9899,40.4813],[-3.9899,40.4814],[-3.99,40.4815],[-3.9901,40.4817],[-3.9902,40.482],[-3.9903,40.4822],[-3.9904,40.4825],[-3.9902,40.4825],[-3.9902,40.4826],[-3.9902,40.4827],[-3.9901,40.4828],[-3.99,40.4829],[-3.9898,40.483],[-3.9896,40.4831],[-3.9894,40.4831],[-3.989,40.4832],[-3.9891,40.4833],[-3.9891,40.4833],[-3.9892,40.4834],[-3.9892,40.4835],[-3.9891,40.4836],[-3.989,40.4837],[-3.9889,40.4837],[-3.9888,40.4838],[-3.9887,40.4839],[-3.9888,40.484],[-3.9888,40.484],[-3.9888,40.4841],[-3.9888,40.4842],[-3.989,40.4843],[-3.9893,40.4844],[-3.9895,40.4845],[-3.9896,40.4847],[-3.9896,40.4849],[-3.9896,40.4851],[-3.9895,40.4852],[-3.9894,40.4854],[-3.9892,40.4855],[-3.989,40.4856],[-3.9888,40.4856],[-3.9887,40.4857],[-3.9886,40.4857],[-3.9887,40.4858],[-3.9888,40.4858],[-3.989,40.4858],[-3.9891,40.4859],[-3.9893,40.486],[-3.9894,40.4862],[-3.9896,40.4864],[-3.9898,40.4866],[-3.99,40.4868],[-3.9902,40.4871],[-3.9903,40.4873],[-3.9905,40.4875],[-3.9906,40.4878],[-3.9908,40.488],[-3.9909,40.4881],[-3.991,40.4882],[-3.9911,40.4884],[-3.9913,40.4886],[-3.9915,40.4887],[-3.9917,40.4888],[-3.9919,40.4889],[-3.9919,40.489],[-3.992,40.489],[-3.9921,40.489],[-3.9922,40.4889],[-3.9924,40.4888],[-3.9926,40.4887],[-3.9929,40.4886],[-3.9934,40.4884],[-3.9936,40.4889],[-3.9937,40.4894],[-3.994,40.4899],[-3.9941,40.4905],[-3.9944,40.4915],[-3.9946,40.4923],[-3.9947,40.4929],[-3.9948,40.493],[-3.9948,40.4932],[-3.9947,40.4934],[-3.9945,40.4936],[-3.9943,40.4938],[-3.9941,40.494],[-3.9937,40.4942],[-3.9935,40.4942],[-3.9932,40.4943],[-3.9929,40.4944],[-3.9927,40.4945],[-3.9926,40.4946],[-3.9925,40.4948],[-3.9923,40.495],[-3.9923,40.4951],[-3.9924,40.4952],[-3.9925,40.4953],[-3.9927,40.4954],[-3.9928,40.4955],[-3.993,40.4955],[-3.9932,40.4954],[-3.9934,40.4954],[-3.9936,40.4953],[-3.9937,40.4953],[-3.9938,40.4954],[-3.9938,40.4955],[-3.9939,40.4956],[-3.9939,40.4958],[-3.994,40.496],[-3.9939,40.4961],[-3.9938,40.4961],[-3.9937,40.4962],[-3.9937,40.4963],[-3.9936,40.4964],[-3.9936,40.4965],[-3.9936,40.4966],[-3.9937,40.4966],[-3.9938,40.4966],[-3.994,40.4966],[-3.9941,40.4966],[-3.9942,40.4966],[-3.9944,40.4967],[-3.9945,40.4969],[-3.9945,40.497],[-3.9945,40.4972],[-3.9946,40.4973],[-3.9945,40.4975],[-3.9945,40.4975],[-3.9946,40.4976],[-3.9947,40.4977],[-3.9948,40.4978],[-3.9949,40.4978],[-3.995,40.4979],[-3.995,40.4981],[-3.9949,40.4982],[-3.9948,40.4983],[-3.9947,40.4984],[-3.9948,40.4985],[-3.9947,40.4986],[-3.9946,40.4987],[-3.9945,40.4988],[-3.9945,40.4989],[-3.9944,40.499],[-3.9944,40.4992],[-3.9945,40.4993],[-3.9945,40.4994],[-3.9946,40.4996],[-3.9946,40.4998],[-3.9945,40.5],[-3.9945,40.5001],[-3.9945,40.5002],[-3.9945,40.5003],[-3.9945,40.5005],[-3.9945,40.5005],[-3.9946,40.5008],[-3.9947,40.5007],[-3.9949,40.5006],[-3.9951,40.5005],[-3.9952,40.5003],[-3.9953,40.5001],[-3.9955,40.4999],[-3.9956,40.4998],[-3.9958,40.4996],[-3.9959,40.4994],[-3.9961,40.4992],[-3.9963,40.4989],[-3.9964,40.4987],[-3.9965,40.4985],[-3.9967,40.4982],[-3.9969,40.498],[-3.9971,40.4976],[-3.9973,40.4974],[-3.9974,40.4971],[-3.9976,40.4968],[-3.9979,40.4967],[-3.998,40.4967],[-3.9982,40.4966],[-3.9984,40.4966],[-3.9986,40.4968],[-3.9988,40.4969],[-3.9989,40.4971],[-3.999,40.4972],[-3.9992,40.4974],[-3.9994,40.4976],[-3.9995,40.4977],[-3.9998,40.498],[-3.9999,40.4981],[-4.0001,40.4982],[-4.0002,40.4982],[-4.0004,40.4982],[-4.0005,40.498],[-4.0006,40.4978],[-4.0005,40.4976],[-4.0006,40.4974],[-4.0006,40.4972],[-4.0007,40.497],[-4.0008,40.4968],[-4.0009,40.4966],[-4.001,40.4964],[-4.0011,40.4963],[-4.0013,40.4962],[-4.0015,40.4963],[-4.0017,40.4964],[-4.0018,40.4965],[-4.0019,40.4967],[-4.002,40.4969],[-4.0022,40.4971],[-4.0024,40.4974],[-4.0026,40.4977],[-4.0028,40.4979],[-4.003,40.4981],[-4.0032,40.4983],[-4.0034,40.4984],[-4.0035,40.4985],[-4.0036,40.4987],[-4.0038,40.4989],[-4.0039,40.4991],[-4.0041,40.4993],[-4.0042,40.4995],[-4.0043,40.4997],[-4.0043,40.4998],[-4.0044,40.4999],[-4.0045,40.5],[-4.0046,40.5],[-4.0047,40.5001],[-4.0048,40.5],[-4.0049,40.5],[-4.005,40.4999],[-4.005,40.4998],[-4.0051,40.4996],[-4.0052,40.4994],[-4.0052,40.4991],[-4.0053,40.4988],[-4.0053,40.4985],[-4.0053,40.4983],[-4.0054,40.498],[-4.0054,40.4977],[-4.0055,40.4975],[-4.0056,40.4973],[-4.0057,40.497],[-4.006,40.4968],[-4.0062,40.4968],[-4.0064,40.4968],[-4.0066,40.4968],[-4.0068,40.4969],[-4.0069,40.4971],[-4.007,40.4973],[-4.0071,40.4975],[-4.0072,40.4976],[-4.0073,40.4977],[-4.0074,40.4979],[-4.0076,40.498],[-4.0077,40.498],[-4.008,40.4981],[-4.0082,40.4982],[-4.0084,40.4981],[-4.0087,40.498],[-4.0088,40.498],[-4.009,40.4978],[-4.0094,40.4976],[-4.0094,40.4976],[-4.0097,40.4974],[-4.0099,40.4972],[-4.0102,40.4969],[-4.0105,40.4967],[-4.0109,40.4964],[-4.0111,40.4963],[-4.0112,40.496],[-4.0114,40.4958],[-4.0116,40.4956],[-4.0119,40.4955],[-4.0122,40.4954],[-4.0126,40.4953],[-4.0129,40.4952],[-4.0129,40.4952],[-4.0131,40.4953],[-4.0133,40.4953],[-4.0134,40.4954],[-4.0136,40.4955],[-4.0137,40.4957],[-4.0138,40.4957],[-4.0139,40.4959],[-4.0141,40.4961],[-4.0141,40.4963],[-4.0143,40.4965],[-4.0144,40.4967],[-4.0145,40.4969],[-4.0146,40.4972],[-4.0147,40.4974],[-4.0148,40.4976],[-4.0149,40.498],[-4.015,40.4982],[-4.0151,40.4986],[-4.0152,40.4988],[-4.0152,40.4989],[-4.0153,40.4991],[-4.0155,40.4993],[-4.0156,40.4996],[-4.0158,40.4999],[-4.0159,40.5],[-4.016,40.5002],[-4.0161,40.5006],[-4.0161,40.501],[-4.0161,40.5013],[-4.0162,40.5017],[-4.0162,40.5019],[-4.0164,40.5023],[-4.0166,40.5028],[-4.0169,40.5033],[-4.0171,40.5038],[-4.0172,40.5041],[-4.0174,40.5044],[-4.0176,40.5046],[-4.0178,40.5049],[-4.0178,40.505],[-4.018,40.5053],[-4.0181,40.5056],[-4.0181,40.5058],[-4.0182,40.506],[-4.0183,40.5062],[-4.0185,40.5064],[-4.0187,40.5066],[-4.0188,40.5067],[-4.0191,40.507],[-4.0192,40.5072],[-4.0194,40.5073],[-4.0195,40.5074],[-4.0197,40.5076],[-4.0198,40.5078],[-4.0199,40.5079],[-4.0202,40.5082],[-4.0205,40.5086],[-4.0206,40.5087],[-4.0206,40.5088],[-4.0206,40.5089],[-4.0207,40.509],[-4.0207,40.5091],[-4.0207,40.5091],[-4.0207,40.5093],[-4.0207,40.5094],[-4.0208,40.5094],[-4.0209,40.5095],[-4.021,40.5096],[-4.0211,40.5098],[-4.0212,40.5099],[-4.0213,40.51],[-4.0212,40.5101],[-4.0212,40.5102],[-4.021,40.5103],[-4.0208,40.5106],[-4.0206,40.5108],[-4.0206,40.5111],[-4.0206,40.5113],[-4.0207,40.5116],[-4.0207,40.5118],[-4.0208,40.5119],[-4.0208,40.5121],[-4.0208,40.5123],[-4.0208,40.5126],[-4.0207,40.5127],[-4.0207,40.5129],[-4.0207,40.513],[-4.0208,40.5131],[-4.0209,40.5132],[-4.0209,40.5133],[-4.021,40.5133],[-4.0213,40.5138],[-4.0215,40.514],[-4.0218,40.5142],[-4.022,40.5144],[-4.0222,40.5146],[-4.0223,40.5149],[-4.0224,40.515],[-4.0224,40.5152],[-4.0225,40.5155],[-4.0225,40.5158],[-4.0225,40.516],[-4.0226,40.5162],[-4.0227,40.5164],[-4.0228,40.5166],[-4.0228,40.5168],[-4.0228,40.5168],[-4.0229,40.517],[-4.0229,40.5172],[-4.0229,40.5173],[-4.023,40.5175],[-4.0231,40.5178],[-4.0231,40.5178],[-4.0233,40.5179],[-4.0234,40.518],[-4.0237,40.5181],[-4.0239,40.5181],[-4.0241,40.5182],[-4.0244,40.5183],[-4.0247,40.5183],[-4.0249,40.5184],[-4.0252,40.5184],[-4.0254,40.5185],[-4.0256,40.5185],[-4.026,40.5186],[-4.0261,40.5187],[-4.0262,40.5188],[-4.0262,40.519],[-4.0262,40.5191],[-4.0262,40.5193],[-4.0261,40.5195],[-4.0261,40.5196],[-4.0261,40.5197],[-4.026,40.5199],[-4.0259,40.5201],[-4.0258,40.5203],[-4.0257,40.5204],[-4.0257,40.5206],[-4.0258,40.5207],[-4.0258,40.5208],[-4.0258,40.5209],[-4.0259,40.5211],[-4.0259,40.5213],[-4.0259,40.5215],[-4.0259,40.5217],[-4.0259,40.5219],[-4.0259,40.5222],[-4.0258,40.5224],[-4.0258,40.5226],[-4.0257,40.5228],[-4.0257,40.523],[-4.0259,40.5232],[-4.026,40.5234],[-4.0262,40.5236],[-4.0263,40.5238],[-4.0266,40.5241],[-4.0268,40.5243],[-4.027,40.5245],[-4.0272,40.5247],[-4.0275,40.5249],[-4.0277,40.525],[-4.0279,40.5253],[-4.0279,40.5255],[-4.0281,40.5257],[-4.0281,40.5258],[-4.0281,40.526],[-4.0281,40.5262],[-4.028,40.5264],[-4.028,40.5266],[-4.0279,40.5268],[-4.0279,40.5269],[-4.0279,40.5271],[-4.0278,40.5273],[-4.0277,40.5275],[-4.0277,40.5276],[-4.0278,40.5277],[-4.0279,40.5278],[-4.0279,40.528],[-4.0278,40.5281],[-4.0277,40.5282],[-4.0274,40.5284],[-4.0271,40.5286],[-4.0268,40.5287],[-4.0265,40.5289],[-4.026,40.5293],[-4.0252,40.5299],[-4.0248,40.5303],[-4.0244,40.5305],[-4.0241,40.5308],[-4.0238,40.5311],[-4.0235,40.5314],[-4.0231,40.5319],[-4.0225,40.5326],[-4.0238,40.5333],[-4.0246,40.5337],[-4.025,40.5339],[-4.0255,40.5342],[-4.0258,40.5343],[-4.0259,40.5345],[-4.0258,40.5347],[-4.0256,40.5349],[-4.0255,40.535],[-4.0254,40.5351],[-4.0254,40.5353],[-4.0254,40.5354],[-4.0254,40.5356],[-4.0253,40.5358],[-4.0253,40.536],[-4.0253,40.5363],[-4.0253,40.5364],[-4.0254,40.5365],[-4.0254,40.5366],[-4.0253,40.5367],[-4.0253,40.5368],[-4.0253,40.5369],[-4.0253,40.5371],[-4.0254,40.5374],[-4.0254,40.5375],[-4.0254,40.5379],[-4.0254,40.5382],[-4.0254,40.5384],[-4.0254,40.5384],[-4.0254,40.5386],[-4.0254,40.5388],[-4.0254,40.5389],[-4.0255,40.5392],[-4.0255,40.5394],[-4.0255,40.5396],[-4.0254,40.5399],[-4.0254,40.5401],[-4.0254,40.5402],[-4.0254,40.5404],[-4.0255,40.5405],[-4.0255,40.5407],[-4.0255,40.5408],[-4.0255,40.541],[-4.0255,40.5412],[-4.0254,40.5415],[-4.0254,40.5416],[-4.0253,40.5418],[-4.0252,40.5426],[-4.0251,40.5433],[-4.025,40.5445],[-4.0249,40.545],[-4.0248,40.5455],[-4.0248,40.5456],[-4.0248,40.5458],[-4.0247,40.5467],[-4.0246,40.5469],[-4.0247,40.547],[-4.0247,40.5471],[-4.0248,40.5472],[-4.025,40.5474],[-4.025,40.5475],[-4.0251,40.5476],[-4.0251,40.5478],[-4.0252,40.548],[-4.0252,40.548],[-4.0253,40.5479],[-4.0254,40.5479],[-4.0255,40.5479],[-4.0256,40.5479],[-4.0258,40.5479],[-4.026,40.5479],[-4.0265,40.548],[-4.0265,40.5481],[-4.0267,40.5481],[-4.0269,40.548],[-4.0272,40.548],[-4.0273,40.5481],[-4.0275,40.5481],[-4.0276,40.5482],[-4.0278,40.5482],[-4.028,40.5481],[-4.0282,40.5481],[-4.0284,40.5481],[-4.0285,40.5481],[-4.0286,40.5481],[-4.0288,40.548],[-4.029,40.548],[-4.0292,40.548],[-4.0293,40.548],[-4.0294,40.548],[-4.0294,40.548],[-4.0296,40.548],[-4.0297,40.5481],[-4.0298,40.5482],[-4.0299,40.5483],[-4.0299,40.5484],[-4.0299,40.5484],[-4.03,40.5485],[-4.03,40.5487],[-4.0301,40.5489],[-4.0301,40.5489],[-4.0301,40.5491],[-4.0301,40.5493],[-4.0301,40.5493],[-4.0301,40.5493],[-4.0301,40.5494],[-4.0302,40.5494],[-4.0303,40.5494],[-4.0305,40.5495],[-4.0306,40.5495],[-4.0306,40.5495],[-4.0307,40.5496],[-4.0307,40.5496],[-4.0308,40.5497],[-4.0308,40.5498],[-4.031,40.5498],[-4.0309,40.5499],[-4.0308,40.55],[-4.0306,40.5502],[-4.0303,40.5504],[-4.0302,40.5505],[-4.0301,40.5506],[-4.0298,40.5508],[-4.0295,40.551],[-4.0294,40.5512],[-4.0293,40.5513],[-4.0289,40.5519],[-4.0287,40.5522],[-4.0287,40.5525],[-4.0286,40.5527],[-4.0286,40.5529],[-4.0286,40.553],[-4.0285,40.5533],[-4.0284,40.5536],[-4.0283,40.5536],[-4.0283,40.5537],[-4.0282,40.5538],[-4.0282,40.5539],[-4.0281,40.5539],[-4.0283,40.554],[-4.0283,40.554],[-4.0281,40.5541],[-4.0277,40.5544],[-4.0275,40.5545],[-4.0274,40.5548],[-4.0274,40.5548],[-4.0273,40.555],[-4.0272,40.5552],[-4.0268,40.5556],[-4.0266,40.5558],[-4.0266,40.5558],[-4.0267,40.556],[-4.0269,40.5562],[-4.0271,40.5564],[-4.0274,40.5568],[-4.0277,40.5571],[-4.0278,40.5572],[-4.028,40.5578],[-4.0282,40.5582],[-4.0285,40.5587],[-4.0287,40.5593],[-4.0288,40.5595],[-4.0288,40.5596],[-4.0288,40.5598],[-4.0288,40.5602],[-4.0288,40.5603],[-4.0285,40.5603],[-4.0284,40.5603],[-4.0283,40.5606],[-4.0283,40.561],[-4.028,40.5612],[-4.0277,40.5614],[-4.0271,40.5617],[-4.027,40.5618],[-4.0271,40.5619],[-4.0272,40.5619],[-4.0273,40.5619],[-4.0276,40.5619],[-4.0279,40.5619],[-4.028,40.5618],[-4.0285,40.5619],[-4.0292,40.562],[-4.0297,40.5621],[-4.03,40.5622],[-4.0305,40.5623],[-4.0311,40.5624],[-4.0319,40.5625],[-4.0323,40.5627],[-4.0324,40.5628],[-4.0328,40.563],[-4.0329,40.5631],[-4.0332,40.5634],[-4.0336,40.5637],[-4.034,40.5639],[-4.0344,40.5641],[-4.0348,40.5647],[-4.0347,40.5651],[-4.0345,40.5654],[-4.0343,40.5658],[-4.0341,40.5662],[-4.0339,40.5665],[-4.0339,40.5666],[-4.0338,40.5666],[-4.0339,40.5668],[-4.0338,40.567],[-4.0336,40.5672],[-4.0333,40.5674],[-4.033,40.5676],[-4.0328,40.5678],[-4.0326,40.5678],[-4.0325,40.5679],[-4.0324,40.568],[-4.0324,40.568],[-4.0323,40.5681],[-4.0322,40.5682],[-4.0322,40.5683],[-4.0321,40.5683],[-4.032,40.5683],[-4.0319,40.5684],[-4.0317,40.5684],[-4.0314,40.5685],[-4.0307,40.5686],[-4.0302,40.5687],[-4.03,40.5687],[-4.0298,40.5687],[-4.0295,40.5688],[-4.0292,40.5689],[-4.0291,40.569],[-4.029,40.569],[-4.0288,40.569],[-4.0279,40.5691],[-4.0277,40.5691],[-4.0276,40.569],[-4.0276,40.569],[-4.027,40.5691],[-4.0265,40.5701],[-4.0261,40.5707],[-4.0261,40.5709],[-4.0261,40.5709],[-4.0262,40.5713],[-4.0263,40.5719],[-4.0266,40.5724],[-4.0268,40.5727],[-4.0267,40.5732],[-4.0267,40.5733],[-4.0267,40.5733],[-4.0267,40.5734],[-4.0267,40.5735],[-4.0267,40.5736],[-4.0266,40.5739],[-4.0264,40.5744],[-4.0263,40.5748],[-4.0263,40.5751],[-4.0264,40.5753],[-4.0264,40.5757],[-4.0265,40.5762],[-4.0265,40.5765],[-4.0266,40.5766],[-4.0266,40.5768],[-4.0266,40.5769],[-4.0266,40.5771],[-4.0266,40.5772],[-4.0266,40.5772],[-4.0267,40.5774],[-4.0267,40.5776],[-4.0267,40.5779],[-4.0268,40.5782],[-4.0268,40.5783],[-4.027,40.5785],[-4.027,40.5786],[-4.0272,40.5787],[-4.0275,40.5789],[-4.0276,40.579],[-4.0281,40.5795],[-4.0282,40.5796],[-4.0283,40.5798],[-4.0285,40.5799],[-4.0286,40.58],[-4.0288,40.5801],[-4.029,40.5802],[-4.0292,40.5805],[-4.0294,40.5807],[-4.0295,40.5808],[-4.0298,40.5812],[-4.03,40.5815],[-4.0302,40.5817],[-4.0304,40.5819],[-4.0305,40.582],[-4.0306,40.5822],[-4.0307,40.5823],[-4.0308,40.5825],[-4.0308,40.5825],[-4.0309,40.5826],[-4.031,40.5828],[-4.0311,40.5829],[-4.0312,40.5829],[-4.0314,40.5831],[-4.0314,40.5831],[-4.0315,40.5832],[-4.0316,40.5832],[-4.0317,40.5832],[-4.0318,40.5832],[-4.0319,40.5832],[-4.032,40.5831],[-4.0327,40.5831],[-4.0331,40.5831],[-4.0333,40.5831],[-4.0336,40.583],[-4.0338,40.583],[-4.0342,40.583],[-4.0345,40.583],[-4.0349,40.583],[-4.0352,40.5829],[-4.0354,40.5829],[-4.0356,40.5829],[-4.0359,40.5829],[-4.0363,40.5829],[-4.0365,40.5829],[-4.0367,40.583],[-4.0369,40.5831],[-4.0371,40.5832],[-4.0372,40.5832],[-4.0374,40.5833],[-4.0377,40.5833],[-4.0379,40.5833],[-4.0382,40.5833],[-4.0385,40.5834],[-4.0388,40.5834],[-4.039,40.5835],[-4.0394,40.5836],[-4.0397,40.5836],[-4.0403,40.5837],[-4.0406,40.5838],[-4.0409,40.5838],[-4.0412,40.5839],[-4.0414,40.5839],[-4.0416,40.5839],[-4.0418,40.584],[-4.0421,40.584],[-4.0426,40.5843],[-4.0428,40.5843],[-4.043,40.5843],[-4.0432,40.5844],[-4.0437,40.5844],[-4.0441,40.5845],[-4.0443,40.5845],[-4.0444,40.584],[-4.0445,40.5835],[-4.0445,40.5835],[-4.0446,40.5832],[-4.0454,40.5832],[-4.0465,40.5829],[-4.0465,40.5828],[-4.0463,40.5827],[-4.0462,40.5827],[-4.0461,40.5826],[-4.0461,40.5825],[-4.0461,40.5825],[-4.0461,40.5824],[-4.0461,40.5823],[-4.0461,40.5823],[-4.046,40.5822],[-4.0459,40.5822],[-4.0459,40.5822],[-4.0458,40.5822],[-4.0457,40.5823],[-4.0456,40.5823],[-4.0455,40.5824],[-4.0454,40.5823],[-4.0454,40.5823],[-4.0453,40.5823],[-4.0452,40.5824],[-4.0452,40.5824],[-4.0451,40.5824],[-4.0449,40.5824],[-4.0449,40.5823],[-4.0447,40.5823],[-4.0445,40.5824],[-4.0443,40.5824],[-4.0441,40.5824],[-4.0439,40.5824],[-4.0438,40.5824],[-4.0438,40.5825],[-4.0438,40.5825],[-4.0438,40.5826],[-4.0438,40.5826],[-4.0437,40.5827],[-4.0436,40.5827],[-4.0435,40.5828],[-4.0434,40.5828],[-4.0434,40.5828],[-4.0433,40.5829],[-4.0434,40.583],[-4.0434,40.5831],[-4.0434,40.5832],[-4.0434,40.5833],[-4.0434,40.5833],[-4.0433,40.5833],[-4.0431,40.5832],[-4.0431,40.5832],[-4.043,40.5832],[-4.0427,40.583],[-4.0426,40.583],[-4.0426,40.5829],[-4.0427,40.5829],[-4.0428,40.5828],[-4.0428,40.5828],[-4.0429,40.5827],[-4.0429,40.5827],[-4.0429,40.5826],[-4.0427,40.5826],[-4.0427,40.5825],[-4.0426,40.5825],[-4.0426,40.5825],[-4.0425,40.5824],[-4.0425,40.5823],[-4.0425,40.5823],[-4.0425,40.5823],[-4.0425,40.5822],[-4.0426,40.5822],[-4.0426,40.5821],[-4.0427,40.5822],[-4.0427,40.5823],[-4.0427,40.5823],[-4.0428,40.5823],[-4.0429,40.5823],[-4.0429,40.5822],[-4.0429,40.5821],[-4.0428,40.5819],[-4.0428,40.5818],[-4.0427,40.5817],[-4.0427,40.5816],[-4.0426,40.5816],[-4.0425,40.5816],[-4.0424,40.5816],[-4.0424,40.5816],[-4.0423,40.5816],[-4.0422,40.5816],[-4.0421,40.5816],[-4.0421,40.5817],[-4.042,40.5817],[-4.0419,40.5817],[-4.0418,40.5818],[-4.0417,40.5818],[-4.0416,40.5818],[-4.0416,40.5818],[-4.0416,40.5817],[-4.0417,40.5816],[-4.0418,40.5816],[-4.042,40.5815],[-4.0421,40.5814],[-4.0422,40.5813],[-4.0424,40.5812],[-4.0425,40.5812],[-4.0425,40.5812],[-4.0426,40.5811],[-4.0427,40.581],[-4.0428,40.581],[-4.0428,40.5809],[-4.0429,40.5808],[-4.0429,40.5807],[-4.0428,40.5805],[-4.0428,40.5804],[-4.0427,40.5804],[-4.0426,40.5803],[-4.0426,40.5802],[-4.0426,40.5801],[-4.0426,40.58],[-4.0426,40.5799],[-4.0427,40.5798],[-4.0427,40.5798],[-4.0428,40.5797],[-4.0429,40.5796],[-4.043,40.5795],[-4.0431,40.5793],[-4.0431,40.5792],[-4.0432,40.5791],[-4.0432,40.579],[-4.0432,40.5789],[-4.0433,40.5789],[-4.0433,40.5788],[-4.0433,40.5787],[-4.0433,40.5787],[-4.0433,40.5786],[-4.0433,40.5785],[-4.0433,40.5785],[-4.0432,40.5785],[-4.0432,40.5784],[-4.043,40.5784],[-4.043,40.5783],[-4.043,40.5783],[-4.0431,40.5782],[-4.0431,40.5781],[-4.0432,40.578],[-4.0432,40.5779],[-4.0433,40.5776],[-4.043,40.5777],[-4.0427,40.5777],[-4.0424,40.5778],[-4.042,40.5779],[-4.0418,40.578],[-4.0415,40.5781],[-4.0412,40.5782],[-4.0407,40.5783],[-4.0404,40.5784],[-4.04,40.5785],[-4.0396,40.5786],[-4.0391,40.5787],[-4.0387,40.5788],[-4.0383,40.5789],[-4.038,40.5789],[-4.0375,40.5789],[-4.037,40.5789],[-4.0364,40.5789],[-4.0361,40.5788],[-4.0358,40.5787],[-4.0355,40.5786],[-4.0352,40.5785],[-4.0348,40.5784],[-4.0345,40.5784],[-4.0342,40.5783],[-4.034,40.5782],[-4.0338,40.5781],[-4.0336,40.578],[-4.0334,40.5779],[-4.0331,40.5778],[-4.0329,40.5777],[-4.0328,40.5776],[-4.0326,40.5775],[-4.0325,40.5774],[-4.0323,40.5773],[-4.032,40.5772],[-4.0319,40.5771],[-4.0317,40.577],[-4.0315,40.577],[-4.0311,40.5769],[-4.0306,40.5768],[-4.0299,40.5768],[-4.0303,40.5767],[-4.0306,40.5766],[-4.0309,40.5765],[-4.0311,40.5765],[-4.0313,40.5764],[-4.0316,40.5763],[-4.0318,40.5762],[-4.032,40.576],[-4.0321,40.5759],[-4.0322,40.5759],[-4.0324,40.5759],[-4.0326,40.5758],[-4.0326,40.5758],[-4.0328,40.5757],[-4.0329,40.5756],[-4.0331,40.5756],[-4.0334,40.5756],[-4.0336,40.5756],[-4.0337,40.5756],[-4.0339,40.5756],[-4.034,40.5756],[-4.0341,40.5756],[-4.0342,40.5756],[-4.0345,40.5755],[-4.0346,40.5755],[-4.0348,40.5754],[-4.035,40.5754],[-4.0351,40.5753],[-4.0353,40.5753],[-4.0355,40.5753],[-4.0368,40.5755],[-4.038,40.5757],[-4.0387,40.5758],[-4.0392,40.5759],[-4.0396,40.5759],[-4.04,40.576],[-4.0403,40.576],[-4.0404,40.576],[-4.0406,40.576],[-4.0408,40.5761],[-4.041,40.5761],[-4.0412,40.5762],[-4.0414,40.5762],[-4.0417,40.5762],[-4.0418,40.5762],[-4.042,40.5762],[-4.0423,40.5762],[-4.0424,40.5763],[-4.0427,40.5764],[-4.0429,40.5764],[-4.043,40.5763],[-4.0431,40.5763],[-4.0433,40.5763],[-4.0434,40.5763],[-4.0435,40.5763],[-4.0436,40.5763],[-4.0437,40.5762],[-4.0438,40.5762],[-4.0438,40.5761],[-4.0438,40.576],[-4.0438,40.576],[-4.0439,40.5759],[-4.0439,40.5759],[-4.0439,40.5758],[-4.0439,40.5757],[-4.0438,40.5756],[-4.0438,40.5756],[-4.0437,40.5756],[-4.0437,40.5755],[-4.0437,40.5754],[-4.0437,40.5753],[-4.0437,40.5752],[-4.0436,40.5752],[-4.0436,40.5751],[-4.0436,40.575],[-4.0436,40.5749],[-4.0436,40.5749],[-4.0437,40.5748],[-4.0439,40.5747],[-4.044,40.5746],[-4.0441,40.5747],[-4.0441,40.5747],[-4.0442,40.5747],[-4.0443,40.5748],[-4.0445,40.5748],[-4.0446,40.5747],[-4.0446,40.5747],[-4.0447,40.5746],[-4.0447,40.5745],[-4.0447,40.5744],[-4.0447,40.5742],[-4.0447,40.5742],[-4.0446,40.574],[-4.0446,40.5739],[-4.0446,40.5739],[-4.0446,40.5738],[-4.0446,40.5738],[-4.0446,40.5738],[-4.0447,40.5738],[-4.0449,40.5737],[-4.045,40.5737],[-4.045,40.5736],[-4.045,40.5735],[-4.045,40.5734],[-4.0449,40.5734],[-4.0449,40.5733],[-4.0449,40.5732],[-4.0449,40.5732],[-4.0449,40.5731],[-4.0448,40.573],[-4.0448,40.5729],[-4.0447,40.5729],[-4.0447,40.5728],[-4.0446,40.5726],[-4.0445,40.5725],[-4.0444,40.5724],[-4.0443,40.5724],[-4.0442,40.5723],[-4.0438,40.5721],[-4.0438,40.572],[-4.0438,40.572],[-4.0438,40.5719],[-4.0439,40.5719],[-4.0439,40.5719],[-4.044,40.5718],[-4.044,40.5718],[-4.044,40.5717],[-4.0441,40.5717],[-4.0442,40.5716],[-4.0443,40.5716],[-4.0444,40.5716],[-4.0445,40.5716],[-4.0446,40.5715],[-4.0447,40.5714],[-4.0448,40.5713],[-4.0448,40.5712],[-4.0448,40.5711],[-4.0448,40.571],[-4.0447,40.5709],[-4.0447,40.5709],[-4.0446,40.5708],[-4.0445,40.5707],[-4.0445,40.5707],[-4.0446,40.5707],[-4.0447,40.5707],[-4.0448,40.5707],[-4.0448,40.5708],[-4.0449,40.5708],[-4.045,40.5709],[-4.045,40.5709],[-4.0451,40.5709],[-4.0452,40.5709],[-4.0453,40.571],[-4.0454,40.571],[-4.0455,40.5711],[-4.0455,40.5711],[-4.0456,40.5712],[-4.0456,40.5713],[-4.0457,40.5713],[-4.0458,40.5714],[-4.0459,40.5714],[-4.0459,40.5713],[-4.046,40.5713],[-4.046,40.5712],[-4.0459,40.5712],[-4.0459,40.5711],[-4.0458,40.571],[-4.0459,40.5709],[-4.0459,40.5709],[-4.0458,40.5708],[-4.0457,40.5708],[-4.0456,40.5708],[-4.0455,40.5708],[-4.0454,40.5709],[-4.0453,40.5708],[-4.0453,40.5707],[-4.0453,40.5706],[-4.0453,40.5706],[-4.0453,40.5705],[-4.0454,40.5705],[-4.0454,40.5704],[-4.0454,40.5704],[-4.0454,40.5703],[-4.0453,40.5703],[-4.0453,40.5702],[-4.0452,40.5702],[-4.0452,40.5702],[-4.0451,40.5701],[-4.0451,40.5701],[-4.0451,40.57],[-4.0451,40.57],[-4.045,40.57],[-4.0449,40.57],[-4.0449,40.57],[-4.0448,40.5699],[-4.0448,40.5699],[-4.0446,40.5699],[-4.0445,40.5699],[-4.0445,40.5698],[-4.0444,40.5698],[-4.0444,40.5698],[-4.0445,40.5697],[-4.0446,40.5697],[-4.0446,40.5697],[-4.0447,40.5696],[-4.0448,40.5696],[-4.0449,40.5696],[-4.045,40.5695],[-4.0451,40.5695],[-4.0452,40.5695],[-4.0452,40.5694],[-4.0452,40.5694],[-4.0452,40.5693],[-4.0452,40.5692],[-4.0451,40.5692],[-4.0451,40.5691],[-4.045,40.569],[-4.045,40.569],[-4.0449,40.5689],[-4.0449,40.5688],[-4.0448,40.5688],[-4.0448,40.5688],[-4.0448,40.5688],[-4.0448,40.5687],[-4.0447,40.5687],[-4.0446,40.5687],[-4.0446,40.5686],[-4.0445,40.5686],[-4.0444,40.5685],[-4.0442,40.5684],[-4.0442,40.5683],[-4.044,40.5681],[-4.0439,40.5681],[-4.0439,40.568],[-4.0439,40.568],[-4.0439,40.5679],[-4.0439,40.5679],[-4.0439,40.5679],[-4.044,40.5678],[-4.044,40.5678],[-4.0441,40.5678],[-4.0441,40.5678],[-4.0442,40.5678],[-4.0443,40.5677],[-4.0443,40.5677],[-4.0443,40.5676],[-4.0443,40.5675],[-4.0443,40.5675],[-4.0444,40.5674],[-4.0444,40.5673],[-4.0445,40.5673],[-4.0445,40.5673],[-4.0446,40.5673],[-4.0448,40.5673],[-4.0448,40.5674],[-4.0449,40.5674],[-4.045,40.5674],[-4.0451,40.5675],[-4.0452,40.5675],[-4.0452,40.5675],[-4.0453,40.5675],[-4.0454,40.5675],[-4.0455,40.5676],[-4.0456,40.5676],[-4.0457,40.5677],[-4.0457,40.5677],[-4.0458,40.5677],[-4.0459,40.5676],[-4.0459,40.5676],[-4.0459,40.5675],[-4.0458,40.5675],[-4.0458,40.5674],[-4.0458,40.5673],[-4.0458,40.5673],[-4.0458,40.5672],[-4.0458,40.5672],[-4.0459,40.5671],[-4.0459,40.5671],[-4.046,40.5671],[-4.046,40.567],[-4.046,40.567],[-4.0459,40.5669],[-4.0459,40.5669],[-4.0459,40.5668],[-4.0458,40.5668],[-4.0457,40.5667],[-4.0456,40.5667],[-4.0455,40.5667],[-4.0454,40.5667],[-4.0453,40.5667],[-4.0453,40.5667],[-4.0452,40.5666],[-4.0451,40.5666],[-4.045,40.5665],[-4.045,40.5663],[-4.0451,40.5663],[-4.0452,40.5661],[-4.0453,40.566],[-4.0454,40.5659],[-4.0454,40.5659],[-4.0454,40.5658],[-4.0454,40.5658],[-4.0454,40.5657],[-4.0454,40.5657],[-4.0453,40.5657],[-4.0452,40.5656],[-4.0451,40.5656],[-4.0451,40.5656],[-4.045,40.5655],[-4.045,40.5655],[-4.045,40.5654],[-4.0449,40.5654],[-4.0449,40.5654],[-4.0449,40.5653],[-4.0448,40.5652],[-4.0448,40.5652],[-4.0447,40.5652],[-4.0446,40.5652],[-4.0445,40.5652],[-4.0445,40.5652],[-4.0445,40.5652],[-4.0444,40.5652],[-4.0444,40.5652],[-4.0443,40.5651],[-4.0443,40.5651],[-4.0443,40.565],[-4.0443,40.565],[-4.0443,40.565],[-4.0443,40.565],[-4.0443,40.5649],[-4.0444,40.5649],[-4.0444,40.5649],[-4.0445,40.5649],[-4.0445,40.565],[-4.0445,40.565],[-4.0445,40.565],[-4.0445,40.565],[-4.0446,40.565],[-4.0446,40.565],[-4.0447,40.565],[-4.0448,40.565],[-4.0449,40.565],[-4.045,40.565],[-4.045,40.565],[-4.0451,40.5649],[-4.0451,40.5649],[-4.045,40.5649],[-4.045,40.5648],[-4.045,40.5648],[-4.045,40.5648],[-4.045,40.5648],[-4.045,40.5648],[-4.0451,40.5648],[-4.0452,40.5648],[-4.0452,40.5648],[-4.0453,40.5648],[-4.0453,40.5647],[-4.0454,40.5647],[-4.0454,40.5647],[-4.0454,40.5646],[-4.0454,40.5646],[-4.0454,40.5645],[-4.0454,40.5645],[-4.0454,40.5644],[-4.0454,40.5644],[-4.0455,40.5644],[-4.0455,40.5643],[-4.0455,40.5643],[-4.0456,40.5643],[-4.0456,40.5642],[-4.0456,40.5642],[-4.0456,40.5642],[-4.0456,40.5642],[-4.0456,40.5641],[-4.0456,40.564],[-4.0456,40.564],[-4.0456,40.5639],[-4.0456,40.5639],[-4.0457,40.5638],[-4.0457,40.5638],[-4.0457,40.5638],[-4.0457,40.5637],[-4.0457,40.5636],[-4.0458,40.5635],[-4.0458,40.5635],[-4.0459,40.5634],[-4.0459,40.5633],[-4.0459,40.5633],[-4.0459,40.5633],[-4.0459,40.5633],[-4.0458,40.5632],[-4.0458,40.5632],[-4.0458,40.5632],[-4.0458,40.5631],[-4.0458,40.563],[-4.0458,40.563],[-4.0457,40.5629],[-4.0457,40.5629],[-4.0457,40.5629],[-4.0456,40.5629],[-4.0456,40.5629],[-4.0456,40.5628],[-4.0456,40.5628],[-4.0456,40.5627],[-4.0455,40.5626],[-4.0455,40.5626],[-4.0454,40.5626],[-4.0453,40.5626],[-4.0453,40.5626],[-4.0453,40.5626],[-4.0452,40.5626],[-4.0451,40.5626],[-4.0451,40.5626],[-4.045,40.5625],[-4.045,40.5625],[-4.0449,40.5625],[-4.0448,40.5625],[-4.0448,40.5625],[-4.0448,40.5624],[-4.0449,40.5624],[-4.0449,40.5624],[-4.045,40.5624],[-4.045,40.5624],[-4.0451,40.5624],[-4.0452,40.5624],[-4.0452,40.5623],[-4.0453,40.5623],[-4.0454,40.5623],[-4.0455,40.5622],[-4.0456,40.5622],[-4.0457,40.5621],[-4.0458,40.5621],[-4.0459,40.5621],[-4.0459,40.562],[-4.0459,40.562],[-4.0458,40.562],[-4.0458,40.5619],[-4.0457,40.5619],[-4.0457,40.5619],[-4.0456,40.5619],[-4.0456,40.5619],[-4.0456,40.5619],[-4.0455,40.5618],[-4.0455,40.5618],[-4.0455,40.5618],[-4.0455,40.5617],[-4.0455,40.5617],[-4.0455,40.5616],[-4.0455,40.5616],[-4.0455,40.5615],[-4.0455,40.5614],[-4.0455,40.5614],[-4.0456,40.5614],[-4.0457,40.5614],[-4.0458,40.5614],[-4.0458,40.5614],[-4.0459,40.5614],[-4.0459,40.5614],[-4.0459,40.5613],[-4.0459,40.5613],[-4.0459,40.5612],[-4.0459,40.5611],[-4.0458,40.5611],[-4.0458,40.561],[-4.0458,40.561],[-4.0458,40.561],[-4.0457,40.5609],[-4.0457,40.5609],[-4.0456,40.5608],[-4.0455,40.5608],[-4.0455,40.5607],[-4.0454,40.5606],[-4.0453,40.5606],[-4.0452,40.5605],[-4.0451,40.5604],[-4.045,40.5604],[-4.045,40.5603],[-4.0449,40.5602],[-4.0449,40.5601],[-4.0449,40.56],[-4.0449,40.56],[-4.0449,40.5599],[-4.045,40.5599],[-4.045,40.5598],[-4.045,40.5598],[-4.045,40.5597],[-4.045,40.5597],[-4.0451,40.5597],[-4.0451,40.5597],[-4.0452,40.5597],[-4.0453,40.5597],[-4.0454,40.5597],[-4.0455,40.5597],[-4.0456,40.5597],[-4.0457,40.5597],[-4.0457,40.5597],[-4.0459,40.5597],[-4.0459,40.5597],[-4.0461,40.5597],[-4.0462,40.5596],[-4.0463,40.5596],[-4.0464,40.5596],[-4.0465,40.5596],[-4.0465,40.5596],[-4.0466,40.5595],[-4.0466,40.5595],[-4.0466,40.5595],[-4.0467,40.5595],[-4.0467,40.5594],[-4.0467,40.5594],[-4.0467,40.5593],[-4.0468,40.5592],[-4.0468,40.5592],[-4.0468,40.5592],[-4.0468,40.5591],[-4.0468,40.559],[-4.0467,40.559],[-4.0466,40.5589],[-4.0466,40.5589],[-4.0466,40.5589],[-4.0466,40.5589],[-4.0466,40.5588],[-4.0466,40.5588],[-4.0467,40.5588],[-4.0467,40.5587],[-4.0468,40.5587],[-4.0468,40.5586],[-4.0468,40.5586],[-4.0468,40.5586],[-4.0467,40.5585],[-4.0467,40.5585],[-4.0467,40.5585],[-4.0467,40.5585],[-4.0466,40.5585],[-4.0465,40.5585],[-4.0465,40.5585],[-4.0465,40.5585],[-4.0465,40.5585],[-4.0464,40.5585],[-4.0463,40.5585],[-4.0463,40.5584],[-4.0462,40.5584],[-4.0462,40.5583],[-4.0461,40.5583],[-4.0461,40.5583],[-4.046,40.5583],[-4.0459,40.5583],[-4.0458,40.5583],[-4.0457,40.5582],[-4.0456,40.5582],[-4.0456,40.5582],[-4.0455,40.5581],[-4.0455,40.5581],[-4.0455,40.558],[-4.0454,40.558],[-4.0454,40.558],[-4.0453,40.558],[-4.0453,40.558],[-4.0453,40.5579],[-4.0453,40.5579],[-4.0453,40.5579],[-4.0453,40.5579],[-4.0452,40.5579],[-4.0452,40.5579],[-4.0452,40.5578],[-4.0452,40.5578],[-4.0452,40.5578],[-4.0451,40.5578],[-4.0451,40.5578],[-4.0451,40.5577],[-4.045,40.5577],[-4.045,40.5577],[-4.045,40.5577],[-4.045,40.5576],[-4.045,40.5576],[-4.0451,40.5575],[-4.0452,40.5575],[-4.0453,40.5575],[-4.0453,40.5576],[-4.0454,40.5576],[-4.0454,40.5576],[-4.0454,40.5576],[-4.0455,40.5576],[-4.0455,40.5575],[-4.0456,40.5575],[-4.0457,40.5575],[-4.0458,40.5574],[-4.0458,40.5574],[-4.0459,40.5574],[-4.046,40.5574],[-4.046,40.5574],[-4.0461,40.5574],[-4.0461,40.5573],[-4.0461,40.5573],[-4.0461,40.5573],[-4.046,40.5572],[-4.046,40.5572],[-4.046,40.5572],[-4.0461,40.5571],[-4.0461,40.5571],[-4.0461,40.5571],[-4.0462,40.557],[-4.0462,40.557],[-4.0462,40.5569],[-4.0462,40.5569],[-4.0462,40.5569],[-4.0461,40.5568],[-4.0461,40.5567],[-4.046,40.5566],[-4.046,40.5566],[-4.0459,40.5565],[-4.0458,40.5565],[-4.0457,40.5564],[-4.0457,40.5564],[-4.0457,40.5564],[-4.0458,40.5563],[-4.0458,40.5563],[-4.0458,40.5562],[-4.0458,40.5561],[-4.0458,40.5561],[-4.0458,40.556],[-4.0458,40.556],[-4.0458,40.556],[-4.0458,40.556],[-4.0458,40.556],[-4.0458,40.556],[-4.0458,40.5559],[-4.0459,40.5559],[-4.0459,40.5558],[-4.0459,40.5558],[-4.0458,40.5557],[-4.0458,40.5557],[-4.0458,40.5556],[-4.0458,40.5556],[-4.0457,40.5555],[-4.0457,40.5555],[-4.0456,40.5554],[-4.0456,40.5554],[-4.0455,40.5554],[-4.0455,40.5553],[-4.0454,40.5553],[-4.0454,40.5552],[-4.0453,40.5552],[-4.0452,40.5551],[-4.0451,40.5551],[-4.045,40.5551],[-4.0449,40.5551],[-4.0448,40.555],[-4.0448,40.555],[-4.0448,40.5549],[-4.0449,40.5549],[-4.0449,40.5549],[-4.045,40.5549],[-4.045,40.5549],[-4.0451,40.5548],[-4.0452,40.5548],[-4.0453,40.5548],[-4.0453,40.5548],[-4.0455,40.5548],[-4.0455,40.5548],[-4.0456,40.5547],[-4.0456,40.5547],[-4.0457,40.5546],[-4.0457,40.5545],[-4.0457,40.5545],[-4.0458,40.5544],[-4.0458,40.5544],[-4.0458,40.5544],[-4.0458,40.5544],[-4.0458,40.5544],[-4.0458,40.5543],[-4.0458,40.5543],[-4.0458,40.5543],[-4.0458,40.5543],[-4.0458,40.5542],[-4.0459,40.5542],[-4.0459,40.5542],[-4.0459,40.5542],[-4.0459,40.5541],[-4.046,40.554],[-4.046,40.554],[-4.0461,40.5539],[-4.0461,40.5539],[-4.0461,40.5539],[-4.0462,40.5539],[-4.0463,40.5539],[-4.0463,40.5539],[-4.0463,40.5539],[-4.0463,40.5539],[-4.0464,40.5539],[-4.0465,40.5539],[-4.0465,40.5539],[-4.0465,40.5539],[-4.0466,40.5539],[-4.0466,40.5539],[-4.0466,40.5539],[-4.0467,40.5539],[-4.0468,40.5539],[-4.0468,40.5539],[-4.0469,40.554],[-4.047,40.554],[-4.047,40.554],[-4.047,40.554],[-4.0471,40.5539],[-4.0472,40.5539],[-4.0472,40.5538],[-4.0473,40.5538],[-4.0473,40.5538],[-4.0473,40.5538],[-4.0473,40.5538],[-4.0473,40.5538],[-4.0473,40.5537],[-4.0474,40.5537],[-4.0475,40.5536],[-4.0475,40.5536],[-4.0476,40.5536],[-4.0476,40.5536],[-4.0476,40.5535],[-4.0476,40.5535],[-4.0477,40.5535],[-4.0477,40.5534],[-4.0477,40.5533],[-4.0477,40.5533],[-4.0477,40.5533],[-4.0477,40.5533],[-4.0476,40.5532],[-4.0475,40.5532],[-4.0474,40.5531],[-4.0473,40.5531],[-4.0472,40.5531],[-4.0471,40.553],[-4.0471,40.5529],[-4.0471,40.5529],[-4.0471,40.5529],[-4.0472,40.5529],[-4.0473,40.5529],[-4.0474,40.5529],[-4.0474,40.5528],[-4.0475,40.5528],[-4.0477,40.5527],[-4.0477,40.5526],[-4.0478,40.5525],[-4.0479,40.5525],[-4.0479,40.5524],[-4.048,40.5524],[-4.048,40.5524],[-4.048,40.5523],[-4.048,40.5522],[-4.0479,40.5522],[-4.0479,40.5521],[-4.0478,40.552],[-4.0477,40.552],[-4.0477,40.552],[-4.0476,40.5519],[-4.0476,40.5518],[-4.0475,40.5518],[-4.0475,40.5517],[-4.0474,40.5517],[-4.0474,40.5516],[-4.0473,40.5516],[-4.0473,40.5516],[-4.0472,40.5515],[-4.0472,40.5515],[-4.0472,40.5514],[-4.0471,40.5513],[-4.0471,40.5513],[-4.0471,40.5512],[-4.047,40.5512],[-4.047,40.5512],[-4.0469,40.5511],[-4.0468,40.5511],[-4.0468,40.551],[-4.0467,40.551],[-4.0467,40.5509],[-4.0467,40.5509],[-4.0467,40.5509],[-4.0467,40.5508],[-4.0466,40.5508],[-4.0466,40.5508],[-4.0466,40.5507],[-4.0467,40.5507],[-4.0467,40.5507],[-4.0468,40.5507],[-4.0468,40.5507],[-4.0469,40.5507],[-4.047,40.5507],[-4.047,40.5507],[-4.0471,40.5507],[-4.0472,40.5507],[-4.0472,40.5507],[-4.0472,40.5506],[-4.0472,40.5505],[-4.0472,40.5505],[-4.0472,40.5504],[-4.0473,40.5504],[-4.0473,40.5504],[-4.0474,40.5503],[-4.0474,40.5503],[-4.0475,40.5502],[-4.0475,40.5501],[-4.0474,40.5501],[-4.0474,40.55],[-4.0474,40.5499],[-4.0474,40.5498],[-4.0474,40.5498],[-4.0473,40.5497],[-4.0473,40.5497],[-4.0472,40.5496],[-4.0471,40.5496],[-4.047,40.5495],[-4.047,40.5495],[-4.0469,40.5494],[-4.0469,40.5493],[-4.0468,40.5493],[-4.0468,40.5492],[-4.0467,40.5492],[-4.0465,40.5491],[-4.0464,40.5491],[-4.0463,40.549],[-4.0462,40.549],[-4.0461,40.5489],[-4.0461,40.5489],[-4.046,40.5488],[-4.0459,40.5488],[-4.0459,40.5487],[-4.0458,40.5486],[-4.0457,40.5485],[-4.0456,40.5485],[-4.0455,40.5484],[-4.0455,40.5484],[-4.0454,40.5483],[-4.0454,40.5482],[-4.0453,40.5482],[-4.0453,40.5482],[-4.0453,40.5482],[-4.0453,40.5482],[-4.0452,40.5482],[-4.0452,40.5481],[-4.0452,40.5481],[-4.0451,40.548],[-4.0451,40.548],[-4.0451,40.548],[-4.0452,40.5479],[-4.0453,40.5479],[-4.0454,40.5479],[-4.0455,40.5479],[-4.0456,40.5479],[-4.0456,40.5479],[-4.0458,40.5477],[-4.0459,40.5477],[-4.0459,40.5477],[-4.046,40.5477],[-4.0461,40.5477],[-4.0461,40.5477],[-4.0462,40.5477],[-4.0462,40.5477],[-4.0462,40.5477],[-4.0463,40.5476],[-4.0463,40.5476],[-4.0462,40.5475],[-4.0461,40.5474],[-4.0459,40.5473],[-4.0457,40.5473],[-4.0455,40.5472],[-4.0453,40.5472],[-4.0451,40.5471],[-4.0449,40.5471],[-4.0448,40.5471],[-4.0446,40.547],[-4.0445,40.547],[-4.0445,40.5471],[-4.0443,40.5471],[-4.0441,40.5471],[-4.0439,40.5471],[-4.0437,40.5471],[-4.0434,40.5471],[-4.0431,40.5471],[-4.0427,40.5471],[-4.0424,40.5472],[-4.0418,40.5472],[-4.0415,40.5472],[-4.0412,40.5472],[-4.0408,40.5473],[-4.0405,40.5473],[-4.0401,40.5473],[-4.0398,40.5473],[-4.0395,40.5473],[-4.0393,40.5473],[-4.0391,40.5473],[-4.0387,40.5473],[-4.0385,40.5473],[-4.0385,40.5473],[-4.0384,40.5472],[-4.0384,40.5471],[-4.0383,40.5469],[-4.0383,40.5468],[-4.0383,40.5468],[-4.0382,40.5466],[-4.0382,40.5464],[-4.0381,40.5463],[-4.038,40.5462],[-4.0379,40.546],[-4.0378,40.5458],[-4.0376,40.5457],[-4.0374,40.5456],[-4.0372,40.5455],[-4.0369,40.5454],[-4.0365,40.5454],[-4.0362,40.5453],[-4.0359,40.5452],[-4.0357,40.5452],[-4.0355,40.5452],[-4.035,40.545],[-4.0352,40.5447],[-4.0354,40.5444],[-4.0354,40.5443],[-4.0355,40.5442],[-4.0357,40.5441],[-4.0358,40.544],[-4.036,40.5439],[-4.0363,40.5439],[-4.0366,40.5438],[-4.0371,40.5438],[-4.0376,40.5437],[-4.038,40.5436],[-4.039,40.5435],[-4.0397,40.5434],[-4.0401,40.5434],[-4.0404,40.5434],[-4.0407,40.5433],[-4.0408,40.5432],[-4.0408,40.5432],[-4.0409,40.5431],[-4.0411,40.543],[-4.0412,40.5429],[-4.0415,40.5427],[-4.0417,40.5426],[-4.0418,40.5425],[-4.0423,40.5424],[-4.0428,40.5423],[-4.0435,40.542],[-4.0441,40.5418],[-4.0447,40.5416],[-4.0452,40.5414],[-4.0456,40.5413],[-4.046,40.5412],[-4.0465,40.5409],[-4.0468,40.5407],[-4.0467,40.5406],[-4.0467,40.5405],[-4.0467,40.5404],[-4.0467,40.5403],[-4.0467,40.5401],[-4.0467,40.5401],[-4.0467,40.54],[-4.0467,40.5399],[-4.0467,40.5398],[-4.0467,40.5398],[-4.0467,40.5397],[-4.0467,40.5396],[-4.0467,40.5395],[-4.0466,40.5394],[-4.0466,40.5392],[-4.0466,40.5391],[-4.0465,40.539],[-4.0465,40.5388],[-4.0465,40.5387],[-4.0465,40.5385],[-4.0464,40.5383],[-4.0464,40.5382],[-4.0464,40.538],[-4.0464,40.5378],[-4.0463,40.5377],[-4.0463,40.5376],[-4.0463,40.5375],[-4.0463,40.5374],[-4.0462,40.5373],[-4.0462,40.5372],[-4.0462,40.5371],[-4.0461,40.537],[-4.0461,40.5369],[-4.0461,40.5367],[-4.0462,40.5366],[-4.0462,40.5363],[-4.0463,40.5361],[-4.0463,40.536],[-4.0463,40.5358],[-4.0462,40.5357],[-4.0462,40.5356],[-4.0462,40.5354],[-4.0462,40.5353],[-4.0462,40.5352],[-4.0462,40.5351],[-4.0462,40.535],[-4.0463,40.5349],[-4.0463,40.5348],[-4.0464,40.5347],[-4.0466,40.5343],[-4.0467,40.534],[-4.0467,40.5339],[-4.0467,40.5338],[-4.0467,40.5336],[-4.0468,40.5335],[-4.0468,40.5333],[-4.0468,40.5332],[-4.0468,40.5331],[-4.0468,40.533],[-4.0469,40.5329],[-4.0469,40.5328],[-4.047,40.5327],[-4.047,40.5326],[-4.047,40.5324],[-4.047,40.5322],[-4.047,40.5321],[-4.0471,40.532],[-4.0472,40.5319],[-4.0472,40.5317],[-4.0472,40.5316],[-4.0472,40.5315],[-4.0472,40.5314],[-4.0472,40.5313],[-4.0471,40.5311],[-4.0471,40.5309],[-4.047,40.5307],[-4.047,40.5306],[-4.047,40.5305],[-4.0468,40.5303],[-4.0468,40.5301],[-4.0467,40.5299],[-4.0466,40.5298],[-4.0465,40.5297],[-4.0465,40.5295],[-4.0464,40.5294],[-4.0464,40.5293],[-4.0463,40.5292],[-4.0463,40.5291],[-4.0463,40.529],[-4.0463,40.5288],[-4.0464,40.5285],[-4.0464,40.5284],[-4.0464,40.5281],[-4.0465,40.528],[-4.0465,40.5278],[-4.0466,40.5277],[-4.0465,40.5276],[-4.0465,40.5274],[-4.0465,40.5274],[-4.0464,40.5272],[-4.0463,40.5268],[-4.0462,40.5265],[-4.0461,40.5262],[-4.046,40.526],[-4.0459,40.5258],[-4.0459,40.5256],[-4.0459,40.5255],[-4.0458,40.5254],[-4.0458,40.5253],[-4.0457,40.5251],[-4.0455,40.5249],[-4.0454,40.5248],[-4.0452,40.5246],[-4.0451,40.5245],[-4.045,40.5244],[-4.045,40.5243],[-4.0449,40.5242],[-4.0449,40.524],[-4.0449,40.5238],[-4.0449,40.5237],[-4.0449,40.5235],[-4.045,40.5233],[-4.0452,40.5231],[-4.0455,40.5228],[-4.0459,40.5224],[-4.0463,40.522],[-4.0465,40.5217],[-4.0467,40.5215],[-4.0472,40.5207],[-4.0474,40.5205],[-4.0474,40.5204],[-4.0476,40.5201],[-4.0478,40.5199],[-4.0481,40.5197],[-4.0485,40.5195],[-4.0489,40.5194],[-4.0494,40.5191],[-4.0498,40.519],[-4.0502,40.5188],[-4.0506,40.5187],[-4.0507,40.5186],[-4.0511,40.5185],[-4.0513,40.5185],[-4.0516,40.5185],[-4.0518,40.5185],[-4.0519,40.5185],[-4.0521,40.5184],[-4.0522,40.5184],[-4.0523,40.5183],[-4.0526,40.518],[-4.0528,40.5178],[-4.0529,40.5177],[-4.0531,40.5175],[-4.0535,40.5171],[-4.0536,40.5171],[-4.0537,40.517],[-4.0539,40.5168],[-4.0541,40.5167],[-4.0546,40.5164],[-4.0548,40.5163],[-4.0549,40.5162],[-4.0549,40.5161],[-4.055,40.5159],[-4.055,40.5157],[-4.055,40.5156],[-4.0549,40.5155],[-4.0544,40.5154],[-4.0542,40.5153],[-4.0541,40.5153],[-4.0539,40.5152],[-4.0537,40.5153],[-4.0535,40.5154],[-4.0533,40.5155],[-4.0531,40.5156],[-4.053,40.5157],[-4.0527,40.5159],[-4.0526,40.516],[-4.0523,40.5164],[-4.0522,40.5165],[-4.052,40.5168],[-4.0518,40.5171],[-4.0516,40.5174],[-4.0514,40.5175],[-4.0513,40.5176],[-4.051,40.5179],[-4.051,40.5179],[-4.0509,40.5178],[-4.0509,40.5177],[-4.0507,40.5176],[-4.0506,40.5174],[-4.0505,40.5174],[-4.0504,40.5174],[-4.0502,40.5174],[-4.0501,40.5173],[-4.0501,40.5173],[-4.05,40.5173],[-4.0499,40.5173],[-4.0497,40.5172],[-4.0495,40.5172],[-4.0493,40.5171],[-4.0491,40.5172],[-4.0491,40.5172],[-4.049,40.5172],[-4.0488,40.5172],[-4.0487,40.5172],[-4.0486,40.5172],[-4.0484,40.5171],[-4.0484,40.5171],[-4.0483,40.5174],[-4.0481,40.5174],[-4.0479,40.5173],[-4.0478,40.5172],[-4.0477,40.5172],[-4.0477,40.5171],[-4.0477,40.5171],[-4.0476,40.517],[-4.0476,40.517],[-4.0475,40.517],[-4.0475,40.517],[-4.0474,40.517],[-4.0473,40.517],[-4.0473,40.517],[-4.0472,40.517],[-4.0471,40.517],[-4.047,40.5171],[-4.047,40.5171],[-4.0468,40.5171],[-4.0466,40.5171],[-4.0464,40.5171],[-4.0461,40.5171],[-4.046,40.5171],[-4.0459,40.5171],[-4.0459,40.5171],[-4.0458,40.5171],[-4.0456,40.5171],[-4.0454,40.5169],[-4.0454,40.5168],[-4.0454,40.5166],[-4.0454,40.5166],[-4.0454,40.5166],[-4.0455,40.5165],[-4.0456,40.5165],[-4.0456,40.5165],[-4.0456,40.5164],[-4.0455,40.5164],[-4.0455,40.5163],[-4.0455,40.5163],[-4.0455,40.5162],[-4.0454,40.5162],[-4.0454,40.5161],[-4.0454,40.5161],[-4.0453,40.5161],[-4.0452,40.516],[-4.045,40.516],[-4.0449,40.5158],[-4.0448,40.5158],[-4.0446,40.5158],[-4.0446,40.5158],[-4.0445,40.5159],[-4.0442,40.516],[-4.0439,40.5162],[-4.0438,40.5162],[-4.0436,40.5163],[-4.0434,40.5164],[-4.0433,40.5164],[-4.0432,40.5164],[-4.0431,40.5165],[-4.0431,40.5165],[-4.043,40.5165],[-4.043,40.5164],[-4.0427,40.5164],[-4.0417,40.5164],[-4.0413,40.5165],[-4.041,40.5165],[-4.0406,40.5164],[-4.0403,40.5164],[-4.04,40.5164],[-4.0395,40.5165],[-4.0391,40.5165],[-4.0388,40.5165],[-4.0384,40.5166],[-4.0382,40.5166],[-4.0377,40.5165],[-4.0374,40.5165],[-4.0371,40.5165],[-4.0369,40.5165],[-4.0365,40.5164],[-4.0362,40.5164],[-4.0357,40.5163],[-4.0354,40.5163],[-4.0348,40.5163],[-4.0344,40.5162],[-4.034,40.5162],[-4.0336,40.5161],[-4.0331,40.5161],[-4.0328,40.5161],[-4.0326,40.5161],[-4.0323,40.5161],[-4.032,40.5161],[-4.0317,40.5162],[-4.0312,40.5163],[-4.0309,40.5164],[-4.0305,40.5166],[-4.0302,40.5166],[-4.0299,40.5167],[-4.0297,40.5168],[-4.0293,40.5168],[-4.029,40.5168],[-4.0287,40.5168],[-4.0283,40.5168],[-4.028,40.5168],[-4.0277,40.5167],[-4.0274,40.5167],[-4.0271,40.5167],[-4.0267,40.5167],[-4.0265,40.5167],[-4.0263,40.5168],[-4.0261,40.5168],[-4.0259,40.5168],[-4.0257,40.5169],[-4.0254,40.517],[-4.0252,40.5171],[-4.0249,40.5171],[-4.0247,40.517],[-4.0245,40.5169],[-4.0243,40.5168],[-4.0241,40.5167],[-4.024,40.5165],[-4.0239,40.5163],[-4.0238,40.5162],[-4.0236,40.5159],[-4.0236,40.5156],[-4.0235,40.5153],[-4.0235,40.5152],[-4.0236,40.515],[-4.0235,40.5149],[-4.0234,40.5148],[-4.0233,40.5147],[-4.0232,40.5145],[-4.0232,40.5143],[-4.023,40.5141],[-4.0229,40.514],[-4.0226,40.5138],[-4.0223,40.5136],[-4.0222,40.5134],[-4.0221,40.5132],[-4.0221,40.5129],[-4.0221,40.5127],[-4.0221,40.5125],[-4.0221,40.5123],[-4.0221,40.512],[-4.0221,40.5117],[-4.022,40.5115],[-4.0219,40.5113],[-4.0219,40.5111],[-4.0219,40.511],[-4.0221,40.5109],[-4.0222,40.5109],[-4.0224,40.5109],[-4.0225,40.5109],[-4.0227,40.5108],[-4.0228,40.5108],[-4.023,40.5107],[-4.0231,40.5105],[-4.0231,40.5104],[-4.023,40.5104],[-4.0229,40.5104],[-4.0228,40.5104],[-4.0227,40.5104],[-4.0225,40.5103],[-4.0225,40.5102],[-4.0224,40.5099],[-4.0223,40.5097],[-4.0223,40.5095],[-4.0221,40.5091],[-4.022,40.5088],[-4.0217,40.5084],[-4.0214,40.5079],[-4.021,40.5074],[-4.0209,40.5073],[-4.0206,40.5071],[-4.0204,40.5069],[-4.0202,40.5067],[-4.02,40.5064],[-4.0197,40.5061],[-4.0195,40.5058],[-4.0193,40.5056],[-4.0191,40.5053],[-4.0189,40.505],[-4.0186,40.5046],[-4.0185,40.5043],[-4.0184,40.5039],[-4.0183,40.5035],[-4.0183,40.5032],[-4.0183,40.5028],[-4.0182,40.5026],[-4.0183,40.5024],[-4.0184,40.5021],[-4.0184,40.5017],[-4.0185,40.5015],[-4.0186,40.5012],[-4.0188,40.501],[-4.0189,40.5008],[-4.0192,40.5007],[-4.0194,40.5005],[-4.0197,40.5004],[-4.0198,40.5002],[-4.0198,40.5002],[-4.0199,40.5002],[-4.0199,40.5001],[-4.0199,40.5001],[-4.0199,40.5],[-4.0199,40.5],[-4.0199,40.5],[-4.0199,40.4998],[-4.0198,40.4998],[-4.0198,40.4997],[-4.0196,40.4996],[-4.0196,40.4996],[-4.0195,40.4994],[-4.0194,40.4994],[-4.0194,40.4994],[-4.0193,40.4993],[-4.0192,40.4992],[-4.019,40.499],[-4.0189,40.4988],[-4.0188,40.4987],[-4.0187,40.4986],[-4.0187,40.4984],[-4.0187,40.4983],[-4.0188,40.4981],[-4.0189,40.4979],[-4.019,40.4978],[-4.0191,40.4977],[-4.0193,40.4976],[-4.0194,40.4976],[-4.0195,40.4975],[-4.0196,40.4973],[-4.0197,40.497],[-4.0197,40.4968],[-4.0197,40.4966],[-4.0197,40.4964],[-4.0197,40.4962],[-4.0196,40.4961],[-4.0195,40.4959],[-4.0195,40.4957],[-4.0195,40.4955],[-4.0193,40.4954],[-4.0191,40.4953],[-4.0189,40.4953],[-4.0187,40.4952],[-4.0186,40.4951],[-4.0184,40.4951],[-4.0182,40.495],[-4.018,40.495],[-4.0177,40.495],[-4.0175,40.4951],[-4.0173,40.4951],[-4.0171,40.4952],[-4.017,40.4952],[-4.0169,40.4951],[-4.0168,40.4951],[-4.0168,40.4951],[-4.0167,40.4951],[-4.0166,40.495],[-4.0165,40.4949],[-4.0163,40.4947],[-4.0162,40.4945],[-4.0161,40.4943],[-4.016,40.4942],[-4.0159,40.4941],[-4.0158,40.4941],[-4.0157,40.4939],[-4.0156,40.4937],[-4.0155,40.4936],[-4.0154,40.4934],[-4.0152,40.4933],[-4.015,40.4932],[-4.0149,40.4931],[-4.0147,40.493],[-4.0146,40.4928],[-4.0145,40.4927],[-4.0143,40.4926],[-4.0142,40.4925],[-4.0141,40.4925],[-4.0141,40.4924],[-4.014,40.4922],[-4.0139,40.4921],[-4.0137,40.4919],[-4.0136,40.4919],[-4.0135,40.4918],[-4.0134,40.4917],[-4.0134,40.4916],[-4.0134,40.4915],[-4.0133,40.4914],[-4.0132,40.4913],[-4.0131,40.4912],[-4.0131,40.4912],[-4.0131,40.4911],[-4.0131,40.4911],[-4.0131,40.4911],[-4.0131,40.491],[-4.0131,40.4909],[-4.0131,40.4908],[-4.013,40.4907],[-4.0129,40.4907],[-4.0128,40.4907],[-4.0127,40.4906],[-4.0126,40.4905],[-4.0125,40.4905],[-4.0124,40.4904],[-4.0124,40.4902],[-4.0125,40.49],[-4.0125,40.4899],[-4.0126,40.4897],[-4.0127,40.4894],[-4.0129,40.4892],[-4.013,40.489],[-4.0128,40.489],[-4.0127,40.4891],[-4.0126,40.4891],[-4.0123,40.4891],[-4.0122,40.4891],[-4.012,40.4892],[-4.012,40.4892],[-4.0119,40.4891],[-4.0117,40.4891],[-4.0116,40.489],[-4.0115,40.489],[-4.0114,40.489],[-4.0112,40.489],[-4.011,40.489],[-4.0108,40.489],[-4.0106,40.489],[-4.0105,40.489],[-4.0104,40.489],[-4.0102,40.489],[-4.0102,40.489],[-4.0101,40.489],[-4.0101,40.4889],[-4.01,40.4886],[-4.01,40.4885],[-4.0099,40.4883],[-4.0099,40.4883],[-4.0097,40.4883],[-4.0095,40.4883],[-4.0091,40.4883],[-4.0089,40.4883],[-4.0087,40.4884],[-4.0084,40.4884],[-4.0082,40.4884],[-4.008,40.4884],[-4.0079,40.4883],[-4.0077,40.4881],[-4.0077,40.488],[-4.0076,40.4878],[-4.0076,40.4876],[-4.0075,40.4875],[-4.0075,40.4874],[-4.0075,40.4873],[-4.0074,40.4872],[-4.0074,40.4872],[-4.0072,40.4873],[-4.007,40.4873],[-4.0068,40.4873],[-4.0067,40.4873],[-4.0067,40.4871],[-4.0067,40.4869],[-4.0066,40.4867],[-4.0064,40.4866],[-4.0063,40.4865],[-4.0061,40.4865],[-4.0057,40.4865],[-4.0054,40.4864],[-4.0051,40.4864],[-4.0048,40.4864],[-4.0045,40.4864],[-4.0042,40.4864],[-4.0039,40.4864],[-4.0036,40.4864],[-4.0034,40.4863],[-4.0031,40.4861],[-4.0029,40.486],[-4.0027,40.486],[-4.0025,40.4859],[-4.0023,40.4858],[-4.0022,40.4857],[-4.0021,40.4854],[-4.0019,40.4852],[-4.0017,40.4852],[-4.0015,40.4852],[-4.0014,40.4851],[-4.0013,40.485],[-4.0013,40.4848],[-4.0013,40.4847],[-4.0011,40.4846],[-4.0009,40.4846],[-4.0008,40.4845],[-4.0006,40.4844],[-4.0005,40.4842],[-4.0006,40.484],[-4.0006,40.4839],[-4.0006,40.4837],[-4.0006,40.4834],[-4.0005,40.4832],[-4.0005,40.4829],[-4.0005,40.4826],[-4.0004,40.4824],[-4.0004,40.4821],[-4.0004,40.4818],[-4.0004,40.4816],[-4.0002,40.4813],[-4.0001,40.4811],[-4.0001,40.4809],[-3.9999,40.4807],[-3.9998,40.4805],[-3.9995,40.4804],[-3.9994,40.4803],[-3.9994,40.4801],[-3.9995,40.48],[-3.9995,40.4799],[-3.9995,40.4799],[-3.9994,40.4798],[-3.9993,40.4798],[-3.9992,40.4798],[-3.9991,40.4797],[-3.999,40.4797],[-3.999,40.4795],[-3.999,40.4794],[-3.9989,40.4793],[-3.9986,40.4791],[-3.9985,40.4791],[-3.9983,40.4791],[-3.9982,40.4791],[-3.9981,40.4791],[-3.9979,40.479],[-3.9977,40.4788],[-3.9974,40.4787],[-3.9972,40.4787],[-3.997,40.4786],[-3.9967,40.4786],[-3.9965,40.4785],[-3.9963,40.4784],[-3.9961,40.4783],[-3.9959,40.4782],[-3.9957,40.478],[-3.9956,40.4777],[-3.9956,40.4776],[-3.9955,40.4773],[-3.9955,40.477],[-3.9954,40.4766],[-3.9952,40.4764],[-3.9951,40.4762],[-3.9949,40.4759],[-3.9946,40.4758],[-3.9943,40.4756],[-3.9938,40.4754],[-3.9935,40.4753],[-3.9933,40.4752],[-3.9931,40.4751],[-3.993,40.4751],[-3.993,40.4749],[-3.993,40.4748],[-3.9931,40.4746],[-3.9932,40.4744],[-3.9933,40.4741],[-3.9933,40.4739],[-3.9934,40.4737],[-3.9934,40.4733],[-3.9933,40.4731],[-3.9933,40.4728],[-3.9933,40.4725],[-3.9931,40.4722],[-3.993,40.472],[-3.9929,40.4719],[-3.9926,40.4717],[-3.9923,40.4717],[-3.9921,40.4716],[-3.9921,40.4716],[-3.9919,40.4715],[-3.9917,40.4714],[-3.9915,40.4712],[-3.9914,40.4709],[-3.9913,40.4708],[-3.9911,40.4705],[-3.991,40.4703],[-3.9908,40.47],[-3.9907,40.4697],[-3.9906,40.4695],[-3.9904,40.4693],[-3.9903,40.4692],[-3.9901,40.4691],[-3.9899,40.469],[-3.9897,40.469],[-3.9894,40.4689],[-3.9892,40.4686],[-3.989,40.4684],[-3.9888,40.4682],[-3.9886,40.468],[-3.9883,40.4676],[-3.9882,40.4674],[-3.988,40.4672],[-3.988,40.4671],[-3.9878,40.467],[-3.9876,40.4669],[-3.9873,40.4668],[-3.9871,40.4667],[-3.9867,40.4665],[-3.9865,40.4664],[-3.9861,40.4662],[-3.9858,40.466],[-3.9856,40.4659],[-3.9855,40.4656],[-3.9855,40.4654],[-3.9854,40.4651],[-3.9853,40.4649],[-3.9853,40.4648],[-3.9851,40.4645],[-3.9851,40.4642],[-3.985,40.4641],[-3.9848,40.464],[-3.9846,40.4639],[-3.9845,40.4639],[-3.9845,40.4639],[-3.9844,40.4639],[-3.9843,40.4638],[-3.9841,40.4637],[-3.9841,40.4637],[-3.984,40.4637],[-3.9839,40.4636],[-3.9838,40.4636],[-3.9836,40.4635],[-3.9834,40.4634],[-3.9832,40.4633],[-3.9831,40.4633],[-3.983,40.4632],[-3.9829,40.4631],[-3.9827,40.4629],[-3.9825,40.4628],[-3.9824,40.4627],[-3.9824,40.4627],[-3.9824,40.4626],[-3.9823,40.4624],[-3.9823,40.4624],[-3.9823,40.4623],[-3.9822,40.4622],[-3.9822,40.4622],[-3.982,40.4621],[-3.982,40.4621],[-3.9819,40.462],[-3.9819,40.462],[-3.9818,40.4619],[-3.9818,40.4619],[-3.9817,40.4616],[-3.9816,40.4614],[-3.9816,40.4614],[-3.9815,40.4613],[-3.9815,40.4612],[-3.9815,40.4612],[-3.9814,40.4611],[-3.9814,40.4611],[-3.9813,40.461],[-3.9811,40.4609],[-3.9809,40.4608],[-3.9808,40.4607],[-3.9807,40.4606],[-3.9806,40.4605],[-3.9806,40.4605],[-3.9805,40.4605],[-3.9805,40.4604],[-3.9803,40.4604],[-3.9803,40.4603],[-3.9802,40.4603],[-3.9801,40.4602],[-3.9801,40.4602],[-3.98,40.4601],[-3.98,40.4601],[-3.98,40.4599],[-3.98,40.4598],[-3.98,40.4598],[-3.98,40.4597],[-3.9799,40.4597],[-3.9799,40.4596],[-3.9799,40.4596],[-3.9798,40.4596],[-3.9798,40.4595],[-3.9798,40.4595],[-3.9798,40.4595],[-3.9798,40.4594],[-3.9798,40.4594],[-3.9798,40.4593],[-3.9799,40.4592],[-3.9799,40.4591],[-3.98,40.4591],[-3.98,40.459],[-3.9801,40.459],[-3.9802,40.4589],[-3.9802,40.4589],[-3.9802,40.4588],[-3.9803,40.4588],[-3.9803,40.4587],[-3.9803,40.4586],[-3.9804,40.4586],[-3.9804,40.4585],[-3.9804,40.4584],[-3.9804,40.4584],[-3.9804,40.4583],[-3.9803,40.4583],[-3.9803,40.4582],[-3.9803,40.4582],[-3.9802,40.4581],[-3.9801,40.4581],[-3.9799,40.4579],[-3.9798,40.4578],[-3.9798,40.4578],[-3.9797,40.4577],[-3.9797,40.4577],[-3.9797,40.4576],[-3.9796,40.4575],[-3.9795,40.4575],[-3.9795,40.4575],[-3.9794,40.4575],[-3.9794,40.4575],[-3.9793,40.4574],[-3.9792,40.4574],[-3.9791,40.4575],[-3.979,40.4575],[-3.9789,40.4575],[-3.9788,40.4575],[-3.9787,40.4575],[-3.9786,40.4575],[-3.9785,40.4574],[-3.9785,40.4574],[-3.9785,40.4574],[-3.9784,40.4573],[-3.9783,40.4572],[-3.9782,40.4572],[-3.9782,40.457],[-3.9781,40.4569],[-3.9782,40.4569],[-3.9784,40.457],[-3.9785,40.4569],[-3.9787,40.4569],[-3.9785,40.4568],[-3.9784,40.4567],[-3.9783,40.4566],[-3.9783,40.4565],[-3.9782,40.4564],[-3.9782,40.4563],[-3.9783,40.4562],[-3.9784,40.4562],[-3.9784,40.4561],[-3.9784,40.4561],[-3.9783,40.456],[-3.9782,40.4559],[-3.9782,40.4557],[-3.9782,40.4556],[-3.9782,40.4555],[-3.9782,40.4554],[-3.978,40.4553],[-3.9779,40.4551],[-3.9779,40.455],[-3.9778,40.4549],[-3.9776,40.4547],[-3.9775,40.4546],[-3.9774,40.4545],[-3.9773,40.4544],[-3.9772,40.4544],[-3.9772,40.4543],[-3.9771,40.4543],[-3.9771,40.4543],[-3.9771,40.4542],[-3.9771,40.454],[-3.9772,40.4539],[-3.9772,40.4538],[-3.9772,40.4537],[-3.9772,40.4537],[-3.9772,40.4535],[-3.9772,40.4533],[-3.9772,40.4532],[-3.9771,40.4531],[-3.9771,40.453],[-3.9771,40.453],[-3.977,40.4529],[-3.9768,40.4527],[-3.9768,40.4526],[-3.9767,40.4524],[-3.9767,40.4523],[-3.9766,40.4522],[-3.9766,40.4521],[-3.9765,40.4521],[-3.9765,40.4521],[-3.9764,40.452],[-3.9763,40.4519],[-3.9762,40.4518],[-3.9757,40.4517],[-3.9756,40.4516],[-3.9754,40.4514],[-3.9753,40.4513],[-3.9753,40.4511],[-3.9752,40.451],[-3.9751,40.4508],[-3.975,40.4504],[-3.9748,40.4502],[-3.9748,40.4501],[-3.9747,40.4499],[-3.9746,40.4497],[-3.9745,40.4496],[-3.9746,40.4495],[-3.9751,40.4496],[-3.9754,40.4498],[-3.9756,40.4499],[-3.9757,40.4499],[-3.9759,40.4499],[-3.9762,40.4499],[-3.9764,40.4499],[-3.9765,40.45],[-3.9767,40.4501],[-3.9769,40.4502],[-3.9771,40.4503],[-3.9773,40.4503],[-3.9775,40.4503],[-3.9778,40.4504],[-3.978,40.4504],[-3.9786,40.4506],[-3.9788,40.4507],[-3.979,40.4507],[-3.9791,40.4507],[-3.9791,40.4507],[-3.9792,40.4507],[-3.9792,40.4506],[-3.9792,40.4506],[-3.9791,40.4505],[-3.9789,40.4502],[-3.9789,40.4502],[-3.9788,40.4501],[-3.9787,40.4499],[-3.9786,40.4498],[-3.9785,40.4496],[-3.9785,40.4495],[-3.9785,40.4494],[-3.9785,40.4493],[-3.9785,40.4491],[-3.9785,40.449],[-3.9786,40.4489],[-3.9786,40.4487],[-3.9786,40.4485],[-3.9786,40.4484],[-3.9786,40.4482],[-3.9786,40.4482],[-3.9786,40.448],[-3.9786,40.448],[-3.9786,40.4479],[-3.9785,40.4478],[-3.9785,40.4477],[-3.9785,40.4476],[-3.9785,40.4475],[-3.9785,40.4473],[-3.9785,40.4472],[-3.9785,40.4472],[-3.9786,40.4471],[-3.9786,40.447],[-3.9786,40.447],[-3.9787,40.4469],[-3.9788,40.4468],[-3.9791,40.4466],[-3.9792,40.4464],[-3.9794,40.4462],[-3.9795,40.4461],[-3.9796,40.446],[-3.9797,40.4459],[-3.9801,40.4449],[-3.9808,40.4434],[-3.9808,40.4434],[-3.9806,40.443],[-3.9806,40.4427],[-3.9805,40.4426],[-3.9806,40.4425],[-3.9807,40.4424],[-3.981,40.4423],[-3.9813,40.4423],[-3.9816,40.4423],[-3.9817,40.4424],[-3.9818,40.4424],[-3.9819,40.4423],[-3.982,40.4423],[-3.9822,40.4422],[-3.9823,40.4421],[-3.9824,40.442],[-3.9825,40.4419],[-3.9826,40.4418],[-3.9826,40.4417],[-3.9825,40.4417],[-3.9825,40.4416],[-3.9825,40.4415],[-3.9825,40.4414],[-3.9824,40.4413],[-3.9823,40.4412],[-3.9821,40.4411],[-3.9819,40.4411],[-3.9817,40.441],[-3.9816,40.441],[-3.9815,40.4409],[-3.9813,40.4407],[-3.9811,40.4406],[-3.981,40.4405],[-3.9809,40.4403],[-3.9808,40.4401],[-3.9809,40.44],[-3.9809,40.44],[-3.9811,40.4399],[-3.9814,40.4399],[-3.9816,40.4398],[-3.9819,40.4397],[-3.982,40.4396],[-3.9823,40.4396],[-3.9824,40.4395],[-3.9824,40.4395],[-3.9829,40.4382],[-3.9829,40.4382],[-3.9826,40.438],[-3.9822,40.4376],[-3.9815,40.4372],[-3.9812,40.437],[-3.9809,40.4369],[-3.9805,40.4367],[-3.9802,40.4366],[-3.98,40.4364],[-3.9798,40.4363],[-3.9797,40.4363],[-3.9796,40.436],[-3.9796,40.4357],[-3.9795,40.4355],[-3.9794,40.4352],[-3.9794,40.4352],[-3.9794,40.435],[-3.9793,40.4348],[-3.9793,40.4346],[-3.9792,40.4344],[-3.9792,40.4342],[-3.9791,40.4342],[-3.9791,40.4342],[-3.9791,40.4341],[-3.9789,40.4341],[-3.9788,40.434],[-3.9786,40.434],[-3.9785,40.4339],[-3.9784,40.4339],[-3.9782,40.4338],[-3.9781,40.4337],[-3.978,40.4336],[-3.9779,40.4334],[-3.9778,40.4334],[-3.9776,40.4333],[-3.9775,40.4333],[-3.977,40.4332],[-3.9768,40.4331],[-3.9764,40.433],[-3.9761,40.4328],[-3.9757,40.4326],[-3.975,40.4324],[-3.9745,40.4322],[-3.9742,40.432],[-3.9739,40.4319],[-3.9736,40.4318],[-3.9733,40.4318],[-3.9729,40.4317],[-3.9729,40.4317],[-3.9728,40.4313],[-3.9724,40.43],[-3.9724,40.43],[-3.9716,40.43],[-3.9713,40.4295],[-3.9713,40.4295],[-3.9713,40.429],[-3.9713,40.429],[-3.9713,40.4285],[-3.9711,40.4284],[-3.971,40.4284],[-3.9707,40.4283],[-3.9706,40.4283],[-3.9705,40.4281],[-3.9705,40.4281],[-3.9704,40.4281],[-3.9704,40.4279],[-3.9702,40.4279],[-3.9701,40.4278],[-3.9699,40.4277],[-3.9698,40.4277],[-3.9698,40.4276],[-3.9698,40.4275],[-3.9697,40.4273],[-3.9696,40.4271],[-3.9696,40.427],[-3.9696,40.4269],[-3.9697,40.4269],[-3.9697,40.4268],[-3.9698,40.4268],[-3.9699,40.4267],[-3.97,40.4266],[-3.97,40.4265],[-3.9701,40.4264],[-3.9701,40.4264],[-3.9702,40.4263],[-3.9701,40.4261],[-3.9701,40.4258],[-3.9701,40.4257],[-3.97,40.4256],[-3.9698,40.4255],[-3.9697,40.4254],[-3.9696,40.4253],[-3.9695,40.4252],[-3.9695,40.4251],[-3.9694,40.425],[-3.9693,40.425],[-3.9691,40.4249],[-3.969,40.4248],[-3.9689,40.4248],[-3.9688,40.4246],[-3.9687,40.4245],[-3.9686,40.4244],[-3.9684,40.4243],[-3.9683,40.4243],[-3.9682,40.4242],[-3.9681,40.4242],[-3.968,40.424],[-3.968,40.4239],[-3.9679,40.4239],[-3.968,40.4238],[-3.968,40.4238],[-3.9679,40.4237],[-3.9679,40.4237],[-3.9678,40.4237],[-3.9678,40.4236],[-3.9679,40.4236],[-3.968,40.4236],[-3.9679,40.4235],[-3.9678,40.4235],[-3.9676,40.4235],[-3.9675,40.4235],[-3.9674,40.4234],[-3.9673,40.4233],[-3.9673,40.4232],[-3.9672,40.4231],[-3.9671,40.4231],[-3.967,40.423],[-3.967,40.423],[-3.9668,40.4229],[-3.9667,40.4229],[-3.9667,40.4229],[-3.9667,40.4229],[-3.9667,40.4229],[-3.9666,40.4228],[-3.9666,40.4228],[-3.9665,40.4227],[-3.9665,40.4227],[-3.9664,40.4227],[-3.9663,40.4226],[-3.9662,40.4226],[-3.9661,40.4224],[-3.9659,40.4223],[-3.9658,40.4222],[-3.9658,40.4222],[-3.9658,40.4221],[-3.9657,40.422],[-3.9656,40.422],[-3.9654,40.4219],[-3.9653,40.4218],[-3.9652,40.4218],[-3.965,40.4217],[-3.9648,40.4216],[-3.9647,40.4216],[-3.9646,40.4216],[-3.9645,40.4216],[-3.9644,40.4215],[-3.9644,40.4215],[-3.9642,40.4215],[-3.964,40.4214],[-3.964,40.4214],[-3.964,40.4214],[-3.9638,40.4213],[-3.9637,40.4212],[-3.9634,40.4209],[-3.9633,40.4207],[-3.9632,40.4207],[-3.963,40.4206],[-3.9629,40.4206],[-3.9629,40.4205],[-3.9628,40.4205],[-3.9627,40.4204],[-3.9625,40.4204],[-3.9622,40.4203],[-3.9621,40.4202],[-3.962,40.4201],[-3.9618,40.42],[-3.9617,40.4198],[-3.9617,40.4197],[-3.9616,40.4197],[-3.9613,40.4196],[-3.9612,40.4196],[-3.961,40.4196],[-3.961,40.4196],[-3.9609,40.4196],[-3.9608,40.4195],[-3.9607,40.4193],[-3.9604,40.419],[-3.9603,40.4189],[-3.9602,40.4188],[-3.9601,40.4187],[-3.9599,40.4186],[-3.9597,40.4185],[-3.9595,40.4184],[-3.9592,40.4183],[-3.959,40.4182],[-3.9586,40.4181],[-3.9582,40.4179],[-3.958,40.4179],[-3.9578,40.4178],[-3.9576,40.4178],[-3.9573,40.4178],[-3.9571,40.4178],[-3.9569,40.4178],[-3.9566,40.4178],[-3.9563,40.4177],[-3.956,40.4177],[-3.9557,40.4176],[-3.9553,40.4175],[-3.955,40.4173],[-3.9546,40.4172],[-3.9543,40.4171],[-3.9541,40.417],[-3.9536,40.4168],[-3.9533,40.4167],[-3.9531,40.4167],[-3.9528,40.4166],[-3.9523,40.4164],[-3.952,40.4163],[-3.9518,40.4162],[-3.9516,40.4161],[-3.9514,40.4161],[-3.9513,40.416],[-3.9511,40.4159],[-3.9511,40.4158],[-3.951,40.4157],[-3.951,40.4155],[-3.951,40.4154],[-3.951,40.4153],[-3.9509,40.4152],[-3.9508,40.4152],[-3.9505,40.4151],[-3.9504,40.4151],[-3.9503,40.4151],[-3.9503,40.4147],[-3.9503,40.4147],[-3.9503,40.4146],[-3.9502,40.4145],[-3.9502,40.4143],[-3.9502,40.4141],[-3.9503,40.4139],[-3.95,40.4137],[-3.9498,40.4136],[-3.95,40.4134],[-3.9501,40.4133],[-3.9503,40.4131],[-3.9505,40.4128],[-3.9506,40.4128],[-3.9506,40.4128],[-3.9505,40.4127],[-3.9504,40.4126],[-3.9504,40.4125],[-3.9503,40.4123],[-3.9502,40.4122],[-3.9501,40.4121],[-3.95,40.4119],[-3.95,40.4119],[-3.9499,40.4117],[-3.9497,40.4115],[-3.9495,40.4113],[-3.9493,40.411],[-3.9493,40.411],[-3.9491,40.4107],[-3.9489,40.4102],[-3.9488,40.4098],[-3.9487,40.4094],[-3.9486,40.4092],[-3.9485,40.409],[-3.9481,40.4088],[-3.948,40.4086],[-3.9479,40.4085],[-3.9477,40.408],[-3.9476,40.4075],[-3.9476,40.4074],[-3.9475,40.4073],[-3.9474,40.4069],[-3.9473,40.4064],[-3.9473,40.4063],[-3.9473,40.4063],[-3.9487,40.406],[-3.95,40.4058],[-3.9503,40.4057],[-3.9506,40.4056],[-3.9508,40.4056],[-3.9511,40.4056],[-3.9513,40.4056],[-3.9517,40.4056],[-3.9519,40.4056],[-3.9521,40.4057],[-3.9522,40.4059],[-3.9523,40.406],[-3.9525,40.4062],[-3.9525,40.4063],[-3.9526,40.4065],[-3.9527,40.4066],[-3.9529,40.4068],[-3.953,40.4069],[-3.9531,40.407],[-3.9532,40.4071],[-3.9533,40.4071],[-3.9535,40.4072],[-3.9537,40.4072],[-3.9539,40.4073],[-3.954,40.4075],[-3.9541,40.4076],[-3.9541,40.4078],[-3.9542,40.4079],[-3.9542,40.4079],[-3.9544,40.4079],[-3.9546,40.408],[-3.9548,40.408],[-3.9551,40.4081],[-3.9553,40.4082],[-3.9555,40.4083],[-3.9557,40.4085],[-3.9558,40.4086],[-3.956,40.4087],[-3.9562,40.4087],[-3.9564,40.4087],[-3.9566,40.4087],[-3.9569,40.4087],[-3.9571,40.4087],[-3.9572,40.4088],[-3.9576,40.4089],[-3.9578,40.4089],[-3.9581,40.409],[-3.9584,40.4091],[-3.9587,40.4091],[-3.9589,40.4091],[-3.9591,40.4091],[-3.9593,40.4091],[-3.9595,40.4089],[-3.9597,40.4088],[-3.9599,40.4087],[-3.96,40.4087],[-3.9601,40.4087],[-3.9603,40.4087],[-3.9604,40.4087],[-3.9606,40.4088],[-3.9608,40.4088],[-3.9611,40.4089],[-3.9612,40.4089],[-3.9614,40.4088],[-3.9615,40.4087],[-3.9617,40.4086],[-3.9619,40.4086],[-3.9621,40.4087],[-3.9623,40.4087],[-3.9627,40.4088],[-3.9629,40.4089],[-3.9632,40.4089],[-3.9634,40.4089],[-3.9636,40.4089],[-3.9638,40.4088],[-3.9641,40.4087],[-3.9642,40.4087],[-3.9645,40.4086],[-3.9647,40.4086],[-3.965,40.4086],[-3.9652,40.4087],[-3.9654,40.4087],[-3.9655,40.4087],[-3.9657,40.4086],[-3.9659,40.4086],[-3.9661,40.4085],[-3.9664,40.4083],[-3.9667,40.4083],[-3.9669,40.4083],[-3.9673,40.4083],[-3.9676,40.4083],[-3.9678,40.4082],[-3.968,40.4081],[-3.9682,40.408],[-3.9686,40.408],[-3.9688,40.408],[-3.9691,40.408],[-3.9692,40.408],[-3.9694,40.408],[-3.9695,40.4081],[-3.9696,40.4081],[-3.9697,40.4081],[-3.9699,40.408],[-3.9701,40.4079],[-3.9703,40.4079],[-3.9706,40.4078],[-3.9712,40.4077],[-3.9716,40.4075],[-3.9721,40.4075],[-3.9721,40.4074],[-3.9721,40.4073],[-3.9721,40.4071],[-3.9721,40.407],[-3.972,40.4069],[-3.9719,40.4067],[-3.9719,40.4067],[-3.9715,40.4069],[-3.9712,40.407],[-3.9708,40.4072],[-3.9706,40.4073],[-3.9703,40.4074],[-3.9702,40.4074],[-3.9698,40.4074],[-3.9695,40.4075],[-3.9693,40.4075],[-3.9689,40.4076],[-3.9683,40.4076],[-3.9678,40.4077],[-3.9674,40.4077],[-3.9669,40.4077],[-3.9665,40.4078],[-3.9662,40.4079],[-3.9659,40.4081],[-3.9657,40.4082],[-3.9654,40.4083],[-3.965,40.4083],[-3.9645,40.4083],[-3.964,40.4084],[-3.9637,40.4085],[-3.9634,40.4086],[-3.963,40.4086],[-3.9628,40.4085],[-3.9623,40.4085],[-3.9622,40.4084],[-3.9618,40.4083],[-3.9614,40.4082],[-3.9611,40.4082],[-3.9611,40.4082],[-3.9607,40.4082],[-3.9604,40.4082],[-3.9602,40.4082],[-3.96,40.4083],[-3.9596,40.4084],[-3.9594,40.4085],[-3.959,40.4086],[-3.9588,40.4086],[-3.9586,40.4086],[-3.9584,40.4085],[-3.9582,40.4083],[-3.9579,40.4082],[-3.9577,40.4081],[-3.9574,40.4081],[-3.9571,40.4081],[-3.9567,40.4082],[-3.9564,40.4082],[-3.9561,40.4081],[-3.9556,40.408],[-3.9553,40.4079],[-3.955,40.4077],[-3.9546,40.4076],[-3.9543,40.4073],[-3.954,40.407],[-3.9538,40.4068],[-3.9535,40.4065],[-3.9533,40.4063],[-3.9532,40.406],[-3.9531,40.406],[-3.9532,40.4057],[-3.9532,40.4055],[-3.9534,40.4054],[-3.9535,40.4052],[-3.9535,40.405],[-3.9535,40.4048],[-3.9533,40.4047],[-3.9531,40.4046],[-3.9529,40.4045],[-3.9526,40.4045],[-3.9524,40.4045],[-3.9521,40.4046],[-3.9518,40.4047],[-3.9516,40.4048],[-3.9513,40.4049],[-3.9511,40.4051],[-3.9507,40.4052],[-3.9504,40.4053],[-3.95,40.4054],[-3.9496,40.4055],[-3.9494,40.4055],[-3.9491,40.4056],[-3.9487,40.4057],[-3.9483,40.4057],[-3.948,40.4058],[-3.9477,40.4058],[-3.9474,40.4057],[-3.9473,40.4056],[-3.9473,40.4055],[-3.9474,40.4054],[-3.9474,40.4053],[-3.9473,40.4051],[-3.9472,40.4049],[-3.9471,40.4047],[-3.947,40.4044],[-3.9469,40.4042],[-3.9469,40.404],[-3.9468,40.4039],[-3.9468,40.4037],[-3.9467,40.4035],[-3.9468,40.4032],[-3.9468,40.403],[-3.9467,40.4028],[-3.9467,40.4026],[-3.9467,40.4024],[-3.9466,40.4021],[-3.9465,40.4018],[-3.9464,40.4016],[-3.9464,40.4013],[-3.9463,40.401],[-3.9463,40.4007],[-3.9463,40.4003],[-3.9463,40.4001],[-3.9463,40.4001],[-3.9463,40.4001],[-3.9463,40.3998],[-3.9463,40.3995],[-3.9462,40.3991],[-3.9461,40.3989],[-3.9461,40.3986],[-3.946,40.3983],[-3.946,40.3982],[-3.9459,40.3979],[-3.9459,40.3977],[-3.9458,40.3973],[-3.9458,40.3968],[-3.9458,40.3966],[-3.9459,40.3963],[-3.946,40.396],[-3.9461,40.3958],[-3.9463,40.3954],[-3.9464,40.3952],[-3.9466,40.395],[-3.9469,40.3946],[-3.947,40.3946],[-3.947,40.3945],[-3.9472,40.3942],[-3.9475,40.3939],[-3.9477,40.3937],[-3.9479,40.3936],[-3.9481,40.3935],[-3.9484,40.3933],[-3.9487,40.3931],[-3.949,40.3929],[-3.9494,40.3927],[-3.9496,40.3926],[-3.9498,40.3924],[-3.9499,40.3922],[-3.9501,40.392],[-3.9501,40.3918],[-3.9503,40.3916],[-3.9503,40.3914],[-3.9505,40.3912],[-3.9508,40.391],[-3.9508,40.3909],[-3.951,40.3908],[-3.951,40.3906],[-3.9511,40.3903],[-3.9512,40.39],[-3.9512,40.39],[-3.9512,40.3897],[-3.9512,40.3895],[-3.9511,40.3893],[-3.951,40.3892],[-3.9509,40.3889],[-3.9507,40.3886],[-3.9506,40.3884],[-3.9505,40.3882],[-3.9503,40.3879],[-3.9502,40.3878],[-3.95,40.3874],[-3.9498,40.3872],[-3.9496,40.387],[-3.9494,40.3868],[-3.949,40.3865],[-3.9488,40.3863],[-3.9486,40.3861],[-3.9484,40.3859],[-3.9482,40.3857],[-3.9481,40.3854],[-3.9479,40.3852],[-3.9479,40.3849],[-3.9478,40.3846],[-3.9478,40.3843],[-3.9478,40.3841],[-3.9477,40.3837],[-3.9477,40.3833],[-3.9477,40.383],[-3.9476,40.3828],[-3.9475,40.3825],[-3.9474,40.3821],[-3.9473,40.3818],[-3.9472,40.3816],[-3.9472,40.3813],[-3.9471,40.3809],[-3.9471,40.3807],[-3.9471,40.3804],[-3.947,40.3802],[-3.9469,40.3799],[-3.9468,40.3797],[-3.9467,40.3794],[-3.9465,40.3793],[-3.9464,40.3792],[-3.9463,40.3791],[-3.9463,40.379],[-3.9463,40.3789],[-3.9462,40.3788],[-3.946,40.3785],[-3.9458,40.3784],[-3.9457,40.3783],[-3.9457,40.3782],[-3.9457,40.3782],[-3.9456,40.3782],[-3.9456,40.3781],[-3.9454,40.378],[-3.9452,40.3777],[-3.945,40.3773],[-3.9448,40.3771],[-3.9447,40.3769],[-3.9443,40.3767],[-3.9443,40.3765],[-3.9445,40.3761],[-3.9446,40.3757],[-3.9449,40.3755],[-3.9455,40.3754],[-3.946,40.3754],[-3.9463,40.3754],[-3.9464,40.3753],[-3.9466,40.3751],[-3.9467,40.3749],[-3.9468,40.3748],[-3.9468,40.3747],[-3.9468,40.3746],[-3.9466,40.3745],[-3.9465,40.3744],[-3.9464,40.3743],[-3.9463,40.3742],[-3.9463,40.374],[-3.9463,40.3738],[-3.9463,40.3737],[-3.9461,40.3735],[-3.9458,40.3734],[-3.9456,40.3732],[-3.9452,40.373],[-3.9451,40.3729],[-3.9451,40.3728],[-3.9452,40.3726],[-3.9453,40.3725],[-3.9454,40.3724],[-3.9455,40.3723],[-3.9457,40.3723],[-3.9458,40.3722],[-3.946,40.3722],[-3.9461,40.3722],[-3.9463,40.3722],[-3.9465,40.3721],[-3.9466,40.3721],[-3.9468,40.372],[-3.9469,40.3718],[-3.9469,40.3717],[-3.947,40.3715],[-3.947,40.3714],[-3.9471,40.3712],[-3.9473,40.3711],[-3.9475,40.3709],[-3.9476,40.3708],[-3.9477,40.3707],[-3.9477,40.3705],[-3.9477,40.3704],[-3.9477,40.3702],[-3.9477,40.3701],[-3.9478,40.3699],[-3.948,40.3697],[-3.9481,40.3695],[-3.9484,40.3693],[-3.9485,40.3691],[-3.9488,40.369],[-3.949,40.369],[-3.9492,40.3689],[-3.9494,40.3689],[-3.9496,40.3688],[-3.9499,40.3688],[-3.9502,40.3687],[-3.9503,40.3687],[-3.9506,40.3686],[-3.9507,40.3684],[-3.9507,40.3682],[-3.9507,40.368],[-3.9506,40.3678],[-3.9505,40.3678],[-3.9503,40.3677],[-3.9501,40.3677],[-3.9499,40.3677],[-3.9497,40.3676],[-3.9496,40.3675],[-3.9495,40.3674],[-3.9494,40.3672],[-3.9493,40.367],[-3.9491,40.3668],[-3.949,40.3667],[-3.9488,40.3665],[-3.9486,40.3663],[-3.9485,40.3661],[-3.9483,40.3658],[-3.948,40.3656],[-3.9478,40.3654],[-3.9476,40.3651],[-3.9473,40.3647],[-3.9471,40.3645],[-3.9469,40.3642],[-3.9467,40.364],[-3.9466,40.3638],[-3.9464,40.3635],[-3.9463,40.3632],[-3.9462,40.363],[-3.9462,40.3629],[-3.9461,40.3627],[-3.946,40.3624],[-3.9461,40.3621],[-3.9461,40.3618],[-3.9462,40.3615],[-3.9463,40.3613],[-3.9465,40.3612],[-3.9468,40.361],[-3.9471,40.3609],[-3.9473,40.3608],[-3.9476,40.3608],[-3.9478,40.3607],[-3.9481,40.3605],[-3.9483,40.3603],[-3.9485,40.3601],[-3.9488,40.3599],[-3.9491,40.3596],[-3.9495,40.3593],[-3.9498,40.359],[-3.95,40.3588],[-3.95,40.3587],[-3.9503,40.3585],[-3.9506,40.3583],[-3.951,40.3579],[-3.9511,40.3576],[-3.9513,40.3574],[-3.9515,40.3571],[-3.9517,40.3568],[-3.9518,40.3565],[-3.9518,40.3562],[-3.9519,40.3561],[-3.9519,40.3559],[-3.952,40.3555],[-3.952,40.3554],[-3.9521,40.3552],[-3.9521,40.3549],[-3.9521,40.3546],[-3.9521,40.3545],[-3.9521,40.3543],[-3.952,40.3541],[-3.9519,40.3538],[-3.9518,40.3536],[-3.9517,40.3533],[-3.9516,40.3531],[-3.9515,40.353],[-3.9514,40.3527],[-3.9514,40.3526],[-3.9513,40.3524],[-3.9512,40.3522],[-3.9512,40.352],[-3.9511,40.3519],[-3.9511,40.3517],[-3.9511,40.3514],[-3.9511,40.3512],[-3.951,40.351],[-3.9509,40.3508],[-3.9508,40.3507],[-3.9508,40.3505],[-3.9508,40.3504],[-3.9508,40.3502],[-3.9508,40.35],[-3.9507,40.3496],[-3.9507,40.3495],[-3.9509,40.3494],[-3.9512,40.3494],[-3.9514,40.3494],[-3.9516,40.3494],[-3.9519,40.3494],[-3.9524,40.3494],[-3.9527,40.3494],[-3.9531,40.3494],[-3.9535,40.3495],[-3.9539,40.3495],[-3.9543,40.3495],[-3.9547,40.3495],[-3.9552,40.3496],[-3.9557,40.3496],[-3.9561,40.3496],[-3.9565,40.3496],[-3.9571,40.3496],[-3.9575,40.3495],[-3.9578,40.3495],[-3.9581,40.3495],[-3.9584,40.3495],[-3.9588,40.3495],[-3.9593,40.3496],[-3.9596,40.3497],[-3.9601,40.3498],[-3.9605,40.3499],[-3.9609,40.35],[-3.9613,40.35],[-3.9617,40.3501],[-3.9621,40.3501],[-3.9624,40.3501],[-3.9629,40.3501],[-3.9633,40.35],[-3.9639,40.35],[-3.9643,40.3499],[-3.9646,40.3498],[-3.9651,40.3498],[-3.9655,40.3498],[-3.9658,40.3498],[-3.9661,40.3498],[-3.9665,40.3498],[-3.9669,40.3499],[-3.9672,40.3499],[-3.9674,40.35],[-3.9679,40.3501],[-3.9683,40.3501],[-3.9688,40.3502],[-3.9692,40.3502],[-3.9697,40.3502],[-3.97,40.3502],[-3.9705,40.3501],[-3.9707,40.3501],[-3.9709,40.35],[-3.9713,40.35],[-3.9715,40.35],[-3.9717,40.3501],[-3.9719,40.3501],[-3.972,40.3502],[-3.9722,40.3502],[-3.9724,40.3502],[-3.9727,40.3501],[-3.973,40.35],[-3.9735,40.3498],[-3.9738,40.3497],[-3.9741,40.3495],[-3.9745,40.3494],[-3.9748,40.3492],[-3.9752,40.3491],[-3.9754,40.3491],[-3.9756,40.349],[-3.976,40.3489],[-3.9764,40.3488],[-3.9768,40.3488],[-3.9772,40.3488],[-3.9775,40.3489],[-3.9777,40.349],[-3.9779,40.3492],[-3.978,40.3492],[-3.9782,40.3491],[-3.9784,40.3491],[-3.9787,40.3491],[-3.9788,40.3491],[-3.979,40.349],[-3.9792,40.3489],[-3.9793,40.3489],[-3.9796,40.3488],[-3.9799,40.3488],[-3.9801,40.3488],[-3.9803,40.3487],[-3.9805,40.3487],[-3.9805,40.3487],[-3.9807,40.3486],[-3.9809,40.3486],[-3.9812,40.3486],[-3.9814,40.3486],[-3.9816,40.3485],[-3.9817,40.3485],[-3.9818,40.3485],[-3.982,40.3485],[-3.9821,40.3485],[-3.9823,40.3485],[-3.9826,40.3485],[-3.9831,40.3486],[-3.9837,40.3484],[-3.9838,40.3483],[-3.984,40.3483],[-3.9842,40.3483],[-3.9844,40.3483],[-3.9846,40.3482],[-3.9848,40.3482],[-3.985,40.3481],[-3.9852,40.348],[-3.9854,40.3479],[-3.9856,40.3479],[-3.9858,40.3479],[-3.986,40.3479],[-3.9863,40.3479],[-3.9866,40.3479],[-3.9869,40.348],[-3.9872,40.348],[-3.9875,40.348],[-3.9876,40.348],[-3.9878,40.348],[-3.9881,40.348],[-3.9884,40.348],[-3.9885,40.348],[-3.9886,40.348],[-3.9888,40.3481],[-3.9889,40.3481],[-3.9891,40.348],[-3.9893,40.3481],[-3.9894,40.3482],[-3.9895,40.3484],[-3.9897,40.3485],[-3.9899,40.3487],[-3.9901,40.3488],[-3.9903,40.3489],[-3.9905,40.349],[-3.9907,40.3491],[-3.9908,40.3492],[-3.991,40.3493],[-3.9911,40.3495],[-3.9913,40.3497],[-3.9915,40.3499],[-3.9916,40.35],[-3.9918,40.3501],[-3.9919,40.3502],[-3.992,40.3503],[-3.9922,40.3504],[-3.9922,40.3505],[-3.9924,40.3507],[-3.9926,40.351],[-3.9928,40.3512],[-3.9929,40.3514],[-3.993,40.3516],[-3.9932,40.3518],[-3.9934,40.3521],[-3.9935,40.3523],[-3.9936,40.3524],[-3.9938,40.3527],[-3.9939,40.3528],[-3.9939,40.353],[-3.9939,40.3532],[-3.9939,40.3534],[-3.9938,40.3535],[-3.9937,40.3536],[-3.9935,40.3537],[-3.9934,40.3538],[-3.9933,40.3539],[-3.9932,40.3541],[-3.993,40.3542],[-3.9929,40.3544],[-3.9928,40.3546],[-3.9927,40.3549],[-3.9926,40.3552],[-3.9926,40.3554],[-3.9926,40.3557],[-3.9926,40.3559],[-3.9926,40.356],[-3.9925,40.3562],[-3.9924,40.3563],[-3.9923,40.3565],[-3.9922,40.3567],[-3.9921,40.357],[-3.9918,40.3571],[-3.9916,40.3571],[-3.9912,40.3573],[-3.991,40.3573],[-3.9908,40.3573],[-3.9905,40.3573],[-3.9903,40.3574],[-3.9901,40.3574],[-3.9898,40.3574],[-3.9894,40.3575],[-3.9892,40.3575],[-3.9888,40.3575],[-3.9885,40.3575],[-3.9882,40.3575],[-3.988,40.3574],[-3.9877,40.3573],[-3.9875,40.3573],[-3.9873,40.3572],[-3.987,40.3571],[-3.9867,40.357],[-3.9864,40.357],[-3.9862,40.357],[-3.9859,40.3569],[-3.9856,40.357],[-3.9856,40.3572],[-3.9856,40.3573],[-3.9855,40.3575],[-3.9855,40.3578],[-3.9854,40.358],[-3.9853,40.3581],[-3.9853,40.3583],[-3.9852,40.3585],[-3.9852,40.3586],[-3.9852,40.3588],[-3.9851,40.3589],[-3.985,40.3592],[-3.9848,40.3594],[-3.9846,40.3595],[-3.9846,40.3595],[-3.9844,40.3597],[-3.9841,40.3598],[-3.9839,40.36],[-3.9838,40.3601],[-3.9837,40.3602],[-3.9836,40.3602],[-3.9836,40.3603],[-3.9837,40.3604],[-3.9838,40.3606],[-3.984,40.3607],[-3.9841,40.3608],[-3.9844,40.361],[-3.9846,40.3611],[-3.9847,40.3612],[-3.9848,40.3613],[-3.9849,40.3614],[-3.985,40.3614],[-3.9852,40.3614],[-3.9854,40.3614],[-3.9857,40.3614],[-3.9859,40.3614],[-3.9861,40.3614],[-3.9864,40.3615],[-3.9868,40.3616],[-3.9872,40.3617],[-3.9875,40.3619],[-3.9877,40.3622],[-3.9878,40.3623],[-3.988,40.3624],[-3.9881,40.3625],[-3.9884,40.3626],[-3.9886,40.3627],[-3.9888,40.3629],[-3.9886,40.3631],[-3.9884,40.3632],[-3.9882,40.3632],[-3.988,40.3633],[-3.9877,40.3634],[-3.9875,40.3635],[-3.9872,40.3635],[-3.9869,40.3636],[-3.9867,40.3637],[-3.9864,40.3638],[-3.9862,40.3639],[-3.9859,40.364],[-3.9857,40.364],[-3.9854,40.3641],[-3.9851,40.3642],[-3.9849,40.3642],[-3.9847,40.3642],[-3.9845,40.3642],[-3.9843,40.3643],[-3.9841,40.3644],[-3.9839,40.3645],[-3.9836,40.3645],[-3.9835,40.3645],[-3.9833,40.3645],[-3.9831,40.3644],[-3.9829,40.3644],[-3.9827,40.3645],[-3.9825,40.3646],[-3.9824,40.3647],[-3.9822,40.3648],[-3.982,40.3648],[-3.9818,40.3648],[-3.9817,40.3648],[-3.9816,40.3647],[-3.9816,40.3646],[-3.9815,40.3644],[-3.9814,40.3642],[-3.9814,40.3641],[-3.9813,40.364],[-3.9812,40.3637],[-3.9811,40.3636],[-3.981,40.3635],[-3.9809,40.3633],[-3.9807,40.3631],[-3.9805,40.363],[-3.9803,40.3628],[-3.98,40.3626],[-3.9798,40.3625],[-3.9796,40.3624],[-3.9793,40.3623],[-3.9791,40.3623],[-3.9788,40.3624],[-3.9785,40.3625],[-3.9783,40.3626],[-3.978,40.3627],[-3.9776,40.3629],[-3.9773,40.363],[-3.9771,40.3631],[-3.9768,40.3632],[-3.9767,40.3632],[-3.9765,40.3632],[-3.9762,40.3633],[-3.9759,40.3634],[-3.9757,40.3635],[-3.9754,40.3636],[-3.9753,40.3637],[-3.9751,40.3639],[-3.9748,40.3641],[-3.9746,40.3642],[-3.9744,40.3644],[-3.9743,40.3645],[-3.9743,40.3647],[-3.9742,40.3648],[-3.9742,40.3649],[-3.9743,40.3651],[-3.9743,40.3653],[-3.9744,40.3655],[-3.9745,40.3658],[-3.9746,40.3661],[-3.9747,40.3663],[-3.9747,40.3666],[-3.9749,40.3669],[-3.9749,40.3672],[-3.975,40.3674],[-3.975,40.3676],[-3.9751,40.3678],[-3.9751,40.3679],[-3.9753,40.3681],[-3.9754,40.3682],[-3.9755,40.3683],[-3.9757,40.3684],[-3.9757,40.3684],[-3.9758,40.3683],[-3.9758,40.3683],[-3.9759,40.3683],[-3.976,40.3683],[-3.976,40.3684],[-3.976,40.3684],[-3.9761,40.3685],[-3.9762,40.3684],[-3.9766,40.3684],[-3.9769,40.3683],[-3.9771,40.3683],[-3.9772,40.3682],[-3.9774,40.3681],[-3.9775,40.3681],[-3.9777,40.368],[-3.9779,40.3679],[-3.978,40.3679],[-3.9782,40.3678],[-3.9785,40.3676],[-3.9787,40.3675],[-3.9789,40.3673],[-3.9791,40.3671],[-3.9793,40.3669],[-3.9795,40.3668],[-3.9796,40.3666],[-3.9796,40.3665],[-3.9798,40.3663],[-3.98,40.3662],[-3.9802,40.3661],[-3.9804,40.366],[-3.9807,40.3659],[-3.981,40.3659],[-3.9812,40.3658],[-3.9815,40.3657],[-3.9818,40.3656],[-3.982,40.3656],[-3.9823,40.3655],[-3.9826,40.3655],[-3.9828,40.3654],[-3.983,40.3654],[-3.9833,40.3654],[-3.9835,40.3653],[-3.9838,40.3653],[-3.9841,40.3653],[-3.9843,40.3653],[-3.9846,40.3654],[-3.985,40.3654],[-3.9852,40.3654],[-3.9854,40.3654],[-3.9858,40.3654],[-3.986,40.3654],[-3.9864,40.3654],[-3.9867,40.3654],[-3.9871,40.3654],[-3.9874,40.3654],[-3.9876,40.3654],[-3.9879,40.3654],[-3.9883,40.3654],[-3.9886,40.3655],[-3.989,40.3655],[-3.9893,40.3655],[-3.9896,40.3656],[-3.9899,40.3656],[-3.9902,40.3657],[-3.9905,40.3657],[-3.9908,40.3658],[-3.9911,40.3658],[-3.9915,40.3658],[-3.9918,40.3659],[-3.9922,40.3659],[-3.9926,40.3659],[-3.993,40.3659],[-3.9933,40.3658],[-3.9937,40.3658],[-3.9942,40.3658],[-3.9948,40.3657],[-3.9952,40.3657],[-3.9957,40.3657],[-3.9961,40.3657],[-3.9966,40.3657],[-3.9969,40.3656],[-3.9972,40.3656],[-3.9974,40.3656],[-3.9978,40.3656],[-3.9982,40.3656],[-3.9985,40.3655],[-3.9988,40.3656],[-3.999,40.3656],[-3.9992,40.3656],[-3.9996,40.3656],[-3.9999,40.3656],[-4.0003,40.3656],[-4.0007,40.3656],[-4.0008,40.3656],[-4.0008,40.3656],[-4.0008,40.3655],[-4.0008,40.3653],[-4.0008,40.3652],[-4.0009,40.3645],[-4.0011,40.364],[-4.0013,40.3636],[-4.0014,40.3634],[-4.0015,40.3633],[-4.0016,40.3629],[-4.0018,40.3624],[-4.0018,40.3623],[-4.0018,40.3623],[-4.0019,40.3621],[-4.0019,40.3619],[-4.0019,40.3616],[-4.0018,40.3614],[-4.0018,40.3613],[-4.0018,40.3612],[-4.0018,40.3611],[-4.0018,40.3611],[-4.0018,40.3611],[-4.0018,40.3608],[-4.0018,40.3607],[-4.0017,40.3606],[-4.0017,40.3606],[-4.0017,40.3605],[-4.0017,40.3604],[-4.0017,40.3603],[-4.0017,40.3602],[-4.0017,40.3601],[-4.0017,40.36],[-4.0017,40.3599],[-4.0017,40.3598],[-4.0018,40.3597],[-4.0018,40.3595],[-4.0018,40.3594],[-4.0017,40.3593],[-4.0017,40.3593],[-4.0017,40.359],[-4.0016,40.3589],[-4.0016,40.3587],[-4.0015,40.3586],[-4.0015,40.3584],[-4.0014,40.3582],[-4.0014,40.358],[-4.0014,40.3579],[-4.0014,40.3577],[-4.0014,40.3575],[-4.0015,40.3572],[-4.0017,40.3568],[-4.0018,40.3566],[-4.0018,40.3564],[-4.0018,40.3561],[-4.0018,40.3559],[-4.0017,40.3558],[-4.0017,40.3556],[-4.0016,40.3555],[-4.0015,40.3553],[-4.0015,40.3552],[-4.0014,40.355],[-4.0014,40.355],[-4.0014,40.3549],[-4.0014,40.3549],[-4.0014,40.3548],[-4.0014,40.3547],[-4.0013,40.3546],[-4.0013,40.3546],[-4.0013,40.3545],[-4.0013,40.3542],[-4.0013,40.3541],[-4.0012,40.3541],[-4.0012,40.3539],[-4.001,40.3535],[-4.001,40.3532],[-4.0009,40.3531],[-4.0008,40.3529],[-4.0007,40.3527],[-4.0006,40.3526],[-4.0004,40.3524],[-4.0002,40.352],[-4.0001,40.3518],[-4,40.3518],[-3.9998,40.3515],[-3.9996,40.3511],[-3.9994,40.3508],[-3.9993,40.3505],[-3.9993,40.3502],[-3.9994,40.35],[-3.9995,40.3496],[-3.9994,40.3493],[-3.9994,40.349],[-3.9993,40.3487],[-3.9992,40.3485],[-3.9991,40.3483],[-3.999,40.348],[-3.9988,40.3478],[-3.9988,40.3476],[-3.9987,40.3473],[-3.9988,40.3471],[-3.9988,40.3467],[-3.9988,40.3465],[-3.9987,40.3463],[-3.9986,40.346],[-3.9986,40.3458],[-3.9985,40.3455],[-3.9985,40.3453],[-3.9984,40.345],[-3.9983,40.3447],[-3.9983,40.3445],[-3.9983,40.3442],[-3.9983,40.3439],[-3.9983,40.3437],[-3.9985,40.3437],[-3.9986,40.3437],[-3.9988,40.3437],[-3.9992,40.3437],[-3.9995,40.3437],[-3.9998,40.3437],[-4.0001,40.3437],[-4.0004,40.3436],[-4.0007,40.3435],[-4.0009,40.3433],[-4.0012,40.343],[-4.0014,40.3429],[-4.0017,40.3426],[-4.0018,40.3426],[-4.0019,40.3425],[-4.0022,40.3424],[-4.0025,40.3423],[-4.0026,40.3423],[-4.0027,40.3423],[-4.0032,40.3422],[-4.0033,40.342],[-4.0035,40.3419],[-4.0037,40.3417],[-4.004,40.3415],[-4.0041,40.3413],[-4.0043,40.3411],[-4.0045,40.3409],[-4.0045,40.3409],[-4.0045,40.3408],[-4.0046,40.3407],[-4.0046,40.3405],[-4.0044,40.3404],[-4.0041,40.3403],[-4.0038,40.3401],[-4.0035,40.34],[-4.0033,40.3399],[-4.0031,40.3398],[-4.0027,40.3396],[-4.0025,40.3395],[-4.0024,40.3394],[-4.0022,40.3392],[-4.002,40.339],[-4.0018,40.3389],[-4.0016,40.3387],[-4.0014,40.3386],[-4.0013,40.3385],[-4.0012,40.3385],[-4.001,40.3383],[-4.0009,40.3383],[-4.0009,40.3383],[-4.0009,40.3382],[-4.0008,40.3381],[-4.0009,40.338],[-4.001,40.338],[-4.0012,40.3377],[-4.0013,40.3377],[-4.0013,40.3376],[-4.0015,40.3375],[-4.0018,40.3371],[-4.0019,40.3369],[-4.0021,40.3365],[-4.0022,40.3364],[-4.0024,40.3361],[-4.0026,40.3358],[-4.0028,40.3356],[-4.003,40.3354],[-4.0032,40.3352],[-4.0034,40.3349],[-4.0035,40.3348],[-4.0034,40.3347],[-4.0032,40.3345],[-4.003,40.3343],[-4.0029,40.3342],[-4.0026,40.334],[-4.0025,40.3339],[-4.0024,40.3338],[-4.0024,40.3338],[-4.0021,40.3335],[-4.0021,40.3334],[-4.0016,40.3333],[-4.0011,40.3333],[-4.0005,40.3332],[-4,40.3331],[-3.9996,40.3331],[-3.9991,40.333],[-3.9986,40.3329],[-3.9982,40.3328],[-3.9978,40.3327],[-3.9974,40.3326],[-3.9971,40.3325],[-3.9968,40.3325],[-3.9966,40.3325],[-3.9966,40.3324],[-3.9965,40.3324],[-3.9964,40.3323],[-3.9962,40.3323],[-3.9961,40.3317],[-3.9948,40.3322],[-3.9939,40.3326],[-3.9924,40.3332],[-3.9922,40.333],[-3.992,40.3329],[-3.9917,40.3327],[-3.9913,40.3325],[-3.9911,40.3326],[-3.9908,40.3326],[-3.9905,40.3327],[-3.9904,40.3332],[-3.9903,40.3335],[-3.9903,40.3336],[-3.9903,40.3336],[-3.9903,40.3337],[-3.9903,40.3339],[-3.9903,40.334],[-3.9902,40.3341],[-3.9901,40.3342],[-3.99,40.3342],[-3.99,40.3342],[-3.9898,40.3341],[-3.9898,40.3341],[-3.9897,40.3341],[-3.9895,40.3339],[-3.9893,40.3338],[-3.9891,40.3338],[-3.989,40.3338],[-3.9888,40.3338],[-3.9888,40.334],[-3.9887,40.3342],[-3.9888,40.3345],[-3.989,40.335],[-3.9892,40.3354],[-3.9892,40.3356],[-3.9893,40.3358],[-3.9893,40.336],[-3.9893,40.3361],[-3.9893,40.3361],[-3.9891,40.3362],[-3.9889,40.3362],[-3.9887,40.3362],[-3.9885,40.3363],[-3.9885,40.3362],[-3.9884,40.3362],[-3.9883,40.336],[-3.9882,40.3358],[-3.9882,40.3357],[-3.9881,40.3356],[-3.9881,40.3354],[-3.988,40.3353],[-3.9879,40.3351],[-3.9878,40.3349],[-3.9877,40.3347],[-3.9875,40.3345],[-3.9874,40.3343],[-3.9873,40.3343],[-3.9872,40.3343],[-3.987,40.3343],[-3.9867,40.3345],[-3.9865,40.3346],[-3.9864,40.3348],[-3.9862,40.3349],[-3.9861,40.3351],[-3.9859,40.3352],[-3.9858,40.3353],[-3.9857,40.3353],[-3.9855,40.3354],[-3.9855,40.3354],[-3.9853,40.3355],[-3.9852,40.3355],[-3.985,40.3355],[-3.9849,40.3356],[-3.9847,40.3357],[-3.9847,40.3358],[-3.9847,40.336],[-3.9847,40.3363],[-3.9846,40.3365],[-3.9846,40.3366],[-3.9846,40.3367],[-3.9845,40.3368],[-3.9845,40.3369],[-3.9844,40.337],[-3.9842,40.3372],[-3.9841,40.3374],[-3.9839,40.3375],[-3.9838,40.3376],[-3.9838,40.3376],[-3.9836,40.3377],[-3.9833,40.3379],[-3.9831,40.338],[-3.9829,40.338],[-3.9827,40.3381],[-3.9825,40.3382],[-3.9822,40.3383],[-3.9819,40.3383],[-3.9816,40.3384],[-3.9812,40.3384],[-3.9808,40.3385],[-3.9806,40.3385],[-3.9804,40.3385],[-3.98,40.3386],[-3.9797,40.3386],[-3.9795,40.3386],[-3.9792,40.3385],[-3.9789,40.3385],[-3.9787,40.3385],[-3.9784,40.3385],[-3.978,40.3384],[-3.9777,40.3384],[-3.9774,40.3384],[-3.9771,40.3383],[-3.9768,40.3383],[-3.9766,40.3383],[-3.9764,40.3383],[-3.9761,40.3383],[-3.9758,40.3384],[-3.9757,40.3384],[-3.9755,40.3386],[-3.9754,40.3387],[-3.9754,40.3389],[-3.9754,40.339],[-3.9754,40.3391],[-3.9755,40.3393],[-3.9755,40.3395],[-3.9755,40.3397],[-3.9754,40.3399],[-3.9754,40.34],[-3.9753,40.3401],[-3.9752,40.3402],[-3.9752,40.3404],[-3.9752,40.3406],[-3.9752,40.3407],[-3.9754,40.3409],[-3.9755,40.341],[-3.9757,40.3412],[-3.9759,40.3413],[-3.976,40.3414],[-3.9761,40.3415],[-3.9762,40.3416],[-3.9764,40.3417],[-3.9764,40.3418],[-3.9765,40.3419],[-3.9765,40.342],[-3.9766,40.3421],[-3.9765,40.3422],[-3.9764,40.3424],[-3.9764,40.3424],[-3.9764,40.3425],[-3.9763,40.3426],[-3.9761,40.3427],[-3.9759,40.3428],[-3.9758,40.343],[-3.9757,40.343],[-3.9756,40.3431],[-3.9754,40.3431],[-3.9753,40.3431],[-3.9752,40.3431],[-3.975,40.3431],[-3.9749,40.3431],[-3.9748,40.3431],[-3.9746,40.3431],[-3.9744,40.343],[-3.9744,40.343],[-3.9741,40.3429],[-3.9739,40.3429],[-3.9737,40.3428],[-3.9734,40.3427],[-3.973,40.3427],[-3.9726,40.3427],[-3.9725,40.3427],[-3.9724,40.3427],[-3.9721,40.3426],[-3.9719,40.3426],[-3.9719,40.3426],[-3.9717,40.3426],[-3.9715,40.3426],[-3.9714,40.3426],[-3.9713,40.3425],[-3.9711,40.3425],[-3.9711,40.3425],[-3.9711,40.3425],[-3.9709,40.3424],[-3.9706,40.3423],[-3.9705,40.3422],[-3.9702,40.3421],[-3.9702,40.3421],[-3.97,40.3423],[-3.97,40.3425],[-3.9699,40.3427],[-3.9697,40.3429],[-3.9695,40.3431],[-3.9695,40.3431],[-3.9694,40.3431],[-3.9692,40.3431],[-3.9691,40.3431],[-3.969,40.3431],[-3.9689,40.3431],[-3.9689,40.3431],[-3.9689,40.343],[-3.9689,40.3428],[-3.9688,40.3426],[-3.9687,40.3425],[-3.9686,40.3424],[-3.9686,40.3423],[-3.9684,40.3423],[-3.9682,40.3422],[-3.9681,40.3422],[-3.9679,40.3422],[-3.9677,40.3422],[-3.9674,40.3423],[-3.9673,40.3424],[-3.9669,40.3426],[-3.9667,40.3427],[-3.9665,40.3429],[-3.9663,40.3431],[-3.966,40.3433],[-3.9659,40.3434],[-3.9657,40.3436],[-3.9656,40.3437],[-3.9655,40.3437],[-3.9653,40.3438],[-3.965,40.3439],[-3.9648,40.344],[-3.9645,40.344],[-3.9642,40.344],[-3.9638,40.344],[-3.9635,40.344],[-3.9633,40.3441],[-3.9632,40.3441],[-3.963,40.3442],[-3.9627,40.3443],[-3.9625,40.3443],[-3.9622,40.3444],[-3.9619,40.3445],[-3.9617,40.3446],[-3.9612,40.3446],[-3.961,40.3447],[-3.9607,40.3448],[-3.9604,40.345],[-3.96,40.3451],[-3.9597,40.3452],[-3.9596,40.3453],[-3.9594,40.3454],[-3.9591,40.3455],[-3.959,40.3456],[-3.9589,40.3457],[-3.9586,40.3458],[-3.9584,40.3459],[-3.958,40.3461],[-3.9578,40.3462],[-3.9576,40.3463],[-3.9572,40.3464],[-3.9569,40.3466],[-3.9568,40.3467],[-3.9567,40.3467],[-3.9564,40.3468],[-3.9561,40.3469],[-3.9557,40.347],[-3.9556,40.347],[-3.9553,40.347],[-3.955,40.3469],[-3.9547,40.3468],[-3.9544,40.3467],[-3.9541,40.3467],[-3.9538,40.3466],[-3.9536,40.3465],[-3.9533,40.3465],[-3.9528,40.3464],[-3.9525,40.3463],[-3.9522,40.3462],[-3.952,40.3461],[-3.9518,40.346],[-3.9515,40.3459],[-3.9513,40.3458],[-3.9511,40.3458],[-3.9508,40.3457],[-3.9505,40.3456],[-3.9502,40.3454],[-3.9502,40.3454],[-3.9501,40.3453],[-3.9499,40.3452],[-3.9497,40.3452],[-3.9496,40.3451],[-3.9496,40.3451],[-3.9496,40.3449],[-3.9497,40.3447],[-3.9498,40.3446],[-3.9498,40.3445],[-3.9498,40.3444],[-3.9498,40.3442],[-3.9499,40.3441],[-3.9499,40.344],[-3.9499,40.3438],[-3.95,40.3437],[-3.9501,40.3436],[-3.9501,40.3435],[-3.9501,40.3435],[-3.9501,40.3434],[-3.9502,40.3433],[-3.9502,40.3431],[-3.9502,40.343],[-3.9502,40.3428],[-3.9503,40.3427],[-3.9503,40.3426],[-3.9505,40.3425],[-3.9506,40.3423],[-3.9506,40.3421],[-3.9506,40.342],[-3.9505,40.3418],[-3.9505,40.3417],[-3.9504,40.3415],[-3.9504,40.3413],[-3.9505,40.3411],[-3.9506,40.3408],[-3.9507,40.3406],[-3.9508,40.3404],[-3.9509,40.3402],[-3.9509,40.34],[-3.951,40.3399],[-3.9509,40.3398],[-3.9508,40.3396],[-3.9508,40.3394],[-3.9508,40.3392],[-3.9509,40.3391],[-3.9509,40.3389],[-3.951,40.3387],[-3.951,40.3386],[-3.9511,40.3384],[-3.951,40.3382],[-3.951,40.338],[-3.9509,40.3378],[-3.9508,40.3376],[-3.9508,40.3375],[-3.9507,40.3374],[-3.9506,40.3372],[-3.9506,40.3371],[-3.9507,40.3369],[-3.9507,40.3368],[-3.9506,40.3366],[-3.9504,40.3365],[-3.9502,40.3363],[-3.95,40.3362],[-3.9498,40.336],[-3.9496,40.3359],[-3.9494,40.3358],[-3.9493,40.3356],[-3.9492,40.3354],[-3.949,40.3351],[-3.9488,40.3349],[-3.9486,40.3346],[-3.9483,40.3343],[-3.9481,40.3341],[-3.9481,40.3341],[-3.948,40.334],[-3.9479,40.3339],[-3.948,40.3335],[-3.9481,40.3334],[-3.9482,40.3333],[-3.9483,40.3333],[-3.9484,40.3332],[-3.9485,40.3332],[-3.9486,40.3332],[-3.9486,40.3331],[-3.9487,40.3329],[-3.9489,40.3327],[-3.949,40.3325],[-3.949,40.3322],[-3.9491,40.332],[-3.949,40.3318],[-3.949,40.3315],[-3.9491,40.3311],[-3.9491,40.3309],[-3.9491,40.3306],[-3.949,40.3304],[-3.9489,40.3302],[-3.9488,40.3301],[-3.9488,40.33],[-3.9488,40.3299],[-3.9487,40.3297],[-3.9487,40.3295],[-3.9489,40.3293],[-3.949,40.3291],[-3.9492,40.3289],[-3.9492,40.3287],[-3.9494,40.3284],[-3.9494,40.3282],[-3.9495,40.328],[-3.9494,40.3278],[-3.9493,40.3276],[-3.9493,40.3274],[-3.9492,40.3273],[-3.949,40.3272],[-3.9489,40.3272],[-3.9488,40.3272],[-3.9487,40.3272],[-3.9487,40.3271],[-3.9487,40.3271],[-3.9487,40.327],[-3.9488,40.327],[-3.9489,40.3269],[-3.9489,40.3267],[-3.949,40.3266],[-3.949,40.3264],[-3.949,40.3263],[-3.9489,40.3261],[-3.9487,40.3259],[-3.9485,40.3257],[-3.9485,40.3256],[-3.9485,40.3254],[-3.9485,40.3252],[-3.9485,40.325],[-3.9484,40.3249],[-3.9483,40.3248],[-3.9481,40.3246],[-3.9481,40.3244],[-3.9481,40.3243],[-3.9481,40.324],[-3.9481,40.3238],[-3.9479,40.3236],[-3.9478,40.3234],[-3.9477,40.3232],[-3.9477,40.323],[-3.9475,40.3228],[-3.9474,40.3226],[-3.9473,40.3224],[-3.9472,40.3221],[-3.947,40.322],[-3.9469,40.3218],[-3.9466,40.3216],[-3.9464,40.3214],[-3.9462,40.3212],[-3.9461,40.3211],[-3.9459,40.3209],[-3.9459,40.3208],[-3.9457,40.3205],[-3.9456,40.3203],[-3.9456,40.3201],[-3.9456,40.32],[-3.9457,40.3198],[-3.9458,40.3197],[-3.9458,40.3196],[-3.9459,40.3194],[-3.946,40.3192],[-3.946,40.319],[-3.9461,40.3188],[-3.9461,40.3187],[-3.9461,40.3186],[-3.946,40.3184],[-3.9459,40.3183],[-3.9458,40.3182],[-3.9457,40.3181],[-3.9457,40.3179],[-3.9457,40.3177],[-3.9458,40.3175],[-3.9458,40.3174],[-3.9459,40.3173],[-3.9459,40.3171],[-3.9459,40.3169],[-3.9459,40.3167],[-3.9459,40.3166],[-3.9459,40.3164],[-3.9458,40.3162],[-3.9457,40.316],[-3.9457,40.3158],[-3.9456,40.3156],[-3.9456,40.3154],[-3.9457,40.3152],[-3.9457,40.3148],[-3.9459,40.3144],[-3.9459,40.3141],[-3.946,40.3137],[-3.946,40.3134],[-3.9461,40.3131],[-3.9461,40.3128],[-3.9461,40.3126],[-3.9462,40.3123],[-3.9462,40.312],[-3.9462,40.3117],[-3.9461,40.3115],[-3.9461,40.3112],[-3.9461,40.311],[-3.9461,40.3106],[-3.9461,40.3104],[-3.9461,40.3101],[-3.9461,40.3101],[-3.9461,40.3098],[-3.946,40.3095],[-3.9459,40.3092],[-3.9458,40.3089],[-3.9457,40.3086],[-3.9455,40.3083],[-3.9454,40.3081],[-3.9452,40.3078],[-3.9451,40.3075],[-3.9449,40.3072],[-3.9448,40.307],[-3.9448,40.3067],[-3.9447,40.3064],[-3.9446,40.3062],[-3.9446,40.3059],[-3.9445,40.3056],[-3.9444,40.3052],[-3.9444,40.3049],[-3.9444,40.3047],[-3.9443,40.3045],[-3.9443,40.3043],[-3.9442,40.3041],[-3.9442,40.3038],[-3.9441,40.3037],[-3.9439,40.3035],[-3.9438,40.3033],[-3.9436,40.3032],[-3.9435,40.303],[-3.9433,40.3029],[-3.9432,40.3027],[-3.9431,40.3025],[-3.943,40.3023],[-3.943,40.3021],[-3.943,40.3019],[-3.943,40.3016],[-3.9429,40.3015],[-3.9428,40.3012],[-3.9428,40.3009],[-3.9427,40.3007],[-3.9426,40.3006],[-3.9426,40.3004],[-3.9425,40.3002],[-3.9425,40.3],[-3.9426,40.2998],[-3.9426,40.2995],[-3.9425,40.2992],[-3.9425,40.299],[-3.9424,40.2987],[-3.9424,40.2985],[-3.9424,40.2983],[-3.9423,40.298],[-3.9423,40.2978],[-3.9424,40.2976],[-3.9424,40.2972],[-3.9424,40.2969],[-3.9424,40.2966],[-3.9424,40.2964],[-3.9425,40.2962],[-3.9425,40.2959],[-3.9425,40.2956],[-3.9426,40.2953],[-3.9426,40.2951],[-3.9426,40.2948],[-3.9425,40.2946],[-3.9425,40.2943],[-3.9425,40.2941],[-3.9426,40.2939],[-3.9428,40.2936],[-3.943,40.2934],[-3.9432,40.2931],[-3.9434,40.2929],[-3.9436,40.2928],[-3.9438,40.2926],[-3.9439,40.2925],[-3.944,40.2923],[-3.9441,40.2921],[-3.9441,40.292],[-3.9439,40.2919],[-3.9438,40.2917],[-3.9437,40.2916],[-3.9436,40.2914],[-3.9435,40.2913],[-3.9434,40.2912],[-3.9433,40.2909],[-3.9433,40.2907],[-3.9432,40.2906],[-3.9432,40.2903],[-3.9433,40.29],[-3.9432,40.2897],[-3.9433,40.2894],[-3.9432,40.2891],[-3.9431,40.2887],[-3.943,40.2885],[-3.943,40.2882],[-3.9429,40.2879],[-3.9429,40.2877],[-3.9428,40.2874],[-3.9428,40.2872],[-3.9428,40.2871],[-3.9428,40.2868],[-3.9428,40.2865],[-3.9428,40.2862],[-3.9429,40.2859],[-3.943,40.2855],[-3.9431,40.2853],[-3.9432,40.2849],[-3.9434,40.2846],[-3.9436,40.2843],[-3.9437,40.2839],[-3.9438,40.2836],[-3.944,40.2833],[-3.9442,40.283],[-3.9443,40.2827],[-3.9444,40.2823],[-3.9446,40.282],[-3.9447,40.2817],[-3.9449,40.2815],[-3.9451,40.2814],[-3.9454,40.2812],[-3.9458,40.2811],[-3.9459,40.281],[-3.9462,40.2809],[-3.9465,40.2807],[-3.9467,40.2805],[-3.9471,40.2802],[-3.9474,40.2798],[-3.9476,40.2795],[-3.9478,40.2793],[-3.948,40.279],[-3.9481,40.2787],[-3.9482,40.2785],[-3.9482,40.2783],[-3.9482,40.278],[-3.9482,40.2778],[-3.9483,40.2774],[-3.9484,40.2772],[-3.9486,40.2768],[-3.9488,40.2765],[-3.949,40.2763],[-3.9492,40.276],[-3.9493,40.2758],[-3.9494,40.2755],[-3.9495,40.2753],[-3.9495,40.275],[-3.9495,40.2748],[-3.9495,40.2745],[-3.9496,40.2743],[-3.9496,40.274],[-3.9496,40.2737],[-3.9496,40.2736],[-3.9498,40.2733],[-3.9499,40.2732],[-3.95,40.273],[-3.95,40.2729],[-3.9501,40.2728],[-3.9501,40.2727],[-3.95,40.2726],[-3.9499,40.2724],[-3.9498,40.2723],[-3.9498,40.2723],[-3.9497,40.2721],[-3.9497,40.2719],[-3.9496,40.2716],[-3.9495,40.2711],[-3.9494,40.2709],[-3.9493,40.2706],[-3.9492,40.2704],[-3.9492,40.2702],[-3.9491,40.27],[-3.949,40.2698],[-3.949,40.2696],[-3.9489,40.2694],[-3.949,40.2692],[-3.9491,40.269],[-3.9492,40.269],[-3.9492,40.2689],[-3.9493,40.2688],[-3.9494,40.2687],[-3.9494,40.2686],[-3.9494,40.2685],[-3.9493,40.2684],[-3.9492,40.2683],[-3.9492,40.2682],[-3.9492,40.2681],[-3.9493,40.2679],[-3.9493,40.2678],[-3.9494,40.2674],[-3.9495,40.267],[-3.9495,40.2665],[-3.9495,40.2662],[-3.9494,40.266],[-3.9493,40.2658],[-3.9492,40.2656],[-3.9491,40.2653],[-3.9491,40.2651],[-3.949,40.2649],[-3.9489,40.2647],[-3.9488,40.2646],[-3.9486,40.2644],[-3.9484,40.2642],[-3.9483,40.2641],[-3.948,40.2639],[-3.9479,40.2637],[-3.9478,40.2636],[-3.9479,40.2633],[-3.948,40.2631],[-3.9481,40.2629],[-3.9483,40.2627],[-3.9484,40.2626],[-3.9486,40.2625],[-3.9488,40.2624],[-3.9491,40.2622],[-3.9493,40.2621],[-3.9495,40.2618],[-3.9495,40.2617],[-3.9496,40.2615],[-3.9496,40.2611],[-3.9496,40.2608],[-3.9496,40.2606],[-3.9494,40.2603],[-3.9493,40.2602],[-3.9492,40.2599],[-3.9491,40.2598],[-3.949,40.2596],[-3.949,40.2594],[-3.9491,40.2591],[-3.9491,40.2588],[-3.9492,40.2585],[-3.9493,40.2583],[-3.9494,40.2581],[-3.9496,40.2579],[-3.9498,40.2575],[-3.95,40.2572],[-3.9502,40.257],[-3.9504,40.2568],[-3.9506,40.2567],[-3.9509,40.2565],[-3.951,40.2564],[-3.9513,40.256],[-3.9515,40.2558],[-3.9516,40.2554],[-3.9518,40.2551],[-3.9519,40.2548],[-3.9519,40.2545],[-3.9519,40.2541],[-3.9519,40.2539],[-3.9519,40.2537],[-3.9519,40.2534],[-3.9519,40.253],[-3.9519,40.2528],[-3.9521,40.2525],[-3.9522,40.2523],[-3.9523,40.2519],[-3.9523,40.2517],[-3.9523,40.2514],[-3.9523,40.2512],[-3.9523,40.251],[-3.9522,40.2508],[-3.9522,40.2507],[-3.9521,40.2505],[-3.9521,40.2501],[-3.9521,40.2498],[-3.952,40.2496],[-3.9521,40.2494],[-3.9521,40.2492],[-3.9521,40.249],[-3.9521,40.2488],[-3.952,40.2486],[-3.9519,40.2485],[-3.9518,40.2483],[-3.9517,40.2481],[-3.9517,40.2479],[-3.9516,40.2477],[-3.9514,40.2474],[-3.9512,40.2472],[-3.9509,40.247],[-3.9507,40.2468],[-3.9506,40.2466],[-3.9503,40.2464],[-3.9501,40.2462],[-3.9501,40.246],[-3.95,40.2457],[-3.9499,40.2454],[-3.9498,40.2452],[-3.9497,40.245],[-3.9496,40.2446],[-3.9495,40.2445],[-3.9495,40.2442],[-3.9495,40.2439],[-3.9495,40.2438],[-3.9495,40.2437],[-3.9495,40.2433],[-3.9496,40.2429],[-3.9497,40.2426],[-3.9497,40.2423],[-3.9498,40.2421],[-3.9498,40.242],[-3.9499,40.2418],[-3.9499,40.2415],[-3.9499,40.2412],[-3.9499,40.2411],[-3.95,40.2409],[-3.9501,40.2406],[-3.9501,40.2403],[-3.9502,40.2401],[-3.9502,40.2398],[-3.9501,40.2395],[-3.9501,40.2393],[-3.95,40.2391],[-3.9499,40.239],[-3.9499,40.2388],[-3.9499,40.2387],[-3.9499,40.2385],[-3.9498,40.2385],[-3.9497,40.2384],[-3.9496,40.2383],[-3.9495,40.2381],[-3.9495,40.2379],[-3.9495,40.2376],[-3.9494,40.2374],[-3.9494,40.2373],[-3.9494,40.2372],[-3.9493,40.237],[-3.9493,40.2369],[-3.9493,40.2366],[-3.9492,40.2364],[-3.9491,40.2362],[-3.949,40.236],[-3.949,40.2358],[-3.9489,40.2357],[-3.9489,40.2357],[-3.9487,40.2356],[-3.9487,40.2354],[-3.9487,40.2353],[-3.9486,40.235],[-3.9486,40.2348],[-3.9486,40.2346],[-3.9486,40.2344],[-3.9485,40.2342],[-3.9485,40.2339],[-3.9484,40.2338],[-3.9482,40.2336],[-3.9481,40.2334],[-3.948,40.2331],[-3.9479,40.2329],[-3.9478,40.2326],[-3.9476,40.2323],[-3.9476,40.2321],[-3.9475,40.2318],[-3.9474,40.2316],[-3.9474,40.2313],[-3.9473,40.231],[-3.9473,40.2308],[-3.9472,40.2305],[-3.9471,40.2302],[-3.947,40.23],[-3.947,40.2298],[-3.9469,40.2295],[-3.9468,40.2293],[-3.9468,40.229],[-3.9468,40.2288],[-3.9468,40.2287],[-3.9467,40.2284],[-3.9467,40.2283],[-3.9466,40.2282],[-3.9466,40.228],[-3.9467,40.2278],[-3.9467,40.2276],[-3.9467,40.2273],[-3.9466,40.227],[-3.9466,40.2268],[-3.9465,40.2264],[-3.9466,40.2261],[-3.9466,40.2258],[-3.9466,40.2255],[-3.9466,40.2253],[-3.9466,40.225],[-3.9465,40.2246],[-3.9465,40.2243],[-3.9464,40.224],[-3.9463,40.2238],[-3.9462,40.2235],[-3.9462,40.2233],[-3.9463,40.2231],[-3.9465,40.2229],[-3.9467,40.2227],[-3.9468,40.2226],[-3.9468,40.2226],[-3.9469,40.2226],[-3.9471,40.2225],[-3.9471,40.2222],[-3.947,40.222],[-3.9469,40.2216],[-3.9468,40.2214],[-3.9466,40.2212],[-3.9465,40.221],[-3.9465,40.2208],[-3.9464,40.2205],[-3.9464,40.2202],[-3.9463,40.22],[-3.9463,40.2199],[-3.9463,40.2197],[-3.9462,40.2195],[-3.9462,40.2193],[-3.9462,40.219],[-3.9463,40.2186],[-3.9463,40.2186],[-3.9463,40.2182],[-3.9463,40.2179],[-3.9462,40.2175],[-3.9463,40.2172],[-3.9463,40.2169],[-3.9463,40.2166],[-3.9464,40.2163],[-3.9465,40.2159],[-3.9466,40.2156],[-3.9467,40.2154],[-3.9468,40.2151],[-3.947,40.2148],[-3.9472,40.2146],[-3.9474,40.2142],[-3.9478,40.2138],[-3.9482,40.2135],[-3.9486,40.2132],[-3.9489,40.213],[-3.9489,40.213],[-3.9491,40.2128],[-3.9493,40.2126],[-3.9494,40.2125],[-3.9495,40.2123],[-3.9496,40.2121],[-3.9496,40.2118],[-3.9498,40.2116],[-3.9498,40.2114],[-3.9499,40.2112],[-3.95,40.2108],[-3.9501,40.2105],[-3.9501,40.2103],[-3.95,40.2099],[-3.9499,40.2097],[-3.9499,40.2095],[-3.95,40.2092],[-3.95,40.209],[-3.95,40.2089],[-3.95,40.2088],[-3.95,40.2087],[-3.9501,40.2084],[-3.95,40.2081],[-3.95,40.2079],[-3.9501,40.2076],[-3.9501,40.2075],[-3.9503,40.2071],[-3.9504,40.207],[-3.9504,40.2068],[-3.9506,40.2065],[-3.9507,40.2062],[-3.951,40.2055],[-3.9511,40.205],[-3.9512,40.2047],[-3.9514,40.2044],[-3.9515,40.204],[-3.9515,40.2038],[-3.9516,40.2035],[-3.9516,40.2031],[-3.9516,40.2029],[-3.9517,40.2027],[-3.9518,40.2025],[-3.9518,40.2024],[-3.9518,40.2022],[-3.9518,40.2021],[-3.9519,40.2019],[-3.952,40.2018],[-3.9521,40.2016],[-3.9521,40.2014],[-3.9522,40.2012],[-3.9521,40.2009],[-3.952,40.2005],[-3.9519,40.2001],[-3.9519,40.1997],[-3.9517,40.1993],[-3.9517,40.199],[-3.9517,40.1987],[-3.9517,40.1984],[-3.9517,40.1982],[-3.9517,40.198],[-3.9518,40.1977],[-3.952,40.1972],[-3.9521,40.1971],[-3.9515,40.1968],[-3.9514,40.1967],[-3.9508,40.1965],[-3.9509,40.196],[-3.9509,40.1958],[-3.951,40.1953],[-3.9511,40.1947],[-3.9513,40.1941],[-3.9514,40.1935],[-3.9514,40.1934],[-3.9515,40.1927],[-3.9515,40.1926],[-3.9517,40.1923],[-3.9518,40.1919],[-3.9518,40.1912],[-3.9516,40.1906],[-3.9514,40.19],[-3.9511,40.19],[-3.951,40.1902],[-3.951,40.1903],[-3.9507,40.1908],[-3.9505,40.1911],[-3.9503,40.1913],[-3.9501,40.1915],[-3.9501,40.1917],[-3.9501,40.1919],[-3.9501,40.1921],[-3.9502,40.1924],[-3.9502,40.1927],[-3.9503,40.193],[-3.9503,40.1933],[-3.9504,40.1937],[-3.9504,40.1943],[-3.9505,40.1946],[-3.9505,40.195],[-3.9505,40.1953],[-3.9505,40.1957],[-3.9505,40.196],[-3.9504,40.1964],[-3.9504,40.1967],[-3.9504,40.1971],[-3.9504,40.1974],[-3.9503,40.1978],[-3.9503,40.1982],[-3.9503,40.1985],[-3.9503,40.1987],[-3.9502,40.1989],[-3.95,40.1991],[-3.9499,40.1993],[-3.9498,40.1994],[-3.9496,40.1994],[-3.9494,40.1995],[-3.9493,40.1998],[-3.9492,40.2001],[-3.9492,40.2004],[-3.9492,40.2007],[-3.9492,40.2009],[-3.9492,40.2012],[-3.9491,40.2016],[-3.9491,40.2019],[-3.9491,40.2022],[-3.9491,40.2024],[-3.9491,40.2026],[-3.949,40.203],[-3.949,40.2033],[-3.9489,40.2037],[-3.9488,40.2039],[-3.9486,40.2041],[-3.9485,40.2043],[-3.9483,40.2045],[-3.9482,40.2048],[-3.948,40.2051],[-3.9479,40.2054],[-3.9478,40.2058],[-3.9478,40.2062],[-3.9478,40.2064],[-3.948,40.2065],[-3.9481,40.2067],[-3.9483,40.207],[-3.9484,40.2072],[-3.9485,40.2075],[-3.9485,40.2077],[-3.9485,40.2079],[-3.9485,40.2081],[-3.9487,40.2084],[-3.9487,40.2094],[-3.9485,40.2103],[-3.9485,40.2108],[-3.9485,40.211],[-3.9484,40.2113],[-3.9483,40.2116],[-3.9482,40.2118],[-3.948,40.2121],[-3.9477,40.2124],[-3.9476,40.2126],[-3.9473,40.2128],[-3.947,40.2131],[-3.9466,40.2134],[-3.9464,40.2136],[-3.9462,40.2139],[-3.946,40.2141],[-3.9458,40.2144],[-3.9457,40.2147],[-3.9455,40.215],[-3.9453,40.2155],[-3.9451,40.2158],[-3.9449,40.2162],[-3.9449,40.2165],[-3.9447,40.2167],[-3.9446,40.217],[-3.9444,40.2173],[-3.9442,40.2175],[-3.944,40.2177],[-3.9438,40.2179],[-3.9434,40.218],[-3.9434,40.218],[-3.9434,40.218],[-3.9432,40.218],[-3.943,40.2181],[-3.9429,40.2181],[-3.9425,40.2182],[-3.9422,40.2184],[-3.9419,40.2185],[-3.9415,40.2186],[-3.9412,40.2188],[-3.9408,40.2189],[-3.9406,40.2191],[-3.9403,40.2194],[-3.9402,40.2194],[-3.9399,40.2196],[-3.9397,40.2198],[-3.9395,40.22],[-3.9393,40.2202],[-3.9391,40.2205],[-3.9388,40.2207],[-3.9386,40.2208],[-3.9384,40.2209],[-3.9382,40.221],[-3.9376,40.2212],[-3.9373,40.2212],[-3.937,40.2215],[-3.9367,40.2217],[-3.9364,40.2219],[-3.936,40.2221],[-3.9357,40.2222],[-3.9353,40.2224],[-3.935,40.2225],[-3.9345,40.2226],[-3.9339,40.2226],[-3.9334,40.2226],[-3.9328,40.2226],[-3.9323,40.2226],[-3.9319,40.2226],[-3.9315,40.2226],[-3.931,40.2226],[-3.9306,40.2225],[-3.9301,40.2225],[-3.93,40.2225],[-3.9296,40.2227],[-3.9294,40.2229],[-3.9293,40.2231],[-3.9291,40.2233],[-3.9289,40.2235],[-3.9287,40.2236],[-3.9284,40.2237],[-3.9281,40.2238],[-3.9279,40.224],[-3.9276,40.2241],[-3.9274,40.2242],[-3.927,40.2242],[-3.9267,40.2242],[-3.9264,40.2242],[-3.9261,40.2242],[-3.9258,40.2242],[-3.9256,40.2242],[-3.9254,40.2243],[-3.9252,40.2247],[-3.9251,40.225],[-3.9249,40.2255],[-3.9249,40.2257],[-3.9248,40.226],[-3.9247,40.2262],[-3.9246,40.2263],[-3.9245,40.2265],[-3.9244,40.2266],[-3.9242,40.2267],[-3.924,40.2268],[-3.9237,40.2269],[-3.9234,40.2269],[-3.9231,40.2269],[-3.9227,40.2269],[-3.9225,40.227],[-3.9224,40.2269],[-3.9224,40.2269],[-3.9224,40.2268],[-3.9223,40.2267],[-3.9222,40.2267],[-3.922,40.2267],[-3.9219,40.2268],[-3.9217,40.2269],[-3.9214,40.227],[-3.9211,40.227],[-3.9208,40.2271],[-3.9204,40.2271],[-3.92,40.2271],[-3.9197,40.2271],[-3.9191,40.227],[-3.9192,40.2273],[-3.9193,40.2275],[-3.9193,40.2277],[-3.9193,40.2279],[-3.9192,40.2281],[-3.9192,40.2281],[-3.9192,40.2283],[-3.9206,40.2279],[-3.921,40.2277],[-3.9212,40.2277],[-3.9215,40.2277],[-3.9218,40.2278],[-3.9221,40.2279],[-3.9225,40.2281],[-3.9228,40.2282],[-3.9229,40.2283],[-3.923,40.2283],[-3.9232,40.2281],[-3.9235,40.228],[-3.9238,40.228],[-3.9243,40.2281],[-3.9242,40.2291],[-3.9241,40.2295],[-3.924,40.2297],[-3.9239,40.2299],[-3.9238,40.23],[-3.9236,40.2302],[-3.9235,40.2303],[-3.9234,40.2305],[-3.9233,40.2307],[-3.9232,40.2308],[-3.9231,40.231],[-3.923,40.2311],[-3.9229,40.2312],[-3.9228,40.2312],[-3.9226,40.2312],[-3.9224,40.2312],[-3.9221,40.2313],[-3.9218,40.2313],[-3.9215,40.2313],[-3.9213,40.2313],[-3.921,40.2314],[-3.9207,40.2314],[-3.9205,40.2314],[-3.9202,40.2315],[-3.92,40.2316],[-3.9197,40.2317],[-3.9196,40.2318],[-3.9197,40.232],[-3.9198,40.2323],[-3.9198,40.2325],[-3.9199,40.2327],[-3.9199,40.2328],[-3.9201,40.233],[-3.9202,40.2332],[-3.9203,40.2335],[-3.9204,40.2337],[-3.9205,40.2338],[-3.9206,40.234],[-3.9206,40.2343],[-3.9206,40.2344],[-3.9206,40.2347],[-3.9206,40.2349],[-3.9204,40.2352],[-3.9202,40.2354],[-3.9201,40.2356],[-3.9199,40.2358],[-3.9199,40.2359],[-3.9198,40.2362],[-3.9195,40.2362],[-3.9193,40.2362],[-3.9191,40.2368],[-3.9191,40.2371],[-3.9189,40.2375],[-3.9188,40.2378],[-3.9188,40.2381],[-3.9187,40.2384],[-3.9187,40.2386],[-3.9187,40.2388],[-3.9189,40.239],[-3.9192,40.2392],[-3.9195,40.2395],[-3.9198,40.2397],[-3.9201,40.2399],[-3.9205,40.2402],[-3.9206,40.2403],[-3.9208,40.2405],[-3.9213,40.2408],[-3.9219,40.2412],[-3.9222,40.2415],[-3.9225,40.2418],[-3.923,40.2421],[-3.9232,40.2424],[-3.9233,40.2424],[-3.9234,40.2424],[-3.9235,40.2424],[-3.9236,40.2424],[-3.9237,40.2424],[-3.9238,40.2424],[-3.924,40.2427],[-3.9242,40.2427],[-3.9242,40.2426],[-3.9242,40.2426],[-3.9243,40.2425],[-3.9245,40.2425],[-3.9246,40.2424],[-3.9248,40.2424],[-3.9251,40.2422],[-3.9254,40.2422],[-3.9256,40.2421],[-3.9257,40.2421],[-3.9258,40.2421],[-3.9259,40.2421],[-3.9259,40.2421],[-3.9261,40.2421],[-3.9263,40.2421],[-3.9264,40.242],[-3.9265,40.242],[-3.9266,40.242],[-3.9268,40.2419],[-3.9268,40.2418],[-3.9269,40.2417],[-3.927,40.2417],[-3.927,40.2416],[-3.9271,40.2415],[-3.9271,40.2414],[-3.9271,40.2413],[-3.9271,40.2412],[-3.9272,40.241],[-3.9272,40.2408],[-3.9273,40.2407],[-3.9276,40.2405],[-3.9277,40.2405],[-3.9279,40.2404],[-3.928,40.2404],[-3.9285,40.2403],[-3.9286,40.2402],[-3.9288,40.2401],[-3.929,40.24],[-3.9292,40.2398],[-3.9294,40.2397],[-3.9296,40.2397],[-3.9298,40.2395],[-3.9299,40.2394],[-3.9301,40.2395],[-3.9305,40.2399],[-3.9311,40.2404],[-3.931,40.2405],[-3.9308,40.2406],[-3.9305,40.2409],[-3.9307,40.241],[-3.9308,40.2412],[-3.9309,40.2413],[-3.9311,40.2414],[-3.9313,40.2417],[-3.9314,40.2418],[-3.9315,40.2419],[-3.9315,40.242],[-3.9316,40.2421],[-3.9316,40.2421],[-3.9316,40.2423],[-3.9316,40.2424],[-3.9316,40.2425],[-3.9316,40.2426],[-3.9317,40.2428],[-3.9317,40.2431],[-3.9318,40.2433],[-3.9319,40.2435],[-3.932,40.2436],[-3.9321,40.2436],[-3.9322,40.2438],[-3.9323,40.2438],[-3.9324,40.2439],[-3.9324,40.2439],[-3.9324,40.2439],[-3.9325,40.2438],[-3.9325,40.2436],[-3.9326,40.2436],[-3.9326,40.2436],[-3.9327,40.2436],[-3.9329,40.2436],[-3.933,40.2436],[-3.9332,40.2436],[-3.9334,40.2436],[-3.9335,40.2436],[-3.9336,40.2436],[-3.9336,40.2436],[-3.9336,40.2436],[-3.9336,40.2436],[-3.9336,40.2436],[-3.9338,40.2437],[-3.934,40.2437],[-3.9341,40.2437],[-3.9342,40.2437],[-3.9343,40.2438],[-3.9344,40.2438],[-3.9345,40.2438],[-3.9345,40.2438],[-3.9345,40.2438],[-3.9345,40.2438],[-3.9346,40.2438],[-3.9347,40.2438],[-3.9348,40.2438],[-3.9349,40.2438],[-3.9349,40.2437],[-3.935,40.2437],[-3.935,40.2437],[-3.9351,40.2437],[-3.9351,40.2436],[-3.9352,40.2436],[-3.9353,40.2436],[-3.9353,40.2436],[-3.9354,40.2436],[-3.9354,40.2436],[-3.9355,40.2436],[-3.9356,40.2437],[-3.9358,40.2437],[-3.9359,40.2438],[-3.9361,40.2439],[-3.9362,40.2439],[-3.9362,40.2439],[-3.9363,40.2439],[-3.9364,40.2439],[-3.9365,40.2439],[-3.9366,40.2439],[-3.9368,40.2438],[-3.9369,40.2438],[-3.9371,40.2437],[-3.9372,40.2437],[-3.9374,40.2437],[-3.9375,40.2437],[-3.9376,40.2437],[-3.9378,40.2436],[-3.9379,40.2436],[-3.938,40.2437],[-3.9381,40.2437],[-3.9382,40.2437],[-3.9383,40.2437],[-3.9384,40.2438],[-3.9386,40.2438],[-3.9387,40.2438],[-3.9388,40.2438],[-3.939,40.2438],[-3.9391,40.2439],[-3.9392,40.2439],[-3.9395,40.2439],[-3.9396,40.244],[-3.9399,40.244],[-3.9401,40.2439],[-3.9404,40.2439],[-3.9409,40.2438],[-3.9411,40.2438],[-3.9411,40.2438],[-3.9412,40.2438],[-3.9413,40.2438],[-3.9414,40.2439],[-3.9415,40.2439],[-3.9416,40.244],[-3.9417,40.244],[-3.9419,40.2441],[-3.942,40.2442],[-3.9421,40.2442],[-3.9423,40.2442],[-3.9427,40.2443],[-3.9428,40.2443],[-3.9429,40.2444],[-3.943,40.2445],[-3.943,40.2445],[-3.9431,40.2445],[-3.9433,40.2445],[-3.9434,40.2444],[-3.9436,40.2442],[-3.9438,40.2441],[-3.9439,40.244],[-3.944,40.2439],[-3.9441,40.2438],[-3.9443,40.2438],[-3.9444,40.2438],[-3.9445,40.2437],[-3.9445,40.2436],[-3.9447,40.2436],[-3.9449,40.2437],[-3.9451,40.2437],[-3.9454,40.2437],[-3.9458,40.2437],[-3.946,40.2438],[-3.9461,40.2437],[-3.9463,40.2437],[-3.9465,40.2437],[-3.9465,40.2436],[-3.9467,40.2436],[-3.9468,40.2435],[-3.947,40.2435],[-3.9473,40.2435],[-3.9475,40.2436],[-3.9478,40.2437],[-3.948,40.2437],[-3.9482,40.2438],[-3.9482,40.2438],[-3.9483,40.244],[-3.9485,40.2443],[-3.9485,40.2445],[-3.9486,40.2448],[-3.9486,40.245],[-3.9487,40.2452],[-3.9487,40.2457],[-3.9487,40.2459],[-3.9487,40.2461],[-3.9487,40.2462],[-3.9487,40.2463],[-3.9488,40.2466],[-3.9489,40.2469],[-3.949,40.2472],[-3.9491,40.2475],[-3.9492,40.2477],[-3.9492,40.2479],[-3.9492,40.248],[-3.9493,40.2482],[-3.9494,40.2484],[-3.9495,40.2485],[-3.9496,40.2487],[-3.9497,40.2487],[-3.9498,40.2487],[-3.9499,40.2488],[-3.95,40.2488],[-3.9501,40.2489],[-3.9502,40.2489],[-3.9503,40.2489],[-3.9504,40.2489],[-3.9506,40.2489],[-3.9507,40.2489],[-3.9508,40.249],[-3.9509,40.2491],[-3.9509,40.2492],[-3.951,40.2494],[-3.951,40.2495],[-3.951,40.2497],[-3.951,40.2499],[-3.951,40.2501],[-3.951,40.2503],[-3.9511,40.2505],[-3.9511,40.2508],[-3.9511,40.2511],[-3.9512,40.2513],[-3.9513,40.2515],[-3.9514,40.2519],[-3.9514,40.2523],[-3.9513,40.2526],[-3.9512,40.2529],[-3.9511,40.2532],[-3.9511,40.2535],[-3.951,40.2538],[-3.9511,40.2541],[-3.951,40.2545],[-3.9509,40.2547],[-3.9507,40.255],[-3.9505,40.2552],[-3.9502,40.2555],[-3.95,40.2557],[-3.9498,40.2559],[-3.9497,40.2561],[-3.9496,40.2565],[-3.9495,40.2568],[-3.9492,40.2572],[-3.9491,40.2574],[-3.9489,40.2578],[-3.9486,40.2582],[-3.9484,40.2585],[-3.9482,40.259],[-3.9481,40.2593],[-3.948,40.2596],[-3.948,40.2599],[-3.9481,40.2601],[-3.9482,40.2604],[-3.9483,40.2606],[-3.9483,40.2609],[-3.9482,40.2611],[-3.9481,40.2614],[-3.9478,40.2618],[-3.9477,40.262],[-3.9476,40.2621],[-3.9475,40.2621],[-3.9475,40.2622],[-3.9475,40.2622],[-3.9474,40.2622],[-3.9472,40.2622],[-3.9471,40.2621],[-3.9469,40.2621],[-3.9467,40.262],[-3.9465,40.2618],[-3.9463,40.2616],[-3.9461,40.2615],[-3.946,40.2614],[-3.9458,40.2614],[-3.9458,40.2613],[-3.9456,40.2611],[-3.9454,40.2609],[-3.9452,40.2608],[-3.9449,40.2607],[-3.9446,40.2606],[-3.9442,40.2607],[-3.944,40.2608],[-3.9437,40.261],[-3.9436,40.2613],[-3.9435,40.2616],[-3.9433,40.2619],[-3.9432,40.2621],[-3.9431,40.2623],[-3.9429,40.2624],[-3.9426,40.2624],[-3.9423,40.2624],[-3.9421,40.2623],[-3.9417,40.2623],[-3.9415,40.2623],[-3.9413,40.2624],[-3.9411,40.2625],[-3.9408,40.2626],[-3.9406,40.2627],[-3.9404,40.2627],[-3.94,40.2628],[-3.9397,40.2628],[-3.9395,40.2627],[-3.9394,40.2626],[-3.9392,40.2625],[-3.939,40.2625],[-3.939,40.2624],[-3.9387,40.2622],[-3.9384,40.2622],[-3.938,40.2621],[-3.9377,40.2621],[-3.9375,40.2621],[-3.9373,40.2621],[-3.9371,40.2622],[-3.937,40.2623],[-3.9369,40.2624],[-3.9366,40.2626],[-3.9365,40.2627],[-3.9362,40.2628],[-3.9359,40.2628],[-3.9357,40.2628],[-3.9354,40.2627],[-3.9352,40.2627],[-3.9349,40.2627],[-3.9346,40.2627],[-3.9345,40.2627],[-3.9343,40.2628],[-3.934,40.2629],[-3.9339,40.2631],[-3.9338,40.2632],[-3.9338,40.2634],[-3.9337,40.2636],[-3.9336,40.2636],[-3.9333,40.2638],[-3.9331,40.2639],[-3.9328,40.2641],[-3.9326,40.2643],[-3.9325,40.2644],[-3.9322,40.2646],[-3.9319,40.2648],[-3.9317,40.2649],[-3.9314,40.265],[-3.9311,40.2651],[-3.9309,40.2651],[-3.9305,40.2652],[-3.9302,40.2652],[-3.93,40.2652],[-3.9297,40.2652],[-3.9294,40.2652],[-3.9293,40.2652],[-3.929,40.2652],[-3.9288,40.2651],[-3.9287,40.2651],[-3.9285,40.265],[-3.9284,40.2649],[-3.9282,40.2648],[-3.9281,40.2648],[-3.9278,40.2646],[-3.9275,40.2644],[-3.9273,40.2642],[-3.9271,40.2641],[-3.9268,40.264],[-3.9266,40.2638],[-3.9264,40.2637],[-3.9261,40.2635],[-3.9258,40.2633],[-3.9257,40.2632],[-3.9255,40.263],[-3.9252,40.2629],[-3.9249,40.2627],[-3.9248,40.2626],[-3.9246,40.2624],[-3.9244,40.2623],[-3.9243,40.2622],[-3.9236,40.2618],[-3.9236,40.2617],[-3.9236,40.2619],[-3.9236,40.262],[-3.9236,40.2621],[-3.9236,40.2621],[-3.9236,40.2622],[-3.9238,40.2624],[-3.9239,40.2625],[-3.924,40.2626],[-3.924,40.2626],[-3.9241,40.2626],[-3.9243,40.2627],[-3.9246,40.2627],[-3.9246,40.2628],[-3.9246,40.2628],[-3.9246,40.2628],[-3.9246,40.2629],[-3.9246,40.2629],[-3.9247,40.263],[-3.9247,40.263],[-3.9248,40.263],[-3.9248,40.2631],[-3.925,40.2631],[-3.9251,40.2632],[-3.9252,40.2633],[-3.9254,40.2634],[-3.9255,40.2634],[-3.9256,40.2635],[-3.9256,40.2636],[-3.9257,40.2637],[-3.9257,40.2637],[-3.9257,40.2637],[-3.9259,40.2637],[-3.926,40.2638],[-3.9261,40.2638],[-3.9261,40.2639],[-3.9262,40.264],[-3.9263,40.2641],[-3.9264,40.2642],[-3.9266,40.2643],[-3.9268,40.2643],[-3.9268,40.2644],[-3.9269,40.2645],[-3.927,40.2646],[-3.9272,40.2647],[-3.9273,40.2647],[-3.9274,40.2648],[-3.9276,40.2649],[-3.9277,40.2649],[-3.9277,40.265],[-3.9277,40.265],[-3.9277,40.265],[-3.9278,40.2651],[-3.928,40.2652],[-3.9281,40.2653],[-3.9282,40.2654],[-3.9282,40.2655],[-3.9282,40.2656],[-3.9282,40.2659],[-3.9281,40.2662],[-3.928,40.2667],[-3.9279,40.2667],[-3.9279,40.2668],[-3.9278,40.2668],[-3.9278,40.2669],[-3.9277,40.2669],[-3.9276,40.2669],[-3.9274,40.267],[-3.9271,40.267],[-3.927,40.2671],[-3.9267,40.2671],[-3.9264,40.2672],[-3.9263,40.2672],[-3.9261,40.2673],[-3.9257,40.2673],[-3.9253,40.2674],[-3.925,40.2674],[-3.9251,40.2676],[-3.925,40.2676],[-3.9244,40.2679],[-3.9241,40.268],[-3.9238,40.2682],[-3.9236,40.2683],[-3.9236,40.2684],[-3.9241,40.2683],[-3.9241,40.2683],[-3.9241,40.2683],[-3.9246,40.2682],[-3.9247,40.2682],[-3.9249,40.2682],[-3.925,40.2682],[-3.9251,40.2682],[-3.9253,40.2682],[-3.9254,40.2683],[-3.9255,40.2683],[-3.9256,40.2683],[-3.9258,40.2684],[-3.926,40.2684],[-3.9263,40.2684],[-3.9265,40.2683],[-3.9267,40.2683],[-3.927,40.2681],[-3.9271,40.2681],[-3.9272,40.2679],[-3.9273,40.2678],[-3.9274,40.2677],[-3.9275,40.2676],[-3.9276,40.2675],[-3.9277,40.2674],[-3.928,40.2673],[-3.9282,40.2673],[-3.9282,40.2673],[-3.9284,40.2672],[-3.9286,40.2671],[-3.9288,40.267],[-3.9288,40.2668],[-3.9289,40.2667],[-3.929,40.2666],[-3.9292,40.2665],[-3.9293,40.2664],[-3.9295,40.2664],[-3.9297,40.2663],[-3.9298,40.2662],[-3.9299,40.266],[-3.9299,40.266],[-3.93,40.2659],[-3.9301,40.2659],[-3.9301,40.2658],[-3.9304,40.2658],[-3.9306,40.2657],[-3.9309,40.2657],[-3.9313,40.2656],[-3.9316,40.2655],[-3.9319,40.2655],[-3.9321,40.2654],[-3.9324,40.2652],[-3.9326,40.265],[-3.9327,40.2648],[-3.9329,40.2646],[-3.9331,40.2644],[-3.9333,40.2642],[-3.9334,40.2641],[-3.9335,40.2641],[-3.9338,40.2641],[-3.934,40.2641],[-3.9343,40.2641],[-3.9344,40.2641],[-3.9345,40.2641],[-3.9346,40.2641],[-3.9348,40.264],[-3.9349,40.2638],[-3.9352,40.2636],[-3.9353,40.2635],[-3.9355,40.2635],[-3.9357,40.2636],[-3.9358,40.2636],[-3.936,40.2636],[-3.9362,40.2636],[-3.9364,40.2636],[-3.9366,40.2636],[-3.9368,40.2635],[-3.9369,40.2634],[-3.9371,40.2632],[-3.9371,40.263],[-3.9373,40.2629],[-3.9374,40.2628],[-3.9377,40.2628],[-3.9381,40.2628],[-3.9383,40.2628],[-3.9385,40.2628],[-3.9387,40.2629],[-3.939,40.263],[-3.9393,40.263],[-3.9396,40.263],[-3.9398,40.263],[-3.9402,40.263],[-3.9404,40.263],[-3.9406,40.2629],[-3.9409,40.2628],[-3.9411,40.2628],[-3.9412,40.2627],[-3.9415,40.2626],[-3.9416,40.2626],[-3.9418,40.2626],[-3.9419,40.2626],[-3.9423,40.2626],[-3.9425,40.2627],[-3.9428,40.2627],[-3.943,40.2627],[-3.9432,40.2626],[-3.9433,40.2624],[-3.9434,40.2623],[-3.9436,40.2621],[-3.9437,40.262],[-3.9438,40.2618],[-3.9439,40.2616],[-3.944,40.2614],[-3.9441,40.2613],[-3.9442,40.2611],[-3.9445,40.261],[-3.9448,40.261],[-3.9449,40.261],[-3.945,40.2612],[-3.9451,40.2615],[-3.9452,40.2617],[-3.9454,40.2619],[-3.9456,40.262],[-3.9459,40.262],[-3.946,40.262],[-3.9462,40.2621],[-3.9464,40.2621],[-3.9466,40.2622],[-3.9468,40.2623],[-3.947,40.2624],[-3.9471,40.2624],[-3.9472,40.2625],[-3.9472,40.2625],[-3.9472,40.2627],[-3.9472,40.2627],[-3.9471,40.2629],[-3.947,40.2632],[-3.947,40.2635],[-3.9469,40.2637],[-3.9469,40.2639],[-3.9468,40.2642],[-3.9467,40.2644],[-3.9466,40.2647],[-3.9465,40.2649],[-3.9464,40.2652],[-3.9463,40.2655],[-3.9463,40.2659],[-3.9463,40.2661],[-3.9463,40.2665],[-3.9463,40.2668],[-3.9464,40.2672],[-3.9465,40.2675],[-3.9466,40.2679],[-3.9466,40.2682],[-3.9467,40.2685],[-3.9467,40.2688],[-3.9467,40.2691],[-3.9468,40.2694],[-3.9468,40.2697],[-3.9469,40.27],[-3.9469,40.2703],[-3.9469,40.2706],[-3.947,40.2709],[-3.9471,40.2711],[-3.9473,40.2714],[-3.9475,40.2717],[-3.9477,40.2719],[-3.9478,40.2721],[-3.948,40.2726],[-3.948,40.2726],[-3.948,40.2726],[-3.9481,40.2729],[-3.9481,40.2733],[-3.9482,40.2736],[-3.9482,40.2739],[-3.9482,40.2742],[-3.948,40.2745],[-3.9478,40.2747],[-3.9476,40.275],[-3.9475,40.2752],[-3.9474,40.2755],[-3.9473,40.2757],[-3.9472,40.2759],[-3.9471,40.2762],[-3.947,40.2764],[-3.9468,40.2767],[-3.9467,40.277],[-3.9466,40.2772],[-3.9465,40.2774],[-3.9464,40.2776],[-3.9461,40.2778],[-3.946,40.278],[-3.9457,40.2782],[-3.9455,40.2785],[-3.9453,40.2787],[-3.9451,40.2789],[-3.9448,40.2793],[-3.9445,40.2796],[-3.9441,40.2799],[-3.9438,40.2802],[-3.9434,40.2807],[-3.9432,40.2809],[-3.9431,40.2811],[-3.9429,40.2814],[-3.9428,40.2816],[-3.9428,40.2819],[-3.9427,40.2822],[-3.9426,40.2824],[-3.9426,40.2826],[-3.9426,40.2828],[-3.9425,40.283],[-3.9425,40.2832],[-3.9424,40.2834],[-3.9423,40.2836],[-3.9422,40.284],[-3.9418,40.2846],[-3.9416,40.2849],[-3.9416,40.2851],[-3.9416,40.2853],[-3.9416,40.2857],[-3.9415,40.286],[-3.9415,40.2862],[-3.9415,40.2865],[-3.9414,40.2869],[-3.9414,40.2872],[-3.9414,40.2875],[-3.9415,40.2879],[-3.9415,40.2881],[-3.9416,40.2882],[-3.9417,40.2884],[-3.9417,40.2885],[-3.9417,40.2887],[-3.9416,40.2888],[-3.9416,40.2888],[-3.9418,40.2889],[-3.9419,40.2889],[-3.942,40.2888],[-3.9421,40.2889],[-3.9421,40.289],[-3.9422,40.2892],[-3.9423,40.2894],[-3.9424,40.2896],[-3.9424,40.2898],[-3.9423,40.2901],[-3.9423,40.2904],[-3.9422,40.2906],[-3.9422,40.2908],[-3.9421,40.291],[-3.9419,40.2912],[-3.9418,40.2914],[-3.9417,40.2916],[-3.9416,40.2918],[-3.9416,40.2921],[-3.9416,40.2923],[-3.9416,40.2924],[-3.9415,40.2927],[-3.9414,40.2929],[-3.9413,40.2932],[-3.9413,40.2935],[-3.9413,40.2937],[-3.9413,40.2938],[-3.9415,40.294],[-3.9416,40.2942],[-3.9417,40.2944],[-3.9418,40.2946],[-3.9419,40.2948],[-3.9419,40.2951],[-3.9419,40.2954],[-3.9419,40.2957],[-3.9418,40.2959],[-3.9416,40.2961],[-3.9414,40.2963],[-3.9413,40.2965],[-3.9414,40.2967],[-3.9415,40.2969],[-3.9416,40.2971],[-3.9417,40.2973],[-3.9418,40.2975],[-3.9417,40.2976],[-3.9416,40.2978],[-3.9414,40.2981],[-3.9412,40.2984],[-3.9413,40.2985],[-3.9414,40.2986],[-3.9414,40.2988],[-3.9414,40.299],[-3.9414,40.2992],[-3.9414,40.2993],[-3.9414,40.2996],[-3.9413,40.2998],[-3.9412,40.3001],[-3.9412,40.3008],[-3.9411,40.3012],[-3.9411,40.3015],[-3.9412,40.302],[-3.9412,40.3021],[-3.9412,40.3022],[-3.9412,40.3023],[-3.9411,40.3024],[-3.9412,40.3024],[-3.9412,40.3024],[-3.9411,40.3025],[-3.9411,40.3026],[-3.9411,40.3027],[-3.9411,40.3028],[-3.9411,40.303],[-3.9411,40.3032],[-3.941,40.3034],[-3.941,40.3036],[-3.941,40.3038],[-3.941,40.304],[-3.941,40.3044],[-3.941,40.3046],[-3.9411,40.3049],[-3.9411,40.3049],[-3.9414,40.3054],[-3.9415,40.3056],[-3.9416,40.3057],[-3.9417,40.3058],[-3.9418,40.3059],[-3.942,40.306],[-3.9421,40.3061],[-3.9423,40.3063],[-3.9424,40.3064],[-3.9427,40.3066],[-3.9429,40.3069],[-3.943,40.3071],[-3.9431,40.3073],[-3.9432,40.3075],[-3.9433,40.3077],[-3.9433,40.3079],[-3.9435,40.308],[-3.9437,40.3082],[-3.944,40.3083],[-3.9442,40.3085],[-3.9444,40.3086],[-3.9447,40.3089],[-3.9448,40.3091],[-3.9449,40.3092],[-3.945,40.3094],[-3.945,40.3096],[-3.9449,40.3097],[-3.9448,40.3098],[-3.9446,40.3099],[-3.9444,40.3099],[-3.9442,40.31],[-3.9439,40.31],[-3.9437,40.31],[-3.9435,40.31],[-3.9433,40.31],[-3.943,40.31],[-3.9429,40.3099],[-3.9426,40.3099],[-3.9424,40.3099],[-3.9421,40.3098],[-3.9418,40.3099],[-3.9416,40.31],[-3.9414,40.31],[-3.9412,40.31],[-3.9411,40.31],[-3.9409,40.3099],[-3.9407,40.3099],[-3.9406,40.3099],[-3.9405,40.3099],[-3.9404,40.3099],[-3.9402,40.31],[-3.94,40.3101],[-3.9399,40.3102],[-3.9397,40.3103],[-3.9396,40.3104],[-3.9395,40.3105],[-3.9393,40.3107],[-3.9392,40.3108],[-3.939,40.3108],[-3.9388,40.3107],[-3.9386,40.3107],[-3.9384,40.3107],[-3.9382,40.3107],[-3.938,40.3107],[-3.9378,40.3108],[-3.9375,40.3109],[-3.9373,40.311],[-3.9371,40.311],[-3.9368,40.3112],[-3.9367,40.3113],[-3.9365,40.3113],[-3.9364,40.3113],[-3.9362,40.3112],[-3.936,40.3112],[-3.9358,40.3113],[-3.9356,40.3113],[-3.9355,40.3115],[-3.9354,40.3115],[-3.9352,40.3116],[-3.9349,40.3116],[-3.9349,40.3116],[-3.9348,40.3117],[-3.9347,40.3118],[-3.9346,40.3119],[-3.9345,40.312],[-3.9343,40.3121],[-3.9341,40.3121],[-3.9341,40.3121],[-3.9339,40.3122],[-3.9336,40.3123],[-3.9332,40.3125],[-3.9328,40.3127],[-3.9325,40.313],[-3.9323,40.3132],[-3.9321,40.3134],[-3.9319,40.3135],[-3.9317,40.3136],[-3.9316,40.3137],[-3.9314,40.3138],[-3.9312,40.3139],[-3.9309,40.314],[-3.9305,40.3141],[-3.9302,40.3141],[-3.9298,40.3142],[-3.9296,40.3143],[-3.9294,40.3144],[-3.9292,40.3145],[-3.9289,40.3147],[-3.9288,40.3148],[-3.9286,40.315],[-3.9285,40.3151],[-3.9283,40.3152],[-3.9281,40.3154],[-3.9278,40.3155],[-3.9276,40.3156],[-3.9274,40.3157],[-3.9272,40.3158],[-3.9271,40.316],[-3.9268,40.3162],[-3.9263,40.3168],[-3.926,40.3172],[-3.9258,40.3175],[-3.9257,40.3176],[-3.9256,40.3176],[-3.9254,40.3177],[-3.9253,40.3177],[-3.925,40.3177],[-3.9244,40.3177],[-3.9236,40.3178],[-3.9232,40.3179],[-3.923,40.318],[-3.9229,40.318],[-3.9228,40.318],[-3.9227,40.3179],[-3.9226,40.3178],[-3.9225,40.3177],[-3.9225,40.3176],[-3.9223,40.3175],[-3.9221,40.3175],[-3.9219,40.3173],[-3.9216,40.3173],[-3.9213,40.3173],[-3.9212,40.3173],[-3.9211,40.3173],[-3.9211,40.3173],[-3.9211,40.3174],[-3.9212,40.3176],[-3.9214,40.3181],[-3.9214,40.3182],[-3.9214,40.3184],[-3.9214,40.3185],[-3.9213,40.3185],[-3.9212,40.3186],[-3.921,40.3185],[-3.9208,40.3185],[-3.9206,40.3184],[-3.9199,40.3181],[-3.9192,40.3179],[-3.9187,40.3178],[-3.9185,40.3178],[-3.9183,40.3178],[-3.9181,40.3178],[-3.918,40.3179],[-3.9179,40.3179],[-3.9178,40.3179],[-3.9176,40.3179],[-3.9175,40.3179],[-3.9175,40.318],[-3.9174,40.3182],[-3.9173,40.3184],[-3.9173,40.3186],[-3.9173,40.3187],[-3.9174,40.319],[-3.9174,40.3191],[-3.9175,40.3191],[-3.9176,40.3192],[-3.9183,40.3192],[-3.9186,40.3193],[-3.9189,40.3193],[-3.9195,40.3194],[-3.9199,40.3194],[-3.92,40.3195],[-3.92,40.3195],[-3.92,40.3196],[-3.9199,40.3202],[-3.9198,40.3204],[-3.9198,40.3204],[-3.9197,40.3205],[-3.9197,40.3205],[-3.9196,40.3207],[-3.9194,40.3209],[-3.9192,40.3212],[-3.9192,40.3213],[-3.9191,40.3213],[-3.9188,40.3213],[-3.9181,40.3215],[-3.9176,40.3215],[-3.9172,40.3215],[-3.9169,40.3216],[-3.9166,40.3217],[-3.9164,40.3218],[-3.9163,40.3219],[-3.9162,40.3221],[-3.9161,40.3222],[-3.9159,40.3223],[-3.9157,40.3224],[-3.9156,40.3225],[-3.9154,40.3226],[-3.9152,40.3227],[-3.9151,40.3227],[-3.9151,40.3228],[-3.915,40.3229],[-3.915,40.3235],[-3.9145,40.3235],[-3.9142,40.3235],[-3.914,40.3234],[-3.9137,40.3234],[-3.9134,40.3234],[-3.9131,40.3235],[-3.9129,40.3236],[-3.9127,40.3237],[-3.9127,40.3237],[-3.9126,40.3239],[-3.9125,40.324],[-3.9125,40.3241],[-3.9125,40.3243],[-3.9125,40.3244],[-3.9124,40.3246],[-3.9123,40.3247],[-3.912,40.325],[-3.9118,40.3253],[-3.9116,40.3255],[-3.9115,40.3256],[-3.911,40.3256],[-3.9108,40.3256],[-3.9105,40.3255],[-3.9103,40.3256],[-3.9102,40.3256],[-3.91,40.3256],[-3.9099,40.3256],[-3.9098,40.3256],[-3.9097,40.3257],[-3.9095,40.3256],[-3.9094,40.3256],[-3.909,40.3256],[-3.9088,40.3256],[-3.9087,40.3256],[-3.9086,40.3256],[-3.9086,40.3257],[-3.9086,40.3258],[-3.9085,40.3259],[-3.9084,40.3261],[-3.9083,40.3263],[-3.9086,40.3263],[-3.9087,40.3262],[-3.9089,40.3261],[-3.909,40.3261],[-3.9092,40.3261],[-3.9096,40.326],[-3.9099,40.3259],[-3.9101,40.3259],[-3.9104,40.3259],[-3.9105,40.3259],[-3.9106,40.3259],[-3.9107,40.3259],[-3.9109,40.3259],[-3.9112,40.3259],[-3.9115,40.3259],[-3.9117,40.3259],[-3.9119,40.3258],[-3.9122,40.3258],[-3.9123,40.3258],[-3.9123,40.3257],[-3.9128,40.325],[-3.9131,40.3246],[-3.9132,40.3244],[-3.9134,40.3242],[-3.9135,40.3241],[-3.9138,40.324],[-3.914,40.3239],[-3.9142,40.3239],[-3.9144,40.3238],[-3.9146,40.3238],[-3.9148,40.3238],[-3.915,40.3238],[-3.9153,40.3238],[-3.9155,40.3237],[-3.9157,40.3235],[-3.916,40.3233],[-3.9161,40.3232],[-3.9162,40.323],[-3.9163,40.3229],[-3.9164,40.3228],[-3.9166,40.3226],[-3.9167,40.3224],[-3.9168,40.3223],[-3.9169,40.3222],[-3.9171,40.3221],[-3.9173,40.3221],[-3.9176,40.322],[-3.9177,40.322],[-3.918,40.322],[-3.9182,40.3221],[-3.9184,40.3221],[-3.9185,40.3222],[-3.9186,40.3222],[-3.9188,40.3222],[-3.9191,40.3222],[-3.9192,40.3222],[-3.9194,40.3221],[-3.9197,40.322],[-3.9198,40.3219],[-3.9199,40.3217],[-3.92,40.3216],[-3.9202,40.3214],[-3.9204,40.3212],[-3.9205,40.3211],[-3.9207,40.321],[-3.9209,40.3208],[-3.921,40.3206],[-3.9212,40.3205],[-3.9213,40.3204],[-3.9216,40.3203],[-3.9218,40.3202],[-3.922,40.3201],[-3.9222,40.3201],[-3.9225,40.32],[-3.9228,40.3199],[-3.923,40.3197],[-3.9231,40.3196],[-3.9233,40.3196],[-3.9235,40.3195],[-3.9237,40.3194],[-3.9238,40.3193],[-3.924,40.3192],[-3.9242,40.3192],[-3.9244,40.3191],[-3.9246,40.3191],[-3.9248,40.319],[-3.9249,40.319],[-3.9251,40.319],[-3.9253,40.319],[-3.9255,40.319],[-3.9256,40.3188],[-3.9258,40.3187],[-3.9259,40.3185],[-3.9261,40.3184],[-3.9263,40.3183],[-3.9265,40.3183],[-3.9267,40.3182],[-3.9269,40.318],[-3.9271,40.3179],[-3.9273,40.3177],[-3.9274,40.3175],[-3.9275,40.3173],[-3.9275,40.3171],[-3.9276,40.3168],[-3.9277,40.3167],[-3.9278,40.3165],[-3.928,40.3166],[-3.9282,40.3167],[-3.9283,40.3167],[-3.9284,40.3168],[-3.9286,40.3168],[-3.9288,40.3168],[-3.9291,40.3166],[-3.9291,40.3164],[-3.929,40.3162],[-3.929,40.3162],[-3.929,40.3161],[-3.9291,40.3159],[-3.9292,40.3158],[-3.9294,40.3157],[-3.9296,40.3156],[-3.9296,40.3154],[-3.9297,40.3153],[-3.9297,40.3152],[-3.9297,40.3151],[-3.9298,40.3149],[-3.9299,40.3149],[-3.93,40.3149],[-3.9302,40.3149],[-3.9305,40.3149],[-3.9307,40.3149],[-3.931,40.3148],[-3.9312,40.3148],[-3.9314,40.3148],[-3.9317,40.3149],[-3.9318,40.315],[-3.9318,40.3151],[-3.932,40.3151],[-3.9321,40.315],[-3.9322,40.3147],[-3.9323,40.3146],[-3.9324,40.3144],[-3.9325,40.3142],[-3.9327,40.3141],[-3.9329,40.3141],[-3.9331,40.3139],[-3.9333,40.3135],[-3.9335,40.3133],[-3.9337,40.3131],[-3.9338,40.3131],[-3.934,40.3131],[-3.9342,40.3132],[-3.9345,40.3133],[-3.9348,40.3133],[-3.9349,40.3133],[-3.9351,40.3132],[-3.9352,40.313],[-3.9353,40.3127],[-3.9354,40.3125],[-3.9355,40.3124],[-3.9356,40.3123],[-3.9358,40.3122],[-3.9358,40.312],[-3.9359,40.3118],[-3.936,40.3117],[-3.9363,40.3117],[-3.9365,40.3117],[-3.9367,40.3118],[-3.937,40.3118],[-3.9372,40.3118],[-3.9374,40.3117],[-3.9376,40.3116],[-3.9378,40.3116],[-3.9382,40.3114],[-3.9382,40.3114],[-3.9384,40.3114],[-3.9385,40.3113],[-3.9386,40.3112],[-3.9387,40.3112],[-3.9388,40.3112],[-3.9389,40.311],[-3.939,40.311],[-3.9391,40.311],[-3.9393,40.3111],[-3.9396,40.3112],[-3.9396,40.3112],[-3.9399,40.3111],[-3.9401,40.3111],[-3.9401,40.311],[-3.9403,40.3109],[-3.9404,40.3108],[-3.9405,40.3107],[-3.9407,40.3106],[-3.9408,40.3107],[-3.9409,40.3107],[-3.9411,40.3108],[-3.9412,40.3109],[-3.9413,40.311],[-3.9414,40.3111],[-3.9415,40.3111],[-3.9415,40.3111],[-3.9416,40.3111],[-3.9417,40.3111],[-3.9419,40.311],[-3.9421,40.3109],[-3.9422,40.3109],[-3.9424,40.3108],[-3.9424,40.3108],[-3.9425,40.3108],[-3.9427,40.3108],[-3.9428,40.3107],[-3.9429,40.3108],[-3.9431,40.3108],[-3.9433,40.3109],[-3.9437,40.311],[-3.9437,40.311],[-3.9437,40.311],[-3.9441,40.3108],[-3.9442,40.3107],[-3.9442,40.3106],[-3.9442,40.3106],[-3.9442,40.3106],[-3.9441,40.3104],[-3.9441,40.3103],[-3.9441,40.3102],[-3.9442,40.3102],[-3.9444,40.3102],[-3.9445,40.3102],[-3.9446,40.3101],[-3.9447,40.31],[-3.9449,40.3099],[-3.9449,40.3099],[-3.945,40.31],[-3.945,40.31],[-3.9451,40.3101],[-3.9451,40.3102],[-3.945,40.3103],[-3.945,40.3105],[-3.945,40.3106],[-3.945,40.3109],[-3.9449,40.3111],[-3.9449,40.3113],[-3.9446,40.3115],[-3.9445,40.3116],[-3.9445,40.3118],[-3.9445,40.312],[-3.9445,40.3123],[-3.9444,40.3125],[-3.9443,40.3128],[-3.9442,40.3131],[-3.9441,40.3133],[-3.9438,40.3137],[-3.9437,40.3141],[-3.9435,40.3145],[-3.9433,40.3149],[-3.9432,40.3154],[-3.9432,40.3156],[-3.9431,40.3157],[-3.943,40.3159],[-3.943,40.3161],[-3.9428,40.3162],[-3.9427,40.3162],[-3.9425,40.3166],[-3.9424,40.3168],[-3.9424,40.317],[-3.9424,40.3171],[-3.9424,40.3173],[-3.9424,40.3175],[-3.9424,40.3178],[-3.9425,40.3181],[-3.9425,40.3183],[-3.9426,40.3186],[-3.9426,40.3188],[-3.9426,40.3191],[-3.9427,40.3194],[-3.9428,40.3195],[-3.943,40.3198],[-3.9431,40.32],[-3.9431,40.3202],[-3.9433,40.3205],[-3.9434,40.3208],[-3.9435,40.321],[-3.9437,40.3212],[-3.9438,40.3214],[-3.9439,40.3216],[-3.944,40.3218],[-3.9442,40.3221],[-3.9443,40.3222],[-3.9444,40.3224],[-3.9445,40.3226],[-3.9446,40.3228],[-3.9447,40.3229],[-3.9449,40.3231],[-3.945,40.3233],[-3.9451,40.3234],[-3.9452,40.3236],[-3.9453,40.3237],[-3.9454,40.3238],[-3.9455,40.324],[-3.9456,40.3242],[-3.9457,40.3243],[-3.9458,40.3245],[-3.9459,40.3247],[-3.9459,40.3249],[-3.946,40.3251],[-3.9463,40.3255],[-3.9464,40.3256],[-3.9465,40.3258],[-3.9466,40.326],[-3.9467,40.3262],[-3.9468,40.3265],[-3.9468,40.3267],[-3.9469,40.3269],[-3.9469,40.3271],[-3.9469,40.3273],[-3.9469,40.3275],[-3.9468,40.3277],[-3.9468,40.3279],[-3.9467,40.3281],[-3.9467,40.3283],[-3.9466,40.3284],[-3.9465,40.3285],[-3.9465,40.3286],[-3.9465,40.3286],[-3.9467,40.3287],[-3.9467,40.3287],[-3.9467,40.3287],[-3.9467,40.3289],[-3.9467,40.329],[-3.9466,40.3292],[-3.9466,40.3294],[-3.9466,40.3297],[-3.9465,40.33],[-3.9464,40.3304],[-3.9463,40.3306],[-3.9462,40.3309],[-3.9461,40.3311],[-3.9461,40.3313],[-3.9462,40.3316],[-3.9462,40.3319],[-3.9462,40.3321],[-3.9462,40.3324],[-3.9461,40.3326],[-3.946,40.3328],[-3.9461,40.3329],[-3.9462,40.333],[-3.9463,40.3331],[-3.9464,40.3332],[-3.9465,40.3334],[-3.9465,40.3335],[-3.9466,40.3336],[-3.9467,40.3338],[-3.9468,40.3339],[-3.947,40.334],[-3.9471,40.3341],[-3.9472,40.3342],[-3.9472,40.3343],[-3.9473,40.3345],[-3.9473,40.3346],[-3.9475,40.3347],[-3.9476,40.3348],[-3.9477,40.335],[-3.9477,40.3351],[-3.9477,40.3352],[-3.9477,40.3354],[-3.9476,40.3356],[-3.9475,40.3358],[-3.9475,40.336],[-3.9476,40.3363],[-3.9476,40.3365],[-3.9477,40.3366],[-3.9478,40.3368],[-3.9479,40.3369],[-3.9481,40.337],[-3.9482,40.3371],[-3.9484,40.3373],[-3.9486,40.3374],[-3.9487,40.3375],[-3.9488,40.3377],[-3.9488,40.3377],[-3.9488,40.3377],[-3.9488,40.3379],[-3.9488,40.338],[-3.9486,40.3381],[-3.9485,40.3382],[-3.9484,40.3382],[-3.9482,40.3384],[-3.9481,40.3384],[-3.948,40.3385],[-3.948,40.3385],[-3.9479,40.3386],[-3.9479,40.3387],[-3.9479,40.3388],[-3.9478,40.3389],[-3.9478,40.339],[-3.9478,40.3391],[-3.9479,40.3392],[-3.9478,40.3393],[-3.9477,40.3394],[-3.9476,40.3395],[-3.9476,40.3396],[-3.9476,40.3397],[-3.9476,40.3399],[-3.9475,40.3401],[-3.9474,40.3404],[-3.9473,40.3406],[-3.9471,40.341],[-3.9471,40.3411],[-3.9469,40.3414],[-3.9468,40.3416],[-3.9466,40.342],[-3.9465,40.3423],[-3.9464,40.3425],[-3.9463,40.3428],[-3.9463,40.343],[-3.9463,40.3432],[-3.9463,40.3434],[-3.9462,40.3437],[-3.9461,40.344],[-3.946,40.3441],[-3.946,40.3443],[-3.9459,40.3446],[-3.9459,40.3448],[-3.9459,40.345],[-3.9458,40.3453],[-3.9458,40.3455],[-3.9458,40.3456],[-3.9458,40.3459],[-3.9459,40.3461],[-3.9461,40.3464],[-3.9462,40.3468],[-3.9463,40.3471],[-3.9464,40.3473],[-3.9465,40.3476],[-3.9464,40.3478],[-3.9463,40.348],[-3.9463,40.3482],[-3.9464,40.3483],[-3.9465,40.3484],[-3.9465,40.3487],[-3.9464,40.3489],[-3.9464,40.3492],[-3.9464,40.3494],[-3.9464,40.3495],[-3.9464,40.3496],[-3.9464,40.3498],[-3.9464,40.3499],[-3.9464,40.3499],[-3.9463,40.35],[-3.9462,40.3502],[-3.9461,40.3503],[-3.9459,40.3505],[-3.9457,40.3506],[-3.9455,40.3506],[-3.9452,40.3506],[-3.9449,40.3506],[-3.9445,40.3506],[-3.9442,40.3506],[-3.9439,40.3506],[-3.9436,40.3506],[-3.9432,40.3507],[-3.9428,40.3507],[-3.9423,40.3508],[-3.9421,40.3508],[-3.9417,40.3508],[-3.9413,40.3509],[-3.941,40.3509],[-3.9407,40.351],[-3.9403,40.351],[-3.9401,40.351],[-3.9398,40.3511],[-3.9394,40.3512],[-3.939,40.3514],[-3.9387,40.3515],[-3.9385,40.3516],[-3.9383,40.3517],[-3.9382,40.3518],[-3.938,40.352],[-3.9378,40.3521],[-3.9376,40.3522],[-3.9374,40.3524],[-3.9371,40.3526],[-3.9369,40.3527],[-3.9367,40.3529],[-3.9367,40.353],[-3.9365,40.353],[-3.9362,40.353],[-3.9359,40.3529],[-3.9354,40.3529],[-3.935,40.3529],[-3.9346,40.353],[-3.9342,40.353],[-3.9338,40.353],[-3.9335,40.3531],[-3.9331,40.3532],[-3.9328,40.3533],[-3.9323,40.3534],[-3.932,40.3534],[-3.9318,40.3534],[-3.9314,40.3534],[-3.9312,40.3534],[-3.9308,40.3533],[-3.9305,40.3533],[-3.9303,40.3533],[-3.9295,40.3534],[-3.9291,40.3534],[-3.9289,40.3535],[-3.9288,40.3536],[-3.9284,40.3538],[-3.9284,40.3538],[-3.9283,40.3538],[-3.9283,40.3538],[-3.9283,40.3538],[-3.9284,40.354],[-3.9283,40.3542],[-3.9282,40.3546],[-3.928,40.3547],[-3.928,40.3548],[-3.9279,40.3549],[-3.9279,40.3549],[-3.9279,40.355],[-3.9278,40.3551],[-3.9278,40.3552],[-3.9277,40.3553],[-3.9277,40.3554],[-3.9276,40.3556],[-3.9276,40.3557],[-3.9275,40.3557],[-3.9275,40.3557],[-3.9274,40.3559],[-3.9274,40.356],[-3.9273,40.3562],[-3.9273,40.3562],[-3.9273,40.3564],[-3.9273,40.3566],[-3.9272,40.3568],[-3.9271,40.3573],[-3.9269,40.358],[-3.9268,40.3585],[-3.9266,40.3593],[-3.9266,40.3593],[-3.9264,40.3602],[-3.9264,40.3603],[-3.9262,40.3603],[-3.9262,40.3604],[-3.926,40.3604],[-3.926,40.3605],[-3.9259,40.3605],[-3.9258,40.3606],[-3.9256,40.3606],[-3.9249,40.3607],[-3.9249,40.3607],[-3.9239,40.3612],[-3.9223,40.3621],[-3.9221,40.3623],[-3.9219,40.3625],[-3.9218,40.3627],[-3.9218,40.3629],[-3.9217,40.3631],[-3.9216,40.3636],[-3.9215,40.3637],[-3.9213,40.3638],[-3.9212,40.3639],[-3.9211,40.364],[-3.921,40.3641],[-3.9208,40.3643],[-3.9206,40.3644],[-3.9205,40.3644],[-3.9204,40.3645],[-3.9202,40.3646],[-3.9201,40.3647],[-3.9199,40.3647],[-3.9198,40.3648],[-3.9197,40.3649],[-3.9195,40.365],[-3.9193,40.3651],[-3.919,40.3655],[-3.9188,40.3656],[-3.9174,40.3651],[-3.9172,40.365],[-3.9161,40.3662],[-3.915,40.3675],[-3.9144,40.3681],[-3.9141,40.3685],[-3.9138,40.3689],[-3.9136,40.3691],[-3.9136,40.3693],[-3.9135,40.3694],[-3.9134,40.3695],[-3.9134,40.3696],[-3.9133,40.3696],[-3.9131,40.3697],[-3.9131,40.3697],[-3.913,40.3698],[-3.9129,40.3698],[-3.9128,40.37],[-3.9127,40.3701],[-3.9125,40.3703],[-3.9124,40.3704],[-3.9122,40.3706],[-3.9121,40.3707],[-3.9121,40.3708],[-3.912,40.3709],[-3.9119,40.371],[-3.9118,40.3711],[-3.9117,40.3712],[-3.9115,40.3714],[-3.9114,40.3715],[-3.9113,40.3716],[-3.9112,40.3717],[-3.9111,40.3718],[-3.9111,40.3719],[-3.911,40.3721],[-3.9109,40.3723],[-3.9109,40.3725],[-3.9107,40.3727],[-3.9105,40.3729],[-3.9104,40.3731],[-3.9103,40.3733],[-3.9102,40.3735],[-3.9102,40.3737],[-3.9101,40.3738],[-3.91,40.374],[-3.9099,40.3742],[-3.9097,40.3743],[-3.9097,40.3744],[-3.9096,40.3745],[-3.9096,40.3746],[-3.9095,40.3747],[-3.9095,40.3748],[-3.9094,40.375],[-3.9094,40.3751],[-3.9094,40.3751],[-3.9093,40.3753],[-3.9091,40.3755],[-3.9091,40.3759],[-3.9092,40.3763],[-3.9092,40.3766],[-3.909,40.3767],[-3.9089,40.377],[-3.9088,40.377],[-3.9083,40.3772],[-3.9078,40.3774],[-3.9078,40.3774],[-3.9078,40.3777],[-3.9078,40.3779],[-3.9078,40.3781],[-3.9078,40.3783],[-3.9078,40.3785],[-3.9078,40.3786],[-3.9077,40.3788],[-3.9076,40.379],[-3.9075,40.3791],[-3.9074,40.3793],[-3.9073,40.3794],[-3.9072,40.3795],[-3.9071,40.3797],[-3.907,40.3797],[-3.907,40.3799],[-3.9068,40.3801],[-3.9066,40.3802],[-3.9065,40.3803],[-3.9063,40.3804],[-3.9063,40.3806],[-3.9062,40.3807],[-3.9063,40.3809],[-3.9063,40.381],[-3.9065,40.3806],[-3.9071,40.3799],[-3.9074,40.3795],[-3.9077,40.379],[-3.908,40.3788],[-3.908,40.3787],[-3.9082,40.3786],[-3.9082,40.3785],[-3.9085,40.3784],[-3.9092,40.3779],[-3.9093,40.3778],[-3.9098,40.3774],[-3.9101,40.3773],[-3.9101,40.377],[-3.9102,40.3769],[-3.9104,40.3769],[-3.9104,40.3768],[-3.9105,40.3767],[-3.9106,40.3765],[-3.9106,40.3764],[-3.9106,40.3762],[-3.9106,40.3761],[-3.9108,40.3761],[-3.911,40.3759],[-3.9112,40.3759],[-3.9114,40.3758],[-3.9117,40.3758],[-3.9119,40.3757],[-3.9119,40.3757],[-3.9121,40.3754],[-3.9126,40.3741],[-3.9126,40.374],[-3.9129,40.3734],[-3.913,40.3732],[-3.913,40.3732],[-3.9129,40.3728],[-3.9128,40.3725],[-3.9128,40.3723],[-3.9128,40.3721],[-3.9128,40.372],[-3.9129,40.3718],[-3.913,40.3716],[-3.9132,40.3713],[-3.9134,40.371],[-3.9136,40.3704],[-3.9138,40.3699],[-3.9139,40.3697],[-3.914,40.3695],[-3.9143,40.3695],[-3.9145,40.3694],[-3.9147,40.3694],[-3.915,40.3694],[-3.9152,40.3693],[-3.9153,40.3692],[-3.9156,40.3691],[-3.9158,40.3691],[-3.9161,40.369],[-3.9164,40.3688],[-3.9166,40.3686],[-3.9169,40.3684],[-3.917,40.3682],[-3.9172,40.368],[-3.9173,40.3679],[-3.9175,40.3677],[-3.9177,40.3675],[-3.918,40.3672],[-3.9185,40.3668],[-3.9188,40.3665],[-3.919,40.3663],[-3.9191,40.3661],[-3.9192,40.3659],[-3.9193,40.3657],[-3.9193,40.3657],[-3.9192,40.3657],[-3.9192,40.3657],[-3.9192,40.3656],[-3.9193,40.3655],[-3.9194,40.3655],[-3.9194,40.3654],[-3.9195,40.3654],[-3.9196,40.3654],[-3.9197,40.3654],[-3.9197,40.3654],[-3.9197,40.3653],[-3.9199,40.3652],[-3.9202,40.365],[-3.9205,40.3649],[-3.9207,40.3648],[-3.9209,40.3647],[-3.9211,40.3646],[-3.9214,40.3645],[-3.9217,40.3644],[-3.9218,40.3643],[-3.9221,40.3641],[-3.9223,40.3639],[-3.9224,40.3638],[-3.9226,40.3636],[-3.9228,40.3634],[-3.9229,40.3633],[-3.9231,40.3632],[-3.9233,40.3631],[-3.9237,40.3629],[-3.9239,40.3629],[-3.9243,40.3628],[-3.9246,40.3627],[-3.9249,40.3626],[-3.9252,40.3625],[-3.9256,40.3624],[-3.926,40.3623],[-3.9263,40.3623],[-3.9266,40.3623],[-3.9268,40.3623],[-3.927,40.3624],[-3.9273,40.3624],[-3.9276,40.3625],[-3.9278,40.3625],[-3.9279,40.3625],[-3.9281,40.3625],[-3.9283,40.3624],[-3.9285,40.3624],[-3.9286,40.3624],[-3.9287,40.3624],[-3.9289,40.3624],[-3.9291,40.3624],[-3.9294,40.3623],[-3.9295,40.3622],[-3.9297,40.362],[-3.93,40.3619],[-3.9301,40.3619],[-3.9301,40.3619],[-3.9304,40.3618],[-3.9306,40.3618],[-3.9309,40.3618],[-3.9312,40.3619],[-3.9314,40.3619],[-3.9316,40.3619],[-3.932,40.3618],[-3.9323,40.3617],[-3.9326,40.3616],[-3.9327,40.3615],[-3.9331,40.3614],[-3.9333,40.3612],[-3.9336,40.3609],[-3.9339,40.3607],[-3.9342,40.3606],[-3.9346,40.3605],[-3.9348,40.3604],[-3.935,40.3604],[-3.9352,40.3605],[-3.9354,40.3606],[-3.9356,40.3607],[-3.9358,40.3608],[-3.936,40.3608],[-3.9363,40.3607],[-3.9366,40.3606],[-3.9369,40.3605],[-3.9372,40.3604],[-3.9375,40.3602],[-3.9379,40.3602],[-3.9382,40.36],[-3.9384,40.36],[-3.9386,40.3599],[-3.9388,40.3599],[-3.9391,40.3598],[-3.9393,40.3598],[-3.9396,40.3598],[-3.94,40.3599],[-3.9402,40.3599],[-3.9403,40.36],[-3.9404,40.3601],[-3.9404,40.3602],[-3.9405,40.3604],[-3.9406,40.3604],[-3.9407,40.3604],[-3.9408,40.3604],[-3.9411,40.3602],[-3.9413,40.3601],[-3.9415,40.3601],[-3.9417,40.3601],[-3.942,40.3601],[-3.9423,40.3601],[-3.9426,40.3601],[-3.9429,40.3601],[-3.9432,40.3601],[-3.9435,40.3601],[-3.9438,40.3601],[-3.944,40.3601],[-3.9442,40.3603],[-3.9444,40.3605],[-3.9445,40.3606],[-3.9447,40.3607],[-3.9449,40.3609],[-3.9449,40.3609],[-3.9449,40.3609],[-3.945,40.361],[-3.9451,40.3611],[-3.945,40.3613],[-3.945,40.3616],[-3.9449,40.3617],[-3.9449,40.362],[-3.9449,40.3622],[-3.9449,40.3624],[-3.9448,40.3626],[-3.9447,40.3628],[-3.9446,40.3629],[-3.9446,40.3629],[-3.9445,40.3631],[-3.9447,40.3632],[-3.9449,40.3632],[-3.9451,40.3633],[-3.9452,40.3634],[-3.9453,40.3636],[-3.9454,40.3637],[-3.9455,40.3639],[-3.9457,40.3641],[-3.9458,40.3642],[-3.946,40.3643],[-3.9461,40.3646],[-3.9462,40.3648],[-3.9463,40.365],[-3.9463,40.3651],[-3.9464,40.3653],[-3.9465,40.3655],[-3.9466,40.3657],[-3.9467,40.3659],[-3.9468,40.3661],[-3.9471,40.3663],[-3.9473,40.3664],[-3.9474,40.3666],[-3.9476,40.3668],[-3.9477,40.3671],[-3.9479,40.3673],[-3.948,40.3676],[-3.948,40.3679],[-3.9479,40.368],[-3.9477,40.3681],[-3.9476,40.3682],[-3.9474,40.3684],[-3.9473,40.3685],[-3.9472,40.3686],[-3.947,40.3688],[-3.9468,40.3689],[-3.9466,40.369],[-3.9464,40.3692],[-3.9462,40.3694],[-3.946,40.3696],[-3.9459,40.3697],[-3.9457,40.37],[-3.9455,40.3702],[-3.9452,40.3705],[-3.945,40.3706],[-3.9449,40.3708],[-3.9449,40.371],[-3.9449,40.3713],[-3.9448,40.3715],[-3.9447,40.3718],[-3.9446,40.372],[-3.9443,40.3722],[-3.9441,40.3725],[-3.9439,40.3728],[-3.9437,40.3731],[-3.9436,40.3733],[-3.9435,40.3736],[-3.9433,40.3738],[-3.9432,40.3739],[-3.9432,40.3741],[-3.9431,40.3742],[-3.943,40.3744],[-3.943,40.3746],[-3.943,40.3747],[-3.943,40.3748],[-3.943,40.3749],[-3.943,40.375],[-3.943,40.3752],[-3.943,40.3753],[-3.943,40.3756],[-3.943,40.3758],[-3.943,40.3759],[-3.943,40.3761],[-3.9431,40.3764],[-3.9432,40.3767],[-3.9432,40.3768],[-3.9433,40.377],[-3.9433,40.3772],[-3.9433,40.3773],[-3.9433,40.3775],[-3.9432,40.3776],[-3.9431,40.3778],[-3.9431,40.3779],[-3.9431,40.378],[-3.9432,40.3781],[-3.9433,40.3782],[-3.9436,40.3785],[-3.9436,40.3786],[-3.9437,40.379],[-3.9437,40.3792],[-3.9437,40.3794],[-3.9438,40.3796],[-3.944,40.38],[-3.9442,40.3802],[-3.9444,40.3805],[-3.9446,40.3808],[-3.9447,40.3809],[-3.9447,40.381],[-3.9448,40.3812],[-3.9449,40.3816],[-3.945,40.3821],[-3.945,40.3825],[-3.9451,40.383],[-3.9452,40.3842],[-3.9453,40.3849],[-3.9453,40.3852],[-3.9453,40.3855],[-3.9454,40.3858],[-3.9454,40.386],[-3.9453,40.3861],[-3.9453,40.3862],[-3.9453,40.3862],[-3.9453,40.3863],[-3.9452,40.3866],[-3.9451,40.387],[-3.9451,40.3876],[-3.9452,40.3881],[-3.9454,40.3884],[-3.9454,40.3887],[-3.9454,40.3889],[-3.9454,40.3889],[-3.9453,40.3891],[-3.9452,40.3893],[-3.945,40.3895],[-3.9449,40.3896],[-3.9447,40.3898],[-3.9445,40.3899],[-3.9444,40.39],[-3.9443,40.39],[-3.9442,40.3901],[-3.9439,40.3901],[-3.9434,40.3901],[-3.9432,40.3901],[-3.9429,40.3901],[-3.9427,40.3901],[-3.9427,40.3901],[-3.9426,40.39],[-3.9424,40.39],[-3.9423,40.39],[-3.9423,40.39],[-3.9421,40.39],[-3.942,40.39],[-3.942,40.39],[-3.9418,40.3901],[-3.9415,40.3902],[-3.9413,40.3903],[-3.9411,40.3904],[-3.941,40.3904],[-3.9408,40.3905],[-3.9405,40.3906],[-3.9402,40.3907],[-3.94,40.3908],[-3.9397,40.3909],[-3.9394,40.3911],[-3.9392,40.3912],[-3.9391,40.3913],[-3.939,40.3913],[-3.9389,40.3913],[-3.9388,40.3913],[-3.9387,40.3913],[-3.9387,40.3913],[-3.9386,40.3913],[-3.9385,40.3913],[-3.9384,40.3913],[-3.9383,40.3912],[-3.9382,40.3912],[-3.9381,40.3912],[-3.938,40.3912],[-3.9379,40.3912],[-3.9377,40.3913],[-3.9376,40.3915],[-3.9376,40.3915],[-3.9376,40.3916],[-3.9376,40.3916],[-3.9375,40.3917],[-3.9374,40.3917],[-3.9373,40.3917],[-3.9373,40.3917],[-3.9372,40.3918],[-3.937,40.3919],[-3.9369,40.3919],[-3.9368,40.3919],[-3.9367,40.392],[-3.9365,40.3921],[-3.9364,40.3922],[-3.9364,40.3922],[-3.9364,40.3922],[-3.9363,40.3923],[-3.9363,40.3923],[-3.9363,40.3924],[-3.9362,40.3924],[-3.9361,40.3924],[-3.936,40.3924],[-3.936,40.3924],[-3.936,40.3924],[-3.9359,40.3925],[-3.9358,40.3927],[-3.9357,40.3928],[-3.9356,40.393],[-3.9355,40.3931],[-3.9355,40.3932],[-3.9354,40.3933],[-3.9353,40.3933],[-3.9353,40.3934],[-3.9351,40.3935],[-3.9349,40.3936],[-3.9347,40.3938],[-3.9346,40.3939],[-3.9344,40.3939],[-3.9343,40.394],[-3.9342,40.394],[-3.9342,40.3941],[-3.9341,40.3941],[-3.934,40.3942],[-3.934,40.3942],[-3.934,40.3942],[-3.9339,40.3942],[-3.9338,40.3942],[-3.9337,40.3943],[-3.9336,40.3945],[-3.9335,40.3946],[-3.9333,40.3947],[-3.9332,40.3948],[-3.933,40.3949],[-3.9329,40.3949],[-3.9327,40.395],[-3.9324,40.3951],[-3.9323,40.3951],[-3.9322,40.3951],[-3.932,40.3952],[-3.9319,40.3953],[-3.9318,40.3953],[-3.9317,40.3954],[-3.9316,40.3954],[-3.9314,40.3955],[-3.9313,40.3956],[-3.9311,40.3957],[-3.931,40.3957],[-3.9308,40.3958],[-3.9307,40.3959],[-3.9307,40.3959],[-3.9307,40.3959],[-3.9306,40.3959],[-3.9305,40.3959],[-3.9303,40.396],[-3.9303,40.396],[-3.9301,40.3961],[-3.93,40.3962],[-3.9299,40.3963],[-3.9298,40.3964],[-3.9298,40.3965],[-3.9297,40.3965],[-3.9296,40.3966],[-3.9295,40.3966],[-3.9294,40.3967],[-3.9292,40.3968],[-3.9291,40.3969],[-3.9289,40.397],[-3.9288,40.3972],[-3.9286,40.3973],[-3.9285,40.3974],[-3.9285,40.3975],[-3.9285,40.3975],[-3.9284,40.3977],[-3.9284,40.3979],[-3.9284,40.398],[-3.9283,40.3981],[-3.9281,40.3983],[-3.9281,40.3983],[-3.9279,40.3984],[-3.9277,40.3986],[-3.9276,40.3988],[-3.9275,40.3989],[-3.9273,40.3991],[-3.9272,40.3992],[-3.9272,40.3992],[-3.9272,40.3993],[-3.9271,40.3993],[-3.927,40.3993],[-3.9269,40.3993],[-3.9268,40.3994],[-3.9266,40.3996],[-3.9265,40.3997],[-3.9264,40.3999],[-3.9263,40.4],[-3.9262,40.4001],[-3.9261,40.4002],[-3.926,40.4003],[-3.926,40.4004],[-3.9259,40.4005],[-3.9256,40.4008],[-3.9255,40.4009],[-3.9255,40.4011],[-3.9256,40.4012],[-3.9259,40.4014],[-3.926,40.4014],[-3.926,40.4015],[-3.926,40.4016],[-3.9259,40.4017],[-3.9259,40.4017],[-3.9258,40.4018],[-3.9258,40.4019],[-3.9258,40.4019],[-3.9257,40.4019],[-3.9256,40.4019],[-3.9256,40.4019],[-3.9254,40.4019],[-3.9252,40.4019],[-3.9248,40.4019],[-3.9245,40.4018],[-3.9244,40.4018],[-3.9242,40.4018],[-3.924,40.4017],[-3.924,40.4017],[-3.9237,40.4017],[-3.9233,40.4016],[-3.923,40.4015],[-3.9228,40.4015],[-3.9226,40.4015],[-3.9221,40.4015],[-3.9221,40.4015],[-3.9218,40.4016],[-3.9215,40.4016],[-3.9212,40.4017],[-3.921,40.4017],[-3.9204,40.4018],[-3.9199,40.4018],[-3.9196,40.4018],[-3.9192,40.4018],[-3.9188,40.4018],[-3.9183,40.4018],[-3.9181,40.4018],[-3.918,40.4018],[-3.9177,40.4018],[-3.9174,40.4018],[-3.9174,40.4018],[-3.9169,40.4018],[-3.9165,40.4017],[-3.9162,40.4017],[-3.9158,40.4017],[-3.9157,40.4017],[-3.9149,40.4016],[-3.9144,40.4016],[-3.9142,40.4015],[-3.9139,40.4011],[-3.9134,40.4011],[-3.9131,40.4011],[-3.9132,40.4008],[-3.9132,40.4006],[-3.9131,40.4003],[-3.9131,40.4],[-3.9131,40.3997],[-3.913,40.3994],[-3.9129,40.3991],[-3.9128,40.399],[-3.9127,40.3989],[-3.9126,40.3988],[-3.9125,40.3986],[-3.9124,40.3985],[-3.9124,40.3984],[-3.9123,40.3983],[-3.9123,40.3981],[-3.9122,40.398],[-3.9122,40.398],[-3.9122,40.398],[-3.9121,40.3977],[-3.912,40.3976],[-3.9118,40.3974],[-3.9116,40.3973],[-3.9114,40.3971],[-3.9114,40.3971],[-3.9112,40.3971],[-3.9112,40.397],[-3.9109,40.3968],[-3.9107,40.3967],[-3.9103,40.3966],[-3.9102,40.3966],[-3.9101,40.3965],[-3.91,40.3965],[-3.9099,40.3965],[-3.9098,40.3965],[-3.9098,40.3965],[-3.9097,40.3964],[-3.9096,40.3964],[-3.9095,40.3963],[-3.9094,40.3963],[-3.9091,40.3961],[-3.909,40.3961],[-3.9089,40.3961],[-3.9086,40.396],[-3.9083,40.3959],[-3.9081,40.3959],[-3.9079,40.3959],[-3.9077,40.3959],[-3.9076,40.3958],[-3.9075,40.3958],[-3.9073,40.3958],[-3.9072,40.3958],[-3.907,40.3958],[-3.907,40.3958],[-3.9069,40.3959],[-3.9068,40.3959],[-3.9067,40.3959],[-3.9065,40.3959],[-3.9064,40.3959],[-3.9062,40.3959],[-3.9059,40.3958],[-3.9056,40.3958],[-3.9056,40.3958],[-3.9054,40.3957],[-3.905,40.3957],[-3.9046,40.3956],[-3.9045,40.3956],[-3.9044,40.3955],[-3.9042,40.3955],[-3.9037,40.3952],[-3.9037,40.3952],[-3.9036,40.3951],[-3.9034,40.395],[-3.9032,40.3949],[-3.9032,40.3949],[-3.9032,40.3949],[-3.9029,40.3948],[-3.9028,40.3948],[-3.9027,40.3947],[-3.9026,40.3947],[-3.9025,40.3947],[-3.9022,40.3946],[-3.9021,40.3946],[-3.9017,40.3944],[-3.9014,40.3943],[-3.9011,40.3942],[-3.9009,40.3941],[-3.9007,40.394],[-3.9005,40.3939],[-3.9003,40.3938],[-3.9002,40.3937],[-3.9001,40.3936],[-3.8999,40.3935],[-3.8998,40.3935],[-3.8997,40.3934],[-3.8997,40.3934],[-3.8996,40.3932],[-3.8994,40.3931],[-3.8993,40.393],[-3.8992,40.3929],[-3.8991,40.3928],[-3.899,40.3927],[-3.8989,40.3927],[-3.8988,40.3926],[-3.8987,40.3926],[-3.8986,40.3925],[-3.8985,40.3925],[-3.8984,40.3925],[-3.8983,40.3925],[-3.8981,40.3925],[-3.898,40.3924],[-3.8979,40.3924],[-3.8978,40.3923],[-3.8976,40.3923],[-3.8975,40.3922],[-3.8974,40.3921],[-3.8972,40.392],[-3.8971,40.3919],[-3.8971,40.3919],[-3.8971,40.3918],[-3.8971,40.3917],[-3.8971,40.3916],[-3.8971,40.3915],[-3.897,40.3915],[-3.897,40.3914],[-3.8969,40.3913],[-3.8968,40.3913],[-3.8967,40.3913],[-3.8967,40.3913],[-3.8958,40.3919],[-3.895,40.3925],[-3.894,40.3931],[-3.894,40.3931],[-3.894,40.3935],[-3.894,40.3935],[-3.8937,40.3937],[-3.8936,40.3938],[-3.8937,40.3937],[-3.8936,40.3938],[-3.8934,40.3939],[-3.8934,40.3939],[-3.8932,40.394],[-3.8931,40.394],[-3.8905,40.3949],[-3.8901,40.395],[-3.8901,40.395],[-3.8901,40.395],[-3.8971,40.3985],[-3.8991,40.3995],[-3.9002,40.4001],[-3.9057,40.4028],[-3.9054,40.4033],[-3.9055,40.4033],[-3.9059,40.4035],[-3.9062,40.4036],[-3.9065,40.4037],[-3.9069,40.4039],[-3.9072,40.404],[-3.9077,40.4043],[-3.908,40.4044],[-3.9085,40.4047],[-3.9086,40.4048],[-3.9088,40.4049],[-3.9092,40.4052],[-3.9093,40.4052],[-3.9096,40.4054],[-3.91,40.4058],[-3.9105,40.406],[-3.9122,40.4063],[-3.9123,40.4064],[-3.9132,40.4065],[-3.9136,40.4066],[-3.9139,40.4067],[-3.9142,40.4068],[-3.9146,40.4069],[-3.9149,40.407],[-3.9153,40.407],[-3.9155,40.407],[-3.9158,40.4069],[-3.9158,40.4069],[-3.9159,40.4069],[-3.9161,40.4069],[-3.9163,40.4069],[-3.9165,40.4069],[-3.9167,40.4068],[-3.9169,40.4068],[-3.9172,40.4068],[-3.9175,40.4068],[-3.9178,40.4068],[-3.9182,40.4068],[-3.9186,40.4068],[-3.919,40.4068],[-3.9193,40.4068],[-3.9197,40.4068],[-3.9202,40.4069],[-3.9205,40.4069],[-3.9208,40.4069],[-3.921,40.4069],[-3.9211,40.4069],[-3.9212,40.4069],[-3.9214,40.407],[-3.9216,40.4071],[-3.9218,40.4072],[-3.922,40.4073],[-3.9222,40.4074],[-3.9224,40.4074],[-3.9225,40.4075],[-3.9226,40.4076],[-3.9227,40.4076],[-3.9228,40.4078],[-3.923,40.4079],[-3.9233,40.408],[-3.9235,40.408],[-3.9238,40.4082],[-3.924,40.4084],[-3.9243,40.4086],[-3.9246,40.4088],[-3.9249,40.409],[-3.9253,40.4092],[-3.9257,40.4094],[-3.9262,40.4095],[-3.9265,40.4097],[-3.9268,40.4098],[-3.927,40.41],[-3.9271,40.4102],[-3.9272,40.4105],[-3.9273,40.4106],[-3.9275,40.4108],[-3.9278,40.411],[-3.9281,40.4112],[-3.9285,40.4115],[-3.9288,40.4117],[-3.9292,40.412],[-3.9293,40.4121],[-3.9295,40.4122],[-3.9299,40.4123],[-3.9303,40.4124],[-3.931,40.4126],[-3.9318,40.4129],[-3.9329,40.4132],[-3.9341,40.4136],[-3.9355,40.4141],[-3.9364,40.4145],[-3.9375,40.4143],[-3.9379,40.4143],[-3.938,40.4143],[-3.9381,40.4143],[-3.9383,40.4142],[-3.9385,40.4141],[-3.9387,40.4141],[-3.9388,40.4141],[-3.939,40.4141],[-3.9391,40.4141],[-3.9393,40.4141],[-3.9395,40.414],[-3.9398,40.4138],[-3.9399,40.4137],[-3.9401,40.4135],[-3.9403,40.4134],[-3.9404,40.4133],[-3.9406,40.4132],[-3.9408,40.4132],[-3.9411,40.4131],[-3.9414,40.413],[-3.9417,40.413],[-3.9419,40.4129],[-3.9421,40.4127],[-3.942,40.4125],[-3.9419,40.4124],[-3.9417,40.4122],[-3.9415,40.4119],[-3.9412,40.4117],[-3.9411,40.4115],[-3.9411,40.4115],[-3.9411,40.4115],[-3.9411,40.4113],[-3.9411,40.4113],[-3.9412,40.4113],[-3.9415,40.4112],[-3.9418,40.4111],[-3.942,40.4109],[-3.9423,40.4107],[-3.9425,40.4105],[-3.9428,40.4103],[-3.9431,40.4101],[-3.9434,40.4098],[-3.9436,40.4096],[-3.9438,40.4094],[-3.9439,40.4093],[-3.9441,40.4091],[-3.9443,40.409],[-3.9445,40.4088],[-3.9445,40.4088],[-3.9447,40.4087],[-3.945,40.4086],[-3.9452,40.4086],[-3.9453,40.4085],[-3.9455,40.4084],[-3.9457,40.4082],[-3.9459,40.4078],[-3.946,40.408],[-3.9462,40.4082],[-3.9462,40.4084],[-3.9463,40.4086],[-3.9463,40.4089],[-3.9463,40.4091],[-3.9463,40.4093],[-3.9464,40.4095],[-3.9465,40.4096],[-3.9466,40.4098],[-3.9468,40.41],[-3.9469,40.4102],[-3.947,40.4103],[-3.9471,40.4105],[-3.9471,40.4107],[-3.9472,40.411],[-3.9473,40.4112],[-3.9473,40.4115],[-3.9473,40.4118],[-3.9474,40.412],[-3.9474,40.4122],[-3.9476,40.4124],[-3.9476,40.4126],[-3.9477,40.4128],[-3.9477,40.413],[-3.9477,40.4132],[-3.9477,40.4134],[-3.9478,40.4135],[-3.9479,40.4137],[-3.948,40.4139],[-3.9479,40.4141],[-3.9477,40.4142],[-3.9474,40.4142],[-3.947,40.4142],[-3.9467,40.4143],[-3.9463,40.4144],[-3.9461,40.4145],[-3.9456,40.4147],[-3.9452,40.4148],[-3.9448,40.4149],[-3.9442,40.415],[-3.9439,40.4151],[-3.9435,40.4152],[-3.9432,40.4152],[-3.9427,40.4153],[-3.9424,40.4154],[-3.942,40.4155],[-3.9418,40.4155],[-3.9415,40.4155],[-3.9412,40.4156],[-3.941,40.4156],[-3.9407,40.4156],[-3.9403,40.4155],[-3.94,40.4156],[-3.9394,40.4155],[-3.939,40.4154],[-3.9388,40.4154],[-3.9385,40.4154],[-3.9382,40.4153],[-3.9379,40.4153],[-3.9375,40.4151],[-3.9372,40.4149],[-3.9371,40.4151],[-3.9369,40.4152],[-3.9366,40.4155],[-3.9366,40.4155],[-3.9363,40.4157],[-3.936,40.416],[-3.9357,40.4162],[-3.9354,40.4164],[-3.9353,40.4166],[-3.9351,40.4167],[-3.9348,40.4168],[-3.9346,40.4168],[-3.9343,40.4169],[-3.934,40.4169],[-3.9338,40.417],[-3.9336,40.417],[-3.9333,40.4171],[-3.9331,40.4172],[-3.9329,40.4173],[-3.9327,40.4174],[-3.9327,40.4174],[-3.9324,40.4175],[-3.9322,40.4176],[-3.9319,40.4177],[-3.9316,40.4179],[-3.9315,40.4179],[-3.9313,40.418],[-3.9311,40.4181],[-3.9308,40.4182],[-3.9306,40.4184],[-3.9305,40.4185],[-3.9302,40.4187],[-3.9299,40.4188],[-3.9298,40.4189],[-3.9297,40.4189],[-3.9297,40.4189],[-3.9296,40.4189],[-3.9296,40.4189],[-3.9296,40.4189],[-3.9295,40.4189],[-3.9294,40.4188],[-3.9294,40.4187],[-3.9293,40.4186],[-3.9292,40.4185],[-3.9291,40.4185],[-3.9289,40.4184],[-3.9287,40.4184],[-3.9286,40.4184],[-3.9284,40.4184],[-3.9283,40.4184],[-3.9282,40.4183],[-3.9281,40.4183],[-3.928,40.4183],[-3.9278,40.4183],[-3.9276,40.4183],[-3.9274,40.4183],[-3.9272,40.4184],[-3.927,40.4185],[-3.9269,40.4186],[-3.9268,40.4187],[-3.9266,40.4187],[-3.9264,40.4187],[-3.9262,40.4187],[-3.926,40.4187],[-3.9258,40.4187],[-3.9256,40.4187],[-3.9254,40.4187],[-3.9252,40.4187],[-3.9249,40.4187],[-3.9247,40.4187],[-3.9245,40.4188],[-3.9244,40.4188],[-3.9242,40.4188],[-3.924,40.4189],[-3.9239,40.419],[-3.9238,40.419],[-3.9236,40.4191],[-3.9234,40.4192],[-3.9233,40.4192],[-3.9231,40.4192],[-3.923,40.4193],[-3.9229,40.4194],[-3.9227,40.4195],[-3.9224,40.4197],[-3.9224,40.4197],[-3.9224,40.4198],[-3.9225,40.4199],[-3.9225,40.4199],[-3.9229,40.4197],[-3.9231,40.4195],[-3.9233,40.4195],[-3.9235,40.4194],[-3.9237,40.4193],[-3.9239,40.4192],[-3.924,40.4191],[-3.9243,40.419],[-3.9244,40.4189],[-3.9246,40.4189],[-3.9247,40.4189],[-3.925,40.4189],[-3.9252,40.4189],[-3.9255,40.4189],[-3.9258,40.419],[-3.9261,40.419],[-3.9264,40.419],[-3.9267,40.419],[-3.927,40.4189],[-3.9272,40.4188],[-3.9275,40.4188],[-3.9277,40.4188],[-3.9279,40.4188],[-3.9281,40.4188],[-3.9283,40.4188],[-3.9285,40.4188],[-3.9286,40.4189],[-3.9287,40.4189],[-3.9288,40.4191],[-3.9289,40.4192],[-3.929,40.4193],[-3.9292,40.4194],[-3.9294,40.4195],[-3.9292,40.4197],[-3.9291,40.4199],[-3.929,40.4201],[-3.9288,40.4202],[-3.9286,40.4204],[-3.9285,40.4206],[-3.9285,40.4208],[-3.9285,40.421],[-3.9285,40.4213],[-3.9286,40.4216],[-3.9286,40.4217],[-3.9286,40.422],[-3.9286,40.4222],[-3.9286,40.4222],[-3.9286,40.4222],[-3.9286,40.4225],[-3.9285,40.4227],[-3.9284,40.4231],[-3.9283,40.4234],[-3.9284,40.4237],[-3.9284,40.424],[-3.9284,40.4243],[-3.9284,40.4245],[-3.9283,40.4248],[-3.9284,40.4251],[-3.9284,40.4253],[-3.9285,40.4256],[-3.9286,40.4258],[-3.9287,40.4259],[-3.9287,40.4262],[-3.9286,40.4263],[-3.9285,40.4264],[-3.9285,40.4265],[-3.9284,40.4268],[-3.9284,40.427],[-3.9283,40.4272],[-3.9281,40.4273],[-3.928,40.4275],[-3.9277,40.4277],[-3.9276,40.4279],[-3.9274,40.4281],[-3.9273,40.4283],[-3.9271,40.4286],[-3.9269,40.4289],[-3.9266,40.4292],[-3.9264,40.4291],[-3.9263,40.4293],[-3.9259,40.4298],[-3.9253,40.4307],[-3.9249,40.4313],[-3.9246,40.4317],[-3.9246,40.4317],[-3.9247,40.4318],[-3.9247,40.4319],[-3.9247,40.4319],[-3.9248,40.432],[-3.925,40.4321],[-3.9252,40.4323],[-3.9253,40.4325],[-3.9255,40.4329],[-3.9257,40.4332],[-3.9257,40.4334],[-3.9258,40.4336],[-3.9258,40.4338],[-3.9258,40.4341],[-3.9257,40.4343],[-3.9256,40.4346],[-3.9256,40.4348],[-3.9256,40.4352],[-3.9256,40.4354],[-3.9255,40.4358],[-3.9254,40.4361],[-3.9253,40.4365],[-3.9251,40.4368],[-3.9248,40.4371],[-3.9245,40.4373],[-3.9244,40.4375],[-3.9241,40.4376],[-3.9239,40.4377],[-3.9237,40.4379],[-3.9231,40.4383],[-3.9228,40.4386],[-3.9225,40.4389],[-3.9224,40.439],[-3.9219,40.4394],[-3.9212,40.4398],[-3.9216,40.4404],[-3.9217,40.4406],[-3.922,40.4409],[-3.9222,40.441],[-3.9225,40.4412],[-3.9226,40.4413],[-3.9227,40.4414],[-3.9228,40.4415],[-3.9229,40.4416],[-3.923,40.4417],[-3.9232,40.4419],[-3.9233,40.4419],[-3.9233,40.4419],[-3.9239,40.442],[-3.9241,40.4421],[-3.9243,40.4421],[-3.9246,40.4421],[-3.9248,40.4422],[-3.925,40.4423],[-3.9254,40.4425],[-3.9256,40.4426],[-3.9257,40.4427],[-3.9259,40.4428],[-3.9261,40.4429],[-3.9262,40.4431],[-3.9264,40.4433],[-3.9266,40.4435],[-3.9266,40.4435],[-3.9266,40.4435],[-3.9269,40.4437],[-3.927,40.4438],[-3.9272,40.4439],[-3.9274,40.4441],[-3.9274,40.4442],[-3.9275,40.4444],[-3.9276,40.4445],[-3.9277,40.4447],[-3.9279,40.4448],[-3.9281,40.445],[-3.9283,40.4451],[-3.9285,40.4452],[-3.9286,40.4454],[-3.9288,40.4455],[-3.929,40.4457],[-3.9291,40.4458],[-3.9292,40.446],[-3.9293,40.4461],[-3.9295,40.4463],[-3.9297,40.4465],[-3.9298,40.4467],[-3.93,40.4468],[-3.9302,40.447],[-3.9304,40.4472],[-3.9305,40.4473],[-3.9306,40.4475],[-3.9306,40.4476],[-3.9306,40.4478],[-3.9307,40.448],[-3.9307,40.4481],[-3.9307,40.4482],[-3.9308,40.4483],[-3.9309,40.4485],[-3.931,40.4486],[-3.9311,40.4487],[-3.9312,40.4488],[-3.9315,40.449],[-3.9317,40.4491],[-3.932,40.4492],[-3.9322,40.4494],[-3.9325,40.4495],[-3.9327,40.4497],[-3.933,40.4498],[-3.9331,40.45],[-3.9335,40.4501],[-3.9338,40.4502],[-3.9341,40.4503],[-3.9342,40.4504],[-3.9346,40.4505],[-3.935,40.4507],[-3.9354,40.4509],[-3.9356,40.451],[-3.9359,40.451],[-3.9364,40.4512],[-3.9368,40.4513],[-3.9373,40.4514],[-3.9376,40.4514],[-3.938,40.4515],[-3.9382,40.4515],[-3.9384,40.4516],[-3.9385,40.4516],[-3.9388,40.4516],[-3.939,40.4517],[-3.9392,40.4517],[-3.9393,40.4518],[-3.9394,40.4519],[-3.9395,40.452],[-3.9395,40.4521],[-3.9395,40.4521],[-3.9395,40.4521],[-3.9393,40.4523],[-3.9392,40.4524],[-3.9391,40.4526],[-3.9389,40.4527],[-3.9388,40.4529],[-3.9384,40.4532],[-3.938,40.4535],[-3.9376,40.4538],[-3.9376,40.4538],[-3.9375,40.4539],[-3.9374,40.454],[-3.9372,40.4542],[-3.937,40.4543],[-3.9368,40.4545],[-3.9366,40.4547],[-3.9365,40.4548],[-3.9363,40.455],[-3.936,40.4551],[-3.9358,40.4552],[-3.9356,40.4553],[-3.9356,40.4553],[-3.9355,40.4553],[-3.9353,40.4554],[-3.9349,40.4555],[-3.9352,40.4556],[-3.9356,40.4556],[-3.9358,40.4557],[-3.936,40.4558],[-3.9361,40.4558],[-3.9362,40.4559],[-3.9363,40.4559],[-3.9365,40.4559],[-3.9367,40.4559],[-3.9369,40.456],[-3.9371,40.456],[-3.9372,40.4559],[-3.9373,40.4559],[-3.9373,40.4559],[-3.9374,40.4559],[-3.9376,40.456],[-3.9378,40.456],[-3.9379,40.456],[-3.938,40.456],[-3.9381,40.456],[-3.9381,40.456],[-3.9382,40.456],[-3.9383,40.456],[-3.9384,40.456],[-3.9385,40.456],[-3.9387,40.456],[-3.9389,40.4559],[-3.9391,40.4559],[-3.9393,40.4559],[-3.9395,40.4558],[-3.9397,40.4558],[-3.9399,40.4557],[-3.9401,40.4557],[-3.9403,40.4556],[-3.9406,40.4555],[-3.9408,40.4556],[-3.9411,40.4557],[-3.9414,40.4558],[-3.9418,40.4557],[-3.9419,40.4557],[-3.9421,40.4557],[-3.9422,40.4557],[-3.9424,40.4557],[-3.9425,40.4558],[-3.9427,40.4559],[-3.9429,40.456],[-3.9431,40.4562],[-3.9434,40.4564],[-3.9435,40.4566],[-3.9437,40.4568],[-3.9437,40.4569],[-3.9437,40.4569],[-3.9437,40.4569],[-3.9437,40.457],[-3.9436,40.4572],[-3.9435,40.4573],[-3.9434,40.4574],[-3.9432,40.4574],[-3.9431,40.4575],[-3.9428,40.4576],[-3.9426,40.4577],[-3.9425,40.4577],[-3.9422,40.4579],[-3.942,40.4581],[-3.9418,40.4583],[-3.9416,40.4585],[-3.9413,40.4587],[-3.9411,40.4588],[-3.9407,40.459],[-3.9406,40.4591],[-3.9404,40.4593],[-3.9402,40.4595],[-3.9401,40.4597],[-3.9398,40.4599],[-3.9396,40.4601],[-3.9394,40.4602],[-3.9392,40.4602],[-3.9389,40.4602],[-3.9387,40.4602],[-3.9386,40.4602],[-3.9386,40.4603],[-3.9386,40.4604],[-3.9385,40.4605],[-3.9384,40.4606],[-3.9384,40.4608],[-3.9385,40.461],[-3.9385,40.4612],[-3.9383,40.4614],[-3.9382,40.4616],[-3.9381,40.4617],[-3.9381,40.4621],[-3.9382,40.4623],[-3.9383,40.4625],[-3.9383,40.4628],[-3.9383,40.4628],[-3.9383,40.4631],[-3.9383,40.4635],[-3.9382,40.4638],[-3.9382,40.4641],[-3.9383,40.4643],[-3.9383,40.4646],[-3.9382,40.4648],[-3.9381,40.465],[-3.938,40.4653],[-3.938,40.4655],[-3.9379,40.4657],[-3.9379,40.4659],[-3.9379,40.4661],[-3.9378,40.4662],[-3.9376,40.4664],[-3.9373,40.4667],[-3.9372,40.4669],[-3.937,40.4671],[-3.937,40.4673],[-3.9368,40.4675],[-3.9367,40.4677],[-3.9365,40.4679],[-3.9363,40.4681],[-3.9363,40.4682],[-3.9363,40.4684],[-3.9363,40.4687],[-3.9363,40.4689],[-3.9363,40.4691],[-3.9363,40.4693],[-3.9364,40.4695],[-3.9365,40.4697],[-3.9366,40.4699],[-3.9367,40.4702],[-3.9368,40.4704],[-3.9368,40.4706],[-3.9369,40.471],[-3.9368,40.4713],[-3.9367,40.4715],[-3.9365,40.4718],[-3.9364,40.472],[-3.9363,40.4723],[-3.9363,40.4725],[-3.9362,40.4727],[-3.9363,40.4729],[-3.9363,40.4731],[-3.9364,40.4733],[-3.9365,40.4735],[-3.9367,40.4737],[-3.9368,40.474],[-3.9369,40.4743],[-3.937,40.4745],[-3.937,40.4748],[-3.937,40.4751],[-3.9371,40.4754],[-3.937,40.4757],[-3.937,40.4759],[-3.9369,40.4762],[-3.9368,40.4764],[-3.9366,40.4768],[-3.9365,40.4772],[-3.9365,40.4773],[-3.9363,40.4775],[-3.9361,40.4775],[-3.9359,40.4775],[-3.9357,40.4776],[-3.9356,40.4777],[-3.9355,40.4777],[-3.9354,40.4779],[-3.9353,40.4781],[-3.9353,40.4782],[-3.9354,40.4783],[-3.9354,40.4785],[-3.9355,40.4786],[-3.9354,40.4788],[-3.9354,40.479],[-3.9354,40.4792],[-3.9355,40.4793],[-3.9356,40.4794],[-3.9356,40.4795],[-3.9357,40.4795],[-3.9358,40.4797],[-3.9358,40.4799],[-3.9357,40.48],[-3.9357,40.4802],[-3.9356,40.4803],[-3.9356,40.4804],[-3.9355,40.4805],[-3.9354,40.4805],[-3.9355,40.4806],[-3.9356,40.4807],[-3.9357,40.4808],[-3.9358,40.4809],[-3.9359,40.4811],[-3.936,40.4812],[-3.936,40.4814],[-3.936,40.4816],[-3.936,40.4817],[-3.9361,40.4819],[-3.9361,40.482],[-3.9362,40.4821],[-3.9363,40.4823],[-3.9364,40.4824],[-3.9364,40.4826],[-3.9365,40.4828],[-3.9364,40.483],[-3.9363,40.4832],[-3.9363,40.4833],[-3.9364,40.4835],[-3.9364,40.4836],[-3.9365,40.4838],[-3.9364,40.4839],[-3.9363,40.4841],[-3.9363,40.4842],[-3.9362,40.4843],[-3.9362,40.4844],[-3.9361,40.4845],[-3.936,40.4846],[-3.936,40.4848],[-3.9362,40.4849],[-3.9363,40.4851],[-3.9364,40.4853],[-3.9364,40.4854],[-3.9364,40.4856],[-3.9364,40.4858],[-3.9364,40.4862],[-3.9363,40.4868],[-3.9363,40.4871],[-3.9363,40.4874],[-3.9363,40.4876],[-3.9363,40.4878],[-3.9362,40.488],[-3.9361,40.4881],[-3.936,40.4882],[-3.9358,40.4883],[-3.9356,40.4883],[-3.9356,40.4884],[-3.9355,40.4885],[-3.9355,40.4886],[-3.9356,40.4887],[-3.9356,40.4887],[-3.9358,40.4889],[-3.9358,40.4891],[-3.9358,40.4893],[-3.9357,40.4895],[-3.9356,40.4897],[-3.9355,40.4899],[-3.9354,40.4902],[-3.9353,40.4904],[-3.9352,40.4906],[-3.9352,40.4908],[-3.9353,40.4909],[-3.9353,40.4911],[-3.9354,40.4913],[-3.9356,40.4916],[-3.9356,40.4918],[-3.9358,40.4919],[-3.936,40.4921],[-3.9361,40.4921],[-3.9362,40.4922],[-3.9364,40.4923],[-3.9364,40.4924],[-3.9364,40.4926],[-3.9365,40.4927],[-3.9365,40.4929],[-3.9365,40.493],[-3.9365,40.4932],[-3.9365,40.4933],[-3.9365,40.4935],[-3.9364,40.4936],[-3.9364,40.4937],[-3.9363,40.4939],[-3.9363,40.4943],[-3.9363,40.4943],[-3.9362,40.4945],[-3.9361,40.4946],[-3.936,40.4948],[-3.9359,40.495],[-3.9358,40.4952],[-3.9358,40.4953],[-3.9357,40.4954],[-3.9357,40.4954],[-3.9356,40.4953],[-3.9356,40.4953],[-3.9355,40.4954],[-3.9354,40.4955],[-3.9354,40.4956],[-3.9354,40.4958],[-3.9354,40.4959],[-3.9354,40.4961],[-3.9354,40.4962],[-3.9354,40.4964],[-3.9355,40.4966],[-3.9355,40.4968],[-3.9354,40.4971],[-3.9354,40.4972],[-3.9355,40.4974],[-3.9355,40.4976],[-3.9355,40.4978],[-3.9354,40.498],[-3.9353,40.4982],[-3.9352,40.4983],[-3.935,40.4984],[-3.935,40.4985],[-3.9349,40.4987],[-3.935,40.4989],[-3.9349,40.499],[-3.9347,40.4992],[-3.9346,40.4993],[-3.9344,40.4995],[-3.9342,40.4996],[-3.9341,40.4997],[-3.934,40.4998],[-3.9338,40.4998],[-3.9336,40.4998],[-3.9335,40.4997],[-3.9334,40.4997],[-3.9332,40.4996],[-3.9331,40.4996],[-3.933,40.4997],[-3.9329,40.4998],[-3.9329,40.4999],[-3.9329,40.5],[-3.9329,40.5001],[-3.933,40.5003],[-3.933,40.5005],[-3.9331,40.5006],[-3.9331,40.5006],[-3.9333,40.5008],[-3.9334,40.5009],[-3.9335,40.501],[-3.9337,40.5011],[-3.9338,40.5012],[-3.934,40.5014],[-3.9341,40.5016],[-3.9342,40.5018],[-3.9343,40.502],[-3.9344,40.5022],[-3.9345,40.5024],[-3.9345,40.5026],[-3.9344,40.5028],[-3.9344,40.5031],[-3.9344,40.5034],[-3.9344,40.5036],[-3.9343,40.5037],[-3.9341,40.5038],[-3.9338,40.5038],[-3.9336,40.5039],[-3.9333,40.5039],[-3.933,40.504],[-3.933,40.5041],[-3.933,40.5042],[-3.9331,40.5043],[-3.9332,40.5045],[-3.9333,40.5046],[-3.9333,40.5047],[-3.9333,40.505],[-3.9332,40.5052],[-3.9331,40.5055],[-3.933,40.5056],[-3.9329,40.5058],[-3.9328,40.5059],[-3.9328,40.506],[-3.9328,40.5061],[-3.9329,40.5061],[-3.9329,40.5062],[-3.9329,40.5062],[-3.9331,40.5062],[-3.9333,40.5062],[-3.9335,40.5062],[-3.9337,40.5062],[-3.9338,40.5062],[-3.934,40.5063],[-3.934,40.5064],[-3.934,40.5065],[-3.934,40.5066],[-3.9339,40.5067],[-3.9337,40.5069],[-3.9335,40.5071],[-3.9335,40.5072],[-3.9335,40.5073],[-3.9336,40.5073],[-3.9337,40.5073],[-3.9339,40.5073],[-3.9342,40.5073],[-3.9344,40.5074],[-3.9345,40.5075],[-3.9345,40.5076],[-3.9345,40.5077],[-3.9344,40.5079],[-3.9343,40.5079],[-3.934,40.508],[-3.9338,40.5081],[-3.9337,40.5081],[-3.9336,40.5082],[-3.9336,40.5084],[-3.9336,40.5085],[-3.9337,40.5085],[-3.9338,40.5086],[-3.9341,40.5086],[-3.9343,40.5085],[-3.9345,40.5084],[-3.9348,40.5083],[-3.935,40.5083],[-3.9351,40.5083],[-3.9352,40.5084],[-3.9353,40.5086],[-3.9353,40.5088],[-3.9353,40.5091],[-3.9354,40.5092],[-3.9355,40.5094],[-3.9357,40.5095],[-3.9359,40.5096],[-3.9359,40.5098],[-3.9359,40.5099],[-3.9359,40.51],[-3.936,40.5101],[-3.9361,40.5102],[-3.9362,40.5102],[-3.9363,40.5101],[-3.9364,40.5101],[-3.9365,40.51],[-3.9367,40.5099],[-3.937,40.5099],[-3.9371,40.5099],[-3.9375,40.51],[-3.9378,40.51],[-3.938,40.5101],[-3.938,40.5102],[-3.9379,40.5103],[-3.9377,40.5105],[-3.9375,40.5106],[-3.937,40.5112],[-3.9368,40.5116],[-3.9367,40.5119],[-3.9368,40.512],[-3.9369,40.5123],[-3.937,40.5124],[-3.9371,40.5126],[-3.9375,40.5129],[-3.9379,40.5131],[-3.9384,40.5132],[-3.9388,40.5134],[-3.9389,40.5135],[-3.939,40.5137],[-3.9391,40.5139],[-3.9392,40.5141],[-3.9393,40.5143],[-3.9394,40.5144],[-3.9395,40.5145],[-3.9397,40.5145],[-3.9398,40.5146],[-3.94,40.5146],[-3.9403,40.5147],[-3.9405,40.5148],[-3.9406,40.515],[-3.9407,40.5152],[-3.9409,40.5153],[-3.941,40.5156],[-3.941,40.5158],[-3.941,40.516],[-3.941,40.5161],[-3.9408,40.516],[-3.9406,40.516],[-3.9405,40.5159],[-3.9403,40.5159],[-3.9402,40.5159],[-3.9401,40.516],[-3.9399,40.5161],[-3.9397,40.5162],[-3.9395,40.5165],[-3.9393,40.5167],[-3.9392,40.517],[-3.9391,40.5172],[-3.9389,40.5174],[-3.9388,40.5176],[-3.9386,40.5178],[-3.9385,40.518],[-3.9384,40.5183],[-3.9384,40.5185],[-3.9384,40.5188],[-3.9384,40.5191],[-3.9385,40.5192],[-3.9386,40.5196],[-3.9387,40.5198],[-3.9388,40.52],[-3.9389,40.5202],[-3.939,40.5204],[-3.9391,40.5206],[-3.9391,40.5209],[-3.9393,40.5211],[-3.9393,40.5214],[-3.9394,40.5216],[-3.9395,40.5219],[-3.9395,40.5221],[-3.9395,40.5223],[-3.9394,40.5226],[-3.9394,40.5228],[-3.9393,40.5231],[-3.9392,40.5233],[-3.9391,40.5234],[-3.939,40.5236],[-3.9389,40.5237],[-3.9388,40.5238],[-3.9388,40.5239],[-3.9388,40.5241],[-3.9388,40.5244],[-3.9387,40.5247],[-3.9386,40.5249],[-3.9385,40.5251],[-3.9384,40.5254],[-3.9384,40.5255],[-3.9383,40.5257],[-3.9383,40.526],[-3.9383,40.5262],[-3.9383,40.5265],[-3.9383,40.5269],[-3.9383,40.5271],[-3.9383,40.5273],[-3.9383,40.5275],[-3.9384,40.5277],[-3.9384,40.5277],[-3.9385,40.5277],[-3.9391,40.5277],[-3.9392,40.528],[-3.9391,40.5281],[-3.9391,40.5282],[-3.9391,40.5283],[-3.9391,40.5283],[-3.9391,40.5283],[-3.9391,40.5284],[-3.9391,40.5285],[-3.939,40.5288],[-3.9389,40.5293],[-3.939,40.5296],[-3.9389,40.5299],[-3.9388,40.5302],[-3.9387,40.5305],[-3.9389,40.531],[-3.939,40.5313],[-3.9391,40.5314],[-3.9391,40.5315],[-3.939,40.5315],[-3.9394,40.532],[-3.9397,40.5323],[-3.9405,40.5328],[-3.941,40.5331],[-3.9414,40.5334],[-3.9415,40.5334],[-3.9417,40.5334],[-3.9419,40.5334],[-3.9422,40.5335],[-3.9424,40.5336],[-3.9426,40.5336],[-3.9429,40.5338],[-3.9434,40.5341],[-3.9438,40.5344],[-3.9442,40.5347],[-3.9447,40.535],[-3.9456,40.5355],[-3.9463,40.536],[-3.947,40.5364],[-3.9472,40.5367],[-3.9473,40.5369],[-3.9474,40.5371],[-3.9473,40.5374],[-3.9473,40.5377],[-3.9473,40.5379],[-3.9474,40.5381],[-3.9478,40.5385],[-3.948,40.5387],[-3.9482,40.5388],[-3.9486,40.539],[-3.9488,40.5392],[-3.949,40.5393],[-3.9491,40.5394],[-3.9491,40.5395],[-3.9491,40.5395],[-3.9491,40.5396],[-3.9492,40.5398],[-3.9492,40.54],[-3.9492,40.5402],[-3.9491,40.5404],[-3.949,40.5405],[-3.9488,40.5406],[-3.9488,40.5407],[-3.9486,40.541],[-3.9484,40.5412],[-3.9483,40.5414],[-3.9483,40.5415],[-3.9481,40.542],[-3.948,40.5424],[-3.9476,40.5433],[-3.9474,40.5435],[-3.9472,40.5439],[-3.9469,40.5441],[-3.9465,40.545],[-3.9463,40.5451],[-3.9462,40.5451],[-3.9462,40.5452],[-3.9459,40.5454],[-3.9459,40.5454],[-3.9456,40.5462],[-3.9456,40.5464],[-3.9456,40.5464],[-3.9457,40.5464],[-3.9455,40.5468],[-3.9455,40.547],[-3.9454,40.5471],[-3.9454,40.5473],[-3.9454,40.5475],[-3.9454,40.5477],[-3.9454,40.548],[-3.9454,40.5483],[-3.9454,40.5484],[-3.9454,40.5486],[-3.9454,40.5489],[-3.9454,40.5492],[-3.9454,40.5495],[-3.9454,40.5497],[-3.9454,40.55],[-3.9454,40.5503],[-3.9453,40.5506],[-3.9452,40.5508],[-3.9451,40.551],[-3.945,40.5511],[-3.9445,40.5509],[-3.9443,40.5508],[-3.9441,40.5507],[-3.9439,40.5506],[-3.9439,40.5505],[-3.9439,40.5504],[-3.9438,40.5503],[-3.9437,40.5502],[-3.9436,40.5501],[-3.9435,40.55],[-3.9435,40.5499],[-3.9435,40.5498],[-3.9436,40.5497],[-3.9437,40.5495],[-3.9438,40.5494],[-3.9438,40.5492],[-3.9437,40.549],[-3.9436,40.5489],[-3.9434,40.5488],[-3.9432,40.5487],[-3.9431,40.5486],[-3.9429,40.5484],[-3.9428,40.5483],[-3.9424,40.5479],[-3.9424,40.5483],[-3.9423,40.5483],[-3.9423,40.5484],[-3.9421,40.5485],[-3.942,40.5485],[-3.9419,40.5485],[-3.9418,40.5486],[-3.9417,40.5486],[-3.9417,40.5487],[-3.9418,40.5487],[-3.942,40.5487],[-3.9422,40.5488],[-3.9423,40.5488],[-3.9425,40.5489],[-3.9425,40.549],[-3.9423,40.549],[-3.9422,40.5491],[-3.9421,40.5491],[-3.942,40.5491],[-3.9419,40.5491],[-3.9418,40.5492],[-3.9418,40.5492],[-3.9418,40.5493],[-3.9418,40.5494],[-3.9418,40.5495],[-3.9419,40.5496],[-3.9419,40.5498],[-3.9419,40.5499],[-3.9419,40.55],[-3.9417,40.5501],[-3.9415,40.5502],[-3.9414,40.5503],[-3.9411,40.5504],[-3.941,40.5504],[-3.9407,40.5505],[-3.9406,40.5506],[-3.9405,40.5507],[-3.9405,40.5509],[-3.9405,40.5511],[-3.9405,40.5512],[-3.9405,40.5513],[-3.9404,40.5515],[-3.9404,40.5516],[-3.9402,40.5518],[-3.9401,40.552],[-3.94,40.5521],[-3.9401,40.5522],[-3.9401,40.5523],[-3.9401,40.5524],[-3.9401,40.5525],[-3.94,40.5526],[-3.94,40.5527],[-3.94,40.5528],[-3.94,40.553],[-3.9399,40.5532],[-3.9399,40.5533],[-3.9398,40.5534],[-3.9398,40.5535],[-3.9399,40.5535],[-3.94,40.5535],[-3.9401,40.5535],[-3.9401,40.5535],[-3.9402,40.5536],[-3.9402,40.5536],[-3.9402,40.5536],[-3.9402,40.5537],[-3.9401,40.5538],[-3.94,40.5538],[-3.9399,40.5539],[-3.9398,40.5539],[-3.9396,40.554],[-3.9395,40.5541],[-3.9394,40.5543],[-3.9392,40.5545],[-3.9391,40.5548],[-3.939,40.555],[-3.9389,40.5552],[-3.9387,40.5554],[-3.9385,40.5556],[-3.9383,40.5558],[-3.9381,40.556],[-3.938,40.5561],[-3.938,40.5564],[-3.938,40.5565],[-3.9381,40.5567],[-3.9381,40.5568],[-3.9381,40.557],[-3.938,40.5572],[-3.9379,40.5573],[-3.9378,40.5574],[-3.9377,40.5575],[-3.9376,40.5576],[-3.9375,40.5578],[-3.9374,40.5581],[-3.9375,40.5584],[-3.9375,40.5586],[-3.9376,40.5587],[-3.9376,40.5588],[-3.9375,40.5589],[-3.9373,40.559],[-3.9371,40.5591],[-3.937,40.5592],[-3.9368,40.5594],[-3.9367,40.5594],[-3.9365,40.5593],[-3.9364,40.5592],[-3.9361,40.5592],[-3.936,40.5594],[-3.9359,40.5596],[-3.9358,40.5598],[-3.9358,40.5601],[-3.9357,40.5602],[-3.9357,40.5603],[-3.9355,40.5604],[-3.9354,40.5603],[-3.9351,40.5602],[-3.935,40.5602],[-3.9349,40.5604],[-3.9348,40.5607],[-3.9348,40.5609],[-3.9348,40.5611],[-3.9349,40.5613],[-3.9349,40.5615],[-3.9349,40.5617],[-3.9347,40.5618],[-3.9346,40.5619],[-3.9345,40.5621],[-3.9346,40.5623],[-3.9347,40.5624],[-3.935,40.5626],[-3.9351,40.5627],[-3.9351,40.5628],[-3.935,40.5629],[-3.9349,40.5628],[-3.9347,40.5628],[-3.9345,40.5629],[-3.9344,40.563],[-3.9341,40.563],[-3.9341,40.563],[-3.934,40.5629],[-3.934,40.5628],[-3.9339,40.5628],[-3.9338,40.5627],[-3.9337,40.5627],[-3.9335,40.5626],[-3.9334,40.5625],[-3.9333,40.5625],[-3.9332,40.5624],[-3.9332,40.5623],[-3.9331,40.5621],[-3.9331,40.5619],[-3.933,40.5618],[-3.9329,40.5618],[-3.9329,40.5617],[-3.9328,40.5618],[-3.9327,40.5618],[-3.9327,40.5619],[-3.9326,40.562],[-3.9325,40.562],[-3.9324,40.562],[-3.9323,40.562],[-3.9322,40.5621],[-3.9321,40.5622],[-3.9319,40.5624],[-3.9318,40.5626],[-3.9317,40.5627],[-3.9315,40.5629],[-3.9313,40.5631],[-3.9312,40.5633],[-3.9312,40.5634],[-3.9311,40.5635],[-3.931,40.5636],[-3.9308,40.5636],[-3.9307,40.5636],[-3.9306,40.5637],[-3.9307,40.5639],[-3.9307,40.564],[-3.9306,40.5642],[-3.9305,40.5643],[-3.9303,40.5644],[-3.9302,40.5646],[-3.9301,40.5647],[-3.9299,40.5648],[-3.9298,40.5649],[-3.9295,40.565],[-3.9293,40.5651],[-3.9291,40.5652],[-3.9287,40.5653],[-3.9285,40.5655],[-3.9283,40.5656],[-3.9283,40.5657],[-3.9282,40.5658],[-3.9282,40.5659],[-3.9282,40.566],[-3.9282,40.5661],[-3.9282,40.5663],[-3.9282,40.5664],[-3.9279,40.5666],[-3.9281,40.5667],[-3.9285,40.5668],[-3.9287,40.5669],[-3.9291,40.567],[-3.93,40.5672],[-3.9303,40.5673],[-3.9307,40.5673],[-3.931,40.5673],[-3.9314,40.5674],[-3.9318,40.5674],[-3.9324,40.5674],[-3.933,40.5675],[-3.9336,40.5675],[-3.9348,40.5676],[-3.9358,40.5677],[-3.9363,40.5677],[-3.9366,40.5677],[-3.937,40.5678],[-3.9375,40.5678],[-3.938,40.5678],[-3.9382,40.5671],[-3.9389,40.5673],[-3.9406,40.5676],[-3.9408,40.5676],[-3.9408,40.5676],[-3.941,40.5675],[-3.9413,40.5673],[-3.9413,40.5671],[-3.9413,40.567],[-3.9413,40.5668],[-3.9414,40.5667],[-3.9414,40.5666],[-3.9415,40.5665],[-3.9415,40.5665],[-3.9415,40.5664],[-3.9414,40.5662],[-3.9412,40.566],[-3.9411,40.5659],[-3.9411,40.5657],[-3.9411,40.5656],[-3.9411,40.5653],[-3.9412,40.5651],[-3.9413,40.5647],[-3.9414,40.5644],[-3.9416,40.564],[-3.9418,40.5635],[-3.9419,40.5634],[-3.9419,40.5634],[-3.9417,40.5631],[-3.9415,40.5627],[-3.9411,40.5622],[-3.9409,40.5617],[-3.9409,40.5617],[-3.941,40.5617],[-3.9411,40.5618],[-3.9412,40.5618],[-3.9413,40.5619],[-3.9414,40.5619],[-3.9414,40.5619],[-3.9416,40.562],[-3.942,40.562],[-3.9421,40.5621],[-3.9423,40.5622],[-3.9424,40.5622],[-3.9425,40.5622],[-3.9427,40.5623],[-3.9428,40.5623],[-3.9428,40.5625],[-3.9429,40.5626],[-3.9431,40.5628],[-3.9432,40.563],[-3.9433,40.5631],[-3.9434,40.5631],[-3.9435,40.5631],[-3.9436,40.5631],[-3.9436,40.5631],[-3.9436,40.5631],[-3.9436,40.5631],[-3.9436,40.5631],[-3.9437,40.5631],[-3.9437,40.5631],[-3.9437,40.5631],[-3.9437,40.5632],[-3.9437,40.5632],[-3.9437,40.5632],[-3.9437,40.5632],[-3.9437,40.5632],[-3.9437,40.5632],[-3.9443,40.5632],[-3.9443,40.5631],[-3.9443,40.5631],[-3.9443,40.5631],[-3.9445,40.5629],[-3.9447,40.5629],[-3.9447,40.5628],[-3.9448,40.5628],[-3.945,40.5628],[-3.945,40.5628],[-3.9451,40.5627],[-3.9453,40.5627],[-3.9454,40.5628],[-3.9457,40.5629],[-3.9459,40.563],[-3.9461,40.5631],[-3.9463,40.5631],[-3.9464,40.5631],[-3.9467,40.563],[-3.9468,40.563],[-3.9468,40.563],[-3.9468,40.5629],[-3.9469,40.5626],[-3.9469,40.5624],[-3.9469,40.5624],[-3.9469,40.5624],[-3.947,40.5623],[-3.9471,40.5621],[-3.9474,40.562],[-3.9474,40.562],[-3.9475,40.5619],[-3.9476,40.5618],[-3.9477,40.5618],[-3.9478,40.5618],[-3.9479,40.562],[-3.9479,40.562],[-3.948,40.5621],[-3.9481,40.5621],[-3.9482,40.562],[-3.9482,40.562],[-3.9483,40.562],[-3.9486,40.5619],[-3.9487,40.5618],[-3.9488,40.5618],[-3.9489,40.5617],[-3.949,40.5617],[-3.9491,40.5618],[-3.9491,40.5618],[-3.949,40.5619],[-3.9489,40.562],[-3.9488,40.5621],[-3.9488,40.5622],[-3.9488,40.5624],[-3.9488,40.5626],[-3.9488,40.5627],[-3.9488,40.5628],[-3.9488,40.563],[-3.9489,40.563],[-3.949,40.5631],[-3.9489,40.5633],[-3.9489,40.5635],[-3.9489,40.5636],[-3.9489,40.5637],[-3.949,40.5637],[-3.949,40.5638],[-3.9491,40.564],[-3.9491,40.564],[-3.9491,40.5641],[-3.9492,40.5641],[-3.9492,40.5642],[-3.9493,40.5643],[-3.9494,40.5645],[-3.9495,40.5646],[-3.9495,40.5646],[-3.9496,40.5648],[-3.9497,40.5651],[-3.9497,40.5651],[-3.9498,40.5653],[-3.9498,40.5655],[-3.9498,40.5656],[-3.9497,40.566],[-3.9495,40.5662],[-3.9494,40.5663],[-3.9492,40.5664],[-3.9491,40.5665],[-3.949,40.5666],[-3.9488,40.5668],[-3.9487,40.5669],[-3.9485,40.5671],[-3.9483,40.5672],[-3.9482,40.5673],[-3.9481,40.5674],[-3.948,40.5674],[-3.948,40.5674],[-3.9475,40.5677],[-3.9475,40.5678],[-3.9475,40.5678],[-3.9477,40.5682],[-3.948,40.5682],[-3.9482,40.5681],[-3.9486,40.5681],[-3.9491,40.5681],[-3.9493,40.5681],[-3.9495,40.5681],[-3.9498,40.5681],[-3.95,40.5681],[-3.9503,40.5681],[-3.9506,40.5682],[-3.951,40.5682],[-3.9511,40.5679],[-3.9513,40.5675],[-3.9515,40.5671],[-3.9516,40.567],[-3.9516,40.5669],[-3.9517,40.5669],[-3.9518,40.567],[-3.952,40.567],[-3.9523,40.5672],[-3.9526,40.5674],[-3.9528,40.5675],[-3.953,40.5677],[-3.9532,40.5678],[-3.9534,40.568],[-3.9536,40.5681],[-3.9537,40.5682],[-3.9539,40.5683],[-3.9541,40.5684],[-3.9543,40.5685],[-3.9546,40.5687],[-3.9549,40.5689],[-3.9555,40.5693],[-3.9559,40.5697],[-3.9559,40.5699],[-3.956,40.5701],[-3.9561,40.5702],[-3.9561,40.5703],[-3.9561,40.5703],[-3.9562,40.5703],[-3.9563,40.5704],[-3.9563,40.5705],[-3.9563,40.5705],[-3.9563,40.5706],[-3.9564,40.5707],[-3.9564,40.5707],[-3.9564,40.5709],[-3.9565,40.5709],[-3.9565,40.571],[-3.9565,40.5711],[-3.9565,40.5712],[-3.9565,40.5713],[-3.9565,40.5713],[-3.9568,40.5717],[-3.9571,40.5723],[-3.9573,40.5726],[-3.9574,40.5728],[-3.9579,40.5737],[-3.9585,40.5749],[-3.9588,40.5755],[-3.9589,40.5756],[-3.9589,40.5756],[-3.9592,40.5758],[-3.9592,40.5758],[-3.9592,40.5758],[-3.9593,40.5757],[-3.9593,40.5757],[-3.9595,40.5758],[-3.9596,40.5759],[-3.9597,40.5761],[-3.9599,40.5762],[-3.96,40.5763],[-3.9602,40.5766],[-3.9604,40.5768],[-3.9605,40.5769],[-3.9606,40.577],[-3.9606,40.577],[-3.9608,40.5772],[-3.9611,40.5776],[-3.9612,40.5778],[-3.9613,40.5779],[-3.9613,40.578],[-3.9613,40.5781],[-3.9614,40.5781],[-3.9614,40.5782],[-3.9614,40.5783],[-3.9615,40.5783],[-3.9615,40.5783],[-3.9616,40.5784],[-3.9617,40.5783],[-3.9618,40.5783],[-3.9619,40.5783],[-3.962,40.5783],[-3.9621,40.5783],[-3.9622,40.5784],[-3.9622,40.5784],[-3.9622,40.5785],[-3.9622,40.5787],[-3.9621,40.5788],[-3.9621,40.579],[-3.9621,40.5791],[-3.9621,40.5793],[-3.9621,40.5794],[-3.9621,40.5795],[-3.9622,40.5797],[-3.9623,40.5798],[-3.9623,40.5799],[-3.9623,40.58],[-3.9623,40.5801],[-3.9622,40.5802],[-3.9622,40.5802],[-3.9622,40.5802],[-3.9623,40.5803],[-3.9623,40.5806],[-3.9624,40.5808],[-3.9624,40.581],[-3.9624,40.5811],[-3.9626,40.5812],[-3.9629,40.5814],[-3.963,40.5815],[-3.9631,40.5816],[-3.9632,40.5818],[-3.9633,40.582],[-3.9633,40.5823],[-3.9634,40.5825],[-3.9634,40.5825],[-3.9635,40.5826],[-3.9637,40.5828],[-3.9638,40.5828],[-3.964,40.583],[-3.9642,40.583],[-3.9644,40.5831],[-3.9646,40.5831],[-3.9649,40.5831],[-3.9651,40.583],[-3.9654,40.5829],[-3.9655,40.5828],[-3.9659,40.5826],[-3.9664,40.5823],[-3.9667,40.5822],[-3.967,40.5821],[-3.9673,40.582],[-3.9675,40.582],[-3.9678,40.582],[-3.968,40.582],[-3.9681,40.582],[-3.9684,40.5821],[-3.9692,40.5824],[-3.9697,40.5827],[-3.9699,40.5828],[-3.9701,40.5829],[-3.9704,40.5829],[-3.9706,40.5829],[-3.971,40.5829],[-3.9717,40.5828],[-3.9727,40.5827],[-3.9733,40.5826],[-3.9734,40.5826],[-3.9735,40.5826],[-3.9737,40.5825],[-3.9738,40.5825],[-3.9738,40.5825],[-3.9741,40.5824],[-3.9746,40.5823],[-3.9748,40.5822],[-3.9752,40.582],[-3.9753,40.582],[-3.9755,40.5819],[-3.9755,40.5819],[-3.9758,40.5819],[-3.9761,40.5819],[-3.9763,40.5819],[-3.977,40.5819],[-3.9775,40.5819],[-3.9777,40.5819],[-3.9778,40.582],[-3.9778,40.5821],[-3.9779,40.5821],[-3.9778,40.5822],[-3.9776,40.5823],[-3.9775,40.5824],[-3.9774,40.5825],[-3.9774,40.5825],[-3.9774,40.5826],[-3.9774,40.5826],[-3.9774,40.5826],[-3.9774,40.5827],[-3.9775,40.5827],[-3.9776,40.5828],[-3.9777,40.5829],[-3.9781,40.583],[-3.9781,40.583],[-3.9784,40.583],[-3.9785,40.5831],[-3.9787,40.5832],[-3.9788,40.5832],[-3.9788,40.5833],[-3.9788,40.5833],[-3.9788,40.5834],[-3.9788,40.5834],[-3.9789,40.5834],[-3.9789,40.5834],[-3.979,40.5834],[-3.979,40.5834],[-3.9791,40.5834],[-3.9792,40.5834],[-3.9794,40.5834],[-3.9796,40.5834],[-3.9797,40.5835],[-3.9797,40.5835],[-3.9788,40.584],[-3.9713,40.5878],[-3.9712,40.5879],[-3.9711,40.5879],[-3.9713,40.588],[-3.9713,40.5882],[-3.9714,40.5883],[-3.9714,40.5885],[-3.9714,40.5887],[-3.9713,40.5889],[-3.9712,40.5892],[-3.9712,40.5893],[-3.9711,40.5895],[-3.971,40.5897],[-3.971,40.5899],[-3.9712,40.59],[-3.9713,40.5901],[-3.9715,40.5903],[-3.9716,40.5904],[-3.9718,40.5905],[-3.972,40.5907],[-3.9722,40.5908],[-3.9725,40.5909],[-3.9727,40.5911],[-3.9729,40.5911],[-3.9729,40.5912],[-3.9731,40.5913],[-3.9731,40.5913],[-3.9731,40.5914],[-3.973,40.5915],[-3.9729,40.5916],[-3.9729,40.5917],[-3.9728,40.5918],[-3.9727,40.5916],[-3.9728,40.5918],[-3.9728,40.5921],[-3.9729,40.5922],[-3.973,40.592],[-3.9733,40.5918],[-3.9734,40.5917],[-3.9735,40.5917],[-3.9737,40.5918],[-3.9738,40.5918],[-3.9738,40.5919],[-3.9739,40.592],[-3.974,40.5921],[-3.9742,40.5922],[-3.9744,40.5923],[-3.9746,40.5924],[-3.9748,40.5925],[-3.9749,40.5926],[-3.975,40.5928],[-3.975,40.593],[-3.975,40.5932],[-3.9751,40.5932],[-3.9753,40.5933],[-3.9755,40.5934],[-3.9757,40.5935],[-3.9759,40.5936],[-3.9759,40.5937],[-3.976,40.5938],[-3.976,40.594],[-3.9759,40.5942],[-3.9758,40.5944],[-3.9757,40.5947],[-3.9757,40.5949],[-3.9756,40.5951],[-3.9755,40.5953],[-3.9754,40.5955],[-3.9753,40.5957],[-3.9752,40.5958],[-3.9751,40.596],[-3.975,40.5962],[-3.9748,40.5964],[-3.9747,40.5967],[-3.9747,40.5969],[-3.9747,40.5971],[-3.9747,40.5971],[-3.9748,40.5972],[-3.975,40.5973],[-3.9751,40.5975],[-3.9752,40.5976],[-3.9754,40.5977],[-3.9754,40.5978],[-3.9755,40.5978],[-3.9756,40.5978],[-3.9756,40.5977],[-3.9758,40.5974],[-3.9764,40.5973],[-3.9771,40.5976],[-3.9781,40.5977],[-3.979,40.5979],[-3.9792,40.5981],[-3.9793,40.5981],[-3.9796,40.598],[-3.9798,40.5981],[-3.9799,40.5981],[-3.98,40.5981],[-3.9801,40.5981],[-3.9802,40.5982],[-3.9804,40.5982],[-3.9805,40.5983],[-3.9806,40.5983],[-3.981,40.5984],[-3.9815,40.5987],[-3.9818,40.5986],[-3.9821,40.5986],[-3.9825,40.5989],[-3.9829,40.5992],[-3.9829,40.5994],[-3.9829,40.5995],[-3.983,40.5997],[-3.983,40.5997],[-3.9838,40.6002],[-3.9838,40.6002],[-3.984,40.6001],[-3.9842,40.6002],[-3.9843,40.6002],[-3.9844,40.6003],[-3.9845,40.6003],[-3.9847,40.6004],[-3.9848,40.6005],[-3.9848,40.6007],[-3.9848,40.6007],[-3.9848,40.6009],[-3.985,40.6011],[-3.985,40.6011],[-3.985,40.6011],[-3.9849,40.6012],[-3.9849,40.6013],[-3.9849,40.6013],[-3.9851,40.6016],[-3.9852,40.6018],[-3.9852,40.6023],[-3.9854,40.6029],[-3.9853,40.6033],[-3.9854,40.6038],[-3.986,40.6046],[-3.9858,40.6052],[-3.9858,40.6052],[-3.9859,40.6053],[-3.9863,40.6062],[-3.9866,40.6063],[-3.9877,40.6063],[-3.9884,40.6065],[-3.9889,40.607],[-3.9895,40.6079],[-3.989,40.6079],[-3.9882,40.6077],[-3.9868,40.6076],[-3.987,40.6079],[-3.9874,40.6086],[-3.9881,40.6095],[-3.9902,40.6131],[-3.9903,40.6137],[-3.9909,40.6148],[-3.9912,40.6158],[-3.9903,40.6158],[-3.9892,40.6159],[-3.9886,40.6159],[-3.9879,40.6161],[-3.9871,40.6163],[-3.987,40.6166],[-3.9868,40.6171],[-3.9867,40.6179],[-3.9865,40.6183],[-3.9864,40.619],[-3.9868,40.6193]]]]},"geometry_name":"GEOMETRY1","properties":{"CD_TIPO_ZONA":"1","DS_TIPO_ZONA":"Máxima Protección","NM_AREA_HA":7776.38}},{"type":"Feature","id":"IDEM_MA_PR_GUADARRAMA.53","geometry":{"type":"MultiPolygon","coordinates":[[[[-3.9703,40.5568],[-3.9703,40.5568],[-3.9702,40.5569],[-3.9702,40.5569],[-3.9702,40.5569],[-3.9703,40.5569],[-3.9703,40.557],[-3.9703,40.557],[-3.9704,40.5571],[-3.9704,40.5571],[-3.9704,40.5572],[-3.9705,40.5572],[-3.9705,40.5574],[-3.9706,40.5575],[-3.9706,40.5576],[-3.9707,40.5577],[-3.9708,40.5578],[-3.9709,40.5579],[-3.971,40.558],[-3.9711,40.558],[-3.9711,40.5581],[-3.9712,40.5581],[-3.9712,40.5581],[-3.9713,40.5582],[-3.9713,40.5582],[-3.9714,40.5583],[-3.9716,40.5584],[-3.9716,40.5584],[-3.9717,40.5585],[-3.9717,40.5585],[-3.9718,40.5585],[-3.9719,40.5586],[-3.9719,40.5586],[-3.9722,40.5587],[-3.9726,40.5589],[-3.9727,40.559],[-3.9728,40.559],[-3.9732,40.5594],[-3.9732,40.5594],[-3.9733,40.5595],[-3.9734,40.5596],[-3.9734,40.5596],[-3.9736,40.5598],[-3.9743,40.5605],[-3.9744,40.5606],[-3.9746,40.5608],[-3.9748,40.561],[-3.975,40.5612],[-3.9752,40.5614],[-3.9753,40.5615],[-3.9756,40.5617],[-3.9758,40.5619],[-3.9758,40.562],[-3.9759,40.562],[-3.9759,40.5621],[-3.9761,40.5624],[-3.9761,40.5625],[-3.9762,40.5625],[-3.9763,40.5626],[-3.9763,40.5627],[-3.9764,40.5629],[-3.9766,40.5633],[-3.9768,40.5636],[-3.9769,40.5637],[-3.9769,40.5638],[-3.9769,40.5638],[-3.9771,40.5639],[-3.9771,40.5639],[-3.9771,40.564],[-3.9773,40.564],[-3.9774,40.5641],[-3.9775,40.5641],[-3.9775,40.5641],[-3.9776,40.5641],[-3.9776,40.5641],[-3.9778,40.5641],[-3.9779,40.5641],[-3.9781,40.564],[-3.9781,40.564],[-3.9782,40.5639],[-3.9783,40.5638],[-3.9784,40.5638],[-3.9785,40.5636],[-3.9787,40.5634],[-3.9788,40.5633],[-3.9789,40.5632],[-3.9791,40.563],[-3.9793,40.5629],[-3.9794,40.5629],[-3.9796,40.5627],[-3.9798,40.5626],[-3.9799,40.5625],[-3.9799,40.5625],[-3.98,40.5624],[-3.98,40.5622],[-3.9802,40.562],[-3.9803,40.5618],[-3.9804,40.5617],[-3.9805,40.5616],[-3.9806,40.5615],[-3.9808,40.5613],[-3.9808,40.5612],[-3.9808,40.5611],[-3.9808,40.5609],[-3.9808,40.5608],[-3.9809,40.5607],[-3.981,40.5605],[-3.9811,40.5604],[-3.9812,40.5602],[-3.9812,40.5601],[-3.9813,40.5599],[-3.9814,40.5598],[-3.9813,40.5598],[-3.9814,40.5597],[-3.9813,40.5594],[-3.9814,40.5592],[-3.9814,40.5591],[-3.9814,40.5591],[-3.9814,40.5589],[-3.9814,40.5587],[-3.9815,40.5585],[-3.9816,40.5584],[-3.9818,40.5582],[-3.982,40.5581],[-3.9822,40.5579],[-3.9823,40.5577],[-3.9825,40.5574],[-3.9827,40.5572],[-3.9829,40.557],[-3.983,40.5569],[-3.9832,40.5568],[-3.9832,40.5568],[-3.9832,40.5568],[-3.9834,40.5567],[-3.9835,40.5567],[-3.9836,40.5567],[-3.9836,40.5567],[-3.9837,40.5567],[-3.9838,40.5567],[-3.9846,40.5567],[-3.985,40.5567],[-3.9853,40.5567],[-3.9856,40.5567],[-3.9857,40.5567],[-3.986,40.5565],[-3.9868,40.5562],[-3.9872,40.556],[-3.9874,40.5559],[-3.9876,40.5557],[-3.9878,40.5556],[-3.9879,40.5554],[-3.9882,40.555],[-3.9883,40.5549],[-3.9884,40.5547],[-3.9885,40.5546],[-3.9885,40.5546],[-3.9885,40.5545],[-3.9884,40.5545],[-3.9884,40.5544],[-3.9882,40.5541],[-3.9881,40.5539],[-3.988,40.5537],[-3.9879,40.5533],[-3.9879,40.5532],[-3.9879,40.553],[-3.9879,40.5529],[-3.9879,40.5528],[-3.9879,40.5527],[-3.9879,40.5526],[-3.9879,40.5525],[-3.9879,40.5524],[-3.9878,40.5524],[-3.9877,40.5524],[-3.9877,40.5524],[-3.9876,40.5524],[-3.9876,40.5524],[-3.9875,40.5523],[-3.9875,40.5523],[-3.9874,40.5521],[-3.9873,40.552],[-3.9871,40.5515],[-3.9871,40.5514],[-3.987,40.5513],[-3.987,40.5512],[-3.987,40.5512],[-3.987,40.5512],[-3.987,40.5511],[-3.987,40.5511],[-3.9871,40.551],[-3.9872,40.5509],[-3.9872,40.5509],[-3.9872,40.5508],[-3.9871,40.5507],[-3.9871,40.5506],[-3.9871,40.5506],[-3.9871,40.5505],[-3.9872,40.5504],[-3.9872,40.5504],[-3.9873,40.5503],[-3.9872,40.5502],[-3.9872,40.5502],[-3.9872,40.5501],[-3.9872,40.5501],[-3.9871,40.55],[-3.9872,40.55],[-3.9872,40.5499],[-3.9872,40.5498],[-3.9871,40.5496],[-3.9871,40.5495],[-3.9871,40.5495],[-3.987,40.5494],[-3.987,40.5493],[-3.9869,40.5493],[-3.9868,40.5492],[-3.9868,40.5492],[-3.9868,40.5491],[-3.9868,40.549],[-3.9868,40.5489],[-3.9869,40.5488],[-3.9869,40.5488],[-3.9869,40.5487],[-3.9869,40.5486],[-3.9868,40.5484],[-3.9868,40.5483],[-3.9868,40.5482],[-3.9869,40.5481],[-3.9869,40.5481],[-3.9869,40.548],[-3.9868,40.548],[-3.9868,40.5479],[-3.9868,40.5478],[-3.9868,40.5477],[-3.9868,40.5476],[-3.9868,40.5476],[-3.9869,40.5475],[-3.9869,40.5474],[-3.987,40.5473],[-3.9871,40.5472],[-3.9872,40.547],[-3.9873,40.5468],[-3.9873,40.5468],[-3.9873,40.5467],[-3.9874,40.5467],[-3.9874,40.5466],[-3.9875,40.5465],[-3.9876,40.5464],[-3.9878,40.5461],[-3.9879,40.546],[-3.9879,40.5459],[-3.988,40.5458],[-3.988,40.5457],[-3.9881,40.5456],[-3.9881,40.5455],[-3.9882,40.5454],[-3.9882,40.5453],[-3.9883,40.5451],[-3.9884,40.5449],[-3.9885,40.5448],[-3.9887,40.5445],[-3.9887,40.5444],[-3.9887,40.5443],[-3.9888,40.5441],[-3.9888,40.544],[-3.9889,40.5439],[-3.989,40.5439],[-3.989,40.5439],[-3.9892,40.5439],[-3.9894,40.544],[-3.9894,40.544],[-3.9895,40.5441],[-3.9897,40.5441],[-3.99,40.5441],[-3.9909,40.5443],[-3.9913,40.5444],[-3.9915,40.5444],[-3.9917,40.5445],[-3.9917,40.5444],[-3.9917,40.5443],[-3.9918,40.5442],[-3.9918,40.544],[-3.9919,40.544],[-3.9919,40.5439],[-3.992,40.5438],[-3.9921,40.5437],[-3.9922,40.5437],[-3.9923,40.5436],[-3.9923,40.5434],[-3.9924,40.5433],[-3.9924,40.5431],[-3.9924,40.5429],[-3.9925,40.5427],[-3.9926,40.5426],[-3.9928,40.5424],[-3.993,40.5423],[-3.9933,40.542],[-3.9935,40.5418],[-3.9936,40.5417],[-3.9937,40.5416],[-3.9937,40.5416],[-3.9938,40.5415],[-3.9939,40.5415],[-3.994,40.5415],[-3.9943,40.5416],[-3.9946,40.5416],[-3.9951,40.5416],[-3.9957,40.5416],[-3.996,40.5416],[-3.9964,40.5416],[-3.9967,40.5416],[-3.9971,40.5416],[-3.9974,40.5416],[-3.9976,40.5416],[-3.9977,40.5417],[-3.9977,40.5418],[-3.9978,40.5418],[-3.9979,40.5421],[-3.9982,40.5424],[-3.9983,40.5426],[-3.9984,40.5427],[-3.9985,40.5429],[-3.9986,40.543],[-3.9985,40.5432],[-3.9985,40.5433],[-3.9986,40.5434],[-3.9987,40.5435],[-3.9988,40.5435],[-3.9989,40.5436],[-3.9989,40.5436],[-3.9989,40.5438],[-3.999,40.5439],[-3.9991,40.5439],[-3.9992,40.5439],[-3.9991,40.5435],[-3.9991,40.5434],[-3.9991,40.5433],[-3.9991,40.5433],[-3.9991,40.5433],[-3.9991,40.5433],[-3.9991,40.5432],[-3.9991,40.543],[-3.9991,40.543],[-3.9991,40.543],[-3.9991,40.5429],[-3.9991,40.5429],[-3.9991,40.5428],[-3.9991,40.5427],[-3.9991,40.5427],[-3.9991,40.5426],[-3.999,40.5426],[-3.999,40.5426],[-3.999,40.5426],[-3.9989,40.5426],[-3.9989,40.5425],[-3.9988,40.5425],[-3.9988,40.5424],[-3.9988,40.5423],[-3.9987,40.5423],[-3.9987,40.5422],[-3.9986,40.5421],[-3.9985,40.5419],[-3.9984,40.5418],[-3.9984,40.5418],[-3.9984,40.5417],[-3.9983,40.5417],[-3.9982,40.5416],[-3.9982,40.5415],[-3.9981,40.5414],[-3.9979,40.5413],[-3.9978,40.5413],[-3.9978,40.5412],[-3.9976,40.5411],[-3.9975,40.541],[-3.9974,40.5409],[-3.9973,40.5408],[-3.9973,40.5407],[-3.9973,40.5406],[-3.9973,40.5406],[-3.9973,40.5406],[-3.9974,40.5405],[-3.9974,40.5405],[-3.9975,40.5404],[-3.9976,40.5404],[-3.9976,40.5403],[-3.9977,40.5403],[-3.9977,40.5402],[-3.9977,40.5401],[-3.9977,40.5401],[-3.9976,40.54],[-3.9976,40.5399],[-3.9976,40.5399],[-3.9976,40.5398],[-3.9976,40.5397],[-3.9976,40.5396],[-3.9976,40.5395],[-3.9975,40.5395],[-3.9975,40.5394],[-3.9974,40.5392],[-3.9972,40.539],[-3.9972,40.5389],[-3.9971,40.5388],[-3.9971,40.5387],[-3.997,40.5387],[-3.997,40.5386],[-3.997,40.5385],[-3.997,40.5385],[-3.997,40.5384],[-3.9971,40.5383],[-3.9971,40.5382],[-3.9971,40.5382],[-3.9971,40.5382],[-3.9971,40.5381],[-3.9971,40.538],[-3.9971,40.538],[-3.9971,40.5379],[-3.997,40.5377],[-3.997,40.5377],[-3.997,40.5376],[-3.9969,40.5376],[-3.9969,40.5376],[-3.9969,40.5376],[-3.9968,40.5375],[-3.9967,40.5374],[-3.9967,40.5374],[-3.9965,40.5374],[-3.9964,40.5374],[-3.9962,40.5374],[-3.9961,40.5374],[-3.996,40.5374],[-3.9957,40.5374],[-3.9957,40.5375],[-3.9956,40.5375],[-3.9955,40.5375],[-3.9954,40.5375],[-3.9953,40.5374],[-3.9953,40.5374],[-3.9952,40.5374],[-3.9952,40.5374],[-3.9951,40.5373],[-3.995,40.5372],[-3.995,40.5372],[-3.995,40.5372],[-3.995,40.5371],[-3.9951,40.5371],[-3.9951,40.5369],[-3.9952,40.5367],[-3.9952,40.5365],[-3.9952,40.5364],[-3.9952,40.5362],[-3.9952,40.536],[-3.9952,40.536],[-3.9952,40.5359],[-3.9953,40.5358],[-3.9953,40.5358],[-3.9953,40.5356],[-3.9953,40.5356],[-3.9953,40.5356],[-3.9985,40.5341],[-4.0008,40.5331],[-4.0032,40.532],[-4.0046,40.5314],[-4.0069,40.5304],[-4.0081,40.5298],[-4.0095,40.5292],[-4.0095,40.5292],[-4.0095,40.529],[-4.0095,40.5289],[-4.0095,40.5283],[-4.0095,40.5276],[-4.0095,40.5276],[-4.0095,40.5276],[-4.0094,40.5273],[-4.0094,40.5271],[-4.0093,40.527],[-4.0092,40.5268],[-4.0092,40.5267],[-4.0093,40.5261],[-4.0094,40.525],[-4.0094,40.5248],[-4.0093,40.5245],[-4.0093,40.5243],[-4.0094,40.5241],[-4.0098,40.5235],[-4.0099,40.5233],[-4.01,40.5232],[-4.01,40.5232],[-4.0105,40.5234],[-4.0113,40.5237],[-4.0118,40.5239],[-4.0123,40.5241],[-4.0135,40.5246],[-4.0146,40.5251],[-4.0148,40.5251],[-4.0149,40.5252],[-4.015,40.5253],[-4.0151,40.5253],[-4.0152,40.5254],[-4.0153,40.5255],[-4.0154,40.5255],[-4.0155,40.5255],[-4.0156,40.5255],[-4.0157,40.5255],[-4.0158,40.5256],[-4.0159,40.5256],[-4.016,40.5257],[-4.0163,40.5258],[-4.0165,40.5258],[-4.0168,40.5259],[-4.0169,40.526],[-4.017,40.5261],[-4.0171,40.5261],[-4.0172,40.5261],[-4.0173,40.5262],[-4.018,40.5265],[-4.0188,40.5268],[-4.0189,40.5269],[-4.019,40.5269],[-4.0191,40.5269],[-4.0192,40.527],[-4.0193,40.527],[-4.0194,40.5271],[-4.0195,40.5271],[-4.0196,40.5275],[-4.0196,40.5277],[-4.0196,40.5279],[-4.0196,40.528],[-4.0196,40.528],[-4.0195,40.5281],[-4.0195,40.5281],[-4.0195,40.5282],[-4.0194,40.5282],[-4.0194,40.5282],[-4.0193,40.5283],[-4.0193,40.5283],[-4.0193,40.5284],[-4.0192,40.5285],[-4.0192,40.5286],[-4.019,40.5287],[-4.0189,40.5288],[-4.0189,40.5288],[-4.0188,40.5289],[-4.0188,40.5289],[-4.0187,40.529],[-4.0187,40.5291],[-4.0186,40.5292],[-4.0186,40.5292],[-4.0185,40.5292],[-4.0185,40.5292],[-4.0186,40.5294],[-4.0188,40.5296],[-4.0189,40.5298],[-4.0192,40.5301],[-4.0203,40.5313],[-4.0207,40.5317],[-4.0215,40.5321],[-4.0225,40.5326],[-4.0231,40.5319],[-4.0235,40.5314],[-4.0238,40.5311],[-4.0241,40.5308],[-4.0244,40.5305],[-4.0248,40.5303],[-4.0252,40.5299],[-4.026,40.5293],[-4.0265,40.5289],[-4.0268,40.5287],[-4.0271,40.5286],[-4.0274,40.5284],[-4.0277,40.5282],[-4.0278,40.5281],[-4.0279,40.528],[-4.0279,40.5278],[-4.0278,40.5277],[-4.0277,40.5276],[-4.0277,40.5275],[-4.0278,40.5273],[-4.0279,40.5271],[-4.0279,40.5269],[-4.0279,40.5268],[-4.028,40.5266],[-4.028,40.5264],[-4.0281,40.5262],[-4.0281,40.526],[-4.0281,40.5258],[-4.0281,40.5257],[-4.0279,40.5255],[-4.0279,40.5253],[-4.0277,40.525],[-4.0275,40.5249],[-4.0272,40.5247],[-4.027,40.5245],[-4.0268,40.5243],[-4.0266,40.5241],[-4.0263,40.5238],[-4.0262,40.5236],[-4.026,40.5234],[-4.0259,40.5232],[-4.0257,40.523],[-4.0257,40.5228],[-4.0258,40.5226],[-4.0258,40.5224],[-4.0259,40.5222],[-4.0259,40.5219],[-4.0259,40.5217],[-4.0259,40.5215],[-4.0259,40.5213],[-4.0259,40.5211],[-4.0258,40.5209],[-4.0258,40.5208],[-4.0258,40.5207],[-4.0257,40.5206],[-4.0257,40.5204],[-4.0258,40.5203],[-4.0259,40.5201],[-4.026,40.5199],[-4.0261,40.5197],[-4.0261,40.5196],[-4.0261,40.5195],[-4.0262,40.5193],[-4.0262,40.5191],[-4.0262,40.519],[-4.0262,40.5188],[-4.0261,40.5187],[-4.026,40.5186],[-4.0256,40.5185],[-4.0254,40.5185],[-4.0252,40.5184],[-4.0249,40.5184],[-4.0247,40.5183],[-4.0244,40.5183],[-4.0241,40.5182],[-4.0239,40.5181],[-4.0237,40.5181],[-4.0234,40.518],[-4.0233,40.5179],[-4.0231,40.5178],[-4.0231,40.5178],[-4.023,40.5175],[-4.0229,40.5173],[-4.0229,40.5172],[-4.0229,40.517],[-4.0228,40.5168],[-4.0228,40.5168],[-4.0228,40.5166],[-4.0227,40.5164],[-4.0226,40.5162],[-4.0225,40.516],[-4.0225,40.5158],[-4.0225,40.5155],[-4.0224,40.5152],[-4.0224,40.515],[-4.0223,40.5149],[-4.0222,40.5146],[-4.022,40.5144],[-4.0218,40.5142],[-4.0215,40.514],[-4.0213,40.5138],[-4.021,40.5133],[-4.0209,40.5133],[-4.0209,40.5132],[-4.0208,40.5131],[-4.0207,40.513],[-4.0207,40.5129],[-4.0207,40.5127],[-4.0208,40.5126],[-4.0208,40.5123],[-4.0208,40.5121],[-4.0208,40.5119],[-4.0207,40.5118],[-4.0207,40.5116],[-4.0206,40.5113],[-4.0206,40.5111],[-4.0206,40.5108],[-4.0208,40.5106],[-4.021,40.5103],[-4.0212,40.5102],[-4.0212,40.5101],[-4.0213,40.51],[-4.0212,40.5099],[-4.0211,40.5098],[-4.021,40.5096],[-4.0209,40.5095],[-4.0208,40.5094],[-4.0207,40.5094],[-4.0207,40.5093],[-4.0207,40.5091],[-4.0207,40.5091],[-4.0207,40.509],[-4.0206,40.5089],[-4.0206,40.5088],[-4.0206,40.5087],[-4.0205,40.5086],[-4.0202,40.5082],[-4.0199,40.5079],[-4.0198,40.5078],[-4.0197,40.5076],[-4.0195,40.5074],[-4.0194,40.5073],[-4.0192,40.5072],[-4.0191,40.507],[-4.0188,40.5067],[-4.0187,40.5066],[-4.0185,40.5064],[-4.0183,40.5062],[-4.0182,40.506],[-4.0181,40.5058],[-4.0181,40.5056],[-4.018,40.5053],[-4.0178,40.505],[-4.0178,40.5049],[-4.0176,40.5046],[-4.0174,40.5044],[-4.0172,40.5041],[-4.0171,40.5038],[-4.0169,40.5033],[-4.0166,40.5028],[-4.0164,40.5023],[-4.0162,40.5019],[-4.0162,40.5017],[-4.0161,40.5013],[-4.0161,40.501],[-4.0161,40.5006],[-4.016,40.5002],[-4.0159,40.5],[-4.0158,40.4999],[-4.0156,40.4996],[-4.0155,40.4993],[-4.0153,40.4991],[-4.0152,40.4989],[-4.0152,40.4988],[-4.0151,40.4986],[-4.015,40.4982],[-4.0149,40.498],[-4.0148,40.4976],[-4.0147,40.4974],[-4.0146,40.4972],[-4.0145,40.4969],[-4.0144,40.4967],[-4.0143,40.4965],[-4.0141,40.4963],[-4.0141,40.4961],[-4.0139,40.4959],[-4.0138,40.4957],[-4.0137,40.4957],[-4.0136,40.4955],[-4.0134,40.4954],[-4.0133,40.4953],[-4.0131,40.4953],[-4.0129,40.4952],[-4.0129,40.4952],[-4.0126,40.4953],[-4.0122,40.4954],[-4.0119,40.4955],[-4.0116,40.4956],[-4.0114,40.4958],[-4.0112,40.496],[-4.0111,40.4963],[-4.0109,40.4964],[-4.0105,40.4967],[-4.0102,40.4969],[-4.0099,40.4972],[-4.0097,40.4974],[-4.0094,40.4976],[-4.0094,40.4976],[-4.009,40.4978],[-4.0088,40.498],[-4.0087,40.498],[-4.0084,40.4981],[-4.0082,40.4982],[-4.008,40.4981],[-4.0077,40.498],[-4.0076,40.498],[-4.0074,40.4979],[-4.0073,40.4977],[-4.0072,40.4976],[-4.0071,40.4975],[-4.007,40.4973],[-4.0069,40.4971],[-4.0068,40.4969],[-4.0066,40.4968],[-4.0064,40.4968],[-4.0062,40.4968],[-4.006,40.4968],[-4.0057,40.497],[-4.0056,40.4973],[-4.0055,40.4975],[-4.0054,40.4977],[-4.0054,40.498],[-4.0053,40.4983],[-4.0053,40.4985],[-4.0053,40.4988],[-4.0052,40.4991],[-4.0052,40.4994],[-4.0051,40.4996],[-4.005,40.4998],[-4.005,40.4999],[-4.0049,40.5],[-4.0048,40.5],[-4.0047,40.5001],[-4.0046,40.5],[-4.0045,40.5],[-4.0044,40.4999],[-4.0043,40.4998],[-4.0043,40.4997],[-4.0042,40.4995],[-4.0041,40.4993],[-4.0039,40.4991],[-4.0038,40.4989],[-4.0036,40.4987],[-4.0035,40.4985],[-4.0034,40.4984],[-4.0032,40.4983],[-4.003,40.4981],[-4.0028,40.4979],[-4.0026,40.4977],[-4.0024,40.4974],[-4.0022,40.4971],[-4.002,40.4969],[-4.0019,40.4967],[-4.0018,40.4965],[-4.0017,40.4964],[-4.0015,40.4963],[-4.0013,40.4962],[-4.0011,40.4963],[-4.001,40.4964],[-4.0009,40.4966],[-4.0008,40.4968],[-4.0007,40.497],[-4.0006,40.4972],[-4.0006,40.4974],[-4.0005,40.4976],[-4.0006,40.4978],[-4.0005,40.498],[-4.0004,40.4982],[-4.0002,40.4982],[-4.0001,40.4982],[-3.9999,40.4981],[-3.9998,40.498],[-3.9995,40.4977],[-3.9994,40.4976],[-3.9992,40.4974],[-3.999,40.4972],[-3.9989,40.4971],[-3.9988,40.4969],[-3.9986,40.4968],[-3.9984,40.4966],[-3.9982,40.4966],[-3.998,40.4967],[-3.9979,40.4967],[-3.9976,40.4968],[-3.9974,40.4971],[-3.9973,40.4974],[-3.9971,40.4976],[-3.9969,40.498],[-3.9967,40.4982],[-3.9965,40.4985],[-3.9964,40.4987],[-3.9963,40.4989],[-3.9961,40.4992],[-3.9959,40.4994],[-3.9958,40.4996],[-3.9956,40.4998],[-3.9955,40.4999],[-3.9953,40.5001],[-3.9952,40.5003],[-3.9951,40.5005],[-3.9949,40.5006],[-3.9947,40.5007],[-3.9946,40.5008],[-3.9945,40.5009],[-3.9946,40.501],[-3.9947,40.5012],[-3.9948,40.5012],[-3.995,40.5013],[-3.995,40.5014],[-3.995,40.5015],[-3.9951,40.5016],[-3.995,40.5018],[-3.9949,40.5019],[-3.9947,40.502],[-3.9945,40.5021],[-3.9944,40.5022],[-3.9942,40.5024],[-3.9941,40.5026],[-3.9935,40.5032],[-3.9931,40.5037],[-3.9927,40.504],[-3.9926,40.5041],[-3.9919,40.5047],[-3.9913,40.5051],[-3.991,40.5054],[-3.9908,40.5056],[-3.9906,40.5058],[-3.9903,40.5062],[-3.9899,40.5066],[-3.9897,40.507],[-3.9886,40.5084],[-3.9882,40.5089],[-3.9881,40.509],[-3.9876,40.5101],[-3.9869,40.5112],[-3.9868,40.5127],[-3.9867,40.5136],[-3.9867,40.5136],[-3.9853,40.5155],[-3.9846,40.5166],[-3.9846,40.5168],[-3.9845,40.517],[-3.9844,40.5174],[-3.9845,40.5176],[-3.9847,40.5178],[-3.9848,40.5179],[-3.9849,40.5181],[-3.985,40.5182],[-3.9851,40.5184],[-3.9853,40.5185],[-3.9854,40.5186],[-3.9857,40.5187],[-3.9861,40.5191],[-3.9861,40.5193],[-3.9861,40.5194],[-3.9861,40.5195],[-3.9859,40.5196],[-3.9857,40.5198],[-3.9855,40.5199],[-3.9855,40.52],[-3.9857,40.5201],[-3.9858,40.5201],[-3.9859,40.5202],[-3.9862,40.5202],[-3.9862,40.5203],[-3.9863,40.5204],[-3.9863,40.5204],[-3.9864,40.5208],[-3.9867,40.521],[-3.9867,40.5211],[-3.9868,40.5211],[-3.9869,40.5212],[-3.9869,40.5212],[-3.9872,40.5212],[-3.9874,40.5213],[-3.9875,40.5213],[-3.9875,40.5213],[-3.9876,40.5214],[-3.9876,40.5214],[-3.9876,40.5214],[-3.9876,40.5215],[-3.9877,40.5218],[-3.9877,40.5218],[-3.9877,40.5219],[-3.9878,40.522],[-3.9878,40.5221],[-3.9879,40.5221],[-3.9881,40.5222],[-3.9882,40.5223],[-3.9883,40.5223],[-3.9884,40.5224],[-3.9886,40.5225],[-3.9887,40.5225],[-3.9888,40.5226],[-3.9888,40.5227],[-3.9888,40.5227],[-3.9888,40.5227],[-3.9888,40.5228],[-3.9888,40.5229],[-3.9887,40.5229],[-3.9886,40.523],[-3.9886,40.523],[-3.9885,40.5231],[-3.9884,40.5231],[-3.9884,40.5231],[-3.9884,40.5232],[-3.9884,40.5232],[-3.9884,40.5233],[-3.9884,40.5233],[-3.9884,40.5233],[-3.9883,40.5234],[-3.9883,40.5234],[-3.9883,40.5235],[-3.9883,40.5235],[-3.9881,40.5235],[-3.9879,40.5235],[-3.9878,40.5235],[-3.9877,40.5235],[-3.9875,40.5236],[-3.9874,40.5236],[-3.9873,40.5237],[-3.9871,40.5238],[-3.987,40.5239],[-3.9868,40.524],[-3.9866,40.5242],[-3.9863,40.5243],[-3.9862,40.5243],[-3.9861,40.5243],[-3.986,40.5244],[-3.9858,40.5245],[-3.9857,40.5245],[-3.9856,40.5246],[-3.9854,40.5247],[-3.9852,40.5248],[-3.985,40.5249],[-3.9848,40.5249],[-3.985,40.5248],[-3.985,40.5247],[-3.985,40.5247],[-3.985,40.5247],[-3.985,40.5246],[-3.985,40.5245],[-3.9849,40.5245],[-3.9848,40.5245],[-3.9847,40.5245],[-3.9846,40.5245],[-3.9845,40.5246],[-3.9843,40.5247],[-3.9842,40.5247],[-3.9841,40.5247],[-3.9839,40.5247],[-3.9836,40.5247],[-3.9834,40.5247],[-3.9832,40.5247],[-3.983,40.5247],[-3.9828,40.5248],[-3.9828,40.5248],[-3.9826,40.5247],[-3.9825,40.5247],[-3.9825,40.5246],[-3.9824,40.5244],[-3.9823,40.5243],[-3.9822,40.5243],[-3.9822,40.5241],[-3.9821,40.524],[-3.982,40.524],[-3.9819,40.5239],[-3.9819,40.5239],[-3.9817,40.524],[-3.9816,40.524],[-3.9815,40.5241],[-3.9815,40.5241],[-3.9814,40.5241],[-3.9813,40.5241],[-3.9813,40.5239],[-3.9813,40.5238],[-3.9813,40.5238],[-3.9813,40.5238],[-3.9813,40.5236],[-3.9813,40.5235],[-3.9813,40.5235],[-3.9814,40.5234],[-3.9814,40.5233],[-3.9814,40.5232],[-3.9815,40.5231],[-3.9815,40.5231],[-3.9816,40.5231],[-3.9816,40.523],[-3.9816,40.523],[-3.9815,40.5229],[-3.9814,40.5228],[-3.9813,40.5228],[-3.9812,40.5227],[-3.9812,40.5226],[-3.9811,40.5225],[-3.9811,40.5225],[-3.981,40.5225],[-3.981,40.5225],[-3.9809,40.5224],[-3.9806,40.5224],[-3.9805,40.5224],[-3.9803,40.5223],[-3.9801,40.5223],[-3.98,40.5222],[-3.9799,40.5222],[-3.9798,40.5221],[-3.9798,40.5221],[-3.9797,40.5219],[-3.9795,40.5216],[-3.9792,40.5213],[-3.9791,40.5211],[-3.9789,40.5209],[-3.9785,40.5205],[-3.9781,40.5202],[-3.978,40.5201],[-3.9779,40.5199],[-3.9778,40.5199],[-3.9776,40.5196],[-3.9776,40.5196],[-3.9776,40.5194],[-3.9773,40.5191],[-3.9773,40.519],[-3.9771,40.5188],[-3.9771,40.5187],[-3.9769,40.5184],[-3.9769,40.5183],[-3.9768,40.5182],[-3.9768,40.5181],[-3.9767,40.5179],[-3.9766,40.5178],[-3.9763,40.5177],[-3.9761,40.5177],[-3.9758,40.5176],[-3.9756,40.5175],[-3.9754,40.5174],[-3.9749,40.5172],[-3.9746,40.517],[-3.9743,40.517],[-3.9739,40.5168],[-3.9737,40.5168],[-3.9734,40.5167],[-3.9731,40.5165],[-3.973,40.5163],[-3.9728,40.5161],[-3.9726,40.5158],[-3.9724,40.5155],[-3.9723,40.5153],[-3.9722,40.5151],[-3.972,40.5149],[-3.9719,40.5147],[-3.9717,40.5145],[-3.9716,40.5143],[-3.9715,40.5142],[-3.9713,40.514],[-3.9711,40.5139],[-3.9709,40.5138],[-3.9706,40.5138],[-3.9703,40.5137],[-3.97,40.5136],[-3.9697,40.5136],[-3.9695,40.5136],[-3.9692,40.5136],[-3.969,40.5136],[-3.9688,40.5136],[-3.9685,40.5135],[-3.9682,40.5134],[-3.9681,40.5133],[-3.9679,40.5131],[-3.9677,40.513],[-3.9675,40.513],[-3.9672,40.5129],[-3.967,40.5127],[-3.9665,40.5126],[-3.9662,40.5126],[-3.9661,40.5126],[-3.9659,40.5127],[-3.9658,40.5129],[-3.9657,40.5129],[-3.9655,40.5129],[-3.9654,40.513],[-3.9653,40.513],[-3.9651,40.5131],[-3.965,40.513],[-3.9648,40.5129],[-3.9644,40.5126],[-3.9642,40.5124],[-3.9642,40.5123],[-3.9642,40.5123],[-3.9642,40.5122],[-3.9643,40.5122],[-3.9644,40.5121],[-3.9646,40.512],[-3.9643,40.512],[-3.9641,40.512],[-3.9638,40.512],[-3.9637,40.5119],[-3.9634,40.5118],[-3.9633,40.5117],[-3.9632,40.5116],[-3.9631,40.5115],[-3.9629,40.5115],[-3.9628,40.5114],[-3.9628,40.5114],[-3.9628,40.5113],[-3.9627,40.5112],[-3.9626,40.5112],[-3.9624,40.5112],[-3.9623,40.5112],[-3.9623,40.5111],[-3.9623,40.511],[-3.9624,40.5109],[-3.9625,40.5107],[-3.9626,40.5106],[-3.9627,40.5105],[-3.9627,40.5104],[-3.9627,40.5103],[-3.9625,40.5104],[-3.9624,40.5105],[-3.9623,40.5106],[-3.9621,40.5106],[-3.9619,40.5106],[-3.9617,40.5105],[-3.9615,40.5105],[-3.9612,40.5106],[-3.9611,40.5105],[-3.961,40.5105],[-3.9608,40.5105],[-3.9606,40.5105],[-3.9604,40.5104],[-3.9603,40.5103],[-3.9601,40.5103],[-3.9598,40.5102],[-3.9595,40.5102],[-3.9593,40.5103],[-3.959,40.5104],[-3.9588,40.5104],[-3.9585,40.5103],[-3.9582,40.5102],[-3.9581,40.5102],[-3.9579,40.5103],[-3.9577,40.5104],[-3.9575,40.5104],[-3.9574,40.5104],[-3.9572,40.5102],[-3.957,40.51],[-3.9569,40.5098],[-3.9568,40.5096],[-3.9567,40.5094],[-3.9566,40.5092],[-3.9564,40.5091],[-3.9564,40.5091],[-3.9564,40.5091],[-3.9563,40.5089],[-3.9562,40.5088],[-3.9563,40.5087],[-3.9565,40.5086],[-3.9565,40.5085],[-3.9566,40.5084],[-3.9567,40.5083],[-3.9569,40.5083],[-3.9571,40.5083],[-3.9573,40.5083],[-3.9574,40.5082],[-3.9576,40.5082],[-3.9577,40.5081],[-3.9577,40.5081],[-3.9575,40.508],[-3.9571,40.5079],[-3.9568,40.5078],[-3.9563,40.5078],[-3.956,40.5078],[-3.9556,40.5078],[-3.9553,40.5078],[-3.9549,40.5077],[-3.9548,40.5077],[-3.9545,40.5077],[-3.9544,40.5077],[-3.9543,40.5075],[-3.9542,40.5073],[-3.9542,40.5071],[-3.9541,40.507],[-3.9539,40.5068],[-3.9539,40.5067],[-3.9537,40.5065],[-3.9536,40.5064],[-3.9536,40.5063],[-3.9538,40.5061],[-3.9539,40.506],[-3.9539,40.5058],[-3.9541,40.5057],[-3.9541,40.5055],[-3.9542,40.5054],[-3.9538,40.5055],[-3.9534,40.5055],[-3.9531,40.5054],[-3.9529,40.5054],[-3.9528,40.5054],[-3.9528,40.5052],[-3.9528,40.5052],[-3.9529,40.5051],[-3.953,40.505],[-3.953,40.505],[-3.9533,40.505],[-3.9531,40.5049],[-3.953,40.5048],[-3.953,40.5048],[-3.953,40.5047],[-3.9531,40.5045],[-3.953,40.5043],[-3.953,40.5041],[-3.953,40.5039],[-3.9529,40.5037],[-3.9529,40.5035],[-3.9528,40.5034],[-3.9528,40.5033],[-3.9529,40.5032],[-3.9531,40.5032],[-3.9532,40.5032],[-3.9534,40.5032],[-3.9535,40.5031],[-3.9536,40.503],[-3.9534,40.5029],[-3.9533,40.5029],[-3.953,40.5028],[-3.9526,40.5028],[-3.9525,40.5028],[-3.9522,40.5027],[-3.9521,40.5027],[-3.9517,40.5026],[-3.9516,40.5025],[-3.9514,40.5025],[-3.9512,40.5025],[-3.9511,40.5025],[-3.9509,40.5024],[-3.9508,40.5024],[-3.9507,40.5023],[-3.9506,40.5022],[-3.9505,40.5021],[-3.9503,40.502],[-3.9502,40.5019],[-3.9501,40.5018],[-3.95,40.5016],[-3.9499,40.5014],[-3.9498,40.5012],[-3.9497,40.5011],[-3.9496,40.501],[-3.9495,40.5009],[-3.9494,40.5008],[-3.9492,40.5007],[-3.9491,40.5006],[-3.9491,40.5005],[-3.9492,40.5004],[-3.9494,40.5003],[-3.9497,40.5002],[-3.9498,40.5001],[-3.95,40.5],[-3.9502,40.4999],[-3.9505,40.4998],[-3.9508,40.4998],[-3.9511,40.4997],[-3.9514,40.4996],[-3.9516,40.4996],[-3.9519,40.4995],[-3.9521,40.4994],[-3.9522,40.4994],[-3.9522,40.4994],[-3.9522,40.4993],[-3.9501,40.4984],[-3.9471,40.4972],[-3.947,40.4971],[-3.9469,40.4972],[-3.9469,40.4972],[-3.9469,40.4972],[-3.9469,40.4972],[-3.9468,40.4973],[-3.9466,40.4973],[-3.9464,40.4973],[-3.9463,40.4973],[-3.9463,40.4974],[-3.9463,40.4975],[-3.9465,40.4976],[-3.9466,40.4978],[-3.9467,40.4979],[-3.9467,40.498],[-3.9467,40.498],[-3.9466,40.498],[-3.9465,40.498],[-3.9463,40.4979],[-3.9461,40.4979],[-3.9459,40.4979],[-3.9457,40.4979],[-3.9456,40.4979],[-3.9454,40.4979],[-3.9451,40.4979],[-3.9449,40.4979],[-3.9447,40.4979],[-3.9445,40.4978],[-3.9443,40.4978],[-3.9441,40.4977],[-3.9439,40.4977],[-3.9438,40.4978],[-3.9435,40.4979],[-3.9433,40.4981],[-3.9432,40.4981],[-3.9432,40.4982],[-3.9433,40.4983],[-3.9433,40.4985],[-3.9435,40.4987],[-3.9436,40.4989],[-3.9437,40.4991],[-3.9437,40.4994],[-3.9437,40.4996],[-3.9436,40.4997],[-3.9436,40.4999],[-3.9435,40.5],[-3.9435,40.5001],[-3.9434,40.5005],[-3.9431,40.5009],[-3.943,40.501],[-3.9429,40.5013],[-3.9428,40.5013],[-3.9428,40.5014],[-3.9429,40.5015],[-3.9429,40.5016],[-3.9429,40.5017],[-3.9428,40.5018],[-3.9427,40.5019],[-3.9426,40.502],[-3.9424,40.5021],[-3.9423,40.5022],[-3.9421,40.5023],[-3.9419,40.5024],[-3.9417,40.5025],[-3.9416,40.5025],[-3.9412,40.5026],[-3.941,40.5027],[-3.9408,40.5028],[-3.9407,40.5029],[-3.9406,40.503],[-3.9405,40.5033],[-3.9404,40.5034],[-3.9403,40.5035],[-3.9401,40.5037],[-3.94,40.5039],[-3.9399,40.504],[-3.9399,40.5041],[-3.94,40.5042],[-3.94,40.5046],[-3.94,40.5049],[-3.94,40.505],[-3.9401,40.5052],[-3.9403,40.5054],[-3.9405,40.5056],[-3.9406,40.5057],[-3.9406,40.506],[-3.9406,40.5061],[-3.9405,40.5062],[-3.9403,40.5062],[-3.9402,40.5063],[-3.94,40.5064],[-3.9398,40.5065],[-3.9397,40.5065],[-3.9396,40.5064],[-3.9394,40.5063],[-3.9393,40.5062],[-3.939,40.5061],[-3.9388,40.506],[-3.9386,40.5059],[-3.9384,40.5059],[-3.9382,40.5059],[-3.9379,40.506],[-3.9377,40.5061],[-3.9375,40.5062],[-3.9372,40.5062],[-3.9369,40.5064],[-3.9367,40.5065],[-3.9365,40.5066],[-3.9367,40.5066],[-3.9369,40.5067],[-3.9371,40.5068],[-3.9372,40.5068],[-3.9373,40.5069],[-3.9375,40.5069],[-3.9376,40.5069],[-3.9378,40.507],[-3.938,40.5071],[-3.9382,40.5073],[-3.9383,40.5074],[-3.9385,40.5075],[-3.9386,40.5075],[-3.9388,40.5076],[-3.9389,40.5076],[-3.9391,40.5075],[-3.9392,40.5075],[-3.9394,40.5074],[-3.9395,40.5073],[-3.9397,40.5074],[-3.9397,40.5075],[-3.9397,40.5077],[-3.9397,40.5077],[-3.9397,40.5078],[-3.9397,40.5078],[-3.9398,40.5078],[-3.9399,40.5079],[-3.9401,40.508],[-3.9402,40.5081],[-3.9404,40.5084],[-3.9404,40.5086],[-3.9404,40.5088],[-3.9405,40.5089],[-3.9405,40.5091],[-3.9405,40.5092],[-3.9404,40.5094],[-3.9403,40.5096],[-3.94,40.5099],[-3.9402,40.5102],[-3.9405,40.5106],[-3.9407,40.5108],[-3.9408,40.5111],[-3.9408,40.5113],[-3.9409,40.5115],[-3.941,40.5118],[-3.9412,40.512],[-3.9414,40.5121],[-3.9416,40.5124],[-3.9417,40.5125],[-3.9418,40.5128],[-3.9419,40.5129],[-3.9419,40.513],[-3.942,40.5132],[-3.9422,40.5134],[-3.9423,40.5136],[-3.9424,40.5137],[-3.9427,40.5139],[-3.9428,40.5139],[-3.943,40.5139],[-3.9433,40.5139],[-3.9436,40.5139],[-3.9438,40.5139],[-3.944,40.514],[-3.9441,40.5141],[-3.9442,40.5142],[-3.9442,40.5144],[-3.9442,40.5145],[-3.944,40.5147],[-3.9439,40.5148],[-3.9436,40.5149],[-3.9433,40.515],[-3.943,40.5151],[-3.9428,40.5151],[-3.9426,40.5152],[-3.9426,40.5153],[-3.9425,40.5157],[-3.9425,40.5161],[-3.9424,40.5163],[-3.9423,40.5166],[-3.942,40.5168],[-3.9419,40.517],[-3.9417,40.5173],[-3.9414,40.5175],[-3.9413,40.5178],[-3.9412,40.5179],[-3.9411,40.5182],[-3.9409,40.5184],[-3.9408,40.5187],[-3.9407,40.5188],[-3.9406,40.5189],[-3.9406,40.519],[-3.9405,40.5192],[-3.9405,40.5194],[-3.9404,40.5195],[-3.9405,40.5196],[-3.9405,40.5197],[-3.9405,40.5199],[-3.9405,40.52],[-3.9404,40.5202],[-3.9404,40.5204],[-3.9404,40.5204],[-3.9405,40.5206],[-3.9407,40.5207],[-3.9408,40.5209],[-3.9408,40.521],[-3.9409,40.5213],[-3.9409,40.5214],[-3.941,40.5216],[-3.9411,40.5219],[-3.9412,40.5221],[-3.9414,40.5223],[-3.9415,40.5225],[-3.9416,40.5226],[-3.9417,40.5228],[-3.9417,40.523],[-3.9417,40.5232],[-3.9417,40.5234],[-3.9416,40.5235],[-3.9415,40.5236],[-3.9414,40.5239],[-3.9414,40.524],[-3.9414,40.5241],[-3.9414,40.5243],[-3.9414,40.5245],[-3.9413,40.5246],[-3.9411,40.5248],[-3.941,40.525],[-3.941,40.5251],[-3.9409,40.5253],[-3.9409,40.5255],[-3.9408,40.5256],[-3.9407,40.5258],[-3.9406,40.5259],[-3.9405,40.526],[-3.9404,40.5261],[-3.9404,40.5263],[-3.9404,40.5264],[-3.9404,40.5265],[-3.9404,40.5267],[-3.9404,40.5268],[-3.9405,40.5268],[-3.9406,40.5268],[-3.9407,40.5269],[-3.9409,40.527],[-3.9409,40.5271],[-3.9409,40.5273],[-3.941,40.5274],[-3.9411,40.5275],[-3.9411,40.5276],[-3.9412,40.5277],[-3.9412,40.5279],[-3.9412,40.5281],[-3.9412,40.5282],[-3.9412,40.5283],[-3.9411,40.5284],[-3.941,40.5285],[-3.9408,40.5287],[-3.9408,40.5288],[-3.9408,40.5291],[-3.9408,40.5293],[-3.9409,40.5296],[-3.941,40.5298],[-3.9411,40.53],[-3.9411,40.5301],[-3.9413,40.5302],[-3.9414,40.5304],[-3.9415,40.5306],[-3.9416,40.5308],[-3.9417,40.5309],[-3.9417,40.5311],[-3.9418,40.5313],[-3.942,40.5314],[-3.9421,40.5315],[-3.9422,40.5316],[-3.9423,40.5318],[-3.9425,40.5319],[-3.9426,40.532],[-3.9427,40.532],[-3.9428,40.5321],[-3.9429,40.5322],[-3.9429,40.5323],[-3.943,40.5325],[-3.943,40.5326],[-3.9431,40.5327],[-3.9432,40.5328],[-3.9432,40.5328],[-3.9433,40.5331],[-3.9433,40.5331],[-3.9434,40.533],[-3.9436,40.5329],[-3.9437,40.5328],[-3.9437,40.5326],[-3.9438,40.5325],[-3.9438,40.5323],[-3.9438,40.5321],[-3.9439,40.5319],[-3.9439,40.5316],[-3.9438,40.5314],[-3.9437,40.5312],[-3.9436,40.531],[-3.9435,40.5308],[-3.9434,40.5306],[-3.9433,40.5304],[-3.9433,40.5302],[-3.9433,40.53],[-3.9433,40.5299],[-3.9433,40.5298],[-3.9433,40.5298],[-3.9435,40.5297],[-3.9437,40.5297],[-3.9438,40.5297],[-3.944,40.5297],[-3.9442,40.5298],[-3.9446,40.53],[-3.9448,40.5301],[-3.945,40.5302],[-3.9453,40.5304],[-3.9455,40.5306],[-3.9456,40.5307],[-3.9458,40.5309],[-3.946,40.531],[-3.9463,40.5312],[-3.9465,40.5314],[-3.9467,40.5315],[-3.9469,40.5317],[-3.9472,40.5318],[-3.9475,40.5319],[-3.9479,40.532],[-3.9482,40.5321],[-3.9486,40.5322],[-3.9488,40.5323],[-3.9491,40.5325],[-3.9493,40.5326],[-3.9496,40.5327],[-3.9499,40.5329],[-3.9502,40.5331],[-3.9507,40.5335],[-3.9512,40.5339],[-3.9517,40.5342],[-3.9522,40.5344],[-3.9526,40.5346],[-3.9529,40.5349],[-3.9532,40.535],[-3.9533,40.5352],[-3.9534,40.5354],[-3.9537,40.5356],[-3.9539,40.5358],[-3.954,40.5359],[-3.9541,40.5361],[-3.9543,40.5364],[-3.9545,40.5366],[-3.9545,40.5369],[-3.9546,40.5371],[-3.9547,40.5374],[-3.9548,40.5376],[-3.9549,40.5377],[-3.955,40.5379],[-3.9552,40.538],[-3.9554,40.5382],[-3.9556,40.5384],[-3.9556,40.5386],[-3.9557,40.5388],[-3.9557,40.539],[-3.9556,40.5392],[-3.9556,40.5394],[-3.9557,40.5396],[-3.9558,40.5398],[-3.9559,40.5399],[-3.956,40.5402],[-3.9561,40.5404],[-3.9562,40.5407],[-3.9563,40.5409],[-3.9563,40.541],[-3.9563,40.5412],[-3.9564,40.5414],[-3.9565,40.5415],[-3.9565,40.5416],[-3.9567,40.5418],[-3.9573,40.5426],[-3.9574,40.5428],[-3.9576,40.5431],[-3.9577,40.5432],[-3.9579,40.5434],[-3.9581,40.5437],[-3.9582,40.5438],[-3.9583,40.5442],[-3.9584,40.5443],[-3.9584,40.5446],[-3.9585,40.5448],[-3.9585,40.545],[-3.9586,40.5451],[-3.9587,40.5453],[-3.959,40.5455],[-3.9592,40.5456],[-3.9594,40.5458],[-3.9595,40.5459],[-3.9596,40.5461],[-3.9596,40.5462],[-3.9596,40.5462],[-3.9596,40.5462],[-3.9595,40.5464],[-3.9594,40.5465],[-3.9593,40.5465],[-3.9591,40.5466],[-3.9589,40.5467],[-3.9589,40.5469],[-3.9588,40.5471],[-3.9587,40.5472],[-3.9585,40.5473],[-3.9584,40.5474],[-3.9583,40.5474],[-3.9582,40.5474],[-3.958,40.5474],[-3.9578,40.5474],[-3.9577,40.5475],[-3.9576,40.5476],[-3.9574,40.5477],[-3.9573,40.5478],[-3.9571,40.548],[-3.9571,40.5481],[-3.957,40.5482],[-3.9571,40.5485],[-3.9571,40.5487],[-3.9571,40.549],[-3.9572,40.5492],[-3.9572,40.5494],[-3.9571,40.5496],[-3.9572,40.5498],[-3.9572,40.55],[-3.9573,40.5502],[-3.9573,40.5504],[-3.9574,40.5506],[-3.9576,40.5509],[-3.9576,40.551],[-3.9576,40.5513],[-3.9576,40.5514],[-3.9576,40.5516],[-3.9576,40.5517],[-3.9576,40.5518],[-3.9576,40.552],[-3.9577,40.5522],[-3.9578,40.5523],[-3.9581,40.5526],[-3.9583,40.5527],[-3.9584,40.5528],[-3.9586,40.5528],[-3.9588,40.5528],[-3.9591,40.5528],[-3.9594,40.5529],[-3.9596,40.553],[-3.9599,40.5531],[-3.9601,40.5532],[-3.9604,40.5533],[-3.9606,40.5535],[-3.9608,40.5536],[-3.9609,40.5538],[-3.9609,40.554],[-3.961,40.5542],[-3.961,40.5543],[-3.9611,40.5544],[-3.9612,40.5546],[-3.9614,40.5548],[-3.9616,40.555],[-3.9616,40.555],[-3.9618,40.5552],[-3.9618,40.5552],[-3.9622,40.5551],[-3.9623,40.555],[-3.9624,40.555],[-3.9625,40.555],[-3.9626,40.555],[-3.9627,40.555],[-3.9629,40.555],[-3.9632,40.555],[-3.9635,40.555],[-3.9643,40.555],[-3.966,40.5551],[-3.9667,40.5551],[-3.9671,40.5551],[-3.9677,40.5549],[-3.9678,40.5548],[-3.9688,40.5543],[-3.9698,40.5544],[-3.9706,40.5545],[-3.9707,40.5545],[-3.9707,40.5546],[-3.9711,40.5546],[-3.9713,40.5547],[-3.9713,40.5547],[-3.9722,40.5548],[-3.9719,40.5551],[-3.9717,40.5554],[-3.9715,40.5555],[-3.9713,40.5557],[-3.9712,40.5558],[-3.971,40.5559],[-3.971,40.5561],[-3.9709,40.5562],[-3.9709,40.5562],[-3.971,40.5562],[-3.971,40.5563],[-3.971,40.5563],[-3.971,40.5563],[-3.971,40.5564],[-3.971,40.5564],[-3.971,40.5564],[-3.971,40.5564],[-3.9709,40.5564],[-3.9709,40.5565],[-3.9708,40.5565],[-3.9707,40.5565],[-3.9707,40.5565],[-3.9706,40.5566],[-3.9703,40.5568]]],[[[-3.9611,40.4082],[-3.9614,40.4082],[-3.9618,40.4083],[-3.9622,40.4084],[-3.9623,40.4085],[-3.9628,40.4085],[-3.963,40.4086],[-3.9634,40.4086],[-3.9637,40.4085],[-3.964,40.4084],[-3.9645,40.4083],[-3.965,40.4083],[-3.9654,40.4083],[-3.9657,40.4082],[-3.9659,40.4081],[-3.9662,40.4079],[-3.9665,40.4078],[-3.9669,40.4077],[-3.9674,40.4077],[-3.9678,40.4077],[-3.9683,40.4076],[-3.9689,40.4076],[-3.9693,40.4075],[-3.9695,40.4075],[-3.9698,40.4074],[-3.9702,40.4074],[-3.9703,40.4074],[-3.9706,40.4073],[-3.9708,40.4072],[-3.9712,40.407],[-3.9715,40.4069],[-3.9719,40.4067],[-3.9718,40.4066],[-3.9717,40.4064],[-3.9717,40.4063],[-3.9717,40.4061],[-3.9717,40.4061],[-3.9714,40.4061],[-3.9709,40.4061],[-3.9703,40.4061],[-3.9699,40.4061],[-3.9696,40.4061],[-3.9694,40.4061],[-3.9691,40.4061],[-3.9688,40.4061],[-3.9685,40.4062],[-3.9681,40.4063],[-3.9677,40.4063],[-3.9674,40.4063],[-3.9671,40.4063],[-3.9667,40.4062],[-3.9664,40.4061],[-3.9661,40.406],[-3.9659,40.406],[-3.9656,40.4062],[-3.9655,40.4063],[-3.9655,40.4064],[-3.9654,40.4065],[-3.965,40.4066],[-3.9647,40.4066],[-3.9643,40.4067],[-3.9639,40.4067],[-3.9632,40.4068],[-3.9628,40.4068],[-3.9624,40.4068],[-3.9621,40.4068],[-3.9619,40.4068],[-3.9618,40.4068],[-3.9618,40.4068],[-3.9617,40.4067],[-3.9617,40.4066],[-3.9617,40.4063],[-3.9616,40.406],[-3.9615,40.4058],[-3.9615,40.4055],[-3.9614,40.4052],[-3.9614,40.405],[-3.9613,40.4047],[-3.9612,40.4045],[-3.9612,40.4042],[-3.9611,40.404],[-3.9611,40.4038],[-3.961,40.4035],[-3.9609,40.4032],[-3.9608,40.403],[-3.9607,40.4028],[-3.9607,40.4027],[-3.9607,40.4026],[-3.9609,40.4025],[-3.9611,40.4025],[-3.9614,40.4025],[-3.9617,40.4025],[-3.9619,40.4025],[-3.9622,40.4026],[-3.9625,40.4026],[-3.9628,40.4027],[-3.963,40.4027],[-3.9633,40.4027],[-3.9634,40.4027],[-3.9635,40.4026],[-3.9635,40.4025],[-3.9635,40.4023],[-3.9635,40.4021],[-3.9634,40.4019],[-3.9632,40.4018],[-3.9631,40.4016],[-3.963,40.4014],[-3.9629,40.4012],[-3.9626,40.401],[-3.9624,40.4009],[-3.9622,40.4007],[-3.962,40.4006],[-3.9617,40.4006],[-3.9613,40.4005],[-3.961,40.4005],[-3.9605,40.4006],[-3.96,40.4006],[-3.9596,40.4006],[-3.9592,40.4007],[-3.9588,40.4007],[-3.9584,40.4008],[-3.9579,40.4008],[-3.9577,40.4009],[-3.9575,40.4009],[-3.9571,40.401],[-3.9568,40.4011],[-3.9565,40.4011],[-3.9564,40.4012],[-3.9562,40.4012],[-3.956,40.4013],[-3.9559,40.4015],[-3.9558,40.4015],[-3.9557,40.4016],[-3.9554,40.4015],[-3.955,40.4014],[-3.9543,40.4012],[-3.9537,40.401],[-3.9531,40.4008],[-3.9525,40.4007],[-3.9522,40.4006],[-3.9518,40.4005],[-3.9514,40.4004],[-3.9512,40.4003],[-3.9511,40.4003],[-3.9508,40.4002],[-3.9504,40.4001],[-3.9499,40.4],[-3.9497,40.3999],[-3.9494,40.3999],[-3.9491,40.3999],[-3.9489,40.3999],[-3.9486,40.4],[-3.9483,40.4],[-3.948,40.4001],[-3.9478,40.4001],[-3.9477,40.4001],[-3.9473,40.4001],[-3.9472,40.4],[-3.9472,40.4],[-3.9472,40.3998],[-3.9474,40.3995],[-3.9475,40.3993],[-3.9477,40.399],[-3.9479,40.3989],[-3.948,40.3986],[-3.9481,40.3984],[-3.9482,40.3982],[-3.9482,40.398],[-3.9481,40.3977],[-3.9481,40.3975],[-3.948,40.3973],[-3.948,40.3971],[-3.948,40.3968],[-3.9481,40.3965],[-3.9481,40.3963],[-3.9481,40.3961],[-3.948,40.3959],[-3.948,40.3956],[-3.948,40.3953],[-3.948,40.3951],[-3.948,40.3949],[-3.9481,40.3947],[-3.9482,40.3946],[-3.9485,40.3946],[-3.9488,40.3947],[-3.9492,40.3948],[-3.9495,40.3949],[-3.9499,40.3951],[-3.9503,40.3951],[-3.9506,40.3952],[-3.951,40.3952],[-3.9514,40.3952],[-3.9518,40.3953],[-3.9521,40.3954],[-3.9525,40.3955],[-3.953,40.3957],[-3.9534,40.3959],[-3.9539,40.3961],[-3.9543,40.3962],[-3.9548,40.3965],[-3.9551,40.3966],[-3.9556,40.3967],[-3.9559,40.3968],[-3.9563,40.3969],[-3.9569,40.397],[-3.9575,40.3971],[-3.9581,40.3972],[-3.9586,40.3973],[-3.959,40.3974],[-3.9594,40.3974],[-3.9599,40.3974],[-3.9602,40.3975],[-3.9606,40.3975],[-3.9611,40.3976],[-3.9615,40.3976],[-3.9619,40.3977],[-3.962,40.3977],[-3.9622,40.3978],[-3.9624,40.398],[-3.9625,40.3982],[-3.9627,40.3983],[-3.963,40.3986],[-3.9632,40.3988],[-3.9633,40.399],[-3.9634,40.3992],[-3.9635,40.3994],[-3.9637,40.3996],[-3.9639,40.3999],[-3.9641,40.4],[-3.9643,40.4002],[-3.9645,40.4004],[-3.9647,40.4006],[-3.9648,40.4009],[-3.9649,40.4011],[-3.9651,40.4013],[-3.9652,40.4015],[-3.9654,40.4017],[-3.9656,40.4019],[-3.9658,40.402],[-3.9661,40.402],[-3.9663,40.4021],[-3.9666,40.4021],[-3.9667,40.402],[-3.9667,40.4019],[-3.9667,40.4017],[-3.9666,40.4013],[-3.9666,40.4012],[-3.9664,40.4009],[-3.9663,40.4006],[-3.9661,40.4003],[-3.966,40.4001],[-3.966,40.3999],[-3.966,40.3998],[-3.966,40.3996],[-3.9662,40.3996],[-3.9664,40.3996],[-3.9667,40.3996],[-3.967,40.3996],[-3.9671,40.3995],[-3.9674,40.3995],[-3.9676,40.3995],[-3.968,40.3996],[-3.9682,40.3996],[-3.9685,40.3996],[-3.9687,40.3996],[-3.969,40.3996],[-3.9693,40.3996],[-3.9697,40.3996],[-3.9701,40.3997],[-3.9703,40.3997],[-3.9706,40.3998],[-3.9709,40.3999],[-3.9711,40.4],[-3.9712,40.4001],[-3.9715,40.4003],[-3.9716,40.4004],[-3.972,40.4007],[-3.9723,40.4009],[-3.9723,40.4009],[-3.9724,40.4007],[-3.9724,40.4007],[-3.9725,40.4003],[-3.9727,40.3999],[-3.9727,40.3996],[-3.9728,40.3993],[-3.9728,40.3993],[-3.9727,40.3993],[-3.9726,40.3992],[-3.9726,40.3992],[-3.9724,40.3992],[-3.9721,40.3992],[-3.9719,40.3992],[-3.9717,40.3991],[-3.9715,40.3991],[-3.9715,40.3991],[-3.9714,40.3991],[-3.9712,40.399],[-3.971,40.399],[-3.9709,40.399],[-3.9706,40.3989],[-3.9706,40.3989],[-3.9704,40.3989],[-3.9702,40.3989],[-3.97,40.3988],[-3.9697,40.3987],[-3.9697,40.3987],[-3.9696,40.3987],[-3.9694,40.3985],[-3.9692,40.3983],[-3.9691,40.3983],[-3.9688,40.3982],[-3.9681,40.398],[-3.9676,40.3978],[-3.9673,40.3978],[-3.9667,40.3976],[-3.9666,40.3976],[-3.9662,40.3976],[-3.9659,40.3976],[-3.9657,40.3976],[-3.9655,40.3977],[-3.9653,40.3977],[-3.9652,40.3977],[-3.965,40.3977],[-3.9649,40.3978],[-3.9648,40.3978],[-3.9646,40.3977],[-3.9644,40.3977],[-3.964,40.3977],[-3.9639,40.3977],[-3.9638,40.3976],[-3.9637,40.3975],[-3.9636,40.3974],[-3.9635,40.3971],[-3.9632,40.3969],[-3.963,40.3967],[-3.9627,40.3966],[-3.9624,40.3965],[-3.9621,40.3964],[-3.962,40.3964],[-3.9619,40.3964],[-3.9617,40.3964],[-3.9614,40.3963],[-3.9611,40.3962],[-3.961,40.3962],[-3.9609,40.3961],[-3.9607,40.396],[-3.9605,40.396],[-3.9603,40.3959],[-3.9601,40.3958],[-3.9597,40.3958],[-3.9592,40.3956],[-3.9591,40.3955],[-3.959,40.3954],[-3.959,40.3951],[-3.9589,40.3949],[-3.9588,40.3949],[-3.9589,40.3947],[-3.9588,40.3942],[-3.9587,40.3938],[-3.9587,40.3937],[-3.9587,40.3936],[-3.9586,40.3934],[-3.9585,40.3931],[-3.9584,40.393],[-3.9584,40.393],[-3.9583,40.3929],[-3.9583,40.3927],[-3.9582,40.3926],[-3.9581,40.3924],[-3.9581,40.3921],[-3.958,40.3919],[-3.9579,40.3918],[-3.9579,40.3916],[-3.9579,40.3915],[-3.9577,40.3912],[-3.9576,40.391],[-3.9575,40.3908],[-3.9574,40.3907],[-3.9572,40.3905],[-3.9571,40.3902],[-3.9571,40.3901],[-3.957,40.39],[-3.9576,40.3902],[-3.9577,40.3903],[-3.9578,40.3903],[-3.958,40.3904],[-3.9581,40.3904],[-3.9583,40.3905],[-3.9584,40.3905],[-3.9586,40.3906],[-3.9588,40.3906],[-3.959,40.3907],[-3.9592,40.3906],[-3.9593,40.3905],[-3.9594,40.3905],[-3.9597,40.3903],[-3.9599,40.3902],[-3.9601,40.3901],[-3.9602,40.39],[-3.9603,40.3899],[-3.9603,40.3898],[-3.9604,40.3894],[-3.9605,40.389],[-3.9606,40.3888],[-3.9607,40.3885],[-3.9609,40.3882],[-3.961,40.3879],[-3.9612,40.3875],[-3.9613,40.3873],[-3.9614,40.3871],[-3.9615,40.3868],[-3.9616,40.3865],[-3.9617,40.3863],[-3.9617,40.3861],[-3.9618,40.386],[-3.9619,40.3857],[-3.9619,40.3855],[-3.962,40.3852],[-3.9621,40.3849],[-3.9623,40.3848],[-3.9623,40.3847],[-3.9624,40.3846],[-3.9625,40.3846],[-3.9625,40.3845],[-3.9626,40.3844],[-3.9627,40.3843],[-3.9627,40.3842],[-3.9626,40.3841],[-3.9625,40.3841],[-3.9624,40.384],[-3.9623,40.3839],[-3.9623,40.3838],[-3.9623,40.3837],[-3.9624,40.3836],[-3.9624,40.3835],[-3.9625,40.3834],[-3.9626,40.3833],[-3.9628,40.3832],[-3.963,40.3831],[-3.9631,40.3831],[-3.9632,40.383],[-3.9634,40.383],[-3.9636,40.383],[-3.9637,40.3831],[-3.9637,40.3831],[-3.9638,40.3831],[-3.9639,40.3831],[-3.9639,40.383],[-3.9639,40.383],[-3.9639,40.3829],[-3.9639,40.3829],[-3.9638,40.3828],[-3.9638,40.3827],[-3.9638,40.3826],[-3.9638,40.3825],[-3.9638,40.3824],[-3.964,40.3822],[-3.9642,40.382],[-3.9644,40.3818],[-3.9645,40.3817],[-3.9647,40.3816],[-3.9648,40.3816],[-3.9648,40.3815],[-3.9649,40.3815],[-3.965,40.3814],[-3.965,40.3813],[-3.9651,40.3812],[-3.9651,40.3811],[-3.9651,40.381],[-3.9651,40.3809],[-3.9651,40.3809],[-3.9645,40.3804],[-3.964,40.38],[-3.9639,40.3799],[-3.9637,40.3798],[-3.9638,40.3796],[-3.9638,40.3796],[-3.9638,40.3796],[-3.9639,40.3796],[-3.964,40.3797],[-3.9641,40.3797],[-3.9642,40.3797],[-3.9645,40.3796],[-3.9646,40.3796],[-3.965,40.3796],[-3.9653,40.3796],[-3.9656,40.3796],[-3.9663,40.3796],[-3.9664,40.3795],[-3.9665,40.3795],[-3.9665,40.3795],[-3.9667,40.3795],[-3.9674,40.3792],[-3.9681,40.3785],[-3.9693,40.3774],[-3.971,40.3756],[-3.9713,40.3753],[-3.9715,40.3749],[-3.9715,40.3746],[-3.9715,40.3743],[-3.9717,40.3744],[-3.9725,40.3747],[-3.9736,40.3749],[-3.9769,40.3739],[-3.978,40.3732],[-3.9788,40.3727],[-3.9798,40.372],[-3.9798,40.3719],[-3.9797,40.3719],[-3.9797,40.3718],[-3.9796,40.3718],[-3.9796,40.3718],[-3.9794,40.3717],[-3.9793,40.3716],[-3.9791,40.3715],[-3.979,40.3715],[-3.979,40.3714],[-3.9789,40.3714],[-3.9787,40.3713],[-3.9786,40.3712],[-3.9786,40.3712],[-3.9786,40.3711],[-3.9784,40.3709],[-3.9784,40.3709],[-3.9783,40.3708],[-3.9783,40.3707],[-3.9783,40.3706],[-3.9783,40.3706],[-3.9783,40.3705],[-3.9781,40.3703],[-3.9779,40.37],[-3.9776,40.3698],[-3.9774,40.3696],[-3.9774,40.3695],[-3.9773,40.3695],[-3.9773,40.3694],[-3.9773,40.3694],[-3.9772,40.3694],[-3.9772,40.3694],[-3.9771,40.3693],[-3.9771,40.3693],[-3.977,40.3693],[-3.9769,40.3693],[-3.9768,40.3693],[-3.9768,40.3693],[-3.9767,40.3692],[-3.9766,40.3692],[-3.9765,40.3691],[-3.9765,40.369],[-3.9764,40.369],[-3.9764,40.3689],[-3.9764,40.3689],[-3.9762,40.3688],[-3.9761,40.3687],[-3.9761,40.3686],[-3.976,40.3686],[-3.9759,40.3685],[-3.9759,40.3685],[-3.9758,40.3685],[-3.9757,40.3685],[-3.9757,40.3684],[-3.9757,40.3684],[-3.9755,40.3683],[-3.9754,40.3682],[-3.9753,40.3681],[-3.9751,40.3679],[-3.9751,40.3678],[-3.975,40.3676],[-3.975,40.3674],[-3.9749,40.3672],[-3.9749,40.3669],[-3.9747,40.3666],[-3.9747,40.3663],[-3.9746,40.3661],[-3.9745,40.3658],[-3.9744,40.3655],[-3.9743,40.3653],[-3.9743,40.3651],[-3.9742,40.3649],[-3.9742,40.3648],[-3.9743,40.3647],[-3.9743,40.3645],[-3.9744,40.3644],[-3.9746,40.3642],[-3.9748,40.3641],[-3.9751,40.3639],[-3.9753,40.3637],[-3.9754,40.3636],[-3.9757,40.3635],[-3.9759,40.3634],[-3.9762,40.3633],[-3.9765,40.3632],[-3.9767,40.3632],[-3.9768,40.3632],[-3.9771,40.3631],[-3.9773,40.363],[-3.9776,40.3629],[-3.978,40.3627],[-3.9783,40.3626],[-3.9785,40.3625],[-3.9788,40.3624],[-3.9791,40.3623],[-3.9793,40.3623],[-3.9796,40.3624],[-3.9798,40.3625],[-3.98,40.3626],[-3.9803,40.3628],[-3.9805,40.363],[-3.9807,40.3631],[-3.9809,40.3633],[-3.981,40.3635],[-3.9811,40.3636],[-3.9812,40.3637],[-3.9813,40.364],[-3.9814,40.3641],[-3.9814,40.3642],[-3.9815,40.3644],[-3.9816,40.3646],[-3.9816,40.3647],[-3.9817,40.3648],[-3.9818,40.3648],[-3.982,40.3648],[-3.9822,40.3648],[-3.9824,40.3647],[-3.9825,40.3646],[-3.9827,40.3645],[-3.9829,40.3644],[-3.9831,40.3644],[-3.9833,40.3645],[-3.9835,40.3645],[-3.9836,40.3645],[-3.9839,40.3645],[-3.9841,40.3644],[-3.9843,40.3643],[-3.9845,40.3642],[-3.9847,40.3642],[-3.9849,40.3642],[-3.9851,40.3642],[-3.9854,40.3641],[-3.9857,40.364],[-3.9859,40.364],[-3.9862,40.3639],[-3.9864,40.3638],[-3.9867,40.3637],[-3.9869,40.3636],[-3.9872,40.3635],[-3.9875,40.3635],[-3.9877,40.3634],[-3.988,40.3633],[-3.9882,40.3632],[-3.9884,40.3632],[-3.9886,40.3631],[-3.9888,40.3629],[-3.9886,40.3627],[-3.9884,40.3626],[-3.9881,40.3625],[-3.988,40.3624],[-3.9878,40.3623],[-3.9877,40.3622],[-3.9875,40.3619],[-3.9872,40.3617],[-3.9868,40.3616],[-3.9864,40.3615],[-3.9861,40.3614],[-3.9859,40.3614],[-3.9857,40.3614],[-3.9854,40.3614],[-3.9852,40.3614],[-3.985,40.3614],[-3.9849,40.3614],[-3.9848,40.3613],[-3.9847,40.3612],[-3.9846,40.3611],[-3.9844,40.361],[-3.9841,40.3608],[-3.984,40.3607],[-3.9838,40.3606],[-3.9837,40.3604],[-3.9836,40.3603],[-3.9836,40.3602],[-3.9837,40.3602],[-3.9838,40.3601],[-3.9839,40.36],[-3.9841,40.3598],[-3.9844,40.3597],[-3.9846,40.3595],[-3.9846,40.3595],[-3.9848,40.3594],[-3.985,40.3592],[-3.9851,40.3589],[-3.9852,40.3588],[-3.9852,40.3586],[-3.9852,40.3585],[-3.9853,40.3583],[-3.9853,40.3581],[-3.9854,40.358],[-3.9855,40.3578],[-3.9855,40.3575],[-3.9856,40.3573],[-3.9856,40.3572],[-3.9856,40.357],[-3.9859,40.3569],[-3.9862,40.357],[-3.9864,40.357],[-3.9867,40.357],[-3.987,40.3571],[-3.9873,40.3572],[-3.9875,40.3573],[-3.9877,40.3573],[-3.988,40.3574],[-3.9882,40.3575],[-3.9885,40.3575],[-3.9888,40.3575],[-3.9892,40.3575],[-3.9894,40.3575],[-3.9898,40.3574],[-3.9901,40.3574],[-3.9903,40.3574],[-3.9905,40.3573],[-3.9908,40.3573],[-3.991,40.3573],[-3.9912,40.3573],[-3.9916,40.3571],[-3.9918,40.3571],[-3.9921,40.357],[-3.9922,40.3567],[-3.9923,40.3565],[-3.9924,40.3563],[-3.9925,40.3562],[-3.9926,40.356],[-3.9926,40.3559],[-3.9926,40.3557],[-3.9926,40.3554],[-3.9926,40.3552],[-3.9927,40.3549],[-3.9928,40.3546],[-3.9929,40.3544],[-3.993,40.3542],[-3.9932,40.3541],[-3.9933,40.3539],[-3.9934,40.3538],[-3.9935,40.3537],[-3.9937,40.3536],[-3.9938,40.3535],[-3.9939,40.3534],[-3.9939,40.3532],[-3.9939,40.353],[-3.9939,40.3528],[-3.9938,40.3527],[-3.9936,40.3524],[-3.9935,40.3523],[-3.9934,40.3521],[-3.9932,40.3518],[-3.993,40.3516],[-3.9929,40.3514],[-3.9928,40.3512],[-3.9926,40.351],[-3.9924,40.3507],[-3.9922,40.3505],[-3.9922,40.3504],[-3.992,40.3503],[-3.9919,40.3502],[-3.9918,40.3501],[-3.9916,40.35],[-3.9915,40.3499],[-3.9913,40.3497],[-3.9911,40.3495],[-3.991,40.3493],[-3.9908,40.3492],[-3.9907,40.3491],[-3.9905,40.349],[-3.9903,40.3489],[-3.9901,40.3488],[-3.9899,40.3487],[-3.9897,40.3485],[-3.9895,40.3484],[-3.9894,40.3482],[-3.9893,40.3481],[-3.9891,40.348],[-3.9889,40.3481],[-3.9888,40.3481],[-3.9886,40.348],[-3.9885,40.348],[-3.9884,40.348],[-3.9881,40.348],[-3.9878,40.348],[-3.9876,40.348],[-3.9875,40.348],[-3.9872,40.348],[-3.9869,40.348],[-3.9866,40.3479],[-3.9863,40.3479],[-3.986,40.3479],[-3.9858,40.3479],[-3.9856,40.3479],[-3.9854,40.3479],[-3.9852,40.348],[-3.985,40.3481],[-3.9848,40.3482],[-3.9846,40.3482],[-3.9844,40.3483],[-3.9842,40.3483],[-3.984,40.3483],[-3.9838,40.3483],[-3.9837,40.3484],[-3.9831,40.3486],[-3.9827,40.3488],[-3.9825,40.3492],[-3.9824,40.3493],[-3.9823,40.3495],[-3.9821,40.3499],[-3.9818,40.3503],[-3.9815,40.3508],[-3.9814,40.3511],[-3.9813,40.3513],[-3.9813,40.3514],[-3.9813,40.3515],[-3.9812,40.3516],[-3.9811,40.3517],[-3.981,40.3519],[-3.9808,40.3521],[-3.9807,40.3523],[-3.9805,40.3528],[-3.9802,40.3534],[-3.9797,40.3532],[-3.9796,40.353],[-3.9794,40.3529],[-3.9792,40.3528],[-3.979,40.3527],[-3.9788,40.3526],[-3.9785,40.3524],[-3.978,40.3522],[-3.9775,40.3521],[-3.9772,40.3519],[-3.9769,40.3518],[-3.9768,40.3518],[-3.9764,40.3516],[-3.9761,40.3516],[-3.9756,40.3515],[-3.9753,40.3514],[-3.9749,40.3512],[-3.9745,40.3511],[-3.9742,40.351],[-3.9739,40.351],[-3.9737,40.3508],[-3.9736,40.3507],[-3.9737,40.3506],[-3.9738,40.3505],[-3.9739,40.3504],[-3.9741,40.3502],[-3.9743,40.3501],[-3.9746,40.35],[-3.9748,40.3498],[-3.975,40.3497],[-3.9752,40.3496],[-3.9757,40.3495],[-3.976,40.3494],[-3.9764,40.3493],[-3.9767,40.3493],[-3.9771,40.3493],[-3.9774,40.3493],[-3.9777,40.3492],[-3.9779,40.3492],[-3.9779,40.3492],[-3.9777,40.349],[-3.9775,40.3489],[-3.9772,40.3488],[-3.9768,40.3488],[-3.9764,40.3488],[-3.976,40.3489],[-3.9756,40.349],[-3.9754,40.3491],[-3.9752,40.3491],[-3.9748,40.3492],[-3.9745,40.3494],[-3.9741,40.3495],[-3.9738,40.3497],[-3.9735,40.3498],[-3.973,40.35],[-3.9727,40.3501],[-3.9724,40.3502],[-3.9722,40.3502],[-3.972,40.3502],[-3.9719,40.3501],[-3.9717,40.3501],[-3.9715,40.35],[-3.9713,40.35],[-3.9709,40.35],[-3.9707,40.3501],[-3.9705,40.3501],[-3.97,40.3502],[-3.9697,40.3502],[-3.9692,40.3502],[-3.9688,40.3502],[-3.9683,40.3501],[-3.9679,40.3501],[-3.9674,40.35],[-3.9672,40.3499],[-3.9669,40.3499],[-3.9665,40.3498],[-3.9661,40.3498],[-3.9658,40.3498],[-3.9655,40.3498],[-3.9651,40.3498],[-3.9646,40.3498],[-3.9643,40.3499],[-3.9639,40.35],[-3.9633,40.35],[-3.9629,40.3501],[-3.9624,40.3501],[-3.9621,40.3501],[-3.9617,40.3501],[-3.9613,40.35],[-3.9609,40.35],[-3.9605,40.3499],[-3.9601,40.3498],[-3.9596,40.3497],[-3.9593,40.3496],[-3.9588,40.3495],[-3.9584,40.3495],[-3.9581,40.3495],[-3.9578,40.3495],[-3.9575,40.3495],[-3.9571,40.3496],[-3.9565,40.3496],[-3.9561,40.3496],[-3.9557,40.3496],[-3.9552,40.3496],[-3.9547,40.3495],[-3.9543,40.3495],[-3.9539,40.3495],[-3.9535,40.3495],[-3.9531,40.3494],[-3.9527,40.3494],[-3.9524,40.3494],[-3.9519,40.3494],[-3.9516,40.3494],[-3.9514,40.3494],[-3.9512,40.3494],[-3.9509,40.3494],[-3.9507,40.3495],[-3.9507,40.3496],[-3.9508,40.35],[-3.9508,40.3502],[-3.9508,40.3504],[-3.9508,40.3505],[-3.9508,40.3507],[-3.9509,40.3508],[-3.951,40.351],[-3.9511,40.3512],[-3.9511,40.3514],[-3.9511,40.3517],[-3.9511,40.3519],[-3.9512,40.352],[-3.9512,40.3522],[-3.9513,40.3524],[-3.9514,40.3526],[-3.9514,40.3527],[-3.9515,40.353],[-3.9516,40.3531],[-3.9517,40.3533],[-3.9518,40.3536],[-3.9519,40.3538],[-3.952,40.3541],[-3.9521,40.3543],[-3.9521,40.3545],[-3.9521,40.3546],[-3.9521,40.3549],[-3.9521,40.3552],[-3.952,40.3554],[-3.952,40.3555],[-3.9519,40.3559],[-3.9519,40.3561],[-3.9518,40.3562],[-3.9518,40.3565],[-3.9517,40.3568],[-3.9515,40.3571],[-3.9513,40.3574],[-3.9511,40.3576],[-3.951,40.3579],[-3.9506,40.3583],[-3.9503,40.3585],[-3.95,40.3587],[-3.95,40.3588],[-3.9498,40.359],[-3.9495,40.3593],[-3.9491,40.3596],[-3.9488,40.3599],[-3.9485,40.3601],[-3.9483,40.3603],[-3.9481,40.3605],[-3.9478,40.3607],[-3.9476,40.3608],[-3.9473,40.3608],[-3.9471,40.3609],[-3.9468,40.361],[-3.9465,40.3612],[-3.9463,40.3613],[-3.9462,40.3615],[-3.9461,40.3618],[-3.9461,40.3621],[-3.946,40.3624],[-3.9461,40.3627],[-3.9462,40.3629],[-3.9462,40.363],[-3.9463,40.3632],[-3.9464,40.3635],[-3.9466,40.3638],[-3.9467,40.364],[-3.9469,40.3642],[-3.9471,40.3645],[-3.9473,40.3647],[-3.9476,40.3651],[-3.9478,40.3654],[-3.948,40.3656],[-3.9483,40.3658],[-3.9485,40.3661],[-3.9486,40.3663],[-3.9488,40.3665],[-3.949,40.3667],[-3.9491,40.3668],[-3.9493,40.367],[-3.9494,40.3672],[-3.9495,40.3674],[-3.9496,40.3675],[-3.9497,40.3676],[-3.9499,40.3677],[-3.9501,40.3677],[-3.9503,40.3677],[-3.9505,40.3678],[-3.9506,40.3678],[-3.9507,40.368],[-3.9507,40.3682],[-3.9507,40.3684],[-3.9506,40.3686],[-3.9503,40.3687],[-3.9502,40.3687],[-3.9499,40.3688],[-3.9496,40.3688],[-3.9494,40.3689],[-3.9492,40.3689],[-3.949,40.369],[-3.9488,40.369],[-3.9485,40.3691],[-3.9484,40.3693],[-3.9481,40.3695],[-3.948,40.3697],[-3.9478,40.3699],[-3.9477,40.3701],[-3.9477,40.3702],[-3.9477,40.3704],[-3.9477,40.3705],[-3.9477,40.3707],[-3.9476,40.3708],[-3.9475,40.3709],[-3.9473,40.3711],[-3.9471,40.3712],[-3.947,40.3714],[-3.947,40.3715],[-3.9469,40.3717],[-3.9469,40.3718],[-3.9468,40.372],[-3.9466,40.3721],[-3.9465,40.3721],[-3.9463,40.3722],[-3.9461,40.3722],[-3.946,40.3722],[-3.9458,40.3722],[-3.9457,40.3723],[-3.9455,40.3723],[-3.9454,40.3724],[-3.9453,40.3725],[-3.9452,40.3726],[-3.9451,40.3728],[-3.9451,40.3729],[-3.9452,40.373],[-3.9456,40.3732],[-3.9458,40.3734],[-3.9461,40.3735],[-3.9463,40.3737],[-3.9463,40.3738],[-3.9463,40.374],[-3.9463,40.3742],[-3.9464,40.3743],[-3.9465,40.3744],[-3.9466,40.3745],[-3.9468,40.3746],[-3.9468,40.3747],[-3.9468,40.3748],[-3.9467,40.3749],[-3.9466,40.3751],[-3.9464,40.3753],[-3.9463,40.3754],[-3.946,40.3754],[-3.9455,40.3754],[-3.9449,40.3755],[-3.9446,40.3757],[-3.9445,40.3761],[-3.9443,40.3765],[-3.9443,40.3767],[-3.9447,40.3769],[-3.9448,40.3771],[-3.945,40.3773],[-3.9452,40.3777],[-3.9454,40.378],[-3.9456,40.3781],[-3.9456,40.3782],[-3.9457,40.3782],[-3.9457,40.3782],[-3.9457,40.3783],[-3.9458,40.3784],[-3.946,40.3785],[-3.9462,40.3788],[-3.9463,40.3789],[-3.9463,40.379],[-3.9463,40.3791],[-3.9464,40.3792],[-3.9465,40.3793],[-3.9467,40.3794],[-3.9468,40.3797],[-3.9469,40.3799],[-3.947,40.3802],[-3.9471,40.3804],[-3.9471,40.3807],[-3.9471,40.3809],[-3.9472,40.3813],[-3.9472,40.3816],[-3.9473,40.3818],[-3.9474,40.3821],[-3.9475,40.3825],[-3.9476,40.3828],[-3.9477,40.383],[-3.9477,40.3833],[-3.9477,40.3837],[-3.9478,40.3841],[-3.9478,40.3843],[-3.9478,40.3846],[-3.9479,40.3849],[-3.9479,40.3852],[-3.9481,40.3854],[-3.9482,40.3857],[-3.9484,40.3859],[-3.9486,40.3861],[-3.9488,40.3863],[-3.949,40.3865],[-3.9494,40.3868],[-3.9496,40.387],[-3.9498,40.3872],[-3.95,40.3874],[-3.9502,40.3878],[-3.9503,40.3879],[-3.9505,40.3882],[-3.9506,40.3884],[-3.9507,40.3886],[-3.9509,40.3889],[-3.951,40.3892],[-3.9511,40.3893],[-3.9512,40.3895],[-3.9512,40.3897],[-3.9512,40.39],[-3.9512,40.39],[-3.9511,40.3903],[-3.951,40.3906],[-3.951,40.3908],[-3.9508,40.3909],[-3.9508,40.391],[-3.9505,40.3912],[-3.9503,40.3914],[-3.9503,40.3916],[-3.9501,40.3918],[-3.9501,40.392],[-3.9499,40.3922],[-3.9498,40.3924],[-3.9496,40.3926],[-3.9494,40.3927],[-3.949,40.3929],[-3.9487,40.3931],[-3.9484,40.3933],[-3.9481,40.3935],[-3.9479,40.3936],[-3.9477,40.3937],[-3.9475,40.3939],[-3.9472,40.3942],[-3.947,40.3945],[-3.947,40.3946],[-3.9469,40.3946],[-3.9466,40.395],[-3.9464,40.3952],[-3.9463,40.3954],[-3.9461,40.3958],[-3.946,40.396],[-3.9459,40.3963],[-3.9458,40.3966],[-3.9458,40.3968],[-3.9458,40.3973],[-3.9459,40.3977],[-3.9459,40.3979],[-3.946,40.3982],[-3.946,40.3983],[-3.9461,40.3986],[-3.9461,40.3989],[-3.9462,40.3991],[-3.9463,40.3995],[-3.9463,40.3998],[-3.9463,40.4001],[-3.9463,40.4001],[-3.9463,40.4001],[-3.9463,40.4003],[-3.9463,40.4007],[-3.9463,40.401],[-3.9464,40.4013],[-3.9464,40.4016],[-3.9465,40.4018],[-3.9466,40.4021],[-3.9467,40.4024],[-3.9467,40.4026],[-3.9467,40.4028],[-3.9468,40.403],[-3.9468,40.4032],[-3.9467,40.4035],[-3.9468,40.4037],[-3.9468,40.4039],[-3.9469,40.404],[-3.9469,40.4042],[-3.947,40.4044],[-3.9471,40.4047],[-3.9472,40.4049],[-3.9473,40.4051],[-3.9474,40.4053],[-3.9474,40.4054],[-3.9473,40.4055],[-3.9473,40.4056],[-3.9474,40.4057],[-3.9477,40.4058],[-3.948,40.4058],[-3.9483,40.4057],[-3.9487,40.4057],[-3.9491,40.4056],[-3.9494,40.4055],[-3.9496,40.4055],[-3.95,40.4054],[-3.9504,40.4053],[-3.9507,40.4052],[-3.9511,40.4051],[-3.9513,40.4049],[-3.9516,40.4048],[-3.9518,40.4047],[-3.9521,40.4046],[-3.9524,40.4045],[-3.9526,40.4045],[-3.9529,40.4045],[-3.9531,40.4046],[-3.9533,40.4047],[-3.9535,40.4048],[-3.9535,40.405],[-3.9535,40.4052],[-3.9534,40.4054],[-3.9532,40.4055],[-3.9532,40.4057],[-3.9531,40.406],[-3.9532,40.406],[-3.9533,40.4063],[-3.9535,40.4065],[-3.9538,40.4068],[-3.954,40.407],[-3.9543,40.4073],[-3.9546,40.4076],[-3.955,40.4077],[-3.9553,40.4079],[-3.9556,40.408],[-3.9561,40.4081],[-3.9564,40.4082],[-3.9567,40.4082],[-3.9571,40.4081],[-3.9574,40.4081],[-3.9577,40.4081],[-3.9579,40.4082],[-3.9582,40.4083],[-3.9584,40.4085],[-3.9586,40.4086],[-3.9588,40.4086],[-3.959,40.4086],[-3.9594,40.4085],[-3.9596,40.4084],[-3.96,40.4083],[-3.9602,40.4082],[-3.9604,40.4082],[-3.9607,40.4082],[-3.9611,40.4082],[-3.9611,40.4082]]],[[[-4.0245,40.5169],[-4.0247,40.517],[-4.0249,40.5171],[-4.0252,40.5171],[-4.0254,40.517],[-4.0257,40.5169],[-4.0259,40.5168],[-4.0261,40.5168],[-4.0263,40.5168],[-4.0265,40.5167],[-4.0267,40.5167],[-4.0271,40.5167],[-4.0274,40.5167],[-4.0277,40.5167],[-4.028,40.5168],[-4.0283,40.5168],[-4.0287,40.5168],[-4.029,40.5168],[-4.0293,40.5168],[-4.0297,40.5168],[-4.0299,40.5167],[-4.0302,40.5166],[-4.0305,40.5166],[-4.0309,40.5164],[-4.0312,40.5163],[-4.0317,40.5162],[-4.032,40.5161],[-4.0323,40.5161],[-4.0326,40.5161],[-4.0328,40.5161],[-4.0331,40.5161],[-4.0336,40.5161],[-4.034,40.5162],[-4.0344,40.5162],[-4.0348,40.5163],[-4.0354,40.5163],[-4.0357,40.5163],[-4.0362,40.5164],[-4.0365,40.5164],[-4.0369,40.5165],[-4.0371,40.5165],[-4.0374,40.5165],[-4.0377,40.5165],[-4.0382,40.5166],[-4.0384,40.5166],[-4.0388,40.5165],[-4.0391,40.5165],[-4.0395,40.5165],[-4.04,40.5164],[-4.0403,40.5164],[-4.0406,40.5164],[-4.041,40.5165],[-4.0413,40.5165],[-4.0417,40.5164],[-4.0427,40.5164],[-4.043,40.5164],[-4.043,40.5164],[-4.043,40.5163],[-4.043,40.5162],[-4.043,40.5161],[-4.043,40.516],[-4.0431,40.5158],[-4.0431,40.5158],[-4.0432,40.5155],[-4.0433,40.5154],[-4.0433,40.5152],[-4.0434,40.5151],[-4.0435,40.515],[-4.0435,40.5149],[-4.0436,40.5148],[-4.0437,40.5146],[-4.0439,40.5144],[-4.0436,40.5142],[-4.0436,40.5143],[-4.0436,40.5143],[-4.0435,40.5143],[-4.0434,40.5144],[-4.0433,40.5144],[-4.0432,40.5144],[-4.0431,40.5144],[-4.0431,40.5144],[-4.0429,40.5144],[-4.0428,40.5144],[-4.0428,40.5143],[-4.0425,40.5142],[-4.0424,40.5141],[-4.0423,40.5141],[-4.042,40.514],[-4.0418,40.514],[-4.0417,40.5139],[-4.0416,40.5139],[-4.0415,40.5139],[-4.0414,40.5139],[-4.0413,40.5139],[-4.0413,40.5139],[-4.0411,40.5138],[-4.041,40.5138],[-4.0409,40.5136],[-4.0408,40.5135],[-4.0407,40.5134],[-4.0407,40.5134],[-4.0407,40.5132],[-4.0406,40.513],[-4.0406,40.5127],[-4.0405,40.5124],[-4.0405,40.5124],[-4.0405,40.5122],[-4.0405,40.512],[-4.0405,40.5119],[-4.0405,40.5117],[-4.0405,40.5116],[-4.0406,40.5114],[-4.0407,40.5112],[-4.0408,40.511],[-4.0408,40.511],[-4.04,40.5112],[-4.0394,40.5114],[-4.039,40.5115],[-4.0386,40.5117],[-4.0384,40.5117],[-4.038,40.5117],[-4.0376,40.5116],[-4.0372,40.5116],[-4.0369,40.5115],[-4.0365,40.5114],[-4.0363,40.5112],[-4.0362,40.511],[-4.0362,40.5107],[-4.0361,40.5103],[-4.0361,40.51],[-4.0361,40.5097],[-4.036,40.5095],[-4.0359,40.5091],[-4.0358,40.5088],[-4.0357,40.5085],[-4.0357,40.5081],[-4.0357,40.5078],[-4.0356,40.5075],[-4.0354,40.5073],[-4.0353,40.5071],[-4.0351,40.5069],[-4.035,40.5067],[-4.0349,40.5065],[-4.0348,40.5064],[-4.0346,40.5064],[-4.0342,40.5065],[-4.0339,40.5066],[-4.0336,40.5066],[-4.0333,40.5068],[-4.0329,40.5069],[-4.0326,40.5071],[-4.0323,40.5072],[-4.0321,40.5073],[-4.0319,40.5074],[-4.0317,40.5075],[-4.0313,40.5076],[-4.031,40.5077],[-4.0307,40.5077],[-4.0305,40.5077],[-4.0302,40.5077],[-4.0299,40.5077],[-4.0297,40.5077],[-4.0293,40.5076],[-4.0289,40.5076],[-4.0286,40.5075],[-4.0282,40.5075],[-4.0278,40.5075],[-4.0273,40.5074],[-4.0269,40.5073],[-4.0266,40.5072],[-4.0264,40.5071],[-4.026,40.507],[-4.0258,40.5068],[-4.0256,40.5066],[-4.0254,40.5064],[-4.0252,40.5061],[-4.0251,40.506],[-4.0249,40.5059],[-4.0251,40.5056],[-4.0252,40.5056],[-4.0254,40.5055],[-4.0256,40.5054],[-4.0257,40.5052],[-4.0258,40.5051],[-4.0259,40.505],[-4.026,40.505],[-4.0262,40.5051],[-4.0264,40.5052],[-4.0266,40.5054],[-4.0268,40.5056],[-4.027,40.5057],[-4.0271,40.5058],[-4.0271,40.5058],[-4.0272,40.5061],[-4.0274,40.506],[-4.0277,40.506],[-4.028,40.5061],[-4.0284,40.5063],[-4.0288,40.5065],[-4.0292,40.5066],[-4.0295,40.5068],[-4.0298,40.5068],[-4.0301,40.5069],[-4.0302,40.5069],[-4.0303,40.5069],[-4.0307,40.5064],[-4.0312,40.5059],[-4.0313,40.5057],[-4.0314,40.5054],[-4.0315,40.5052],[-4.0316,40.505],[-4.0317,40.5047],[-4.0318,40.5045],[-4.0318,40.5043],[-4.0319,40.504],[-4.032,40.5038],[-4.0321,40.5037],[-4.0322,40.5036],[-4.0323,40.5036],[-4.0325,40.5037],[-4.0328,40.5038],[-4.0332,40.504],[-4.0334,40.504],[-4.0337,40.5041],[-4.0341,40.5043],[-4.0344,40.5044],[-4.0348,40.5046],[-4.0352,40.5048],[-4.0357,40.5051],[-4.0361,40.5052],[-4.0365,40.5054],[-4.0371,40.5057],[-4.0371,40.5056],[-4.0371,40.5056],[-4.0371,40.5055],[-4.0372,40.5054],[-4.0373,40.5052],[-4.0373,40.505],[-4.0373,40.5048],[-4.0374,40.5046],[-4.0374,40.5044],[-4.0375,40.5043],[-4.0374,40.5042],[-4.0374,40.504],[-4.0375,40.5039],[-4.0375,40.5038],[-4.0375,40.5038],[-4.0375,40.5037],[-4.0374,40.5035],[-4.0375,40.5034],[-4.0375,40.5033],[-4.0375,40.5032],[-4.0375,40.503],[-4.0375,40.5029],[-4.0375,40.5027],[-4.0375,40.5027],[-4.0375,40.5026],[-4.0375,40.5025],[-4.0376,40.5025],[-4.0381,40.5023],[-4.0384,40.5023],[-4.0386,40.5023],[-4.0387,40.5023],[-4.0389,40.5023],[-4.0392,40.5022],[-4.0393,40.5022],[-4.0394,40.5021],[-4.0395,40.5021],[-4.0397,40.5021],[-4.0398,40.502],[-4.0398,40.502],[-4.0399,40.502],[-4.04,40.502],[-4.0401,40.5019],[-4.0403,40.5019],[-4.0404,40.5018],[-4.0404,40.5018],[-4.0404,40.5018],[-4.0405,40.5017],[-4.0406,40.5016],[-4.0406,40.5016],[-4.0407,40.5015],[-4.0407,40.5015],[-4.0407,40.5014],[-4.0407,40.5014],[-4.0407,40.5013],[-4.0407,40.5013],[-4.0408,40.5013],[-4.0408,40.5012],[-4.0409,40.5012],[-4.0409,40.5012],[-4.041,40.5011],[-4.041,40.5011],[-4.041,40.501],[-4.041,40.5009],[-4.041,40.5008],[-4.041,40.5008],[-4.041,40.5007],[-4.041,40.5007],[-4.041,40.5005],[-4.041,40.5005],[-4.041,40.5004],[-4.041,40.5004],[-4.041,40.5002],[-4.041,40.5001],[-4.041,40.5],[-4.041,40.4999],[-4.041,40.4998],[-4.041,40.4997],[-4.041,40.4996],[-4.0409,40.4995],[-4.0409,40.4994],[-4.0409,40.4994],[-4.041,40.4993],[-4.0409,40.4993],[-4.0409,40.4993],[-4.0409,40.4993],[-4.0409,40.4992],[-4.0408,40.4992],[-4.0408,40.4992],[-4.0408,40.4991],[-4.0409,40.4991],[-4.041,40.4989],[-4.0411,40.4988],[-4.0411,40.4988],[-4.0411,40.4987],[-4.0412,40.4986],[-4.0413,40.4984],[-4.0413,40.4984],[-4.0413,40.4984],[-4.0414,40.4983],[-4.0415,40.4982],[-4.0415,40.4982],[-4.0415,40.4981],[-4.0416,40.4981],[-4.0417,40.4981],[-4.0417,40.498],[-4.0417,40.498],[-4.0416,40.498],[-4.0415,40.498],[-4.0414,40.498],[-4.0413,40.498],[-4.0413,40.498],[-4.0411,40.4979],[-4.0411,40.4978],[-4.041,40.4978],[-4.041,40.4978],[-4.0409,40.4977],[-4.0409,40.4977],[-4.0408,40.4977],[-4.0408,40.4976],[-4.0407,40.4975],[-4.0407,40.4975],[-4.0405,40.4974],[-4.0405,40.4974],[-4.0403,40.4973],[-4.0402,40.4973],[-4.04,40.4972],[-4.0399,40.4971],[-4.0395,40.497],[-4.0391,40.4968],[-4.0391,40.4968],[-4.0388,40.4967],[-4.0386,40.4966],[-4.0384,40.4965],[-4.0382,40.4964],[-4.038,40.4963],[-4.038,40.4963],[-4.0379,40.4962],[-4.0378,40.4961],[-4.0377,40.496],[-4.0376,40.4959],[-4.0376,40.4959],[-4.0375,40.4956],[-4.0372,40.4956],[-4.0368,40.4956],[-4.036,40.4956],[-4.0355,40.4955],[-4.0353,40.4955],[-4.035,40.4954],[-4.0347,40.4954],[-4.0344,40.4953],[-4.0341,40.495],[-4.0338,40.4948],[-4.0337,40.4947],[-4.0335,40.4945],[-4.0334,40.4943],[-4.0332,40.4941],[-4.033,40.494],[-4.033,40.4939],[-4.033,40.4938],[-4.033,40.4937],[-4.033,40.4936],[-4.0328,40.4935],[-4.0327,40.4935],[-4.0326,40.4934],[-4.0325,40.4934],[-4.0324,40.4935],[-4.0323,40.4937],[-4.0323,40.4938],[-4.0323,40.4938],[-4.0321,40.4938],[-4.0319,40.4938],[-4.0317,40.4938],[-4.0316,40.4938],[-4.0315,40.4939],[-4.0314,40.494],[-4.0313,40.4941],[-4.0313,40.4942],[-4.0312,40.4942],[-4.0309,40.4942],[-4.0307,40.4942],[-4.0306,40.4942],[-4.0304,40.4941],[-4.0303,40.4939],[-4.0303,40.4938],[-4.0301,40.4935],[-4.0299,40.4932],[-4.0297,40.493],[-4.0296,40.4929],[-4.0295,40.4929],[-4.0293,40.4929],[-4.029,40.4929],[-4.0285,40.493],[-4.0281,40.493],[-4.0278,40.493],[-4.0276,40.4931],[-4.0274,40.4931],[-4.0272,40.4931],[-4.0271,40.4932],[-4.0268,40.4931],[-4.0267,40.4931],[-4.0265,40.4931],[-4.0262,40.493],[-4.0261,40.493],[-4.0259,40.493],[-4.0258,40.493],[-4.0255,40.493],[-4.0253,40.493],[-4.025,40.4929],[-4.0248,40.4929],[-4.0248,40.4928],[-4.0247,40.4927],[-4.0247,40.4927],[-4.0242,40.4925],[-4.0242,40.4925],[-4.0241,40.4925],[-4.024,40.4925],[-4.0238,40.4924],[-4.0237,40.4924],[-4.0233,40.4923],[-4.0232,40.492],[-4.0231,40.4918],[-4.0229,40.4915],[-4.0227,40.4914],[-4.0225,40.4913],[-4.0223,40.4911],[-4.0222,40.4911],[-4.022,40.4911],[-4.0219,40.4911],[-4.0217,40.4912],[-4.0216,40.4912],[-4.0215,40.4913],[-4.021,40.4913],[-4.0209,40.4913],[-4.0208,40.4913],[-4.0207,40.4912],[-4.0206,40.4912],[-4.0204,40.4911],[-4.0203,40.4911],[-4.0201,40.4911],[-4.02,40.4911],[-4.0198,40.4911],[-4.0196,40.4911],[-4.0195,40.4911],[-4.0194,40.4911],[-4.0192,40.4911],[-4.0192,40.4911],[-4.0192,40.4911],[-4.0192,40.4911],[-4.019,40.491],[-4.019,40.4909],[-4.019,40.4909],[-4.019,40.4909],[-4.019,40.4909],[-4.019,40.4908],[-4.019,40.4907],[-4.0191,40.4906],[-4.0191,40.4904],[-4.0192,40.4902],[-4.0193,40.4901],[-4.0194,40.49],[-4.0194,40.49],[-4.0195,40.4899],[-4.0195,40.4899],[-4.0195,40.4899],[-4.0195,40.4899],[-4.0194,40.4898],[-4.0194,40.4897],[-4.0194,40.4896],[-4.0195,40.4896],[-4.0195,40.4896],[-4.0196,40.4894],[-4.0196,40.4893],[-4.0196,40.4892],[-4.0195,40.4891],[-4.0195,40.489],[-4.0195,40.489],[-4.0196,40.4889],[-4.0196,40.4889],[-4.0196,40.4887],[-4.0195,40.4885],[-4.0195,40.4883],[-4.0195,40.4881],[-4.0193,40.4875],[-4.0193,40.4874],[-4.0191,40.4875],[-4.019,40.4876],[-4.0189,40.4876],[-4.0188,40.4876],[-4.0188,40.4876],[-4.0186,40.4876],[-4.0185,40.4876],[-4.0182,40.4876],[-4.018,40.4876],[-4.0178,40.4877],[-4.0175,40.4878],[-4.0175,40.4878],[-4.0173,40.4878],[-4.0171,40.4878],[-4.017,40.4878],[-4.0168,40.4878],[-4.0167,40.4877],[-4.0165,40.4877],[-4.0163,40.4877],[-4.0161,40.4877],[-4.0158,40.4877],[-4.0156,40.4877],[-4.0155,40.4878],[-4.0153,40.4878],[-4.0151,40.4879],[-4.015,40.488],[-4.0148,40.488],[-4.0147,40.4881],[-4.0145,40.4883],[-4.0142,40.4885],[-4.0141,40.4887],[-4.0139,40.4889],[-4.0138,40.4889],[-4.0137,40.4889],[-4.0136,40.489],[-4.0133,40.489],[-4.013,40.489],[-4.013,40.489],[-4.0129,40.4892],[-4.0127,40.4894],[-4.0126,40.4897],[-4.0125,40.4899],[-4.0125,40.49],[-4.0124,40.4902],[-4.0124,40.4904],[-4.0125,40.4905],[-4.0126,40.4905],[-4.0127,40.4906],[-4.0128,40.4907],[-4.0129,40.4907],[-4.013,40.4907],[-4.0131,40.4908],[-4.0131,40.4909],[-4.0131,40.491],[-4.0131,40.4911],[-4.0131,40.4911],[-4.0131,40.4911],[-4.0131,40.4912],[-4.0131,40.4912],[-4.0132,40.4913],[-4.0133,40.4914],[-4.0134,40.4915],[-4.0134,40.4916],[-4.0134,40.4917],[-4.0135,40.4918],[-4.0136,40.4919],[-4.0137,40.4919],[-4.0139,40.4921],[-4.014,40.4922],[-4.0141,40.4924],[-4.0141,40.4925],[-4.0142,40.4925],[-4.0143,40.4926],[-4.0145,40.4927],[-4.0146,40.4928],[-4.0147,40.493],[-4.0149,40.4931],[-4.015,40.4932],[-4.0152,40.4933],[-4.0154,40.4934],[-4.0155,40.4936],[-4.0156,40.4937],[-4.0157,40.4939],[-4.0158,40.4941],[-4.0159,40.4941],[-4.016,40.4942],[-4.0161,40.4943],[-4.0162,40.4945],[-4.0163,40.4947],[-4.0165,40.4949],[-4.0166,40.495],[-4.0167,40.4951],[-4.0168,40.4951],[-4.0168,40.4951],[-4.0169,40.4951],[-4.017,40.4952],[-4.0171,40.4952],[-4.0173,40.4951],[-4.0175,40.4951],[-4.0177,40.495],[-4.018,40.495],[-4.0182,40.495],[-4.0184,40.4951],[-4.0186,40.4951],[-4.0187,40.4952],[-4.0189,40.4953],[-4.0191,40.4953],[-4.0193,40.4954],[-4.0195,40.4955],[-4.0195,40.4957],[-4.0195,40.4959],[-4.0196,40.4961],[-4.0197,40.4962],[-4.0197,40.4964],[-4.0197,40.4966],[-4.0197,40.4968],[-4.0197,40.497],[-4.0196,40.4973],[-4.0195,40.4975],[-4.0194,40.4976],[-4.0193,40.4976],[-4.0191,40.4977],[-4.019,40.4978],[-4.0189,40.4979],[-4.0188,40.4981],[-4.0187,40.4983],[-4.0187,40.4984],[-4.0187,40.4986],[-4.0188,40.4987],[-4.0189,40.4988],[-4.019,40.499],[-4.0192,40.4992],[-4.0193,40.4993],[-4.0194,40.4994],[-4.0194,40.4994],[-4.0195,40.4994],[-4.0196,40.4996],[-4.0196,40.4996],[-4.0198,40.4997],[-4.0198,40.4998],[-4.0199,40.4998],[-4.0199,40.5],[-4.0199,40.5],[-4.0199,40.5],[-4.0199,40.5001],[-4.0199,40.5001],[-4.0199,40.5002],[-4.0198,40.5002],[-4.0198,40.5002],[-4.0197,40.5004],[-4.0194,40.5005],[-4.0192,40.5007],[-4.0189,40.5008],[-4.0188,40.501],[-4.0186,40.5012],[-4.0185,40.5015],[-4.0184,40.5017],[-4.0184,40.5021],[-4.0183,40.5024],[-4.0182,40.5026],[-4.0183,40.5028],[-4.0183,40.5032],[-4.0183,40.5035],[-4.0184,40.5039],[-4.0185,40.5043],[-4.0186,40.5046],[-4.0189,40.505],[-4.0191,40.5053],[-4.0193,40.5056],[-4.0195,40.5058],[-4.0197,40.5061],[-4.02,40.5064],[-4.0202,40.5067],[-4.0204,40.5069],[-4.0206,40.5071],[-4.0209,40.5073],[-4.021,40.5074],[-4.0214,40.5079],[-4.0217,40.5084],[-4.022,40.5088],[-4.0221,40.5091],[-4.0223,40.5095],[-4.0223,40.5097],[-4.0224,40.5099],[-4.0225,40.5102],[-4.0225,40.5103],[-4.0227,40.5104],[-4.0228,40.5104],[-4.0229,40.5104],[-4.023,40.5104],[-4.0231,40.5104],[-4.0231,40.5105],[-4.023,40.5107],[-4.0228,40.5108],[-4.0227,40.5108],[-4.0225,40.5109],[-4.0224,40.5109],[-4.0222,40.5109],[-4.0221,40.5109],[-4.0219,40.511],[-4.0219,40.5111],[-4.0219,40.5113],[-4.022,40.5115],[-4.0221,40.5117],[-4.0221,40.512],[-4.0221,40.5123],[-4.0221,40.5125],[-4.0221,40.5127],[-4.0221,40.5129],[-4.0221,40.5132],[-4.0222,40.5134],[-4.0223,40.5136],[-4.0226,40.5138],[-4.0229,40.514],[-4.023,40.5141],[-4.0232,40.5143],[-4.0232,40.5145],[-4.0233,40.5147],[-4.0234,40.5148],[-4.0235,40.5149],[-4.0236,40.515],[-4.0235,40.5152],[-4.0235,40.5153],[-4.0236,40.5156],[-4.0236,40.5159],[-4.0238,40.5162],[-4.0239,40.5163],[-4.024,40.5165],[-4.0241,40.5167],[-4.0243,40.5168],[-4.0245,40.5169]]],[[[-3.9221,40.5626],[-3.9221,40.5626],[-3.9226,40.5628],[-3.923,40.563],[-3.9232,40.5631],[-3.9233,40.5631],[-3.9235,40.5633],[-3.9238,40.5634],[-3.9245,40.5639],[-3.9247,40.5641],[-3.925,40.5644],[-3.9251,40.5645],[-3.9254,40.5647],[-3.9257,40.565],[-3.9258,40.5651],[-3.9261,40.5654],[-3.9266,40.5658],[-3.9271,40.5662],[-3.9274,40.5664],[-3.9278,40.5666],[-3.9279,40.5666],[-3.9282,40.5664],[-3.9282,40.5663],[-3.9282,40.5661],[-3.9282,40.566],[-3.9282,40.5659],[-3.9282,40.5658],[-3.9283,40.5657],[-3.9283,40.5656],[-3.9285,40.5655],[-3.9287,40.5653],[-3.9291,40.5652],[-3.9293,40.5651],[-3.9295,40.565],[-3.9298,40.5649],[-3.9299,40.5648],[-3.9301,40.5647],[-3.9302,40.5646],[-3.9303,40.5644],[-3.9305,40.5643],[-3.9306,40.5642],[-3.9307,40.564],[-3.9307,40.5639],[-3.9306,40.5637],[-3.9307,40.5636],[-3.9308,40.5636],[-3.931,40.5636],[-3.9311,40.5635],[-3.9312,40.5634],[-3.9312,40.5633],[-3.9313,40.5631],[-3.9315,40.5629],[-3.9317,40.5627],[-3.9318,40.5626],[-3.9319,40.5624],[-3.9321,40.5622],[-3.9322,40.5621],[-3.9323,40.562],[-3.9324,40.562],[-3.9325,40.562],[-3.9326,40.562],[-3.9327,40.5619],[-3.9327,40.5618],[-3.9328,40.5618],[-3.9329,40.5617],[-3.9329,40.5618],[-3.933,40.5618],[-3.9331,40.5619],[-3.9331,40.5621],[-3.9332,40.5623],[-3.9332,40.5624],[-3.9333,40.5625],[-3.9334,40.5625],[-3.9335,40.5626],[-3.9337,40.5627],[-3.9338,40.5627],[-3.9339,40.5628],[-3.934,40.5628],[-3.934,40.5629],[-3.9341,40.563],[-3.9341,40.563],[-3.9344,40.563],[-3.9345,40.5629],[-3.9347,40.5628],[-3.9349,40.5628],[-3.935,40.5629],[-3.9351,40.5628],[-3.9351,40.5627],[-3.935,40.5626],[-3.9347,40.5624],[-3.9346,40.5623],[-3.9345,40.5621],[-3.9346,40.5619],[-3.9347,40.5618],[-3.9349,40.5617],[-3.9349,40.5615],[-3.9349,40.5613],[-3.9348,40.5611],[-3.9348,40.5609],[-3.9348,40.5607],[-3.9349,40.5604],[-3.935,40.5602],[-3.9351,40.5602],[-3.9354,40.5603],[-3.9355,40.5604],[-3.9357,40.5603],[-3.9357,40.5602],[-3.9358,40.5601],[-3.9358,40.5598],[-3.9359,40.5596],[-3.936,40.5594],[-3.9361,40.5592],[-3.9364,40.5592],[-3.9365,40.5593],[-3.9367,40.5594],[-3.9368,40.5594],[-3.937,40.5592],[-3.9371,40.5591],[-3.9373,40.559],[-3.9375,40.5589],[-3.9376,40.5588],[-3.9376,40.5587],[-3.9375,40.5586],[-3.9375,40.5584],[-3.9374,40.5581],[-3.9375,40.5578],[-3.9376,40.5576],[-3.9377,40.5575],[-3.9378,40.5574],[-3.9379,40.5573],[-3.938,40.5572],[-3.9381,40.557],[-3.9381,40.5568],[-3.9381,40.5567],[-3.938,40.5565],[-3.938,40.5564],[-3.938,40.5561],[-3.9381,40.556],[-3.9383,40.5558],[-3.9385,40.5556],[-3.9387,40.5554],[-3.9389,40.5552],[-3.939,40.555],[-3.9391,40.5548],[-3.9392,40.5545],[-3.9394,40.5543],[-3.9395,40.5541],[-3.9396,40.554],[-3.9398,40.5539],[-3.9399,40.5539],[-3.94,40.5538],[-3.9401,40.5538],[-3.9402,40.5537],[-3.9402,40.5536],[-3.9402,40.5536],[-3.9402,40.5536],[-3.9401,40.5535],[-3.9401,40.5535],[-3.94,40.5535],[-3.9399,40.5535],[-3.9398,40.5535],[-3.9398,40.5534],[-3.9399,40.5533],[-3.9399,40.5532],[-3.94,40.553],[-3.94,40.5528],[-3.94,40.5527],[-3.94,40.5526],[-3.9401,40.5525],[-3.9401,40.5524],[-3.9401,40.5523],[-3.9401,40.5522],[-3.94,40.5521],[-3.9401,40.552],[-3.9402,40.5518],[-3.9404,40.5516],[-3.9404,40.5515],[-3.9405,40.5513],[-3.9405,40.5512],[-3.9405,40.5511],[-3.9405,40.5509],[-3.9405,40.5507],[-3.9406,40.5506],[-3.9407,40.5505],[-3.941,40.5504],[-3.9411,40.5504],[-3.9414,40.5503],[-3.9415,40.5502],[-3.9417,40.5501],[-3.9419,40.55],[-3.9419,40.5499],[-3.9419,40.5498],[-3.9419,40.5496],[-3.9418,40.5495],[-3.9418,40.5494],[-3.9418,40.5493],[-3.9418,40.5492],[-3.9418,40.5492],[-3.9419,40.5491],[-3.942,40.5491],[-3.9421,40.5491],[-3.9422,40.5491],[-3.9423,40.549],[-3.9425,40.549],[-3.9425,40.5489],[-3.9423,40.5488],[-3.9422,40.5488],[-3.942,40.5487],[-3.9418,40.5487],[-3.9417,40.5487],[-3.9417,40.5486],[-3.9418,40.5486],[-3.9419,40.5485],[-3.942,40.5485],[-3.9421,40.5485],[-3.9423,40.5484],[-3.9423,40.5483],[-3.9424,40.5483],[-3.9424,40.5479],[-3.9428,40.5483],[-3.9429,40.5484],[-3.9431,40.5486],[-3.9432,40.5487],[-3.9434,40.5488],[-3.9436,40.5489],[-3.9437,40.549],[-3.9438,40.5492],[-3.9438,40.5494],[-3.9437,40.5495],[-3.9436,40.5497],[-3.9435,40.5498],[-3.9435,40.5499],[-3.9435,40.55],[-3.9436,40.5501],[-3.9437,40.5502],[-3.9438,40.5503],[-3.9439,40.5504],[-3.9439,40.5505],[-3.9439,40.5506],[-3.9441,40.5507],[-3.9443,40.5508],[-3.9445,40.5509],[-3.945,40.5511],[-3.9451,40.551],[-3.9452,40.5508],[-3.9453,40.5506],[-3.9454,40.5503],[-3.9454,40.55],[-3.9454,40.5497],[-3.9454,40.5495],[-3.9454,40.5492],[-3.9454,40.5489],[-3.9454,40.5486],[-3.9454,40.5484],[-3.9454,40.5483],[-3.9454,40.548],[-3.9454,40.5477],[-3.9454,40.5475],[-3.9454,40.5473],[-3.9454,40.5471],[-3.9455,40.547],[-3.9455,40.5468],[-3.9457,40.5464],[-3.9456,40.5464],[-3.9456,40.5464],[-3.9453,40.5463],[-3.9452,40.5463],[-3.9449,40.5462],[-3.9451,40.5457],[-3.9452,40.5454],[-3.9453,40.5453],[-3.9453,40.5451],[-3.9454,40.545],[-3.9454,40.545],[-3.9454,40.5448],[-3.9455,40.5447],[-3.9455,40.5446],[-3.9454,40.5444],[-3.9454,40.5442],[-3.9452,40.544],[-3.9451,40.5439],[-3.9449,40.5437],[-3.9448,40.5436],[-3.9448,40.5436],[-3.9447,40.5436],[-3.9447,40.5436],[-3.9447,40.5435],[-3.9446,40.5435],[-3.9445,40.5433],[-3.9444,40.5432],[-3.9443,40.5431],[-3.9443,40.5431],[-3.9442,40.543],[-3.9442,40.5428],[-3.9441,40.5427],[-3.9441,40.5426],[-3.944,40.5425],[-3.9439,40.5424],[-3.9438,40.5424],[-3.9438,40.5422],[-3.9436,40.5421],[-3.9435,40.5419],[-3.9435,40.5418],[-3.9434,40.5418],[-3.9433,40.5416],[-3.9431,40.5415],[-3.943,40.5414],[-3.9429,40.5413],[-3.9429,40.5412],[-3.9428,40.5411],[-3.9428,40.541],[-3.9427,40.541],[-3.9426,40.541],[-3.9425,40.5408],[-3.9424,40.5407],[-3.9423,40.5406],[-3.9423,40.5405],[-3.9422,40.5404],[-3.9421,40.5403],[-3.9421,40.5402],[-3.942,40.54],[-3.942,40.5398],[-3.9419,40.5396],[-3.9418,40.5395],[-3.9418,40.5393],[-3.9417,40.5391],[-3.9418,40.5388],[-3.9418,40.5386],[-3.9419,40.5384],[-3.9418,40.5382],[-3.9417,40.5382],[-3.9415,40.5381],[-3.9412,40.538],[-3.9403,40.5386],[-3.9405,40.5389],[-3.9406,40.5392],[-3.9406,40.5394],[-3.9407,40.5396],[-3.9407,40.5397],[-3.9407,40.5399],[-3.9406,40.5401],[-3.9403,40.5406],[-3.9402,40.5407],[-3.9401,40.5408],[-3.9399,40.5409],[-3.9398,40.5409],[-3.9393,40.5411],[-3.9392,40.5411],[-3.9377,40.5418],[-3.9374,40.542],[-3.9373,40.5421],[-3.9368,40.5421],[-3.9368,40.5425],[-3.9369,40.5428],[-3.937,40.5431],[-3.937,40.5431],[-3.9371,40.5434],[-3.9371,40.5437],[-3.9372,40.544],[-3.9373,40.5443],[-3.937,40.5445],[-3.9369,40.5447],[-3.9368,40.5448],[-3.9365,40.545],[-3.9363,40.5453],[-3.9358,40.5452],[-3.9359,40.5453],[-3.9361,40.5456],[-3.9363,40.5458],[-3.9364,40.546],[-3.9365,40.5462],[-3.9366,40.5465],[-3.9366,40.5468],[-3.9366,40.547],[-3.9366,40.5471],[-3.9364,40.5473],[-3.9362,40.5474],[-3.9361,40.5475],[-3.9358,40.5476],[-3.9356,40.5478],[-3.9356,40.5478],[-3.9352,40.5482],[-3.935,40.5483],[-3.9349,40.5485],[-3.9347,40.5486],[-3.9346,40.5487],[-3.9345,40.5489],[-3.9342,40.5491],[-3.934,40.5493],[-3.9338,40.5493],[-3.9336,40.5494],[-3.9332,40.5495],[-3.9327,40.5496],[-3.9324,40.5496],[-3.9319,40.5497],[-3.9317,40.5497],[-3.9315,40.5498],[-3.9314,40.5498],[-3.9312,40.5498],[-3.9311,40.5498],[-3.9311,40.5498],[-3.931,40.5497],[-3.9308,40.5496],[-3.9307,40.5495],[-3.9305,40.5494],[-3.9302,40.5493],[-3.9297,40.549],[-3.9295,40.5489],[-3.9294,40.5488],[-3.9293,40.5487],[-3.929,40.5485],[-3.9286,40.5483],[-3.9285,40.5482],[-3.9282,40.5481],[-3.9269,40.5475],[-3.9264,40.548],[-3.9257,40.5479],[-3.9251,40.548],[-3.9251,40.548],[-3.9253,40.5481],[-3.9257,40.5486],[-3.9258,40.5486],[-3.926,40.5486],[-3.9262,40.5485],[-3.9268,40.549],[-3.9268,40.5491],[-3.9269,40.5491],[-3.9249,40.5492],[-3.9249,40.5493],[-3.9249,40.5498],[-3.9248,40.5499],[-3.9248,40.5502],[-3.9247,40.5505],[-3.9246,40.5509],[-3.9244,40.5513],[-3.9242,40.5516],[-3.9242,40.5518],[-3.924,40.552],[-3.9237,40.5523],[-3.9234,40.5526],[-3.9231,40.5528],[-3.9229,40.5529],[-3.9227,40.5532],[-3.9226,40.5536],[-3.9224,40.5539],[-3.9223,40.5542],[-3.9223,40.5544],[-3.9224,40.5547],[-3.9225,40.5548],[-3.9226,40.5551],[-3.9226,40.5553],[-3.9225,40.5555],[-3.9225,40.5558],[-3.9224,40.5561],[-3.9224,40.5563],[-3.9224,40.5565],[-3.9225,40.5568],[-3.9226,40.557],[-3.9227,40.5572],[-3.9227,40.5574],[-3.9226,40.5576],[-3.9226,40.5579],[-3.9224,40.5581],[-3.9223,40.5583],[-3.922,40.5585],[-3.9217,40.5587],[-3.9215,40.5589],[-3.9213,40.5589],[-3.9209,40.559],[-3.9206,40.5592],[-3.9203,40.5593],[-3.92,40.5594],[-3.9196,40.5594],[-3.9194,40.5595],[-3.9193,40.5597],[-3.9192,40.5598],[-3.9191,40.5598],[-3.9189,40.5599],[-3.9188,40.5601],[-3.9187,40.5602],[-3.9184,40.5603],[-3.9181,40.5604],[-3.9179,40.5605],[-3.9178,40.5606],[-3.9176,40.5608],[-3.9175,40.5609],[-3.9173,40.561],[-3.917,40.561],[-3.9168,40.5611],[-3.9167,40.5611],[-3.917,40.5612],[-3.9182,40.5615],[-3.9186,40.5616],[-3.9196,40.5619],[-3.92,40.562],[-3.9205,40.5622],[-3.9221,40.5626]]],[[[-3.9407,40.2981],[-3.9408,40.2981],[-3.9412,40.2984],[-3.9414,40.2981],[-3.9416,40.2978],[-3.9417,40.2976],[-3.9418,40.2975],[-3.9417,40.2973],[-3.9416,40.2971],[-3.9415,40.2969],[-3.9414,40.2967],[-3.9413,40.2965],[-3.9414,40.2963],[-3.9416,40.2961],[-3.9418,40.2959],[-3.9419,40.2957],[-3.9419,40.2954],[-3.9419,40.2951],[-3.9419,40.2948],[-3.9418,40.2946],[-3.9417,40.2944],[-3.9416,40.2942],[-3.9415,40.294],[-3.9413,40.2938],[-3.9413,40.2937],[-3.9413,40.2935],[-3.9413,40.2932],[-3.9414,40.2929],[-3.9415,40.2927],[-3.9416,40.2924],[-3.9416,40.2923],[-3.9416,40.2921],[-3.9416,40.2918],[-3.9417,40.2916],[-3.9418,40.2914],[-3.9419,40.2912],[-3.9421,40.291],[-3.9422,40.2908],[-3.9422,40.2906],[-3.9423,40.2904],[-3.9423,40.2901],[-3.9424,40.2898],[-3.9424,40.2896],[-3.9423,40.2894],[-3.9422,40.2892],[-3.9421,40.289],[-3.9421,40.2889],[-3.942,40.2888],[-3.9419,40.2889],[-3.9418,40.2889],[-3.9416,40.2888],[-3.9416,40.2888],[-3.9417,40.2887],[-3.9417,40.2885],[-3.9417,40.2884],[-3.9416,40.2882],[-3.9415,40.2881],[-3.9415,40.2879],[-3.9414,40.2875],[-3.9414,40.2872],[-3.9414,40.2869],[-3.9415,40.2865],[-3.9415,40.2862],[-3.9415,40.286],[-3.9416,40.2857],[-3.9416,40.2853],[-3.9416,40.2851],[-3.9416,40.2849],[-3.9418,40.2846],[-3.9422,40.284],[-3.9423,40.2836],[-3.9424,40.2834],[-3.9425,40.2832],[-3.9425,40.283],[-3.9426,40.2828],[-3.9426,40.2826],[-3.9426,40.2824],[-3.9427,40.2822],[-3.9428,40.2819],[-3.9428,40.2816],[-3.9429,40.2814],[-3.9431,40.2811],[-3.9432,40.2809],[-3.9434,40.2807],[-3.9438,40.2802],[-3.9437,40.2801],[-3.9436,40.28],[-3.9433,40.28],[-3.943,40.28],[-3.9427,40.28],[-3.9425,40.2801],[-3.9422,40.2801],[-3.9419,40.2801],[-3.9415,40.2802],[-3.9413,40.2803],[-3.9409,40.2804],[-3.9406,40.2805],[-3.9403,40.2805],[-3.94,40.2806],[-3.9397,40.2806],[-3.9393,40.2806],[-3.939,40.2807],[-3.9387,40.2807],[-3.9384,40.2807],[-3.9382,40.2807],[-3.938,40.2807],[-3.9376,40.2807],[-3.9372,40.2808],[-3.9369,40.2808],[-3.9368,40.2809],[-3.9366,40.281],[-3.9364,40.2812],[-3.9362,40.2813],[-3.9361,40.2816],[-3.9357,40.2818],[-3.9355,40.2819],[-3.9352,40.2821],[-3.9349,40.2821],[-3.9347,40.2821],[-3.9345,40.2821],[-3.9342,40.2821],[-3.9336,40.282],[-3.9346,40.2828],[-3.9347,40.2829],[-3.9347,40.283],[-3.9348,40.283],[-3.9348,40.2831],[-3.9348,40.2832],[-3.9348,40.2832],[-3.9348,40.2834],[-3.9348,40.2835],[-3.9348,40.2836],[-3.9348,40.2842],[-3.9348,40.2844],[-3.9347,40.2844],[-3.9347,40.2844],[-3.9342,40.2846],[-3.931,40.2855],[-3.9281,40.2864],[-3.9272,40.2866],[-3.9248,40.2874],[-3.9234,40.2878],[-3.9213,40.2884],[-3.9211,40.2885],[-3.9192,40.289],[-3.9178,40.2894],[-3.9168,40.2897],[-3.9168,40.2897],[-3.9166,40.2898],[-3.9165,40.2899],[-3.9165,40.29],[-3.9164,40.2915],[-3.9164,40.2917],[-3.9164,40.2921],[-3.9164,40.2923],[-3.9164,40.2923],[-3.9163,40.2924],[-3.9163,40.2924],[-3.9162,40.2926],[-3.9161,40.2928],[-3.916,40.293],[-3.9159,40.293],[-3.9159,40.293],[-3.9159,40.293],[-3.9158,40.293],[-3.9158,40.293],[-3.9158,40.2931],[-3.9159,40.2934],[-3.9159,40.2936],[-3.9159,40.2938],[-3.9159,40.2941],[-3.9159,40.2943],[-3.9158,40.2946],[-3.9158,40.2949],[-3.9158,40.2952],[-3.9157,40.2955],[-3.9157,40.2957],[-3.9156,40.2955],[-3.9154,40.2954],[-3.9154,40.2953],[-3.9152,40.2952],[-3.9151,40.295],[-3.9149,40.2948],[-3.9148,40.2947],[-3.9146,40.2947],[-3.9144,40.2948],[-3.9143,40.295],[-3.9141,40.2951],[-3.914,40.2953],[-3.9139,40.2955],[-3.9139,40.2955],[-3.914,40.2956],[-3.9141,40.2958],[-3.9142,40.296],[-3.9143,40.2962],[-3.9144,40.2962],[-3.9148,40.2964],[-3.9151,40.2966],[-3.9157,40.2963],[-3.9187,40.2957],[-3.9222,40.295],[-3.9231,40.2955],[-3.9243,40.2955],[-3.925,40.2956],[-3.9251,40.2955],[-3.9251,40.2955],[-3.9252,40.2955],[-3.9252,40.2955],[-3.9252,40.2955],[-3.9253,40.2955],[-3.9254,40.2955],[-3.9254,40.2955],[-3.9255,40.2955],[-3.9255,40.2955],[-3.9256,40.2955],[-3.9256,40.2954],[-3.9256,40.2954],[-3.9257,40.2954],[-3.9257,40.2954],[-3.9258,40.2954],[-3.9258,40.2954],[-3.9259,40.2954],[-3.9259,40.2955],[-3.9259,40.2955],[-3.926,40.2956],[-3.9261,40.2956],[-3.9262,40.2956],[-3.9264,40.2956],[-3.9264,40.2956],[-3.9266,40.2955],[-3.9267,40.2955],[-3.9267,40.2955],[-3.9269,40.2955],[-3.927,40.2955],[-3.927,40.2955],[-3.9271,40.2955],[-3.9272,40.2955],[-3.9273,40.2955],[-3.9273,40.2955],[-3.9274,40.2955],[-3.9275,40.2956],[-3.9275,40.2957],[-3.9276,40.2957],[-3.9276,40.2957],[-3.9277,40.2957],[-3.9278,40.2957],[-3.9279,40.2957],[-3.928,40.2957],[-3.928,40.2957],[-3.9282,40.2957],[-3.9282,40.2957],[-3.9283,40.2958],[-3.9284,40.2958],[-3.9285,40.2959],[-3.9286,40.2959],[-3.9287,40.2959],[-3.9287,40.2959],[-3.9288,40.2959],[-3.9288,40.2959],[-3.9289,40.296],[-3.929,40.296],[-3.9295,40.2958],[-3.9307,40.2954],[-3.9314,40.2951],[-3.9334,40.2943],[-3.9334,40.2943],[-3.9365,40.2938],[-3.9374,40.2937],[-3.9375,40.2937],[-3.9375,40.2938],[-3.9376,40.2939],[-3.9376,40.294],[-3.9377,40.2943],[-3.9377,40.2943],[-3.9378,40.2946],[-3.9378,40.295],[-3.9378,40.295],[-3.9379,40.2953],[-3.9379,40.2954],[-3.9379,40.2956],[-3.938,40.2958],[-3.938,40.2958],[-3.9379,40.2961],[-3.9379,40.2964],[-3.9379,40.2965],[-3.9378,40.2966],[-3.9378,40.2969],[-3.9377,40.2972],[-3.9377,40.2973],[-3.9377,40.2974],[-3.9378,40.2976],[-3.9379,40.2977],[-3.9381,40.2979],[-3.9383,40.298],[-3.9384,40.298],[-3.9389,40.2981],[-3.9391,40.2981],[-3.9397,40.2981],[-3.9397,40.2981],[-3.9401,40.2981],[-3.9402,40.2981],[-3.9403,40.298],[-3.9404,40.298],[-3.9406,40.298],[-3.9407,40.2981]]],[[[-3.9351,40.4931],[-3.9353,40.4932],[-3.9353,40.4933],[-3.9354,40.4935],[-3.9354,40.4937],[-3.9355,40.4937],[-3.9355,40.4938],[-3.9356,40.4938],[-3.9357,40.4938],[-3.936,40.4938],[-3.9363,40.4939],[-3.9364,40.4937],[-3.9364,40.4936],[-3.9365,40.4935],[-3.9365,40.4933],[-3.9365,40.4932],[-3.9365,40.493],[-3.9365,40.4929],[-3.9365,40.4927],[-3.9364,40.4926],[-3.9364,40.4924],[-3.9364,40.4923],[-3.9362,40.4922],[-3.9361,40.4921],[-3.936,40.4921],[-3.9358,40.4919],[-3.9356,40.4918],[-3.9356,40.4916],[-3.9354,40.4913],[-3.9353,40.4911],[-3.9353,40.4909],[-3.9352,40.4908],[-3.9352,40.4906],[-3.9353,40.4904],[-3.9354,40.4902],[-3.9355,40.4899],[-3.9356,40.4897],[-3.9357,40.4895],[-3.9358,40.4893],[-3.9358,40.4891],[-3.9358,40.4889],[-3.9356,40.4887],[-3.9356,40.4887],[-3.9355,40.4886],[-3.9355,40.4885],[-3.9356,40.4884],[-3.9356,40.4883],[-3.9358,40.4883],[-3.936,40.4882],[-3.9361,40.4881],[-3.9362,40.488],[-3.9363,40.4878],[-3.9363,40.4876],[-3.9363,40.4874],[-3.9363,40.4871],[-3.9363,40.4868],[-3.9364,40.4862],[-3.9364,40.4858],[-3.9364,40.4856],[-3.9364,40.4854],[-3.9364,40.4853],[-3.9363,40.4851],[-3.9362,40.4849],[-3.936,40.4848],[-3.936,40.4846],[-3.9361,40.4845],[-3.9362,40.4844],[-3.9362,40.4843],[-3.9363,40.4842],[-3.9363,40.4841],[-3.9364,40.4839],[-3.9365,40.4838],[-3.9364,40.4836],[-3.9364,40.4835],[-3.9363,40.4833],[-3.9363,40.4832],[-3.9364,40.483],[-3.9365,40.4828],[-3.9364,40.4826],[-3.9364,40.4824],[-3.9363,40.4823],[-3.9362,40.4821],[-3.9361,40.482],[-3.9361,40.4819],[-3.936,40.4817],[-3.936,40.4816],[-3.936,40.4814],[-3.936,40.4812],[-3.9359,40.4811],[-3.9358,40.4809],[-3.9357,40.4808],[-3.9356,40.4807],[-3.9355,40.4806],[-3.9354,40.4805],[-3.9355,40.4805],[-3.9356,40.4804],[-3.9356,40.4803],[-3.9357,40.4802],[-3.9357,40.48],[-3.9358,40.4799],[-3.9358,40.4797],[-3.9357,40.4795],[-3.9356,40.4795],[-3.9356,40.4794],[-3.9355,40.4793],[-3.9354,40.4792],[-3.9354,40.479],[-3.9354,40.4788],[-3.9355,40.4786],[-3.9354,40.4785],[-3.9354,40.4783],[-3.9353,40.4782],[-3.9353,40.4781],[-3.9354,40.4779],[-3.9355,40.4777],[-3.9356,40.4777],[-3.9357,40.4776],[-3.9359,40.4775],[-3.9361,40.4775],[-3.9363,40.4775],[-3.9365,40.4773],[-3.9365,40.4772],[-3.9366,40.4768],[-3.9368,40.4764],[-3.9369,40.4762],[-3.937,40.4759],[-3.937,40.4757],[-3.9371,40.4754],[-3.937,40.4751],[-3.937,40.4748],[-3.937,40.4745],[-3.9369,40.4743],[-3.9368,40.474],[-3.9367,40.4737],[-3.9365,40.4735],[-3.9364,40.4733],[-3.9363,40.4731],[-3.9363,40.4729],[-3.9362,40.4727],[-3.9363,40.4725],[-3.9363,40.4723],[-3.9364,40.472],[-3.9365,40.4718],[-3.9367,40.4715],[-3.9368,40.4713],[-3.9369,40.471],[-3.9366,40.471],[-3.9363,40.471],[-3.9361,40.4711],[-3.9358,40.4711],[-3.9356,40.4711],[-3.9355,40.4711],[-3.9352,40.4711],[-3.9351,40.471],[-3.9349,40.4709],[-3.9346,40.4707],[-3.9344,40.4705],[-3.9343,40.4703],[-3.9342,40.4701],[-3.934,40.4699],[-3.9338,40.4696],[-3.9337,40.4695],[-3.9336,40.4694],[-3.9334,40.4694],[-3.9332,40.4693],[-3.933,40.4692],[-3.9328,40.4691],[-3.9326,40.4689],[-3.9325,40.4689],[-3.9324,40.4689],[-3.9322,40.469],[-3.932,40.469],[-3.9318,40.469],[-3.9315,40.469],[-3.9313,40.469],[-3.9311,40.4691],[-3.9309,40.4692],[-3.9308,40.4693],[-3.9305,40.4695],[-3.9303,40.4697],[-3.9301,40.4698],[-3.93,40.4698],[-3.9299,40.4698],[-3.9298,40.4699],[-3.9297,40.47],[-3.9295,40.4701],[-3.9294,40.4703],[-3.9293,40.4705],[-3.9292,40.4706],[-3.929,40.4708],[-3.9289,40.4709],[-3.9288,40.4711],[-3.9287,40.4713],[-3.9285,40.4715],[-3.9284,40.4715],[-3.9284,40.4715],[-3.9283,40.4715],[-3.9281,40.4715],[-3.9281,40.4714],[-3.9279,40.4712],[-3.9279,40.4711],[-3.9277,40.471],[-3.9275,40.4709],[-3.9274,40.4709],[-3.9273,40.4708],[-3.9271,40.4706],[-3.9269,40.4705],[-3.9268,40.4703],[-3.9266,40.47],[-3.9264,40.4698],[-3.9263,40.4697],[-3.9261,40.4695],[-3.926,40.4693],[-3.9259,40.4691],[-3.9258,40.4689],[-3.9257,40.4688],[-3.9256,40.4686],[-3.9255,40.4684],[-3.9254,40.4682],[-3.9253,40.4682],[-3.9251,40.468],[-3.925,40.4679],[-3.9248,40.4678],[-3.9246,40.4677],[-3.9246,40.4677],[-3.9245,40.4677],[-3.9244,40.4677],[-3.9241,40.4677],[-3.924,40.4677],[-3.9239,40.4676],[-3.9237,40.4675],[-3.9237,40.4674],[-3.9236,40.4672],[-3.9235,40.467],[-3.9234,40.4668],[-3.9232,40.4667],[-3.923,40.4667],[-3.9229,40.4666],[-3.9228,40.4664],[-3.9228,40.4663],[-3.9226,40.4662],[-3.9225,40.4661],[-3.9223,40.4659],[-3.9221,40.4658],[-3.9219,40.4657],[-3.9218,40.4656],[-3.9217,40.4655],[-3.9216,40.4654],[-3.9213,40.4652],[-3.9212,40.4651],[-3.9211,40.465],[-3.921,40.4648],[-3.9209,40.4647],[-3.9209,40.4646],[-3.9209,40.4643],[-3.9208,40.4641],[-3.9207,40.464],[-3.9206,40.4637],[-3.9205,40.4635],[-3.9205,40.4634],[-3.9205,40.4632],[-3.9205,40.463],[-3.9205,40.4628],[-3.9204,40.4625],[-3.9204,40.4623],[-3.9204,40.4622],[-3.9204,40.4621],[-3.9203,40.462],[-3.9202,40.462],[-3.9202,40.462],[-3.92,40.462],[-3.9198,40.4621],[-3.9197,40.4621],[-3.9195,40.4622],[-3.9194,40.4622],[-3.9193,40.4622],[-3.9192,40.4622],[-3.9191,40.4622],[-3.9188,40.4621],[-3.9188,40.4621],[-3.9187,40.4622],[-3.9187,40.4624],[-3.9187,40.4625],[-3.9188,40.4627],[-3.9188,40.4629],[-3.9189,40.4631],[-3.9189,40.4632],[-3.9188,40.4633],[-3.9189,40.4635],[-3.919,40.4635],[-3.9191,40.4635],[-3.9193,40.4636],[-3.9195,40.4637],[-3.9197,40.4638],[-3.9199,40.464],[-3.92,40.4642],[-3.9201,40.4643],[-3.9202,40.4644],[-3.9204,40.4645],[-3.9205,40.4647],[-3.9206,40.4648],[-3.9207,40.465],[-3.9208,40.4652],[-3.9209,40.4654],[-3.9209,40.4655],[-3.921,40.4657],[-3.9211,40.4659],[-3.9213,40.466],[-3.9217,40.4662],[-3.9218,40.4662],[-3.922,40.4664],[-3.9222,40.4665],[-3.9224,40.4666],[-3.9225,40.4668],[-3.9227,40.4669],[-3.9228,40.467],[-3.9229,40.4672],[-3.923,40.4673],[-3.9231,40.4675],[-3.9233,40.4676],[-3.9234,40.4677],[-3.9235,40.4678],[-3.9236,40.468],[-3.9236,40.4681],[-3.9237,40.4682],[-3.9237,40.4683],[-3.9236,40.4684],[-3.9235,40.4684],[-3.9233,40.4684],[-3.9231,40.4684],[-3.9228,40.4683],[-3.9226,40.4682],[-3.9223,40.4681],[-3.9221,40.468],[-3.9218,40.4679],[-3.9215,40.4678],[-3.9212,40.4678],[-3.921,40.4677],[-3.9207,40.4677],[-3.9204,40.4676],[-3.9201,40.4675],[-3.92,40.4675],[-3.9198,40.4674],[-3.9198,40.4673],[-3.9197,40.4672],[-3.9197,40.4671],[-3.9195,40.4671],[-3.9193,40.467],[-3.9192,40.4669],[-3.9191,40.4669],[-3.9191,40.4668],[-3.919,40.4666],[-3.9189,40.4665],[-3.9187,40.4664],[-3.9185,40.4663],[-3.9184,40.4662],[-3.9182,40.4662],[-3.918,40.4662],[-3.9176,40.4662],[-3.9174,40.4663],[-3.9172,40.4663],[-3.9171,40.4663],[-3.9169,40.4663],[-3.9168,40.4662],[-3.9167,40.4661],[-3.9167,40.4659],[-3.9166,40.4657],[-3.9166,40.4655],[-3.9165,40.4654],[-3.9165,40.4653],[-3.9163,40.4652],[-3.9162,40.465],[-3.9162,40.4648],[-3.9161,40.4646],[-3.9159,40.4643],[-3.9158,40.4641],[-3.9157,40.4639],[-3.9155,40.4638],[-3.9154,40.4635],[-3.9151,40.4633],[-3.9151,40.4632],[-3.915,40.4629],[-3.915,40.4628],[-3.915,40.4625],[-3.915,40.4623],[-3.9151,40.4621],[-3.9152,40.4619],[-3.9152,40.4617],[-3.9153,40.4615],[-3.9153,40.4614],[-3.9153,40.4612],[-3.9153,40.4611],[-3.9152,40.4609],[-3.9151,40.4608],[-3.915,40.4608],[-3.9148,40.4608],[-3.9146,40.4609],[-3.9145,40.4609],[-3.9143,40.4608],[-3.9141,40.4608],[-3.914,40.4607],[-3.9138,40.4606],[-3.9137,40.4605],[-3.9135,40.4605],[-3.9134,40.4605],[-3.9133,40.4606],[-3.9131,40.4606],[-3.913,40.4606],[-3.9129,40.4605],[-3.9128,40.4606],[-3.9127,40.4607],[-3.9127,40.4607],[-3.9127,40.4609],[-3.9127,40.461],[-3.9128,40.4612],[-3.9129,40.4613],[-3.913,40.4615],[-3.913,40.4617],[-3.9131,40.4619],[-3.9133,40.462],[-3.9135,40.4622],[-3.9137,40.4623],[-3.9138,40.4625],[-3.914,40.4627],[-3.9142,40.4629],[-3.9143,40.4631],[-3.9144,40.4633],[-3.9146,40.4636],[-3.9146,40.4639],[-3.9145,40.4641],[-3.9145,40.4644],[-3.9146,40.4646],[-3.9146,40.4647],[-3.9146,40.4648],[-3.9148,40.4648],[-3.9149,40.4649],[-3.9151,40.465],[-3.9153,40.4651],[-3.9155,40.4653],[-3.9156,40.4654],[-3.9157,40.4654],[-3.9158,40.4656],[-3.9159,40.4658],[-3.916,40.4658],[-3.9161,40.466],[-3.9162,40.4663],[-3.9162,40.4665],[-3.9161,40.4668],[-3.916,40.4669],[-3.9159,40.467],[-3.9158,40.4671],[-3.9157,40.4673],[-3.9157,40.4674],[-3.9157,40.4676],[-3.9157,40.4676],[-3.9158,40.4677],[-3.916,40.4677],[-3.9162,40.4677],[-3.9165,40.4677],[-3.9167,40.4677],[-3.917,40.4678],[-3.9172,40.4679],[-3.9174,40.468],[-3.9175,40.468],[-3.9178,40.4681],[-3.918,40.4681],[-3.9182,40.4681],[-3.9184,40.4681],[-3.9186,40.4679],[-3.9187,40.4679],[-3.9188,40.4678],[-3.9189,40.4678],[-3.919,40.4678],[-3.9193,40.4679],[-3.9195,40.468],[-3.9196,40.4681],[-3.9198,40.4682],[-3.9199,40.4683],[-3.9201,40.4684],[-3.9202,40.4685],[-3.9204,40.4685],[-3.9204,40.4685],[-3.9207,40.4686],[-3.9209,40.4687],[-3.9211,40.4687],[-3.9213,40.4687],[-3.9216,40.4688],[-3.922,40.4689],[-3.9222,40.4689],[-3.9224,40.469],[-3.9226,40.469],[-3.9229,40.469],[-3.9231,40.4691],[-3.9233,40.4692],[-3.9234,40.4692],[-3.9235,40.4694],[-3.9237,40.4695],[-3.9238,40.4696],[-3.924,40.4697],[-3.9242,40.4699],[-3.9245,40.47],[-3.9248,40.4701],[-3.9251,40.4702],[-3.9254,40.4703],[-3.9257,40.4704],[-3.9258,40.4706],[-3.9259,40.4708],[-3.926,40.4709],[-3.9261,40.4711],[-3.9262,40.4713],[-3.9263,40.4715],[-3.9265,40.4716],[-3.9266,40.4717],[-3.9266,40.4718],[-3.9267,40.4718],[-3.9267,40.4719],[-3.9267,40.4719],[-3.9266,40.472],[-3.9265,40.4721],[-3.9264,40.4722],[-3.9264,40.4723],[-3.9263,40.4724],[-3.9262,40.4725],[-3.926,40.4725],[-3.9259,40.4726],[-3.9258,40.4727],[-3.9257,40.4729],[-3.9257,40.473],[-3.9256,40.4732],[-3.9254,40.4734],[-3.9253,40.4735],[-3.9252,40.4736],[-3.925,40.4737],[-3.9249,40.4738],[-3.9248,40.4738],[-3.9247,40.4738],[-3.9246,40.4738],[-3.9245,40.4737],[-3.9244,40.4736],[-3.9242,40.4736],[-3.9241,40.4736],[-3.924,40.4736],[-3.9238,40.4735],[-3.9237,40.4735],[-3.9235,40.4734],[-3.9234,40.4733],[-3.9233,40.4733],[-3.9231,40.4733],[-3.923,40.4734],[-3.923,40.4735],[-3.923,40.4736],[-3.923,40.4737],[-3.9229,40.4739],[-3.9229,40.474],[-3.9228,40.4741],[-3.9226,40.4741],[-3.9225,40.474],[-3.9224,40.474],[-3.9223,40.474],[-3.9221,40.4739],[-3.922,40.4738],[-3.9219,40.4739],[-3.9218,40.474],[-3.9217,40.4742],[-3.9216,40.4742],[-3.9214,40.4742],[-3.9213,40.4742],[-3.9211,40.4742],[-3.921,40.4742],[-3.9209,40.4742],[-3.9205,40.4741],[-3.9202,40.474],[-3.92,40.4739],[-3.9198,40.4739],[-3.9195,40.4739],[-3.9194,40.4738],[-3.9192,40.4738],[-3.9191,40.4738],[-3.919,40.4738],[-3.9189,40.4739],[-3.9189,40.474],[-3.9189,40.4741],[-3.919,40.4742],[-3.919,40.4744],[-3.9191,40.4745],[-3.9192,40.4746],[-3.9192,40.4747],[-3.9192,40.4748],[-3.9191,40.4749],[-3.919,40.4749],[-3.9189,40.4748],[-3.9187,40.4748],[-3.9186,40.4748],[-3.9186,40.4749],[-3.9187,40.475],[-3.9188,40.4751],[-3.9189,40.4752],[-3.9189,40.4754],[-3.9188,40.4755],[-3.9186,40.4755],[-3.9184,40.4755],[-3.9182,40.4756],[-3.918,40.4756],[-3.9177,40.4756],[-3.9174,40.4756],[-3.9172,40.4757],[-3.9169,40.4757],[-3.9167,40.4756],[-3.9164,40.4756],[-3.9161,40.4755],[-3.9159,40.4755],[-3.9157,40.4754],[-3.9155,40.4754],[-3.9153,40.4753],[-3.9151,40.4752],[-3.9149,40.4751],[-3.9147,40.4751],[-3.9147,40.4751],[-3.9146,40.475],[-3.9145,40.475],[-3.9145,40.475],[-3.9145,40.4751],[-3.9145,40.4752],[-3.9146,40.4753],[-3.9148,40.4755],[-3.9149,40.4756],[-3.9152,40.4757],[-3.9153,40.4758],[-3.9156,40.4759],[-3.9157,40.476],[-3.9158,40.4761],[-3.9157,40.4762],[-3.9156,40.4763],[-3.9154,40.4764],[-3.9153,40.4765],[-3.9152,40.4766],[-3.915,40.4767],[-3.9148,40.4767],[-3.9147,40.4768],[-3.9146,40.4768],[-3.9145,40.4769],[-3.9144,40.477],[-3.9142,40.477],[-3.9141,40.477],[-3.914,40.4771],[-3.914,40.4771],[-3.9141,40.4772],[-3.9142,40.4772],[-3.9143,40.4773],[-3.9144,40.4774],[-3.9144,40.4774],[-3.9144,40.4776],[-3.9141,40.4778],[-3.9141,40.4778],[-3.9164,40.4782],[-3.9185,40.4785],[-3.9193,40.4786],[-3.9197,40.4787],[-3.9206,40.4788],[-3.9215,40.479],[-3.9226,40.4791],[-3.9238,40.4793],[-3.925,40.4795],[-3.9253,40.4795],[-3.9254,40.4796],[-3.9255,40.4797],[-3.9257,40.4798],[-3.9258,40.4798],[-3.926,40.4799],[-3.9261,40.48],[-3.9263,40.4802],[-3.9265,40.4803],[-3.9266,40.4804],[-3.9268,40.4804],[-3.9271,40.4805],[-3.9273,40.4806],[-3.9273,40.4806],[-3.9273,40.4807],[-3.9273,40.4807],[-3.9274,40.4807],[-3.9274,40.4807],[-3.9278,40.4808],[-3.928,40.4809],[-3.9283,40.4811],[-3.9283,40.4811],[-3.9283,40.4811],[-3.9283,40.4811],[-3.9286,40.4812],[-3.9289,40.4813],[-3.9291,40.4813],[-3.9293,40.4813],[-3.9295,40.4813],[-3.9299,40.4814],[-3.9302,40.4813],[-3.9305,40.4813],[-3.9308,40.4814],[-3.9309,40.4814],[-3.931,40.4815],[-3.9311,40.4815],[-3.9312,40.4815],[-3.9313,40.4815],[-3.9313,40.4816],[-3.9313,40.4817],[-3.9313,40.4818],[-3.9314,40.4819],[-3.9315,40.482],[-3.9316,40.482],[-3.9318,40.4821],[-3.9319,40.4822],[-3.932,40.4822],[-3.9321,40.4823],[-3.9322,40.4823],[-3.9323,40.4823],[-3.9323,40.4824],[-3.9324,40.4824],[-3.9324,40.4823],[-3.9326,40.4824],[-3.9328,40.4824],[-3.933,40.4824],[-3.9331,40.4825],[-3.9331,40.4824],[-3.9332,40.4824],[-3.9333,40.4824],[-3.9334,40.4825],[-3.9337,40.4826],[-3.9337,40.4827],[-3.934,40.4827],[-3.9341,40.4827],[-3.9343,40.4827],[-3.9345,40.4828],[-3.9346,40.4828],[-3.9348,40.4829],[-3.935,40.483],[-3.9351,40.4831],[-3.9351,40.4834],[-3.9351,40.4835],[-3.9351,40.4835],[-3.9351,40.4836],[-3.9351,40.4838],[-3.935,40.4842],[-3.9349,40.4843],[-3.9346,40.4847],[-3.9345,40.4848],[-3.9344,40.4848],[-3.9343,40.4849],[-3.9342,40.4851],[-3.9338,40.4849],[-3.9338,40.4849],[-3.9334,40.4847],[-3.9333,40.4846],[-3.9333,40.4846],[-3.9329,40.4845],[-3.9327,40.4845],[-3.9326,40.4844],[-3.9323,40.4844],[-3.932,40.4847],[-3.9317,40.4849],[-3.9316,40.4848],[-3.9315,40.4848],[-3.9314,40.4847],[-3.9313,40.4847],[-3.9312,40.4847],[-3.9311,40.4847],[-3.9309,40.4847],[-3.9308,40.4846],[-3.9306,40.4846],[-3.9304,40.4845],[-3.9302,40.4845],[-3.93,40.4845],[-3.9298,40.4844],[-3.9296,40.4844],[-3.9295,40.4844],[-3.9294,40.4845],[-3.9293,40.4845],[-3.9292,40.4846],[-3.9291,40.4846],[-3.929,40.4846],[-3.9289,40.4847],[-3.9287,40.4847],[-3.9286,40.4846],[-3.9285,40.4846],[-3.9284,40.4847],[-3.9283,40.4847],[-3.9282,40.4847],[-3.9281,40.4848],[-3.9281,40.4848],[-3.9282,40.4849],[-3.9283,40.4849],[-3.9283,40.4849],[-3.9284,40.4849],[-3.9286,40.4849],[-3.9288,40.4849],[-3.929,40.4849],[-3.9291,40.4848],[-3.9292,40.4848],[-3.9294,40.4847],[-3.9295,40.4846],[-3.9295,40.4846],[-3.9296,40.4846],[-3.9297,40.4846],[-3.9298,40.4846],[-3.9299,40.4847],[-3.93,40.4848],[-3.9302,40.4848],[-3.9303,40.4849],[-3.9305,40.4849],[-3.9306,40.4849],[-3.9308,40.485],[-3.9308,40.4851],[-3.9308,40.4852],[-3.9308,40.4853],[-3.9307,40.4854],[-3.9307,40.4855],[-3.9307,40.4856],[-3.9307,40.4857],[-3.9307,40.4857],[-3.9305,40.4858],[-3.9303,40.4859],[-3.9299,40.4861],[-3.9295,40.4864],[-3.9298,40.4865],[-3.93,40.4866],[-3.9302,40.4867],[-3.9306,40.4868],[-3.9305,40.4869],[-3.9305,40.4869],[-3.9303,40.487],[-3.9302,40.4871],[-3.93,40.4872],[-3.9299,40.4873],[-3.9299,40.4874],[-3.9298,40.4874],[-3.9297,40.4873],[-3.9296,40.4873],[-3.9295,40.4872],[-3.9294,40.4871],[-3.9294,40.4871],[-3.9293,40.4871],[-3.9291,40.4871],[-3.929,40.4872],[-3.9288,40.4872],[-3.9285,40.4873],[-3.9284,40.4873],[-3.9283,40.4872],[-3.9282,40.4872],[-3.928,40.4871],[-3.9279,40.487],[-3.9278,40.4871],[-3.9276,40.4872],[-3.9275,40.4872],[-3.9274,40.4872],[-3.9272,40.4872],[-3.9271,40.4871],[-3.927,40.487],[-3.9268,40.4869],[-3.9266,40.4869],[-3.9265,40.4868],[-3.9263,40.4868],[-3.9261,40.4868],[-3.926,40.4869],[-3.9258,40.4869],[-3.926,40.487],[-3.9261,40.487],[-3.9262,40.4871],[-3.9264,40.4872],[-3.9264,40.4873],[-3.9265,40.4874],[-3.9267,40.4874],[-3.9268,40.4875],[-3.9269,40.4876],[-3.927,40.4877],[-3.927,40.4878],[-3.928,40.4885],[-3.9281,40.4885],[-3.9283,40.4885],[-3.9284,40.4884],[-3.9285,40.4883],[-3.9287,40.4881],[-3.9288,40.4881],[-3.9289,40.4881],[-3.9291,40.4881],[-3.9292,40.4882],[-3.9293,40.4883],[-3.9294,40.4884],[-3.9295,40.4885],[-3.9296,40.4886],[-3.9297,40.4886],[-3.9298,40.4886],[-3.9299,40.4886],[-3.9301,40.4886],[-3.9301,40.4887],[-3.9302,40.4888],[-3.9303,40.4888],[-3.9304,40.4889],[-3.9305,40.4889],[-3.9307,40.4889],[-3.9307,40.4889],[-3.9308,40.4888],[-3.931,40.4888],[-3.9311,40.4888],[-3.9313,40.4889],[-3.9315,40.489],[-3.9317,40.4891],[-3.9319,40.4892],[-3.932,40.4893],[-3.9322,40.4893],[-3.9324,40.4893],[-3.9326,40.4893],[-3.9327,40.4893],[-3.9329,40.4893],[-3.9329,40.4894],[-3.9329,40.4894],[-3.9329,40.4895],[-3.933,40.4896],[-3.9331,40.4896],[-3.9332,40.4896],[-3.9333,40.4895],[-3.9334,40.4895],[-3.9335,40.4896],[-3.9335,40.4896],[-3.9335,40.4897],[-3.9334,40.4899],[-3.9335,40.49],[-3.9334,40.4901],[-3.9334,40.4904],[-3.9334,40.4905],[-3.9334,40.4907],[-3.9334,40.4908],[-3.9335,40.4908],[-3.9335,40.4909],[-3.9335,40.491],[-3.9334,40.491],[-3.9333,40.4911],[-3.9332,40.4911],[-3.9331,40.4912],[-3.9331,40.4912],[-3.9331,40.4913],[-3.9332,40.4913],[-3.9334,40.4914],[-3.9335,40.4914],[-3.9335,40.4915],[-3.9335,40.4916],[-3.9334,40.4917],[-3.9331,40.4916],[-3.9329,40.4916],[-3.9327,40.4916],[-3.9325,40.4916],[-3.9324,40.4916],[-3.9323,40.4917],[-3.9322,40.4918],[-3.9322,40.4919],[-3.9321,40.492],[-3.932,40.492],[-3.9319,40.492],[-3.9318,40.4919],[-3.9316,40.4918],[-3.9314,40.4917],[-3.9313,40.4916],[-3.9311,40.4915],[-3.9308,40.4914],[-3.9307,40.4913],[-3.9305,40.4913],[-3.9303,40.4913],[-3.9301,40.4913],[-3.9298,40.4912],[-3.9297,40.4911],[-3.9295,40.491],[-3.9293,40.491],[-3.9292,40.491],[-3.929,40.4911],[-3.9288,40.4911],[-3.9287,40.4911],[-3.9286,40.4911],[-3.9284,40.491],[-3.9283,40.4909],[-3.9281,40.4908],[-3.9279,40.4907],[-3.9278,40.4905],[-3.9276,40.4903],[-3.9275,40.4902],[-3.9275,40.49],[-3.9274,40.49],[-3.9273,40.49],[-3.9272,40.4901],[-3.9272,40.4902],[-3.9272,40.4903],[-3.9271,40.4903],[-3.927,40.4904],[-3.9269,40.4903],[-3.9267,40.4903],[-3.9266,40.4903],[-3.9265,40.4903],[-3.9265,40.4904],[-3.9266,40.4905],[-3.9267,40.4906],[-3.9268,40.4906],[-3.9269,40.4907],[-3.927,40.4907],[-3.9271,40.4908],[-3.927,40.4909],[-3.927,40.4909],[-3.9268,40.491],[-3.9266,40.4909],[-3.9265,40.4909],[-3.9263,40.4908],[-3.9262,40.4908],[-3.926,40.4907],[-3.9258,40.4907],[-3.9257,40.4906],[-3.9255,40.4905],[-3.9254,40.4903],[-3.9253,40.4902],[-3.9252,40.4901],[-3.925,40.4899],[-3.9248,40.4899],[-3.9247,40.4899],[-3.9246,40.4899],[-3.9245,40.4899],[-3.9245,40.49],[-3.9245,40.4901],[-3.9246,40.4902],[-3.9246,40.4903],[-3.9246,40.4904],[-3.9246,40.4904],[-3.9246,40.4905],[-3.9246,40.4906],[-3.9246,40.4906],[-3.9247,40.4907],[-3.9247,40.4907],[-3.9249,40.4908],[-3.925,40.4908],[-3.9251,40.4908],[-3.9251,40.4909],[-3.9251,40.491],[-3.9249,40.491],[-3.9248,40.491],[-3.9247,40.491],[-3.9246,40.4911],[-3.9243,40.4911],[-3.9242,40.4911],[-3.9241,40.4912],[-3.924,40.4913],[-3.9241,40.4913],[-3.9241,40.4913],[-3.9243,40.4913],[-3.9245,40.4914],[-3.9246,40.4914],[-3.9247,40.4914],[-3.9249,40.4914],[-3.925,40.4914],[-3.925,40.4914],[-3.9249,40.4915],[-3.9249,40.4915],[-3.9248,40.4916],[-3.9247,40.4916],[-3.9246,40.4916],[-3.9244,40.4916],[-3.9242,40.4916],[-3.9241,40.4917],[-3.9239,40.4917],[-3.9237,40.4917],[-3.9236,40.4918],[-3.9234,40.4919],[-3.9233,40.4919],[-3.9232,40.492],[-3.9233,40.4921],[-3.9234,40.4921],[-3.9235,40.4921],[-3.9237,40.4921],[-3.9238,40.492],[-3.9239,40.492],[-3.9241,40.4919],[-3.9242,40.4919],[-3.9244,40.4919],[-3.9246,40.4918],[-3.9247,40.4918],[-3.9249,40.4917],[-3.9251,40.4917],[-3.9252,40.4917],[-3.9254,40.4917],[-3.9256,40.4917],[-3.9258,40.4917],[-3.926,40.4917],[-3.9263,40.4917],[-3.9266,40.4917],[-3.927,40.4917],[-3.9272,40.4917],[-3.9274,40.4917],[-3.9276,40.4917],[-3.9277,40.4917],[-3.9279,40.4917],[-3.928,40.4918],[-3.9282,40.4919],[-3.9284,40.4919],[-3.9285,40.492],[-3.9287,40.492],[-3.9289,40.492],[-3.9292,40.4919],[-3.9295,40.4919],[-3.9297,40.4919],[-3.9298,40.4919],[-3.93,40.4919],[-3.9303,40.4919],[-3.9304,40.4919],[-3.9305,40.492],[-3.9305,40.4921],[-3.9305,40.4921],[-3.9305,40.4922],[-3.9306,40.4923],[-3.9306,40.4923],[-3.9306,40.4923],[-3.9305,40.4924],[-3.9303,40.4924],[-3.9302,40.4924],[-3.9301,40.4925],[-3.9301,40.4925],[-3.9301,40.4926],[-3.9301,40.4926],[-3.9302,40.4926],[-3.9304,40.4926],[-3.9306,40.4926],[-3.9307,40.4926],[-3.931,40.4926],[-3.9313,40.4926],[-3.9314,40.4926],[-3.9317,40.4927],[-3.9318,40.4928],[-3.932,40.4928],[-3.9323,40.4929],[-3.9323,40.4931],[-3.9324,40.4932],[-3.9325,40.4933],[-3.9326,40.4933],[-3.9327,40.4932],[-3.9328,40.4931],[-3.933,40.4931],[-3.9332,40.4931],[-3.9334,40.493],[-3.9336,40.493],[-3.9338,40.493],[-3.9341,40.493],[-3.9345,40.493],[-3.9347,40.4931],[-3.9351,40.4931]]],[[[-3.9187,40.454],[-3.9187,40.454],[-3.9186,40.4541],[-3.9186,40.4541],[-3.9186,40.4541],[-3.9187,40.4541],[-3.9187,40.4542],[-3.9187,40.4542],[-3.9188,40.4542],[-3.9189,40.4543],[-3.9189,40.4543],[-3.9189,40.4544],[-3.9189,40.4545],[-3.919,40.4546],[-3.919,40.4549],[-3.919,40.4551],[-3.919,40.4552],[-3.919,40.4552],[-3.919,40.4552],[-3.919,40.4554],[-3.919,40.4555],[-3.9191,40.4556],[-3.9192,40.4557],[-3.9192,40.4558],[-3.9193,40.4559],[-3.9193,40.456],[-3.9194,40.456],[-3.9196,40.456],[-3.9197,40.4562],[-3.9197,40.4562],[-3.9198,40.4563],[-3.9198,40.4563],[-3.9205,40.4561],[-3.9207,40.456],[-3.9209,40.456],[-3.9211,40.456],[-3.9213,40.4559],[-3.9215,40.4559],[-3.9217,40.4558],[-3.9219,40.4557],[-3.9221,40.4556],[-3.9222,40.4555],[-3.9223,40.4553],[-3.9224,40.4552],[-3.9225,40.4551],[-3.9225,40.4549],[-3.9226,40.4547],[-3.9227,40.4545],[-3.9228,40.4544],[-3.9229,40.4544],[-3.9233,40.4544],[-3.9234,40.4544],[-3.9236,40.4544],[-3.9238,40.4543],[-3.924,40.4543],[-3.9242,40.4542],[-3.9244,40.4541],[-3.9246,40.454],[-3.9247,40.4539],[-3.9248,40.4539],[-3.925,40.4539],[-3.9252,40.4539],[-3.9253,40.4538],[-3.9255,40.4538],[-3.9256,40.4537],[-3.9257,40.4537],[-3.9257,40.4537],[-3.9259,40.4538],[-3.9261,40.4538],[-3.9261,40.4539],[-3.9261,40.454],[-3.9261,40.454],[-3.9261,40.4541],[-3.9263,40.4542],[-3.9264,40.4542],[-3.9265,40.4543],[-3.9267,40.4543],[-3.9267,40.4543],[-3.9268,40.4544],[-3.927,40.4545],[-3.9271,40.4545],[-3.9272,40.4546],[-3.9274,40.4546],[-3.9275,40.4547],[-3.9276,40.4548],[-3.9277,40.4549],[-3.9278,40.455],[-3.9281,40.455],[-3.9283,40.4551],[-3.9285,40.4551],[-3.9288,40.4551],[-3.929,40.4551],[-3.9292,40.4551],[-3.9294,40.4551],[-3.9295,40.455],[-3.9297,40.4549],[-3.93,40.4549],[-3.9301,40.4549],[-3.9302,40.455],[-3.9304,40.4551],[-3.9306,40.4551],[-3.9308,40.4551],[-3.931,40.455],[-3.9312,40.4549],[-3.9314,40.4549],[-3.9316,40.4548],[-3.9318,40.4548],[-3.932,40.4549],[-3.9323,40.4549],[-3.9325,40.4548],[-3.9327,40.4548],[-3.9329,40.4548],[-3.933,40.4548],[-3.9332,40.4548],[-3.9334,40.4548],[-3.9335,40.4548],[-3.9337,40.4547],[-3.9339,40.4547],[-3.934,40.4547],[-3.9341,40.4548],[-3.9342,40.4548],[-3.9344,40.455],[-3.9346,40.4551],[-3.9346,40.4551],[-3.9347,40.4552],[-3.9347,40.4554],[-3.9349,40.4555],[-3.9353,40.4554],[-3.9355,40.4553],[-3.9356,40.4553],[-3.9356,40.4553],[-3.9358,40.4552],[-3.936,40.4551],[-3.9363,40.455],[-3.9365,40.4548],[-3.9366,40.4547],[-3.9368,40.4545],[-3.937,40.4543],[-3.9372,40.4542],[-3.9374,40.454],[-3.9375,40.4539],[-3.9376,40.4538],[-3.9376,40.4538],[-3.938,40.4535],[-3.9384,40.4532],[-3.9388,40.4529],[-3.9389,40.4527],[-3.9391,40.4526],[-3.9392,40.4524],[-3.9393,40.4523],[-3.9395,40.4521],[-3.9395,40.4521],[-3.9395,40.4521],[-3.9395,40.452],[-3.9394,40.4519],[-3.9393,40.4518],[-3.9392,40.4517],[-3.939,40.4517],[-3.9388,40.4516],[-3.9385,40.4516],[-3.9384,40.4516],[-3.9382,40.4515],[-3.938,40.4515],[-3.9376,40.4514],[-3.9373,40.4514],[-3.9368,40.4513],[-3.9364,40.4512],[-3.9359,40.451],[-3.9356,40.451],[-3.9354,40.4509],[-3.935,40.4507],[-3.9346,40.4505],[-3.9342,40.4504],[-3.9341,40.4503],[-3.9338,40.4502],[-3.9335,40.4501],[-3.9331,40.45],[-3.933,40.4498],[-3.9327,40.4497],[-3.9325,40.4495],[-3.9322,40.4494],[-3.932,40.4492],[-3.9317,40.4491],[-3.9315,40.449],[-3.9312,40.4488],[-3.9311,40.4487],[-3.931,40.4486],[-3.9309,40.4485],[-3.9308,40.4483],[-3.9307,40.4482],[-3.9307,40.4481],[-3.9307,40.448],[-3.9306,40.4478],[-3.9306,40.4476],[-3.9306,40.4475],[-3.9305,40.4473],[-3.9304,40.4472],[-3.9302,40.447],[-3.93,40.4468],[-3.9298,40.4467],[-3.9297,40.4465],[-3.9295,40.4463],[-3.9293,40.4461],[-3.9292,40.446],[-3.9291,40.4458],[-3.929,40.4457],[-3.9288,40.4455],[-3.9286,40.4454],[-3.9285,40.4452],[-3.9283,40.4451],[-3.9281,40.445],[-3.9279,40.4448],[-3.9277,40.4447],[-3.9276,40.4445],[-3.9275,40.4444],[-3.9274,40.4442],[-3.9274,40.4441],[-3.9272,40.4439],[-3.927,40.4438],[-3.9269,40.4437],[-3.9266,40.4435],[-3.9266,40.4435],[-3.9266,40.4435],[-3.9264,40.4433],[-3.9262,40.4431],[-3.9261,40.4429],[-3.9259,40.4428],[-3.9257,40.4427],[-3.9256,40.4426],[-3.9254,40.4425],[-3.925,40.4423],[-3.9248,40.4422],[-3.9246,40.4421],[-3.9243,40.4421],[-3.9241,40.4421],[-3.9239,40.442],[-3.9233,40.4419],[-3.9233,40.4419],[-3.9232,40.4419],[-3.9227,40.442],[-3.9224,40.4421],[-3.922,40.4422],[-3.9217,40.4422],[-3.9213,40.4423],[-3.9202,40.4425],[-3.9202,40.4425],[-3.9202,40.4424],[-3.92,40.4419],[-3.9199,40.4418],[-3.9199,40.4417],[-3.9198,40.4416],[-3.9197,40.4415],[-3.9195,40.4413],[-3.9193,40.4412],[-3.9192,40.4411],[-3.9189,40.4409],[-3.9186,40.4406],[-3.9166,40.4393],[-3.9157,40.4408],[-3.915,40.4422],[-3.9145,40.4431],[-3.9129,40.4432],[-3.9128,40.4432],[-3.9116,40.4433],[-3.9111,40.4433],[-3.9106,40.4432],[-3.9099,40.443],[-3.9095,40.4428],[-3.9094,40.4429],[-3.9094,40.4429],[-3.9099,40.4435],[-3.9106,40.4441],[-3.9116,40.4451],[-3.9126,40.4461],[-3.9138,40.4471],[-3.9142,40.4475],[-3.9144,40.4478],[-3.9152,40.4489],[-3.9161,40.4501],[-3.917,40.4514],[-3.9178,40.4526],[-3.9186,40.4539],[-3.9187,40.454]]],[[[-3.9205,40.243],[-3.9207,40.2432],[-3.921,40.2434],[-3.9213,40.2436],[-3.9216,40.2437],[-3.9221,40.2439],[-3.9223,40.244],[-3.9226,40.2441],[-3.923,40.2443],[-3.9231,40.2444],[-3.9232,40.2446],[-3.9233,40.2448],[-3.9232,40.2451],[-3.9234,40.2455],[-3.9239,40.2456],[-3.9238,40.2455],[-3.9238,40.2454],[-3.9238,40.2452],[-3.9238,40.2451],[-3.9238,40.2451],[-3.9238,40.2448],[-3.9238,40.2448],[-3.9238,40.2448],[-3.9238,40.2447],[-3.9238,40.2447],[-3.9238,40.2447],[-3.9238,40.2447],[-3.9238,40.2446],[-3.9239,40.2445],[-3.924,40.2445],[-3.924,40.2445],[-3.924,40.2444],[-3.9241,40.2443],[-3.9242,40.2442],[-3.9242,40.2441],[-3.9243,40.2439],[-3.9243,40.2439],[-3.9244,40.2438],[-3.9244,40.2437],[-3.9244,40.2435],[-3.9243,40.2433],[-3.9243,40.2432],[-3.9242,40.2431],[-3.9242,40.243],[-3.9241,40.2429],[-3.9241,40.2429],[-3.9241,40.2429],[-3.9241,40.2428],[-3.9241,40.2428],[-3.9241,40.2428],[-3.9241,40.2428],[-3.9241,40.2428],[-3.9241,40.2428],[-3.9241,40.2428],[-3.9241,40.2427],[-3.9242,40.2427],[-3.924,40.2427],[-3.9238,40.2424],[-3.9237,40.2424],[-3.9236,40.2424],[-3.9235,40.2424],[-3.9234,40.2424],[-3.9233,40.2424],[-3.9232,40.2424],[-3.923,40.2421],[-3.9225,40.2418],[-3.9222,40.2415],[-3.9219,40.2412],[-3.9213,40.2408],[-3.9208,40.2405],[-3.9206,40.2403],[-3.9205,40.2402],[-3.9201,40.2399],[-3.9198,40.2397],[-3.9195,40.2395],[-3.9192,40.2392],[-3.9189,40.239],[-3.9187,40.2388],[-3.9187,40.2386],[-3.9187,40.2384],[-3.9188,40.2381],[-3.9188,40.2378],[-3.9189,40.2375],[-3.9191,40.2371],[-3.9191,40.2368],[-3.9193,40.2362],[-3.9195,40.2362],[-3.9198,40.2362],[-3.9199,40.2359],[-3.9199,40.2358],[-3.9201,40.2356],[-3.9202,40.2354],[-3.9204,40.2352],[-3.9206,40.2349],[-3.9206,40.2347],[-3.9206,40.2344],[-3.9206,40.2343],[-3.9206,40.234],[-3.9205,40.2338],[-3.9204,40.2337],[-3.9203,40.2335],[-3.9202,40.2332],[-3.9201,40.233],[-3.9199,40.2328],[-3.9199,40.2327],[-3.9198,40.2325],[-3.9198,40.2323],[-3.9197,40.232],[-3.9196,40.2318],[-3.9197,40.2317],[-3.92,40.2316],[-3.9202,40.2315],[-3.9205,40.2314],[-3.9207,40.2314],[-3.921,40.2314],[-3.9213,40.2313],[-3.9215,40.2313],[-3.9218,40.2313],[-3.9221,40.2313],[-3.9224,40.2312],[-3.9226,40.2312],[-3.9228,40.2312],[-3.9229,40.2312],[-3.923,40.2311],[-3.9231,40.231],[-3.9232,40.2308],[-3.9233,40.2307],[-3.9234,40.2305],[-3.9235,40.2303],[-3.9236,40.2302],[-3.9238,40.23],[-3.9239,40.2299],[-3.924,40.2297],[-3.9241,40.2295],[-3.9242,40.2291],[-3.9243,40.2281],[-3.9238,40.228],[-3.9235,40.228],[-3.9232,40.2281],[-3.923,40.2283],[-3.9229,40.2283],[-3.9228,40.2282],[-3.9225,40.2281],[-3.9221,40.2279],[-3.9218,40.2278],[-3.9215,40.2277],[-3.9212,40.2277],[-3.921,40.2277],[-3.9206,40.2279],[-3.9192,40.2283],[-3.9192,40.2281],[-3.9192,40.2281],[-3.9193,40.2279],[-3.9193,40.2277],[-3.9193,40.2275],[-3.9192,40.2273],[-3.9191,40.227],[-3.9187,40.2273],[-3.9185,40.2274],[-3.9184,40.2275],[-3.9181,40.2275],[-3.9179,40.2276],[-3.9178,40.2277],[-3.9175,40.2277],[-3.9172,40.2278],[-3.917,40.2279],[-3.9168,40.2279],[-3.9165,40.2279],[-3.9163,40.2278],[-3.9159,40.2277],[-3.9155,40.2276],[-3.9154,40.2276],[-3.915,40.2276],[-3.9148,40.2276],[-3.9146,40.2275],[-3.9143,40.2275],[-3.9141,40.2274],[-3.9139,40.2273],[-3.9137,40.2271],[-3.9135,40.227],[-3.9133,40.2269],[-3.9131,40.2269],[-3.9129,40.2269],[-3.9126,40.227],[-3.9124,40.227],[-3.912,40.227],[-3.9117,40.227],[-3.9114,40.2271],[-3.9113,40.2271],[-3.9111,40.2272],[-3.9109,40.2272],[-3.9107,40.2272],[-3.9103,40.2274],[-3.91,40.2275],[-3.9096,40.2275],[-3.9092,40.2275],[-3.909,40.2275],[-3.9087,40.2274],[-3.9086,40.2273],[-3.9085,40.227],[-3.9084,40.2269],[-3.9084,40.2267],[-3.9085,40.2266],[-3.9082,40.2266],[-3.908,40.2266],[-3.9078,40.2267],[-3.9074,40.2267],[-3.9072,40.2267],[-3.9068,40.2266],[-3.9067,40.2265],[-3.9065,40.2266],[-3.9063,40.2266],[-3.9062,40.2267],[-3.9061,40.227],[-3.9056,40.2271],[-3.9052,40.2272],[-3.905,40.2272],[-3.9048,40.2273],[-3.9045,40.2274],[-3.9042,40.2275],[-3.9039,40.2276],[-3.9037,40.2276],[-3.9034,40.2277],[-3.9031,40.2277],[-3.9028,40.2278],[-3.9025,40.2278],[-3.9022,40.2278],[-3.9019,40.2278],[-3.9017,40.2278],[-3.9016,40.2278],[-3.9014,40.2277],[-3.9012,40.2277],[-3.9009,40.2276],[-3.9005,40.2276],[-3.9001,40.2275],[-3.8999,40.2275],[-3.8997,40.2276],[-3.8995,40.2276],[-3.8997,40.2278],[-3.8998,40.2279],[-3.8999,40.2281],[-3.9,40.2284],[-3.9002,40.2287],[-3.9003,40.2289],[-3.9005,40.2291],[-3.9007,40.2293],[-3.9009,40.2295],[-3.9011,40.2297],[-3.9013,40.2299],[-3.9015,40.2301],[-3.9016,40.2303],[-3.9017,40.2305],[-3.9018,40.2307],[-3.9019,40.2309],[-3.902,40.2312],[-3.9021,40.2316],[-3.9022,40.2319],[-3.9023,40.2321],[-3.9024,40.2324],[-3.9025,40.2328],[-3.9027,40.2331],[-3.9029,40.2334],[-3.9032,40.2337],[-3.9035,40.2339],[-3.9038,40.2342],[-3.904,40.2345],[-3.9043,40.2348],[-3.9045,40.2351],[-3.9047,40.2353],[-3.9049,40.2356],[-3.9052,40.236],[-3.9055,40.2364],[-3.9057,40.2368],[-3.9059,40.237],[-3.9061,40.2373],[-3.9063,40.2375],[-3.9065,40.2378],[-3.9066,40.2379],[-3.9068,40.2378],[-3.907,40.2378],[-3.9072,40.2377],[-3.9076,40.2376],[-3.9078,40.2375],[-3.9081,40.2374],[-3.9085,40.2372],[-3.9088,40.2371],[-3.9091,40.2369],[-3.9096,40.2368],[-3.91,40.2367],[-3.9103,40.2366],[-3.9106,40.2365],[-3.9111,40.2363],[-3.9115,40.2361],[-3.912,40.2358],[-3.9122,40.2357],[-3.9124,40.2357],[-3.9126,40.2356],[-3.9129,40.2356],[-3.9131,40.2356],[-3.9134,40.2357],[-3.9137,40.2358],[-3.9139,40.236],[-3.914,40.236],[-3.9142,40.2362],[-3.9144,40.2364],[-3.9146,40.2366],[-3.9148,40.2368],[-3.915,40.2369],[-3.915,40.2371],[-3.915,40.2373],[-3.915,40.2374],[-3.9151,40.2377],[-3.9152,40.2378],[-3.9152,40.2379],[-3.9153,40.2379],[-3.9155,40.2381],[-3.9157,40.2382],[-3.9158,40.2383],[-3.9159,40.2384],[-3.9159,40.2385],[-3.916,40.2386],[-3.9159,40.2388],[-3.9158,40.239],[-3.9157,40.2391],[-3.9157,40.2392],[-3.9158,40.2394],[-3.916,40.2396],[-3.9162,40.2398],[-3.9163,40.2399],[-3.9166,40.24],[-3.9169,40.2402],[-3.9172,40.2403],[-3.9174,40.2405],[-3.9177,40.2407],[-3.9179,40.2409],[-3.9182,40.2411],[-3.9185,40.2413],[-3.9188,40.2416],[-3.9189,40.2417],[-3.9191,40.2418],[-3.9194,40.242],[-3.9197,40.2423],[-3.92,40.2426],[-3.9203,40.2428],[-3.9205,40.243]]],[[[-3.9312,40.3534],[-3.9314,40.3534],[-3.9318,40.3534],[-3.932,40.3534],[-3.9323,40.3534],[-3.9328,40.3533],[-3.9331,40.3532],[-3.9335,40.3531],[-3.9338,40.353],[-3.9342,40.353],[-3.9346,40.353],[-3.935,40.3529],[-3.9354,40.3529],[-3.9359,40.3529],[-3.9362,40.353],[-3.9365,40.353],[-3.9367,40.353],[-3.9367,40.3529],[-3.9369,40.3527],[-3.9371,40.3526],[-3.9374,40.3524],[-3.9376,40.3522],[-3.9378,40.3521],[-3.938,40.352],[-3.9382,40.3518],[-3.9383,40.3517],[-3.9385,40.3516],[-3.9387,40.3515],[-3.939,40.3514],[-3.9394,40.3512],[-3.9398,40.3511],[-3.9401,40.351],[-3.9403,40.351],[-3.9407,40.351],[-3.941,40.3509],[-3.9413,40.3509],[-3.9417,40.3508],[-3.9421,40.3508],[-3.9423,40.3508],[-3.9428,40.3507],[-3.9432,40.3507],[-3.9436,40.3506],[-3.9439,40.3506],[-3.9442,40.3506],[-3.9445,40.3506],[-3.9449,40.3506],[-3.9452,40.3506],[-3.9455,40.3506],[-3.9457,40.3506],[-3.9459,40.3505],[-3.9461,40.3503],[-3.9462,40.3502],[-3.9463,40.35],[-3.9464,40.3499],[-3.9464,40.3499],[-3.9464,40.3498],[-3.9464,40.3496],[-3.9464,40.3495],[-3.9464,40.3494],[-3.9464,40.3492],[-3.9464,40.3489],[-3.9465,40.3487],[-3.9465,40.3484],[-3.9464,40.3483],[-3.9463,40.3482],[-3.9463,40.348],[-3.9464,40.3478],[-3.9465,40.3476],[-3.9464,40.3473],[-3.9463,40.3471],[-3.9462,40.3468],[-3.9461,40.3464],[-3.9459,40.3461],[-3.9458,40.3459],[-3.9458,40.3456],[-3.9458,40.3455],[-3.9458,40.3453],[-3.9459,40.345],[-3.9459,40.3448],[-3.9459,40.3446],[-3.946,40.3443],[-3.946,40.3441],[-3.9461,40.344],[-3.9462,40.3437],[-3.9463,40.3434],[-3.9463,40.3432],[-3.9463,40.343],[-3.9463,40.3428],[-3.9464,40.3425],[-3.9465,40.3423],[-3.9466,40.342],[-3.9468,40.3416],[-3.9469,40.3414],[-3.9471,40.3411],[-3.9471,40.341],[-3.9473,40.3406],[-3.9474,40.3404],[-3.9475,40.3401],[-3.9476,40.3399],[-3.9476,40.3397],[-3.9476,40.3396],[-3.9476,40.3395],[-3.9477,40.3394],[-3.9478,40.3393],[-3.9479,40.3392],[-3.9478,40.3391],[-3.9478,40.339],[-3.9478,40.3389],[-3.9479,40.3388],[-3.9479,40.3387],[-3.9479,40.3386],[-3.948,40.3385],[-3.948,40.3385],[-3.9481,40.3384],[-3.9482,40.3384],[-3.9484,40.3382],[-3.9485,40.3382],[-3.9486,40.3381],[-3.9488,40.338],[-3.9488,40.3379],[-3.9488,40.3377],[-3.9488,40.3377],[-3.9488,40.3377],[-3.9487,40.3375],[-3.9486,40.3374],[-3.9484,40.3373],[-3.9482,40.3371],[-3.9481,40.337],[-3.9479,40.3369],[-3.9478,40.3368],[-3.9477,40.3366],[-3.9476,40.3365],[-3.9476,40.3363],[-3.9475,40.336],[-3.9475,40.3358],[-3.9476,40.3356],[-3.9477,40.3354],[-3.9477,40.3352],[-3.9477,40.3351],[-3.9477,40.335],[-3.9476,40.3348],[-3.9475,40.3347],[-3.9473,40.3346],[-3.9473,40.3345],[-3.9472,40.3343],[-3.9472,40.3342],[-3.9471,40.3341],[-3.947,40.334],[-3.9468,40.3339],[-3.9467,40.3338],[-3.9466,40.3336],[-3.9465,40.3335],[-3.9465,40.3334],[-3.9464,40.3332],[-3.9463,40.3331],[-3.9462,40.333],[-3.9461,40.3329],[-3.946,40.3328],[-3.9461,40.3326],[-3.9462,40.3324],[-3.9462,40.3321],[-3.9462,40.3319],[-3.9462,40.3316],[-3.9461,40.3313],[-3.9461,40.3311],[-3.9462,40.3309],[-3.9463,40.3306],[-3.9464,40.3304],[-3.9465,40.33],[-3.9466,40.3297],[-3.9466,40.3294],[-3.9466,40.3292],[-3.9467,40.329],[-3.9467,40.3289],[-3.9467,40.3287],[-3.9467,40.3287],[-3.9467,40.3287],[-3.9465,40.3286],[-3.9465,40.3286],[-3.9465,40.3285],[-3.9466,40.3284],[-3.9467,40.3283],[-3.9467,40.3281],[-3.9468,40.3279],[-3.9468,40.3277],[-3.9469,40.3275],[-3.9469,40.3273],[-3.9469,40.3271],[-3.9469,40.3269],[-3.9468,40.3267],[-3.9468,40.3265],[-3.9467,40.3262],[-3.9466,40.326],[-3.9465,40.3258],[-3.9464,40.3256],[-3.9463,40.3255],[-3.946,40.3251],[-3.9459,40.3249],[-3.9459,40.3247],[-3.9458,40.3245],[-3.9457,40.3243],[-3.9456,40.3242],[-3.9455,40.324],[-3.9454,40.3238],[-3.9453,40.3237],[-3.9452,40.3236],[-3.9451,40.3234],[-3.945,40.3233],[-3.9449,40.3231],[-3.9447,40.3229],[-3.9446,40.3228],[-3.9445,40.3226],[-3.9444,40.3224],[-3.9443,40.3222],[-3.9442,40.3221],[-3.944,40.3218],[-3.9439,40.3216],[-3.9438,40.3214],[-3.9437,40.3212],[-3.9435,40.321],[-3.9434,40.3208],[-3.9433,40.3205],[-3.9431,40.3202],[-3.9431,40.32],[-3.943,40.3198],[-3.9428,40.3195],[-3.9427,40.3194],[-3.9426,40.3191],[-3.9426,40.3188],[-3.9426,40.3186],[-3.9425,40.3183],[-3.9425,40.3181],[-3.9424,40.3178],[-3.9424,40.3175],[-3.9424,40.3173],[-3.9424,40.3171],[-3.9424,40.317],[-3.9424,40.3168],[-3.9425,40.3166],[-3.9427,40.3162],[-3.9422,40.3164],[-3.9419,40.3164],[-3.9416,40.3164],[-3.9413,40.3165],[-3.9411,40.3165],[-3.9407,40.3165],[-3.9405,40.3165],[-3.9401,40.3166],[-3.9399,40.3166],[-3.9396,40.3166],[-3.9394,40.3166],[-3.9393,40.3166],[-3.9391,40.3166],[-3.939,40.3166],[-3.9388,40.3167],[-3.9387,40.3168],[-3.9384,40.3168],[-3.9382,40.3168],[-3.9381,40.3168],[-3.9381,40.3168],[-3.938,40.317],[-3.938,40.317],[-3.938,40.3171],[-3.938,40.3173],[-3.9379,40.3176],[-3.9378,40.318],[-3.9378,40.3182],[-3.9378,40.3184],[-3.9377,40.3185],[-3.9377,40.3187],[-3.9376,40.3187],[-3.9376,40.3188],[-3.9375,40.3189],[-3.9374,40.319],[-3.9373,40.3191],[-3.9371,40.3192],[-3.9369,40.3193],[-3.9368,40.3195],[-3.9367,40.3196],[-3.9365,40.3197],[-3.9364,40.3198],[-3.9362,40.3201],[-3.936,40.3204],[-3.9359,40.3206],[-3.9358,40.3207],[-3.9357,40.3207],[-3.9368,40.3217],[-3.9377,40.3222],[-3.9381,40.3225],[-3.9383,40.3227],[-3.9384,40.3228],[-3.9386,40.323],[-3.9387,40.3231],[-3.9389,40.3233],[-3.9391,40.3235],[-3.9388,40.3237],[-3.9387,40.3237],[-3.9385,40.3238],[-3.9384,40.3238],[-3.9382,40.3238],[-3.9381,40.3239],[-3.938,40.3239],[-3.938,40.324],[-3.9381,40.3241],[-3.9381,40.3243],[-3.938,40.3244],[-3.938,40.3245],[-3.9378,40.3245],[-3.9377,40.3245],[-3.9374,40.3247],[-3.9372,40.3248],[-3.9371,40.3248],[-3.937,40.3249],[-3.9369,40.3249],[-3.9367,40.3249],[-3.9366,40.3249],[-3.9365,40.3248],[-3.9365,40.3248],[-3.9364,40.3247],[-3.9363,40.3248],[-3.9363,40.3249],[-3.9363,40.325],[-3.9363,40.3251],[-3.9364,40.3252],[-3.9364,40.3253],[-3.9363,40.3254],[-3.9362,40.3254],[-3.9361,40.3255],[-3.9359,40.3255],[-3.9358,40.3255],[-3.9357,40.3256],[-3.9356,40.3257],[-3.9356,40.3257],[-3.9356,40.3258],[-3.9356,40.3258],[-3.9355,40.3259],[-3.9354,40.3259],[-3.9353,40.3259],[-3.9352,40.326],[-3.9351,40.3261],[-3.935,40.3262],[-3.935,40.3262],[-3.9351,40.3263],[-3.9351,40.3263],[-3.9352,40.3262],[-3.9354,40.3262],[-3.9355,40.3261],[-3.9357,40.326],[-3.9358,40.326],[-3.936,40.3259],[-3.9362,40.3258],[-3.9364,40.3257],[-3.9367,40.3256],[-3.937,40.3256],[-3.9371,40.3256],[-3.9374,40.3255],[-3.9376,40.3255],[-3.9378,40.3255],[-3.9382,40.3253],[-3.9384,40.3253],[-3.9387,40.3252],[-3.939,40.3251],[-3.9394,40.3251],[-3.9397,40.325],[-3.9406,40.3249],[-3.9407,40.3251],[-3.9408,40.3252],[-3.9409,40.3253],[-3.941,40.3254],[-3.9412,40.3255],[-3.9413,40.3257],[-3.9415,40.3258],[-3.9416,40.326],[-3.9414,40.3261],[-3.9412,40.3262],[-3.941,40.3263],[-3.9408,40.3265],[-3.9407,40.3265],[-3.9406,40.3267],[-3.9404,40.3268],[-3.9403,40.3269],[-3.9402,40.327],[-3.9401,40.3272],[-3.9401,40.3273],[-3.9399,40.3275],[-3.9398,40.3276],[-3.9397,40.3276],[-3.9395,40.3277],[-3.9393,40.3278],[-3.939,40.3279],[-3.9392,40.328],[-3.9394,40.3281],[-3.9395,40.3281],[-3.9396,40.3282],[-3.9397,40.3282],[-3.9398,40.3281],[-3.94,40.3281],[-3.9401,40.3281],[-3.9403,40.3282],[-3.9405,40.3283],[-3.9406,40.3283],[-3.9408,40.3284],[-3.941,40.3284],[-3.9413,40.3284],[-3.9415,40.3285],[-3.9418,40.3285],[-3.9421,40.3285],[-3.9422,40.3285],[-3.9423,40.3286],[-3.9424,40.3287],[-3.9425,40.3288],[-3.9427,40.3289],[-3.9428,40.329],[-3.9429,40.329],[-3.943,40.3291],[-3.943,40.3291],[-3.9429,40.3292],[-3.9429,40.3292],[-3.9428,40.3293],[-3.9428,40.3293],[-3.9427,40.3293],[-3.9425,40.3293],[-3.9424,40.3293],[-3.9423,40.3293],[-3.9422,40.3294],[-3.9421,40.3295],[-3.9421,40.3296],[-3.942,40.3297],[-3.942,40.3298],[-3.942,40.3299],[-3.942,40.33],[-3.9421,40.3302],[-3.942,40.3303],[-3.942,40.3304],[-3.9419,40.3306],[-3.9419,40.3307],[-3.942,40.3307],[-3.9421,40.3307],[-3.9422,40.3307],[-3.9424,40.3306],[-3.9426,40.3307],[-3.9426,40.3307],[-3.9426,40.3307],[-3.9426,40.3307],[-3.9426,40.3308],[-3.9426,40.3309],[-3.9425,40.331],[-3.9424,40.3311],[-3.9423,40.3312],[-3.9421,40.3312],[-3.942,40.3312],[-3.9418,40.3312],[-3.9417,40.3312],[-3.9416,40.3312],[-3.9416,40.3313],[-3.9415,40.3314],[-3.9414,40.3314],[-3.9413,40.3313],[-3.9413,40.3313],[-3.9412,40.3312],[-3.9411,40.3311],[-3.9411,40.331],[-3.941,40.331],[-3.9409,40.3309],[-3.9408,40.3309],[-3.9406,40.331],[-3.9404,40.331],[-3.9402,40.331],[-3.94,40.3309],[-3.9399,40.3308],[-3.9399,40.3308],[-3.9397,40.3307],[-3.9396,40.3307],[-3.9394,40.3308],[-3.9392,40.3308],[-3.9392,40.3307],[-3.9391,40.3307],[-3.939,40.3306],[-3.9389,40.3305],[-3.9388,40.3305],[-3.9387,40.3305],[-3.9385,40.3305],[-3.9383,40.3305],[-3.9381,40.3305],[-3.9379,40.3305],[-3.9377,40.3305],[-3.9374,40.3305],[-3.9373,40.3306],[-3.9372,40.3308],[-3.9372,40.3309],[-3.9371,40.3311],[-3.937,40.3313],[-3.937,40.3314],[-3.9369,40.3316],[-3.9369,40.3317],[-3.9367,40.3319],[-3.9367,40.332],[-3.9367,40.3321],[-3.9368,40.3322],[-3.9369,40.3324],[-3.9371,40.3326],[-3.9373,40.3327],[-3.9375,40.333],[-3.9377,40.3332],[-3.9379,40.3335],[-3.938,40.3338],[-3.938,40.3338],[-3.9381,40.3339],[-3.9382,40.334],[-3.9383,40.3341],[-3.9385,40.3342],[-3.9387,40.3343],[-3.9389,40.3343],[-3.9392,40.3344],[-3.9394,40.3344],[-3.9395,40.3344],[-3.9396,40.3345],[-3.9396,40.3347],[-3.9396,40.3349],[-3.9396,40.335],[-3.9396,40.3351],[-3.9398,40.3353],[-3.9399,40.3353],[-3.9401,40.3353],[-3.9403,40.3353],[-3.9405,40.3353],[-3.9409,40.3352],[-3.9412,40.3351],[-3.9414,40.3351],[-3.9417,40.335],[-3.9419,40.3348],[-3.9423,40.3347],[-3.9426,40.3346],[-3.9429,40.3345],[-3.9432,40.3344],[-3.9436,40.3344],[-3.9439,40.3343],[-3.9441,40.3343],[-3.9443,40.3344],[-3.9444,40.3345],[-3.9445,40.3346],[-3.9446,40.3347],[-3.9444,40.3349],[-3.9443,40.335],[-3.9443,40.3351],[-3.9442,40.3352],[-3.9442,40.3353],[-3.9442,40.3354],[-3.9443,40.3356],[-3.9443,40.3358],[-3.9444,40.336],[-3.9444,40.3361],[-3.9444,40.3363],[-3.9444,40.3364],[-3.9443,40.3366],[-3.9443,40.3367],[-3.9442,40.3368],[-3.944,40.337],[-3.9439,40.3371],[-3.9438,40.3372],[-3.9437,40.3373],[-3.9436,40.3374],[-3.9436,40.3375],[-3.9436,40.3376],[-3.9437,40.3377],[-3.9438,40.3379],[-3.9438,40.3379],[-3.9439,40.3381],[-3.9439,40.3381],[-3.9439,40.3382],[-3.9438,40.3383],[-3.9437,40.3384],[-3.9436,40.3384],[-3.9434,40.3385],[-3.9432,40.3386],[-3.9428,40.3386],[-3.9426,40.3387],[-3.9424,40.3387],[-3.9421,40.3388],[-3.9419,40.3389],[-3.9418,40.3391],[-3.9418,40.3392],[-3.9419,40.3394],[-3.9421,40.3396],[-3.9423,40.3397],[-3.9425,40.3398],[-3.9427,40.3399],[-3.943,40.3399],[-3.9432,40.3399],[-3.9434,40.34],[-3.9435,40.3402],[-3.9434,40.3403],[-3.9432,40.3405],[-3.9431,40.3407],[-3.9429,40.3408],[-3.9428,40.341],[-3.9427,40.341],[-3.9424,40.341],[-3.9422,40.341],[-3.9419,40.341],[-3.9417,40.341],[-3.9417,40.3411],[-3.9417,40.3412],[-3.9418,40.3413],[-3.942,40.3414],[-3.9421,40.3416],[-3.9423,40.3417],[-3.9424,40.3418],[-3.9423,40.342],[-3.9423,40.342],[-3.9423,40.342],[-3.9422,40.3421],[-3.942,40.3421],[-3.9417,40.3422],[-3.9413,40.3421],[-3.9411,40.3421],[-3.9408,40.3421],[-3.9406,40.3421],[-3.9402,40.3421],[-3.94,40.3421],[-3.9397,40.342],[-3.9395,40.3419],[-3.9393,40.3418],[-3.9391,40.3418],[-3.9389,40.3417],[-3.9386,40.3417],[-3.9384,40.3417],[-3.9383,40.3416],[-3.9382,40.3416],[-3.9382,40.3416],[-3.9381,40.3415],[-3.9381,40.3414],[-3.9382,40.3413],[-3.9383,40.3412],[-3.9385,40.3411],[-3.9387,40.341],[-3.9388,40.3408],[-3.9388,40.3408],[-3.9387,40.3407],[-3.9386,40.3408],[-3.9385,40.3408],[-3.9383,40.3408],[-3.9382,40.3409],[-3.9381,40.3409],[-3.938,40.3409],[-3.9379,40.3409],[-3.9377,40.341],[-3.9375,40.3409],[-3.9373,40.3409],[-3.9372,40.341],[-3.9372,40.3411],[-3.9373,40.3412],[-3.9374,40.3413],[-3.9374,40.3414],[-3.9374,40.3415],[-3.9374,40.3417],[-3.9374,40.3418],[-3.9374,40.3419],[-3.9374,40.3421],[-3.9374,40.3422],[-3.9374,40.3423],[-3.9374,40.3424],[-3.9375,40.3424],[-3.9376,40.3424],[-3.9378,40.3424],[-3.938,40.3425],[-3.9381,40.3426],[-3.9383,40.3427],[-3.9384,40.3428],[-3.9386,40.3428],[-3.9388,40.3428],[-3.9391,40.3428],[-3.9392,40.3428],[-3.9392,40.3429],[-3.9393,40.3431],[-3.9395,40.3432],[-3.9396,40.3432],[-3.9399,40.3433],[-3.9402,40.3433],[-3.9406,40.3433],[-3.9408,40.3434],[-3.9409,40.3434],[-3.9411,40.3435],[-3.9414,40.3436],[-3.9418,40.3438],[-3.942,40.3439],[-3.9422,40.344],[-3.9424,40.3441],[-3.9426,40.3443],[-3.9426,40.3445],[-3.9426,40.3446],[-3.9425,40.3448],[-3.9423,40.345],[-3.9422,40.3452],[-3.9422,40.3453],[-3.9422,40.3455],[-3.9423,40.3457],[-3.9425,40.346],[-3.9426,40.3462],[-3.9428,40.3462],[-3.943,40.3464],[-3.9432,40.3465],[-3.9431,40.3466],[-3.9431,40.3467],[-3.9431,40.3469],[-3.943,40.347],[-3.9431,40.3471],[-3.9432,40.3473],[-3.9434,40.3474],[-3.9436,40.3475],[-3.9439,40.3475],[-3.9442,40.3477],[-3.9444,40.3477],[-3.9446,40.3478],[-3.945,40.348],[-3.9451,40.3481],[-3.9453,40.3483],[-3.9454,40.3483],[-3.9453,40.3484],[-3.9453,40.3486],[-3.9452,40.3487],[-3.945,40.3488],[-3.9448,40.3489],[-3.9446,40.3489],[-3.9443,40.349],[-3.944,40.349],[-3.9437,40.3491],[-3.9434,40.3491],[-3.943,40.3491],[-3.9427,40.3492],[-3.9423,40.3493],[-3.9421,40.3494],[-3.9418,40.3494],[-3.9416,40.3495],[-3.9414,40.3495],[-3.9412,40.3496],[-3.9411,40.3498],[-3.9411,40.3499],[-3.9411,40.3501],[-3.941,40.3503],[-3.941,40.3504],[-3.9409,40.3504],[-3.9407,40.3505],[-3.9405,40.3505],[-3.9403,40.3505],[-3.9401,40.3505],[-3.9399,40.3504],[-3.9397,40.3503],[-3.9394,40.3502],[-3.9393,40.3501],[-3.9391,40.35],[-3.9389,40.35],[-3.9388,40.35],[-3.9387,40.35],[-3.9388,40.3502],[-3.9388,40.3503],[-3.9389,40.3504],[-3.939,40.3505],[-3.939,40.3507],[-3.9389,40.3508],[-3.9387,40.3508],[-3.9386,40.3508],[-3.9384,40.3508],[-3.9383,40.3507],[-3.9382,40.3506],[-3.9381,40.3505],[-3.9381,40.3504],[-3.938,40.3503],[-3.938,40.3502],[-3.9379,40.3501],[-3.9379,40.3501],[-3.9379,40.3502],[-3.9379,40.3503],[-3.9379,40.3504],[-3.9379,40.3505],[-3.9378,40.3506],[-3.9377,40.3507],[-3.9376,40.3508],[-3.9375,40.3508],[-3.9373,40.3508],[-3.9371,40.3508],[-3.9368,40.3508],[-3.9366,40.3508],[-3.9362,40.3507],[-3.9359,40.3507],[-3.9357,40.3508],[-3.9354,40.3508],[-3.935,40.3509],[-3.9347,40.3509],[-3.9344,40.3509],[-3.9342,40.351],[-3.934,40.351],[-3.934,40.3511],[-3.9339,40.3511],[-3.9339,40.3512],[-3.9339,40.3512],[-3.934,40.3514],[-3.9339,40.3515],[-3.9338,40.3517],[-3.9338,40.3518],[-3.9338,40.3519],[-3.9338,40.3521],[-3.9338,40.3523],[-3.9337,40.3525],[-3.9334,40.3526],[-3.9331,40.3526],[-3.9328,40.3527],[-3.9326,40.3527],[-3.9323,40.3528],[-3.9319,40.3528],[-3.9316,40.3528],[-3.9313,40.3529],[-3.9309,40.353],[-3.9307,40.353],[-3.9304,40.353],[-3.9302,40.353],[-3.9301,40.3531],[-3.9299,40.3532],[-3.9295,40.3534],[-3.9303,40.3533],[-3.9305,40.3533],[-3.9308,40.3533],[-3.9312,40.3534]]],[[[-3.9432,40.218],[-3.9434,40.218],[-3.9434,40.218],[-3.9434,40.218],[-3.9438,40.2179],[-3.944,40.2177],[-3.9442,40.2175],[-3.9444,40.2173],[-3.9446,40.217],[-3.9447,40.2167],[-3.9449,40.2165],[-3.9449,40.2162],[-3.9451,40.2158],[-3.9453,40.2155],[-3.9455,40.215],[-3.9457,40.2147],[-3.9458,40.2144],[-3.946,40.2141],[-3.9462,40.2139],[-3.9464,40.2136],[-3.9466,40.2134],[-3.947,40.2131],[-3.9473,40.2128],[-3.9476,40.2126],[-3.9477,40.2124],[-3.948,40.2121],[-3.9482,40.2118],[-3.9483,40.2116],[-3.9484,40.2113],[-3.9485,40.211],[-3.9485,40.2108],[-3.9485,40.2103],[-3.9487,40.2094],[-3.9487,40.2084],[-3.9485,40.2081],[-3.9485,40.2079],[-3.9485,40.2077],[-3.9485,40.2075],[-3.9484,40.2072],[-3.9483,40.207],[-3.9481,40.2067],[-3.948,40.2065],[-3.9478,40.2064],[-3.9478,40.2062],[-3.9478,40.2058],[-3.9479,40.2054],[-3.948,40.2051],[-3.9482,40.2048],[-3.9483,40.2045],[-3.9485,40.2043],[-3.9486,40.2041],[-3.9488,40.2039],[-3.9489,40.2037],[-3.949,40.2033],[-3.949,40.203],[-3.9491,40.2026],[-3.9491,40.2024],[-3.9491,40.2022],[-3.9491,40.2019],[-3.9491,40.2016],[-3.9492,40.2012],[-3.9492,40.2009],[-3.9492,40.2007],[-3.9492,40.2004],[-3.9492,40.2001],[-3.9493,40.1998],[-3.9494,40.1995],[-3.9496,40.1994],[-3.9498,40.1994],[-3.9499,40.1993],[-3.95,40.1991],[-3.9502,40.1989],[-3.9503,40.1987],[-3.9503,40.1985],[-3.9503,40.1982],[-3.9503,40.1978],[-3.9504,40.1974],[-3.9504,40.1971],[-3.9504,40.1967],[-3.9504,40.1964],[-3.9505,40.196],[-3.9505,40.1957],[-3.9505,40.1953],[-3.9505,40.195],[-3.9505,40.1946],[-3.9504,40.1943],[-3.9504,40.1937],[-3.9503,40.1933],[-3.9503,40.193],[-3.9502,40.1927],[-3.9502,40.1924],[-3.9501,40.1921],[-3.9501,40.1919],[-3.9501,40.1917],[-3.9501,40.1915],[-3.9503,40.1913],[-3.9505,40.1911],[-3.9507,40.1908],[-3.951,40.1903],[-3.951,40.1902],[-3.9511,40.19],[-3.9508,40.1899],[-3.9507,40.1898],[-3.9501,40.1896],[-3.9495,40.1894],[-3.9487,40.1894],[-3.9486,40.1903],[-3.9478,40.1918],[-3.9479,40.1927],[-3.9479,40.1928],[-3.9477,40.1929],[-3.9476,40.1931],[-3.9476,40.1933],[-3.9476,40.1933],[-3.9475,40.1936],[-3.9473,40.1937],[-3.9473,40.1937],[-3.9475,40.1939],[-3.9475,40.1941],[-3.9475,40.1941],[-3.9472,40.1941],[-3.9467,40.1942],[-3.9466,40.1944],[-3.9465,40.1944],[-3.9464,40.1945],[-3.9461,40.1946],[-3.9457,40.1946],[-3.9453,40.1946],[-3.9451,40.1947],[-3.9449,40.1947],[-3.9447,40.1949],[-3.9445,40.195],[-3.9443,40.1951],[-3.9441,40.1953],[-3.944,40.1953],[-3.9439,40.1954],[-3.944,40.1955],[-3.9436,40.1955],[-3.9433,40.1956],[-3.9428,40.1961],[-3.9425,40.1965],[-3.9423,40.1969],[-3.9422,40.197],[-3.9423,40.1972],[-3.9425,40.1974],[-3.9425,40.1974],[-3.9424,40.1975],[-3.9422,40.1976],[-3.9418,40.1978],[-3.9416,40.198],[-3.9415,40.1982],[-3.9416,40.1984],[-3.9417,40.1984],[-3.9416,40.1985],[-3.9413,40.1986],[-3.9413,40.1989],[-3.9414,40.1991],[-3.9415,40.1992],[-3.9414,40.1994],[-3.9412,40.1997],[-3.9412,40.1998],[-3.9412,40.1999],[-3.9412,40.2],[-3.9413,40.2002],[-3.9414,40.2003],[-3.9415,40.2003],[-3.9414,40.2005],[-3.9412,40.2007],[-3.9411,40.2008],[-3.9411,40.201],[-3.9411,40.2012],[-3.941,40.2013],[-3.941,40.2014],[-3.941,40.2015],[-3.941,40.2017],[-3.9409,40.2018],[-3.9407,40.2016],[-3.9403,40.2012],[-3.9402,40.2011],[-3.9399,40.2015],[-3.9399,40.2015],[-3.9398,40.2017],[-3.9396,40.2019],[-3.9392,40.2022],[-3.9392,40.2022],[-3.9391,40.2023],[-3.9391,40.2023],[-3.9388,40.2025],[-3.9386,40.2026],[-3.9386,40.2029],[-3.9386,40.2031],[-3.9386,40.2032],[-3.9382,40.2032],[-3.938,40.2031],[-3.9381,40.2032],[-3.9381,40.2034],[-3.938,40.2037],[-3.938,40.2038],[-3.938,40.2039],[-3.938,40.2041],[-3.9381,40.2043],[-3.9383,40.2046],[-3.9384,40.2049],[-3.9385,40.2051],[-3.9386,40.2053],[-3.9386,40.2055],[-3.9386,40.2057],[-3.9386,40.2058],[-3.9387,40.206],[-3.9388,40.2063],[-3.9389,40.2066],[-3.9389,40.2069],[-3.9389,40.2071],[-3.9389,40.2074],[-3.9389,40.2076],[-3.9391,40.208],[-3.9391,40.2085],[-3.9391,40.2088],[-3.939,40.2089],[-3.939,40.209],[-3.939,40.2092],[-3.939,40.2092],[-3.9389,40.2093],[-3.9388,40.2093],[-3.9386,40.2093],[-3.9384,40.2092],[-3.9381,40.2092],[-3.9381,40.2092],[-3.9382,40.2096],[-3.9383,40.2097],[-3.9383,40.2099],[-3.9384,40.2101],[-3.9385,40.2102],[-3.9385,40.2104],[-3.9386,40.2105],[-3.9386,40.2107],[-3.9386,40.2108],[-3.9386,40.211],[-3.9386,40.2111],[-3.9388,40.2112],[-3.9389,40.2113],[-3.9391,40.2113],[-3.9393,40.2113],[-3.9396,40.2114],[-3.9398,40.2114],[-3.9401,40.2115],[-3.9403,40.2115],[-3.9403,40.2116],[-3.9404,40.2117],[-3.9403,40.2118],[-3.9402,40.2119],[-3.94,40.2119],[-3.9398,40.212],[-3.9397,40.2121],[-3.9395,40.2122],[-3.9394,40.2122],[-3.9392,40.2122],[-3.9387,40.2122],[-3.939,40.2124],[-3.9392,40.2126],[-3.9393,40.2127],[-3.9395,40.2129],[-3.9397,40.2131],[-3.9398,40.2133],[-3.94,40.2135],[-3.9402,40.2138],[-3.9404,40.214],[-3.9405,40.2143],[-3.9407,40.2145],[-3.9408,40.2147],[-3.9409,40.215],[-3.941,40.2152],[-3.9411,40.2155],[-3.9413,40.2158],[-3.9413,40.216],[-3.9414,40.2163],[-3.9416,40.2165],[-3.9418,40.2167],[-3.9421,40.2168],[-3.9423,40.217],[-3.9425,40.2172],[-3.9425,40.2173],[-3.9425,40.2174],[-3.9425,40.2176],[-3.9425,40.2177],[-3.9426,40.2178],[-3.9427,40.2179],[-3.9429,40.218],[-3.943,40.2181],[-3.9432,40.218]]],[[[-3.9969,40.3739],[-3.9977,40.3741],[-3.9986,40.3744],[-3.9986,40.374],[-3.9985,40.3737],[-3.9985,40.3735],[-3.9986,40.3733],[-3.9986,40.3732],[-3.9987,40.373],[-3.9988,40.3728],[-3.9988,40.3727],[-3.9989,40.3725],[-3.999,40.3724],[-3.999,40.3723],[-3.999,40.3722],[-3.9991,40.3721],[-3.9991,40.3721],[-3.9992,40.372],[-3.9994,40.3719],[-3.9996,40.3717],[-3.9997,40.3716],[-3.9997,40.3715],[-3.9998,40.3715],[-3.9999,40.3713],[-3.9999,40.3713],[-3.9999,40.3711],[-3.9999,40.371],[-3.9997,40.3706],[-3.9996,40.3704],[-3.9995,40.3702],[-3.9995,40.3701],[-3.9995,40.37],[-3.9996,40.3697],[-3.9996,40.3693],[-3.9996,40.3692],[-3.9995,40.3689],[-3.9995,40.3687],[-3.9995,40.3686],[-3.9995,40.3686],[-3.9995,40.3685],[-3.9996,40.3684],[-3.9996,40.3682],[-3.9996,40.3681],[-3.9997,40.3679],[-3.9997,40.3676],[-3.9997,40.3675],[-3.9998,40.3673],[-3.9999,40.3671],[-3.9999,40.3669],[-4.0001,40.3665],[-4.0001,40.3664],[-4.0002,40.3662],[-4.0003,40.3662],[-4.0003,40.3662],[-4.0005,40.366],[-4.0006,40.3659],[-4.0006,40.3658],[-4.0007,40.3657],[-4.0008,40.3656],[-4.0007,40.3656],[-4.0003,40.3656],[-3.9999,40.3656],[-3.9996,40.3656],[-3.9992,40.3656],[-3.999,40.3656],[-3.9988,40.3656],[-3.9985,40.3655],[-3.9982,40.3656],[-3.9978,40.3656],[-3.9974,40.3656],[-3.9972,40.3656],[-3.9969,40.3656],[-3.9966,40.3657],[-3.9961,40.3657],[-3.9957,40.3657],[-3.9952,40.3657],[-3.9948,40.3657],[-3.9942,40.3658],[-3.9937,40.3658],[-3.9933,40.3658],[-3.993,40.3659],[-3.9926,40.3659],[-3.9922,40.3659],[-3.9918,40.3659],[-3.9915,40.3658],[-3.9911,40.3658],[-3.9908,40.3658],[-3.9905,40.3657],[-3.9902,40.3657],[-3.9899,40.3656],[-3.9896,40.3656],[-3.9893,40.3655],[-3.989,40.3655],[-3.9886,40.3655],[-3.9883,40.3654],[-3.9879,40.3654],[-3.9876,40.3654],[-3.9874,40.3654],[-3.9871,40.3654],[-3.9867,40.3654],[-3.9864,40.3654],[-3.986,40.3654],[-3.9858,40.3654],[-3.9854,40.3654],[-3.9852,40.3654],[-3.985,40.3654],[-3.9846,40.3654],[-3.9843,40.3653],[-3.9841,40.3653],[-3.9838,40.3653],[-3.9835,40.3653],[-3.9833,40.3654],[-3.983,40.3654],[-3.9828,40.3654],[-3.9826,40.3655],[-3.9823,40.3655],[-3.982,40.3656],[-3.9818,40.3656],[-3.9815,40.3657],[-3.9812,40.3658],[-3.981,40.3659],[-3.9807,40.3659],[-3.9804,40.366],[-3.9802,40.3661],[-3.98,40.3662],[-3.9798,40.3663],[-3.9796,40.3665],[-3.9796,40.3666],[-3.9795,40.3668],[-3.9793,40.3669],[-3.9791,40.3671],[-3.9789,40.3673],[-3.9787,40.3675],[-3.9785,40.3676],[-3.9782,40.3678],[-3.978,40.3679],[-3.9779,40.3679],[-3.9777,40.368],[-3.9775,40.3681],[-3.9774,40.3681],[-3.9772,40.3682],[-3.9771,40.3683],[-3.9769,40.3683],[-3.9766,40.3684],[-3.9762,40.3684],[-3.9761,40.3685],[-3.9761,40.3685],[-3.9762,40.3686],[-3.9764,40.3688],[-3.9765,40.3689],[-3.9765,40.369],[-3.977,40.3692],[-3.977,40.3692],[-3.9771,40.3692],[-3.9773,40.3692],[-3.9774,40.3691],[-3.9776,40.3689],[-3.9777,40.3689],[-3.9778,40.3689],[-3.9778,40.369],[-3.9779,40.3691],[-3.978,40.3691],[-3.978,40.3691],[-3.9781,40.3692],[-3.9782,40.3692],[-3.9784,40.3693],[-3.9785,40.3693],[-3.9787,40.3693],[-3.9789,40.3694],[-3.979,40.3694],[-3.9791,40.3695],[-3.9792,40.3695],[-3.9793,40.3696],[-3.9795,40.3696],[-3.9795,40.3696],[-3.9795,40.3696],[-3.9797,40.3696],[-3.9798,40.3696],[-3.9799,40.3696],[-3.9799,40.3696],[-3.98,40.3697],[-3.9801,40.3697],[-3.9802,40.3697],[-3.9802,40.3697],[-3.9804,40.3697],[-3.9804,40.3697],[-3.9805,40.3697],[-3.9806,40.3698],[-3.9807,40.3699],[-3.9807,40.3699],[-3.9807,40.3699],[-3.9808,40.3699],[-3.9808,40.3699],[-3.9809,40.37],[-3.9812,40.3699],[-3.9813,40.3698],[-3.9815,40.3698],[-3.9816,40.3698],[-3.9818,40.3699],[-3.982,40.37],[-3.9822,40.37],[-3.9827,40.3702],[-3.9831,40.3702],[-3.9833,40.3703],[-3.9835,40.3704],[-3.9836,40.3704],[-3.9837,40.3705],[-3.9838,40.3706],[-3.9839,40.3706],[-3.984,40.3707],[-3.9841,40.3707],[-3.9843,40.3707],[-3.9844,40.3707],[-3.9846,40.3708],[-3.9847,40.3709],[-3.9849,40.371],[-3.9851,40.3712],[-3.9852,40.3713],[-3.9854,40.3714],[-3.9856,40.3715],[-3.9858,40.3716],[-3.9858,40.3717],[-3.9859,40.3718],[-3.986,40.3719],[-3.986,40.3721],[-3.986,40.3722],[-3.9861,40.3722],[-3.9862,40.3722],[-3.9863,40.3722],[-3.9863,40.3721],[-3.9864,40.3721],[-3.9865,40.3721],[-3.9867,40.3721],[-3.9869,40.3722],[-3.9872,40.3723],[-3.9875,40.3724],[-3.9878,40.3725],[-3.988,40.3725],[-3.9882,40.3726],[-3.9884,40.3727],[-3.9886,40.3728],[-3.9888,40.3728],[-3.989,40.3728],[-3.9891,40.3728],[-3.9891,40.3727],[-3.9892,40.3727],[-3.9893,40.3726],[-3.9895,40.3726],[-3.9897,40.3726],[-3.9899,40.3726],[-3.9901,40.3725],[-3.9903,40.3725],[-3.9905,40.3725],[-3.9907,40.3726],[-3.9909,40.3726],[-3.991,40.3727],[-3.9911,40.3727],[-3.9916,40.3728],[-3.9919,40.3728],[-3.9922,40.3729],[-3.9925,40.3729],[-3.9926,40.373],[-3.9928,40.373],[-3.993,40.3731],[-3.9932,40.3731],[-3.9934,40.3731],[-3.9935,40.3731],[-3.9937,40.3731],[-3.9939,40.3732],[-3.9941,40.3732],[-3.9942,40.3733],[-3.9944,40.3733],[-3.9947,40.3733],[-3.9948,40.3734],[-3.995,40.3735],[-3.9952,40.3735],[-3.9954,40.3736],[-3.9955,40.3736],[-3.9956,40.3735],[-3.9959,40.3736],[-3.9969,40.3739]]],[[[-3.8974,40.2898],[-3.8975,40.2899],[-3.8974,40.29],[-3.8973,40.2901],[-3.8972,40.2902],[-3.898,40.2915],[-3.8981,40.2912],[-3.8982,40.291],[-3.8983,40.2908],[-3.8985,40.2907],[-3.8987,40.2906],[-3.8988,40.2905],[-3.8991,40.2905],[-3.8992,40.2905],[-3.8993,40.2904],[-3.8995,40.2904],[-3.8996,40.2904],[-3.8998,40.2902],[-3.8999,40.2901],[-3.9001,40.2899],[-3.9001,40.2898],[-3.8999,40.2897],[-3.8998,40.2896],[-3.8996,40.2896],[-3.8995,40.2895],[-3.8994,40.2894],[-3.8994,40.2892],[-3.8995,40.289],[-3.8995,40.2889],[-3.8992,40.2887],[-3.8991,40.2885],[-3.8991,40.2884],[-3.899,40.2882],[-3.899,40.288],[-3.8989,40.2879],[-3.8988,40.2877],[-3.8988,40.2874],[-3.8988,40.287],[-3.8986,40.287],[-3.8984,40.287],[-3.8984,40.287],[-3.8983,40.2869],[-3.8982,40.2868],[-3.8982,40.2867],[-3.8982,40.2865],[-3.8983,40.2863],[-3.8983,40.2862],[-3.8982,40.2861],[-3.8982,40.286],[-3.8981,40.2859],[-3.8979,40.2858],[-3.8978,40.2857],[-3.8978,40.2855],[-3.8978,40.2853],[-3.8978,40.2853],[-3.8978,40.2853],[-3.898,40.2853],[-3.8981,40.2853],[-3.8984,40.2852],[-3.8986,40.2852],[-3.8988,40.2852],[-3.899,40.2852],[-3.8991,40.2852],[-3.8993,40.2851],[-3.8995,40.285],[-3.8997,40.285],[-3.8999,40.2849],[-3.9,40.2848],[-3.9001,40.2847],[-3.9002,40.2846],[-3.9003,40.2846],[-3.9004,40.2845],[-3.9006,40.2845],[-3.9007,40.2844],[-3.9007,40.2846],[-3.9008,40.2847],[-3.9008,40.2849],[-3.9009,40.285],[-3.901,40.2852],[-3.9011,40.2853],[-3.9012,40.2855],[-3.9013,40.2856],[-3.9014,40.2855],[-3.9016,40.2854],[-3.9018,40.2854],[-3.9018,40.2855],[-3.9019,40.2856],[-3.9019,40.2857],[-3.902,40.2858],[-3.9021,40.286],[-3.9022,40.2862],[-3.9023,40.2863],[-3.9025,40.2865],[-3.9026,40.2866],[-3.9028,40.2869],[-3.9029,40.2869],[-3.9029,40.2871],[-3.9029,40.2871],[-3.9029,40.2873],[-3.9032,40.2872],[-3.9034,40.2871],[-3.9033,40.287],[-3.9032,40.2869],[-3.9031,40.2868],[-3.9031,40.2867],[-3.9031,40.2865],[-3.9032,40.2864],[-3.9033,40.2863],[-3.9033,40.2861],[-3.9034,40.286],[-3.9035,40.2858],[-3.9036,40.2858],[-3.9037,40.2859],[-3.9039,40.286],[-3.9039,40.2858],[-3.9039,40.2857],[-3.9039,40.2856],[-3.9039,40.2855],[-3.9038,40.2854],[-3.9038,40.2853],[-3.9039,40.2853],[-3.904,40.2853],[-3.9042,40.2853],[-3.9044,40.2854],[-3.9045,40.2855],[-3.9046,40.2856],[-3.9048,40.2857],[-3.9049,40.2857],[-3.9049,40.2856],[-3.9048,40.2856],[-3.9048,40.2855],[-3.9048,40.2854],[-3.9048,40.2854],[-3.905,40.2854],[-3.9051,40.2855],[-3.9053,40.2855],[-3.9054,40.2854],[-3.9055,40.2854],[-3.9055,40.2853],[-3.9054,40.2852],[-3.9052,40.2851],[-3.905,40.285],[-3.9049,40.285],[-3.9047,40.2849],[-3.9045,40.2848],[-3.9044,40.2847],[-3.9045,40.2846],[-3.9046,40.2844],[-3.9047,40.2843],[-3.9048,40.2842],[-3.9049,40.2841],[-3.905,40.2839],[-3.9051,40.2838],[-3.9052,40.2839],[-3.9054,40.284],[-3.9055,40.2842],[-3.9057,40.2843],[-3.9058,40.2844],[-3.9059,40.2844],[-3.906,40.2843],[-3.9061,40.2842],[-3.9061,40.2841],[-3.906,40.284],[-3.9059,40.2839],[-3.9058,40.2838],[-3.9056,40.2836],[-3.9054,40.2835],[-3.9053,40.2834],[-3.9053,40.2833],[-3.9054,40.2832],[-3.9055,40.2831],[-3.9057,40.283],[-3.9058,40.283],[-3.906,40.2829],[-3.9063,40.2829],[-3.9064,40.2829],[-3.9064,40.2827],[-3.9064,40.2825],[-3.9063,40.2825],[-3.9062,40.2824],[-3.9061,40.2823],[-3.9061,40.2822],[-3.9059,40.2821],[-3.9059,40.2821],[-3.9059,40.2821],[-3.9059,40.2821],[-3.9059,40.282],[-3.9059,40.282],[-3.9058,40.282],[-3.9058,40.2819],[-3.9057,40.2818],[-3.9056,40.2816],[-3.9055,40.2815],[-3.9055,40.2814],[-3.9055,40.2814],[-3.9055,40.2813],[-3.9055,40.2813],[-3.9055,40.2813],[-3.9055,40.2813],[-3.9055,40.2813],[-3.9056,40.2812],[-3.9057,40.2811],[-3.9058,40.2811],[-3.9059,40.281],[-3.906,40.2809],[-3.9061,40.2809],[-3.9062,40.2809],[-3.9063,40.2809],[-3.9063,40.2808],[-3.9064,40.2808],[-3.9064,40.2807],[-3.9065,40.2806],[-3.9065,40.2805],[-3.9065,40.2805],[-3.9065,40.2804],[-3.9065,40.2802],[-3.9064,40.2801],[-3.9064,40.28],[-3.9063,40.2799],[-3.9063,40.2798],[-3.9063,40.2797],[-3.9063,40.2797],[-3.9067,40.2795],[-3.9069,40.2794],[-3.9096,40.2781],[-3.91,40.278],[-3.9119,40.2771],[-3.9119,40.2771],[-3.9119,40.277],[-3.9133,40.2764],[-3.9134,40.2764],[-3.9145,40.2759],[-3.9147,40.2758],[-3.9148,40.2757],[-3.9149,40.2756],[-3.915,40.2756],[-3.915,40.2756],[-3.915,40.2755],[-3.915,40.2755],[-3.915,40.2754],[-3.915,40.2753],[-3.915,40.2753],[-3.915,40.2752],[-3.915,40.2752],[-3.9151,40.2752],[-3.9151,40.2751],[-3.9152,40.275],[-3.9153,40.275],[-3.9154,40.2749],[-3.9155,40.2749],[-3.9156,40.2748],[-3.9158,40.2748],[-3.9158,40.2747],[-3.916,40.2746],[-3.9161,40.2746],[-3.9162,40.2745],[-3.9162,40.2745],[-3.9162,40.2744],[-3.9162,40.2744],[-3.9163,40.2744],[-3.9164,40.2743],[-3.9164,40.2743],[-3.9165,40.2743],[-3.9166,40.2743],[-3.9166,40.2743],[-3.9167,40.2743],[-3.9167,40.2743],[-3.9168,40.2743],[-3.9168,40.2742],[-3.9168,40.2742],[-3.9168,40.2742],[-3.9169,40.2742],[-3.917,40.2741],[-3.9173,40.274],[-3.9174,40.274],[-3.9175,40.274],[-3.9176,40.274],[-3.9177,40.274],[-3.9178,40.274],[-3.918,40.274],[-3.9182,40.2738],[-3.9184,40.2737],[-3.9186,40.2736],[-3.9187,40.2736],[-3.9188,40.2735],[-3.9189,40.2735],[-3.9189,40.2734],[-3.919,40.2734],[-3.9191,40.2734],[-3.9193,40.2734],[-3.9194,40.2734],[-3.9194,40.2734],[-3.9195,40.2734],[-3.9195,40.2734],[-3.9196,40.2733],[-3.9197,40.2732],[-3.9198,40.2732],[-3.9199,40.2731],[-3.92,40.2731],[-3.9202,40.273],[-3.9203,40.2729],[-3.9204,40.2729],[-3.9206,40.2728],[-3.9207,40.2727],[-3.9208,40.2726],[-3.9209,40.2724],[-3.9209,40.2724],[-3.921,40.2723],[-3.9211,40.2722],[-3.9213,40.272],[-3.9214,40.2718],[-3.9215,40.2717],[-3.9215,40.2717],[-3.9215,40.2715],[-3.9216,40.2715],[-3.9216,40.2713],[-3.9217,40.2712],[-3.9217,40.2712],[-3.9217,40.2711],[-3.9219,40.2708],[-3.922,40.2707],[-3.9221,40.2706],[-3.9222,40.2704],[-3.9225,40.2703],[-3.9226,40.2703],[-3.9228,40.2703],[-3.923,40.2703],[-3.923,40.2702],[-3.9231,40.2702],[-3.9232,40.2702],[-3.9233,40.2702],[-3.9233,40.2702],[-3.9233,40.2702],[-3.9234,40.2701],[-3.9235,40.27],[-3.9235,40.27],[-3.9234,40.27],[-3.9232,40.2699],[-3.923,40.2699],[-3.923,40.2698],[-3.9228,40.2696],[-3.9227,40.2695],[-3.9225,40.2696],[-3.9223,40.2696],[-3.9223,40.2698],[-3.9223,40.2699],[-3.922,40.27],[-3.9217,40.2701],[-3.9216,40.2701],[-3.9215,40.2702],[-3.9214,40.2703],[-3.9211,40.2704],[-3.9209,40.2705],[-3.9209,40.2705],[-3.921,40.2706],[-3.921,40.2707],[-3.921,40.2707],[-3.921,40.2707],[-3.9209,40.2708],[-3.9208,40.2708],[-3.9209,40.2709],[-3.9207,40.2712],[-3.9206,40.2713],[-3.9206,40.2713],[-3.9206,40.2713],[-3.9202,40.2715],[-3.9202,40.2715],[-3.9201,40.2716],[-3.9199,40.2716],[-3.9195,40.2716],[-3.9193,40.2717],[-3.9192,40.2717],[-3.919,40.2717],[-3.9189,40.2717],[-3.9186,40.2718],[-3.9184,40.2718],[-3.9182,40.2719],[-3.9181,40.2721],[-3.918,40.2722],[-3.9178,40.2722],[-3.9177,40.2723],[-3.9175,40.2725],[-3.9173,40.2725],[-3.9171,40.2727],[-3.917,40.2728],[-3.9169,40.2729],[-3.9167,40.2733],[-3.9166,40.2735],[-3.9165,40.2737],[-3.9164,40.2738],[-3.9163,40.2738],[-3.9161,40.2739],[-3.916,40.274],[-3.9158,40.274],[-3.9157,40.2741],[-3.9155,40.2741],[-3.9154,40.2741],[-3.9154,40.2741],[-3.9154,40.2741],[-3.9153,40.2741],[-3.9152,40.2741],[-3.9149,40.2742],[-3.9147,40.2743],[-3.9146,40.2743],[-3.9144,40.2742],[-3.9142,40.2743],[-3.914,40.2743],[-3.9139,40.2743],[-3.9138,40.2744],[-3.9136,40.2744],[-3.9135,40.2744],[-3.9134,40.2743],[-3.9133,40.2743],[-3.9131,40.2742],[-3.913,40.2742],[-3.9128,40.2743],[-3.9125,40.2743],[-3.912,40.2746],[-3.9114,40.2748],[-3.9087,40.276],[-3.9081,40.2762],[-3.9074,40.2765],[-3.9072,40.2766],[-3.9067,40.2768],[-3.9062,40.2771],[-3.906,40.2772],[-3.9059,40.2772],[-3.9059,40.2772],[-3.9057,40.2771],[-3.9053,40.277],[-3.9052,40.277],[-3.9051,40.277],[-3.905,40.277],[-3.9048,40.277],[-3.9045,40.2769],[-3.9042,40.2767],[-3.9039,40.2767],[-3.9034,40.2764],[-3.9035,40.2765],[-3.9036,40.2766],[-3.9038,40.2767],[-3.9039,40.2767],[-3.904,40.2768],[-3.9042,40.277],[-3.9043,40.277],[-3.9046,40.2771],[-3.9049,40.2772],[-3.9051,40.2773],[-3.9053,40.2774],[-3.9054,40.2775],[-3.9055,40.2777],[-3.9057,40.278],[-3.9058,40.2781],[-3.9059,40.2783],[-3.906,40.2784],[-3.9061,40.2785],[-3.9062,40.2786],[-3.9062,40.2787],[-3.9061,40.2789],[-3.9059,40.279],[-3.9058,40.2791],[-3.9058,40.2793],[-3.9057,40.2794],[-3.9055,40.2795],[-3.9053,40.2795],[-3.9051,40.2796],[-3.905,40.2797],[-3.9049,40.2797],[-3.9047,40.2797],[-3.9044,40.2797],[-3.9042,40.2798],[-3.904,40.2798],[-3.9037,40.2798],[-3.9034,40.2797],[-3.9031,40.2796],[-3.9029,40.2796],[-3.9026,40.2794],[-3.9024,40.2793],[-3.9022,40.2793],[-3.902,40.2792],[-3.9018,40.2793],[-3.9017,40.2794],[-3.9017,40.2796],[-3.9016,40.2797],[-3.9016,40.2799],[-3.9015,40.28],[-3.9014,40.2801],[-3.9015,40.2803],[-3.9016,40.2805],[-3.9015,40.2807],[-3.9014,40.2809],[-3.9014,40.281],[-3.9014,40.2811],[-3.9014,40.2812],[-3.9014,40.2813],[-3.9015,40.2815],[-3.9015,40.2816],[-3.9014,40.2819],[-3.9012,40.2821],[-3.9011,40.2823],[-3.901,40.2824],[-3.9009,40.2826],[-3.9009,40.2828],[-3.9008,40.2829],[-3.9007,40.283],[-3.9007,40.2832],[-3.9006,40.2833],[-3.9004,40.2833],[-3.9003,40.2834],[-3.9001,40.2835],[-3.9,40.2836],[-3.9,40.2838],[-3.8999,40.2839],[-3.8997,40.2841],[-3.8996,40.2842],[-3.8994,40.2842],[-3.8992,40.2842],[-3.899,40.2842],[-3.8988,40.2842],[-3.8987,40.2841],[-3.8985,40.284],[-3.8983,40.284],[-3.8982,40.2839],[-3.898,40.2838],[-3.8978,40.284],[-3.8976,40.2841],[-3.8974,40.2842],[-3.8973,40.2843],[-3.8973,40.2844],[-3.8971,40.2842],[-3.897,40.2841],[-3.8969,40.2839],[-3.8967,40.2837],[-3.8966,40.2836],[-3.8964,40.2834],[-3.8961,40.2833],[-3.8959,40.2831],[-3.8958,40.283],[-3.8957,40.2829],[-3.8956,40.2828],[-3.8955,40.2826],[-3.8953,40.2824],[-3.8953,40.2823],[-3.8952,40.2822],[-3.895,40.2821],[-3.8949,40.2821],[-3.8945,40.2821],[-3.8943,40.2821],[-3.894,40.2822],[-3.8938,40.2823],[-3.8935,40.2823],[-3.8933,40.2823],[-3.8932,40.2822],[-3.8931,40.282],[-3.8931,40.2819],[-3.8932,40.2818],[-3.8932,40.2817],[-3.8932,40.2816],[-3.8932,40.2814],[-3.893,40.2813],[-3.8928,40.2812],[-3.8927,40.2811],[-3.8926,40.2809],[-3.8925,40.2808],[-3.8925,40.2806],[-3.8918,40.2804],[-3.8915,40.2807],[-3.8914,40.2808],[-3.8911,40.281],[-3.8908,40.2813],[-3.8904,40.2815],[-3.8898,40.2819],[-3.8892,40.2822],[-3.8886,40.2825],[-3.8877,40.2829],[-3.8873,40.2832],[-3.8873,40.2832],[-3.8873,40.2832],[-3.8876,40.2833],[-3.8878,40.2834],[-3.888,40.2834],[-3.8882,40.2835],[-3.8885,40.2836],[-3.8887,40.2837],[-3.889,40.2838],[-3.8892,40.2838],[-3.8894,40.2839],[-3.8896,40.2839],[-3.8898,40.284],[-3.8901,40.284],[-3.8904,40.284],[-3.8907,40.2839],[-3.8909,40.2839],[-3.8912,40.284],[-3.8915,40.284],[-3.8917,40.2841],[-3.8919,40.2841],[-3.8921,40.2841],[-3.8923,40.284],[-3.8925,40.284],[-3.8927,40.284],[-3.8929,40.284],[-3.8932,40.2841],[-3.8935,40.2841],[-3.8938,40.2841],[-3.894,40.2841],[-3.8944,40.2842],[-3.8949,40.2842],[-3.8952,40.2842],[-3.8955,40.2842],[-3.8958,40.2843],[-3.8961,40.2843],[-3.8963,40.2845],[-3.8964,40.2846],[-3.8964,40.2848],[-3.8963,40.2849],[-3.8962,40.285],[-3.8962,40.2852],[-3.8963,40.2853],[-3.8963,40.2855],[-3.8961,40.2857],[-3.8959,40.2859],[-3.8957,40.2862],[-3.8953,40.2864],[-3.8951,40.2867],[-3.895,40.2867],[-3.8948,40.287],[-3.8945,40.2871],[-3.8944,40.2871],[-3.8942,40.2871],[-3.8939,40.2871],[-3.8937,40.2871],[-3.8934,40.287],[-3.893,40.287],[-3.8927,40.287],[-3.8924,40.287],[-3.8924,40.287],[-3.8921,40.2871],[-3.8919,40.2871],[-3.8918,40.287],[-3.8916,40.287],[-3.8914,40.2869],[-3.8911,40.2867],[-3.891,40.2866],[-3.8908,40.2863],[-3.8906,40.2861],[-3.8905,40.2859],[-3.8903,40.2858],[-3.8902,40.2858],[-3.8902,40.2859],[-3.8903,40.286],[-3.8904,40.2862],[-3.8905,40.2863],[-3.8905,40.2864],[-3.8905,40.2866],[-3.8906,40.2868],[-3.8907,40.2869],[-3.8907,40.287],[-3.8909,40.2871],[-3.8911,40.2872],[-3.8912,40.2873],[-3.8912,40.2874],[-3.8911,40.2875],[-3.8909,40.2875],[-3.8907,40.2875],[-3.8905,40.2875],[-3.8905,40.2875],[-3.8903,40.2875],[-3.8901,40.2875],[-3.8899,40.2874],[-3.8898,40.2874],[-3.8897,40.2874],[-3.8896,40.2875],[-3.8896,40.2875],[-3.8897,40.2876],[-3.8898,40.2877],[-3.8899,40.2878],[-3.89,40.288],[-3.89,40.2881],[-3.89,40.2883],[-3.89,40.2884],[-3.8899,40.2884],[-3.8898,40.2884],[-3.8897,40.2884],[-3.8895,40.2883],[-3.8895,40.2883],[-3.8893,40.2882],[-3.8892,40.2882],[-3.889,40.2881],[-3.8888,40.2879],[-3.8886,40.2878],[-3.8883,40.2876],[-3.888,40.2875],[-3.8876,40.2872],[-3.8874,40.287],[-3.8871,40.2868],[-3.887,40.2868],[-3.8869,40.2869],[-3.8869,40.2869],[-3.8869,40.287],[-3.887,40.2871],[-3.887,40.2872],[-3.887,40.2873],[-3.8871,40.2874],[-3.8871,40.2876],[-3.8872,40.2877],[-3.8873,40.2878],[-3.8875,40.288],[-3.8876,40.2882],[-3.8878,40.2883],[-3.8879,40.2885],[-3.8879,40.2887],[-3.8879,40.2888],[-3.8879,40.2889],[-3.8878,40.289],[-3.8876,40.289],[-3.8875,40.289],[-3.8874,40.2889],[-3.8873,40.2889],[-3.8873,40.2888],[-3.8871,40.2886],[-3.8871,40.2885],[-3.887,40.2884],[-3.8868,40.2883],[-3.8867,40.2882],[-3.8866,40.2883],[-3.8865,40.2883],[-3.8865,40.2884],[-3.8866,40.2886],[-3.8866,40.2888],[-3.8866,40.2889],[-3.8866,40.2889],[-3.8866,40.289],[-3.8865,40.289],[-3.8864,40.289],[-3.8862,40.289],[-3.8861,40.2889],[-3.886,40.2887],[-3.8858,40.2885],[-3.8855,40.2882],[-3.8854,40.288],[-3.8852,40.2878],[-3.885,40.2877],[-3.8845,40.2876],[-3.8843,40.2877],[-3.8842,40.2877],[-3.884,40.2878],[-3.8839,40.2879],[-3.8838,40.2879],[-3.8837,40.2879],[-3.8836,40.2879],[-3.8836,40.288],[-3.8838,40.2881],[-3.8839,40.2881],[-3.8842,40.2882],[-3.8844,40.2882],[-3.8846,40.2883],[-3.885,40.2884],[-3.8852,40.2885],[-3.8854,40.2887],[-3.8855,40.2888],[-3.8858,40.289],[-3.8859,40.2891],[-3.8861,40.2893],[-3.8861,40.2894],[-3.8862,40.2895],[-3.8864,40.2897],[-3.8866,40.2897],[-3.8868,40.2897],[-3.887,40.2897],[-3.8872,40.2896],[-3.8874,40.2895],[-3.8877,40.2894],[-3.8879,40.2893],[-3.8881,40.2893],[-3.8883,40.2893],[-3.8885,40.2894],[-3.8887,40.2895],[-3.8888,40.2896],[-3.8889,40.2895],[-3.889,40.2895],[-3.8891,40.2893],[-3.8893,40.2892],[-3.8894,40.2891],[-3.8895,40.2891],[-3.8897,40.2889],[-3.89,40.2888],[-3.8901,40.2887],[-3.8903,40.2886],[-3.8906,40.2886],[-3.8908,40.2885],[-3.8911,40.2884],[-3.8911,40.2884],[-3.8914,40.2883],[-3.8916,40.2882],[-3.8918,40.2881],[-3.8919,40.2881],[-3.8922,40.288],[-3.8925,40.2879],[-3.8927,40.2879],[-3.8928,40.2878],[-3.8929,40.2878],[-3.8931,40.2879],[-3.8932,40.2881],[-3.8933,40.2882],[-3.8935,40.2881],[-3.8937,40.2881],[-3.8939,40.288],[-3.8941,40.288],[-3.8943,40.288],[-3.8944,40.2881],[-3.8946,40.2881],[-3.8946,40.288],[-3.8947,40.2879],[-3.8948,40.2878],[-3.895,40.2877],[-3.895,40.2876],[-3.8951,40.2875],[-3.8951,40.2874],[-3.8953,40.2873],[-3.8954,40.2873],[-3.8956,40.2872],[-3.8957,40.2872],[-3.8957,40.2875],[-3.8958,40.2877],[-3.8958,40.2878],[-3.8959,40.2879],[-3.8961,40.288],[-3.8963,40.288],[-3.8965,40.2881],[-3.8967,40.2883],[-3.8969,40.2884],[-3.897,40.2885],[-3.8971,40.2887],[-3.8973,40.2891],[-3.8973,40.2893],[-3.8972,40.2894],[-3.8972,40.2894],[-3.897,40.2895],[-3.8969,40.2896],[-3.8967,40.2898],[-3.8966,40.2899],[-3.8965,40.29],[-3.8963,40.2902],[-3.8962,40.2904],[-3.8961,40.2905],[-3.8962,40.2906],[-3.8964,40.2907],[-3.8965,40.2909],[-3.8966,40.2905],[-3.8967,40.2903],[-3.8967,40.2902],[-3.8968,40.2901],[-3.8969,40.29],[-3.8971,40.2898],[-3.8973,40.2897],[-3.8973,40.2897],[-3.8974,40.2897],[-3.8974,40.2898]]],[[[-3.9216,40.5019],[-3.9223,40.501],[-3.9245,40.5011],[-3.9257,40.5011],[-3.9244,40.5026],[-3.9247,40.5028],[-3.9272,40.5011],[-3.9272,40.501],[-3.9293,40.5011],[-3.9306,40.501],[-3.9331,40.5006],[-3.9331,40.5006],[-3.933,40.5005],[-3.933,40.5003],[-3.9329,40.5001],[-3.9329,40.5],[-3.9329,40.4999],[-3.9329,40.4998],[-3.933,40.4997],[-3.9331,40.4996],[-3.9332,40.4996],[-3.9334,40.4997],[-3.9335,40.4997],[-3.9336,40.4998],[-3.9338,40.4998],[-3.934,40.4998],[-3.9341,40.4997],[-3.9342,40.4996],[-3.9344,40.4995],[-3.9346,40.4993],[-3.9347,40.4992],[-3.9349,40.499],[-3.935,40.4989],[-3.9349,40.4987],[-3.935,40.4985],[-3.935,40.4984],[-3.9352,40.4983],[-3.9353,40.4982],[-3.9354,40.498],[-3.9355,40.4978],[-3.9355,40.4976],[-3.9355,40.4974],[-3.9354,40.4972],[-3.9347,40.4972],[-3.9345,40.4972],[-3.9343,40.4972],[-3.9342,40.4972],[-3.9341,40.4971],[-3.9341,40.4972],[-3.9341,40.4973],[-3.9342,40.4975],[-3.9341,40.4976],[-3.9339,40.4976],[-3.9338,40.4975],[-3.9336,40.4973],[-3.9335,40.4972],[-3.9333,40.4971],[-3.9332,40.497],[-3.933,40.4969],[-3.9329,40.4968],[-3.9327,40.4967],[-3.9326,40.4966],[-3.9325,40.4966],[-3.9324,40.4966],[-3.9323,40.4967],[-3.9324,40.4968],[-3.9325,40.4969],[-3.9325,40.497],[-3.9327,40.4971],[-3.9328,40.4972],[-3.9328,40.4973],[-3.9328,40.4975],[-3.9328,40.4977],[-3.9328,40.4979],[-3.9326,40.498],[-3.9325,40.4982],[-3.9323,40.4983],[-3.9324,40.4983],[-3.9325,40.4984],[-3.9326,40.4984],[-3.9326,40.4986],[-3.9326,40.4986],[-3.9323,40.4987],[-3.9322,40.4988],[-3.932,40.4988],[-3.9318,40.4987],[-3.9315,40.4987],[-3.9312,40.4986],[-3.9309,40.4986],[-3.9305,40.4985],[-3.9302,40.4984],[-3.93,40.4983],[-3.9299,40.4982],[-3.9297,40.4981],[-3.9296,40.4979],[-3.9294,40.4977],[-3.9292,40.4976],[-3.9291,40.4974],[-3.929,40.4973],[-3.9289,40.4971],[-3.9288,40.497],[-3.9287,40.4968],[-3.9286,40.4966],[-3.9285,40.4965],[-3.9284,40.4964],[-3.9284,40.4964],[-3.9282,40.4964],[-3.9281,40.4964],[-3.928,40.4964],[-3.9278,40.4962],[-3.9277,40.4961],[-3.9277,40.496],[-3.9276,40.4959],[-3.9276,40.4958],[-3.9275,40.4957],[-3.9274,40.4957],[-3.9272,40.4956],[-3.927,40.4957],[-3.927,40.4957],[-3.9269,40.4958],[-3.9269,40.4959],[-3.9269,40.496],[-3.9268,40.496],[-3.9267,40.496],[-3.9266,40.496],[-3.9263,40.4958],[-3.9262,40.4958],[-3.926,40.4957],[-3.9259,40.4957],[-3.9257,40.4956],[-3.9256,40.4956],[-3.9255,40.4954],[-3.9254,40.4953],[-3.9254,40.4952],[-3.9253,40.4951],[-3.9251,40.495],[-3.925,40.495],[-3.9249,40.495],[-3.9248,40.495],[-3.9247,40.4951],[-3.9246,40.4952],[-3.9245,40.4951],[-3.9243,40.495],[-3.9242,40.4949],[-3.924,40.4947],[-3.9238,40.4946],[-3.9237,40.4945],[-3.9235,40.4944],[-3.9234,40.4944],[-3.9234,40.4945],[-3.9236,40.4946],[-3.9237,40.4947],[-3.9238,40.4949],[-3.9238,40.495],[-3.9239,40.4952],[-3.9239,40.4954],[-3.924,40.4954],[-3.9241,40.4954],[-3.9243,40.4954],[-3.9245,40.4956],[-3.9247,40.4957],[-3.9249,40.4958],[-3.9251,40.4959],[-3.9255,40.4961],[-3.9258,40.4962],[-3.9261,40.4963],[-3.9264,40.4964],[-3.9267,40.4966],[-3.9271,40.4968],[-3.9274,40.497],[-3.9277,40.4971],[-3.9279,40.4972],[-3.9279,40.4974],[-3.928,40.4975],[-3.9281,40.4977],[-3.9283,40.4978],[-3.9284,40.498],[-3.9285,40.4982],[-3.9285,40.4983],[-3.9285,40.4984],[-3.9285,40.4986],[-3.9284,40.4987],[-3.9283,40.4988],[-3.9281,40.4989],[-3.928,40.4988],[-3.9278,40.4987],[-3.9277,40.4986],[-3.9276,40.4984],[-3.9274,40.4984],[-3.9272,40.4984],[-3.927,40.4984],[-3.9268,40.4983],[-3.9266,40.4982],[-3.9265,40.4981],[-3.9263,40.4979],[-3.9262,40.4978],[-3.926,40.4977],[-3.9259,40.4976],[-3.9258,40.4975],[-3.9257,40.4975],[-3.9257,40.4976],[-3.9256,40.4976],[-3.9257,40.4977],[-3.9258,40.4979],[-3.9261,40.4983],[-3.9261,40.4984],[-3.9262,40.4985],[-3.9261,40.4986],[-3.926,40.4986],[-3.9259,40.4985],[-3.9257,40.4984],[-3.9256,40.4983],[-3.9255,40.4981],[-3.9253,40.498],[-3.9252,40.4979],[-3.925,40.4979],[-3.9248,40.4978],[-3.9246,40.4978],[-3.9244,40.4977],[-3.9243,40.4976],[-3.924,40.4973],[-3.924,40.4972],[-3.9239,40.4971],[-3.9238,40.4969],[-3.9237,40.4968],[-3.9236,40.4966],[-3.9235,40.4964],[-3.9234,40.4962],[-3.9232,40.4962],[-3.923,40.4961],[-3.9228,40.4961],[-3.9226,40.496],[-3.9225,40.4959],[-3.9223,40.4958],[-3.9222,40.4958],[-3.9221,40.4958],[-3.922,40.4959],[-3.9221,40.4961],[-3.9223,40.4963],[-3.9225,40.4964],[-3.9226,40.4965],[-3.9228,40.4968],[-3.923,40.4969],[-3.9231,40.497],[-3.9232,40.4972],[-3.9233,40.4973],[-3.9233,40.4974],[-3.9233,40.4975],[-3.9232,40.4976],[-3.9231,40.4976],[-3.923,40.4975],[-3.9228,40.4974],[-3.9227,40.4973],[-3.9225,40.4972],[-3.9224,40.4971],[-3.9223,40.4971],[-3.9223,40.4971],[-3.9222,40.4972],[-3.9222,40.4973],[-3.9221,40.4974],[-3.922,40.4975],[-3.9218,40.4976],[-3.9217,40.4976],[-3.9215,40.4976],[-3.9214,40.4976],[-3.9212,40.4976],[-3.921,40.4974],[-3.9208,40.4973],[-3.9207,40.4972],[-3.9206,40.497],[-3.9205,40.4969],[-3.9205,40.4967],[-3.9205,40.4966],[-3.9205,40.4964],[-3.9205,40.4963],[-3.9205,40.4962],[-3.9205,40.496],[-3.9205,40.4959],[-3.9205,40.4957],[-3.9204,40.4957],[-3.9203,40.4956],[-3.9203,40.4957],[-3.9203,40.4958],[-3.9203,40.4959],[-3.9202,40.496],[-3.9202,40.4961],[-3.9201,40.4962],[-3.9201,40.4962],[-3.9201,40.4962],[-3.9199,40.4962],[-3.9199,40.4961],[-3.9197,40.496],[-3.9196,40.4958],[-3.9194,40.4955],[-3.9192,40.4953],[-3.9191,40.4952],[-3.919,40.495],[-3.9188,40.4949],[-3.9187,40.4949],[-3.9186,40.4948],[-3.9185,40.4948],[-3.9185,40.4946],[-3.9185,40.4945],[-3.9185,40.4944],[-3.9184,40.4943],[-3.9184,40.4942],[-3.9183,40.4941],[-3.9183,40.4941],[-3.9182,40.4942],[-3.9181,40.4943],[-3.9181,40.4945],[-3.9181,40.4947],[-3.9181,40.4948],[-3.9181,40.4949],[-3.9179,40.495],[-3.9177,40.4949],[-3.9177,40.4948],[-3.9175,40.4947],[-3.9174,40.4946],[-3.9173,40.4945],[-3.9172,40.4945],[-3.9168,40.4947],[-3.9168,40.4948],[-3.9169,40.4948],[-3.9172,40.4951],[-3.9173,40.4952],[-3.9175,40.4954],[-3.9177,40.4956],[-3.918,40.4957],[-3.9181,40.4958],[-3.9181,40.4959],[-3.9181,40.496],[-3.9179,40.496],[-3.9177,40.496],[-3.9174,40.496],[-3.9173,40.496],[-3.9172,40.4961],[-3.9173,40.4963],[-3.9175,40.4964],[-3.9177,40.4965],[-3.9178,40.4968],[-3.9179,40.4969],[-3.9181,40.497],[-3.9183,40.4971],[-3.9185,40.4971],[-3.9187,40.4972],[-3.9187,40.4974],[-3.9186,40.4975],[-3.9184,40.4976],[-3.9183,40.4977],[-3.9184,40.4978],[-3.9185,40.4979],[-3.9186,40.498],[-3.9186,40.4981],[-3.9185,40.4983],[-3.9183,40.4984],[-3.9182,40.4984],[-3.918,40.4983],[-3.9178,40.4982],[-3.9176,40.498],[-3.9174,40.4978],[-3.9173,40.4977],[-3.9172,40.4975],[-3.9171,40.4973],[-3.9169,40.4972],[-3.9167,40.497],[-3.9165,40.4969],[-3.9163,40.4968],[-3.916,40.4967],[-3.9158,40.4967],[-3.9157,40.4966],[-3.9155,40.4966],[-3.9154,40.4967],[-3.9153,40.4968],[-3.9153,40.497],[-3.9153,40.4972],[-3.9155,40.4974],[-3.9156,40.4977],[-3.9157,40.4979],[-3.9159,40.4981],[-3.916,40.4984],[-3.9162,40.4986],[-3.9164,40.4989],[-3.9165,40.4991],[-3.9165,40.4992],[-3.9166,40.4994],[-3.9166,40.4996],[-3.9166,40.4997],[-3.9165,40.4999],[-3.9164,40.4999],[-3.9162,40.5],[-3.916,40.4999],[-3.9157,40.4998],[-3.9154,40.4997],[-3.9151,40.4995],[-3.9149,40.4994],[-3.9148,40.4993],[-3.9148,40.4991],[-3.9147,40.499],[-3.9147,40.4988],[-3.9146,40.4986],[-3.9146,40.4984],[-3.9145,40.4983],[-3.9145,40.4982],[-3.9144,40.4981],[-3.9143,40.498],[-3.9142,40.4979],[-3.9141,40.4979],[-3.914,40.4979],[-3.9138,40.4978],[-3.9138,40.4977],[-3.9138,40.4976],[-3.9137,40.4975],[-3.9136,40.4973],[-3.9135,40.4972],[-3.9133,40.4972],[-3.9132,40.4972],[-3.9131,40.4972],[-3.9129,40.4971],[-3.9128,40.4971],[-3.9127,40.497],[-3.9127,40.497],[-3.9127,40.4969],[-3.9126,40.4966],[-3.9126,40.4967],[-3.9121,40.4968],[-3.9121,40.4968],[-3.9112,40.4972],[-3.9082,40.4986],[-3.9075,40.5002],[-3.9086,40.5012],[-3.9099,40.5023],[-3.9125,40.5022],[-3.9147,40.502],[-3.9165,40.5019],[-3.9189,40.5019],[-3.9208,40.5029],[-3.9216,40.5019]]],[[[-3.9361,40.5279],[-3.9362,40.528],[-3.9363,40.528],[-3.9365,40.528],[-3.9367,40.5281],[-3.9369,40.5281],[-3.937,40.5282],[-3.9371,40.5282],[-3.9372,40.5282],[-3.9372,40.5281],[-3.9373,40.5281],[-3.9375,40.528],[-3.9377,40.5279],[-3.938,40.5278],[-3.938,40.5279],[-3.9381,40.5278],[-3.9383,40.5277],[-3.9384,40.5277],[-3.9384,40.5277],[-3.9383,40.5275],[-3.9383,40.5273],[-3.9383,40.5271],[-3.9383,40.5269],[-3.9383,40.5265],[-3.9383,40.5262],[-3.9383,40.526],[-3.9383,40.5257],[-3.9384,40.5255],[-3.9384,40.5254],[-3.9385,40.5251],[-3.9386,40.5249],[-3.9387,40.5247],[-3.9388,40.5244],[-3.9388,40.5241],[-3.9388,40.5239],[-3.9388,40.5238],[-3.9389,40.5237],[-3.939,40.5236],[-3.9391,40.5234],[-3.9392,40.5233],[-3.9393,40.5231],[-3.9394,40.5228],[-3.9394,40.5226],[-3.9395,40.5223],[-3.9395,40.5221],[-3.9395,40.5219],[-3.9394,40.5216],[-3.9393,40.5214],[-3.9393,40.5211],[-3.9391,40.5209],[-3.9391,40.5206],[-3.939,40.5204],[-3.9389,40.5202],[-3.9388,40.52],[-3.9387,40.5198],[-3.9386,40.5196],[-3.9385,40.5192],[-3.9384,40.5191],[-3.9384,40.5188],[-3.9384,40.5185],[-3.9384,40.5183],[-3.9385,40.518],[-3.9386,40.5178],[-3.9388,40.5176],[-3.9389,40.5174],[-3.9391,40.5172],[-3.9392,40.517],[-3.9393,40.5167],[-3.9395,40.5165],[-3.9397,40.5162],[-3.9399,40.5161],[-3.9401,40.516],[-3.9402,40.5159],[-3.9403,40.5159],[-3.9405,40.5159],[-3.9406,40.516],[-3.9408,40.516],[-3.941,40.5161],[-3.941,40.516],[-3.941,40.5158],[-3.941,40.5156],[-3.9409,40.5153],[-3.9407,40.5152],[-3.9406,40.515],[-3.9405,40.5148],[-3.9403,40.5147],[-3.94,40.5146],[-3.9398,40.5146],[-3.9397,40.5145],[-3.9395,40.5145],[-3.9394,40.5144],[-3.9393,40.5143],[-3.9392,40.5141],[-3.9391,40.5139],[-3.939,40.5137],[-3.9389,40.5135],[-3.9388,40.5134],[-3.9384,40.5132],[-3.9379,40.5131],[-3.9375,40.5129],[-3.9371,40.5126],[-3.937,40.5124],[-3.9367,40.5124],[-3.9365,40.5124],[-3.9363,40.5125],[-3.9361,40.5125],[-3.9359,40.5125],[-3.9356,40.5125],[-3.9353,40.5125],[-3.9351,40.5125],[-3.9348,40.5124],[-3.9347,40.5127],[-3.9344,40.5125],[-3.9341,40.5124],[-3.9339,40.5124],[-3.9337,40.5123],[-3.9335,40.5122],[-3.9333,40.5121],[-3.9331,40.512],[-3.933,40.5118],[-3.9329,40.5117],[-3.9328,40.5116],[-3.9327,40.5113],[-3.9327,40.5111],[-3.9326,40.5109],[-3.9326,40.5107],[-3.9325,40.5104],[-3.9325,40.5102],[-3.9324,40.51],[-3.9324,40.5098],[-3.9324,40.5096],[-3.9324,40.5095],[-3.9326,40.5094],[-3.9327,40.5093],[-3.933,40.5092],[-3.9331,40.509],[-3.9332,40.5089],[-3.9334,40.5088],[-3.9335,40.5088],[-3.9337,40.5087],[-3.9338,40.5087],[-3.9338,40.5086],[-3.9337,40.5085],[-3.9336,40.5085],[-3.9336,40.5084],[-3.9336,40.5082],[-3.9337,40.5081],[-3.9338,40.5081],[-3.934,40.508],[-3.9343,40.5079],[-3.9344,40.5079],[-3.9345,40.5077],[-3.9345,40.5076],[-3.9345,40.5075],[-3.9344,40.5074],[-3.9342,40.5073],[-3.9339,40.5073],[-3.9337,40.5073],[-3.9336,40.5073],[-3.9335,40.5073],[-3.9335,40.5072],[-3.9335,40.5071],[-3.9337,40.5069],[-3.9339,40.5067],[-3.934,40.5066],[-3.934,40.5065],[-3.934,40.5064],[-3.934,40.5063],[-3.9338,40.5062],[-3.9337,40.5062],[-3.9335,40.5062],[-3.9333,40.5062],[-3.9331,40.5062],[-3.9329,40.5062],[-3.9329,40.5062],[-3.9326,40.5062],[-3.9324,40.5061],[-3.9322,40.5061],[-3.932,40.5061],[-3.9318,40.5061],[-3.9317,40.5062],[-3.9314,40.5063],[-3.9312,40.5063],[-3.931,40.5063],[-3.9309,40.5063],[-3.9308,40.5064],[-3.9306,40.5065],[-3.9305,40.5065],[-3.9302,40.5065],[-3.93,40.5065],[-3.9298,40.5066],[-3.9296,40.5067],[-3.9293,40.5067],[-3.9291,40.5068],[-3.9289,40.5068],[-3.9288,40.5068],[-3.9285,40.5067],[-3.9286,40.5071],[-3.9293,40.509],[-3.9302,40.5113],[-3.9312,40.5121],[-3.9312,40.5121],[-3.9313,40.5121],[-3.9313,40.5121],[-3.9324,40.5139],[-3.9336,40.515],[-3.9347,40.5158],[-3.9354,40.5163],[-3.9355,40.5163],[-3.9362,40.5168],[-3.9368,40.5173],[-3.9365,40.5178],[-3.9366,40.5179],[-3.9366,40.518],[-3.9365,40.518],[-3.9365,40.5181],[-3.9363,40.5182],[-3.9362,40.5183],[-3.9361,40.5184],[-3.936,40.5185],[-3.9359,40.5185],[-3.9358,40.5186],[-3.9358,40.5186],[-3.9357,40.5186],[-3.9354,40.5186],[-3.9352,40.5186],[-3.935,40.5186],[-3.9349,40.5186],[-3.9347,40.5187],[-3.9346,40.5187],[-3.9346,40.5187],[-3.9346,40.5188],[-3.9346,40.5188],[-3.9346,40.5188],[-3.9346,40.5188],[-3.9347,40.5189],[-3.9347,40.5189],[-3.9348,40.5189],[-3.9348,40.519],[-3.9348,40.5192],[-3.9349,40.5193],[-3.9349,40.5196],[-3.935,40.5199],[-3.935,40.5201],[-3.9351,40.5203],[-3.9351,40.5205],[-3.9351,40.5205],[-3.9352,40.5205],[-3.9353,40.5205],[-3.9354,40.5205],[-3.936,40.5203],[-3.9362,40.5206],[-3.9363,40.5208],[-3.9362,40.5209],[-3.9362,40.521],[-3.9361,40.5211],[-3.9362,40.5212],[-3.9362,40.5214],[-3.9361,40.5214],[-3.9359,40.5214],[-3.9358,40.5214],[-3.9358,40.5213],[-3.9357,40.5213],[-3.9355,40.5213],[-3.9354,40.5214],[-3.9351,40.5216],[-3.9351,40.5217],[-3.9351,40.5219],[-3.9351,40.5221],[-3.9351,40.5223],[-3.9351,40.5225],[-3.9352,40.5227],[-3.9351,40.5228],[-3.9351,40.523],[-3.9349,40.5232],[-3.935,40.5233],[-3.935,40.5235],[-3.9351,40.5237],[-3.9352,40.524],[-3.9354,40.5245],[-3.9355,40.5246],[-3.9355,40.5247],[-3.9355,40.5248],[-3.9355,40.525],[-3.9354,40.5251],[-3.9354,40.5252],[-3.9354,40.5253],[-3.9353,40.5254],[-3.9353,40.5255],[-3.9353,40.5256],[-3.9354,40.5257],[-3.9354,40.5258],[-3.9355,40.5259],[-3.9355,40.526],[-3.9355,40.5262],[-3.9356,40.5263],[-3.9356,40.5265],[-3.9356,40.5266],[-3.9355,40.5268],[-3.9356,40.5272],[-3.9356,40.5273],[-3.9357,40.5274],[-3.9357,40.5274],[-3.9357,40.5275],[-3.9358,40.5276],[-3.9359,40.5277],[-3.936,40.5278],[-3.9361,40.5279],[-3.9361,40.5279]]],[[[-3.8942,40.3894],[-3.8945,40.3894],[-3.8947,40.3893],[-3.8949,40.3892],[-3.8951,40.3891],[-3.8952,40.3889],[-3.8953,40.3887],[-3.8955,40.3885],[-3.8956,40.3884],[-3.8957,40.3883],[-3.8958,40.3883],[-3.896,40.3883],[-3.8963,40.3882],[-3.8965,40.3882],[-3.8967,40.3882],[-3.897,40.3881],[-3.8972,40.3881],[-3.8975,40.388],[-3.8978,40.3879],[-3.8981,40.3878],[-3.8983,40.3877],[-3.8985,40.3874],[-3.8986,40.3873],[-3.8989,40.387],[-3.899,40.3869],[-3.8991,40.3867],[-3.8993,40.3866],[-3.8994,40.3866],[-3.8998,40.3865],[-3.9,40.3865],[-3.9002,40.3865],[-3.9005,40.3864],[-3.9007,40.3864],[-3.901,40.3864],[-3.9012,40.3864],[-3.9015,40.3865],[-3.9017,40.3864],[-3.9019,40.3864],[-3.902,40.3863],[-3.902,40.3861],[-3.902,40.386],[-3.902,40.3859],[-3.902,40.3858],[-3.902,40.3857],[-3.902,40.3856],[-3.9021,40.3855],[-3.9021,40.3854],[-3.9022,40.3852],[-3.9023,40.385],[-3.9024,40.3848],[-3.9025,40.3846],[-3.9026,40.3844],[-3.9028,40.3842],[-3.9029,40.3841],[-3.9029,40.3839],[-3.9029,40.3836],[-3.903,40.3834],[-3.9031,40.3834],[-3.9034,40.3833],[-3.9034,40.3832],[-3.9033,40.383],[-3.9032,40.3829],[-3.9032,40.3829],[-3.9032,40.3827],[-3.9033,40.3826],[-3.9035,40.3825],[-3.9036,40.3823],[-3.9038,40.3823],[-3.904,40.3822],[-3.9041,40.3821],[-3.9043,40.382],[-3.9044,40.3819],[-3.9044,40.3819],[-3.9045,40.3818],[-3.9047,40.3819],[-3.9048,40.3819],[-3.9051,40.3819],[-3.9052,40.382],[-3.9054,40.382],[-3.9055,40.382],[-3.9056,40.3819],[-3.906,40.3813],[-3.9063,40.381],[-3.9063,40.3809],[-3.9062,40.3807],[-3.9063,40.3806],[-3.9063,40.3804],[-3.9065,40.3803],[-3.9066,40.3802],[-3.9068,40.3801],[-3.907,40.3799],[-3.907,40.3797],[-3.9071,40.3797],[-3.9072,40.3795],[-3.9073,40.3794],[-3.9074,40.3793],[-3.9075,40.3791],[-3.9076,40.379],[-3.9077,40.3788],[-3.9078,40.3786],[-3.9078,40.3785],[-3.9078,40.3783],[-3.9078,40.3781],[-3.9078,40.3779],[-3.9078,40.3777],[-3.9078,40.3774],[-3.9067,40.3763],[-3.9037,40.3763],[-3.9004,40.3774],[-3.9004,40.3776],[-3.9004,40.3778],[-3.9004,40.3779],[-3.9004,40.378],[-3.9003,40.3781],[-3.9003,40.3781],[-3.9003,40.3783],[-3.9002,40.3784],[-3.9001,40.3785],[-3.8999,40.3787],[-3.8999,40.3788],[-3.8998,40.3788],[-3.8996,40.3789],[-3.8993,40.379],[-3.8992,40.3791],[-3.8991,40.3791],[-3.899,40.3791],[-3.899,40.3792],[-3.8989,40.3792],[-3.8987,40.3795],[-3.8986,40.3798],[-3.8982,40.3805],[-3.8981,40.3806],[-3.898,40.3808],[-3.8979,40.3808],[-3.8977,40.3809],[-3.8976,40.381],[-3.8974,40.3812],[-3.8972,40.3813],[-3.8972,40.3813],[-3.897,40.3815],[-3.8969,40.3817],[-3.8968,40.3818],[-3.8967,40.3818],[-3.8966,40.3819],[-3.8963,40.3821],[-3.8942,40.3895],[-3.8942,40.3894]]],[[[-4.0449,40.5471],[-4.0451,40.5471],[-4.0453,40.5472],[-4.0455,40.5472],[-4.0457,40.5473],[-4.0459,40.5473],[-4.0461,40.5474],[-4.0462,40.5475],[-4.0463,40.5476],[-4.0463,40.5476],[-4.0464,40.5475],[-4.0464,40.5475],[-4.0465,40.5474],[-4.0465,40.5474],[-4.0465,40.5474],[-4.0465,40.5474],[-4.0466,40.5473],[-4.0466,40.5473],[-4.0467,40.5473],[-4.0467,40.5472],[-4.0467,40.5472],[-4.0467,40.5471],[-4.0468,40.5471],[-4.0468,40.5471],[-4.0468,40.547],[-4.0468,40.547],[-4.0468,40.547],[-4.0468,40.5469],[-4.0468,40.5469],[-4.0469,40.5469],[-4.0469,40.5469],[-4.047,40.5469],[-4.047,40.5469],[-4.047,40.547],[-4.0471,40.547],[-4.0472,40.5471],[-4.0473,40.5471],[-4.0474,40.5471],[-4.0475,40.5471],[-4.0475,40.5471],[-4.0476,40.5471],[-4.0476,40.5471],[-4.0477,40.5471],[-4.0478,40.5471],[-4.0478,40.547],[-4.0478,40.547],[-4.0478,40.547],[-4.0478,40.5469],[-4.0477,40.5469],[-4.0477,40.5469],[-4.0477,40.5469],[-4.0477,40.5469],[-4.0476,40.5468],[-4.0476,40.5468],[-4.0477,40.5468],[-4.0477,40.5467],[-4.0477,40.5467],[-4.0479,40.5467],[-4.0479,40.5467],[-4.048,40.5467],[-4.048,40.5467],[-4.048,40.5467],[-4.0481,40.5467],[-4.0481,40.5467],[-4.0481,40.5467],[-4.0482,40.5467],[-4.0482,40.5467],[-4.0482,40.5467],[-4.0482,40.5467],[-4.0483,40.5467],[-4.0484,40.5467],[-4.0484,40.5468],[-4.0485,40.5468],[-4.0485,40.5468],[-4.0485,40.5468],[-4.0485,40.5468],[-4.0486,40.5468],[-4.0486,40.5468],[-4.0487,40.5468],[-4.0487,40.5468],[-4.0487,40.5468],[-4.0487,40.5467],[-4.0487,40.5467],[-4.0487,40.5467],[-4.0487,40.5467],[-4.0487,40.5466],[-4.0487,40.5465],[-4.0487,40.5465],[-4.0487,40.5465],[-4.0487,40.5465],[-4.0487,40.5464],[-4.0488,40.5464],[-4.0488,40.5463],[-4.0489,40.5463],[-4.0489,40.5462],[-4.0489,40.5462],[-4.0489,40.5462],[-4.0489,40.5461],[-4.0489,40.5461],[-4.0489,40.5461],[-4.049,40.5461],[-4.049,40.546],[-4.049,40.546],[-4.049,40.546],[-4.049,40.546],[-4.0491,40.546],[-4.0491,40.5459],[-4.0491,40.5459],[-4.0491,40.5459],[-4.0491,40.5459],[-4.0491,40.5459],[-4.0491,40.5458],[-4.0491,40.5458],[-4.0492,40.5457],[-4.0492,40.5457],[-4.0493,40.5457],[-4.0493,40.5457],[-4.0494,40.5457],[-4.0494,40.5457],[-4.0494,40.5457],[-4.0494,40.5456],[-4.0495,40.5456],[-4.0495,40.5456],[-4.0496,40.5456],[-4.0496,40.5456],[-4.0496,40.5456],[-4.0497,40.5456],[-4.0497,40.5456],[-4.0497,40.5456],[-4.0498,40.5456],[-4.0498,40.5455],[-4.0498,40.5454],[-4.0498,40.5454],[-4.0497,40.5454],[-4.0497,40.5454],[-4.0497,40.5453],[-4.0497,40.5452],[-4.0496,40.5452],[-4.0497,40.5452],[-4.0497,40.5451],[-4.0497,40.5451],[-4.0497,40.5451],[-4.0496,40.5451],[-4.0496,40.5451],[-4.0495,40.5451],[-4.0495,40.5451],[-4.0494,40.5451],[-4.0494,40.5451],[-4.0494,40.5451],[-4.0493,40.5451],[-4.0493,40.5451],[-4.0492,40.5452],[-4.0492,40.5452],[-4.0491,40.5452],[-4.0491,40.5453],[-4.049,40.5453],[-4.049,40.5453],[-4.0489,40.5453],[-4.0489,40.5452],[-4.0488,40.5452],[-4.0488,40.5451],[-4.0487,40.545],[-4.0487,40.5449],[-4.0487,40.5448],[-4.0487,40.5448],[-4.0487,40.5447],[-4.0487,40.5447],[-4.0488,40.5447],[-4.0488,40.5446],[-4.0488,40.5446],[-4.0488,40.5446],[-4.0488,40.5445],[-4.0488,40.5445],[-4.0488,40.5444],[-4.0488,40.5444],[-4.0488,40.5444],[-4.0489,40.5443],[-4.049,40.5443],[-4.049,40.5442],[-4.049,40.5442],[-4.049,40.5442],[-4.049,40.5441],[-4.0489,40.5441],[-4.0489,40.544],[-4.0489,40.544],[-4.0489,40.5439],[-4.0489,40.5439],[-4.0489,40.5439],[-4.0489,40.5438],[-4.0488,40.5438],[-4.0487,40.5437],[-4.0486,40.5436],[-4.0486,40.5436],[-4.0487,40.5435],[-4.0487,40.5435],[-4.0487,40.5434],[-4.0487,40.5434],[-4.0487,40.5433],[-4.0487,40.5433],[-4.0488,40.5432],[-4.0487,40.5431],[-4.0487,40.5431],[-4.0486,40.543],[-4.0486,40.543],[-4.0487,40.543],[-4.0488,40.543],[-4.0489,40.5431],[-4.049,40.5431],[-4.0491,40.5431],[-4.0492,40.5431],[-4.0492,40.543],[-4.0493,40.543],[-4.0493,40.5429],[-4.0493,40.5429],[-4.0494,40.5429],[-4.0494,40.5428],[-4.0495,40.5428],[-4.0495,40.5428],[-4.0495,40.5427],[-4.0495,40.5427],[-4.0496,40.5427],[-4.0496,40.5426],[-4.0496,40.5426],[-4.0497,40.5426],[-4.0497,40.5425],[-4.0497,40.5425],[-4.0496,40.5425],[-4.0496,40.5424],[-4.0496,40.5424],[-4.0497,40.5424],[-4.0498,40.5423],[-4.0498,40.5423],[-4.0498,40.5422],[-4.0498,40.5422],[-4.0497,40.5421],[-4.0497,40.5421],[-4.0497,40.5421],[-4.0498,40.542],[-4.05,40.542],[-4.0501,40.542],[-4.0502,40.5419],[-4.0503,40.5418],[-4.0503,40.5418],[-4.0503,40.5418],[-4.0502,40.5418],[-4.0501,40.5418],[-4.0501,40.5418],[-4.0501,40.5418],[-4.05,40.5417],[-4.05,40.5417],[-4.05,40.5417],[-4.05,40.5416],[-4.05,40.5416],[-4.0499,40.5416],[-4.0498,40.5416],[-4.0498,40.5416],[-4.0497,40.5415],[-4.0497,40.5415],[-4.0497,40.5414],[-4.0496,40.5414],[-4.0495,40.5414],[-4.0495,40.5415],[-4.0494,40.5415],[-4.0493,40.5415],[-4.0493,40.5415],[-4.0493,40.5415],[-4.0493,40.5415],[-4.0493,40.5414],[-4.0493,40.5414],[-4.0493,40.5413],[-4.0492,40.5413],[-4.0491,40.5414],[-4.0491,40.5414],[-4.049,40.5414],[-4.0489,40.5414],[-4.0489,40.5414],[-4.0488,40.5414],[-4.0487,40.5414],[-4.0487,40.5413],[-4.0487,40.5413],[-4.0487,40.5412],[-4.0487,40.5412],[-4.0486,40.5412],[-4.0486,40.5411],[-4.0485,40.5411],[-4.0485,40.5411],[-4.0484,40.5411],[-4.0484,40.541],[-4.0484,40.541],[-4.0483,40.541],[-4.0482,40.5409],[-4.0482,40.541],[-4.0481,40.5409],[-4.048,40.5409],[-4.048,40.5409],[-4.0479,40.5409],[-4.0479,40.5408],[-4.0479,40.5408],[-4.0479,40.5408],[-4.0478,40.5408],[-4.0478,40.5407],[-4.0479,40.5407],[-4.0479,40.5407],[-4.0479,40.5407],[-4.0478,40.5407],[-4.0478,40.5407],[-4.0477,40.5407],[-4.0476,40.5407],[-4.0475,40.5407],[-4.0474,40.5407],[-4.0473,40.5407],[-4.0472,40.5407],[-4.0471,40.5407],[-4.047,40.5407],[-4.0469,40.5407],[-4.0468,40.5407],[-4.0468,40.5407],[-4.0468,40.5407],[-4.0465,40.5409],[-4.046,40.5412],[-4.0456,40.5413],[-4.0452,40.5414],[-4.0447,40.5416],[-4.0441,40.5418],[-4.0435,40.542],[-4.0428,40.5423],[-4.0423,40.5424],[-4.0418,40.5425],[-4.0417,40.5426],[-4.0415,40.5427],[-4.0412,40.5429],[-4.0411,40.543],[-4.0409,40.5431],[-4.0408,40.5432],[-4.0408,40.5432],[-4.0407,40.5433],[-4.0404,40.5434],[-4.0401,40.5434],[-4.0397,40.5434],[-4.039,40.5435],[-4.038,40.5436],[-4.0376,40.5437],[-4.0371,40.5438],[-4.0366,40.5438],[-4.0363,40.5439],[-4.036,40.5439],[-4.0358,40.544],[-4.0357,40.5441],[-4.0355,40.5442],[-4.0354,40.5443],[-4.0354,40.5444],[-4.0352,40.5447],[-4.035,40.545],[-4.0355,40.5452],[-4.0357,40.5452],[-4.0359,40.5452],[-4.0362,40.5453],[-4.0365,40.5454],[-4.0369,40.5454],[-4.0372,40.5455],[-4.0374,40.5456],[-4.0376,40.5457],[-4.0378,40.5458],[-4.0379,40.546],[-4.038,40.5462],[-4.0381,40.5463],[-4.0382,40.5464],[-4.0382,40.5466],[-4.0383,40.5468],[-4.0383,40.5468],[-4.0383,40.5469],[-4.0384,40.5471],[-4.0384,40.5472],[-4.0385,40.5473],[-4.0385,40.5473],[-4.0387,40.5473],[-4.0391,40.5473],[-4.0393,40.5473],[-4.0395,40.5473],[-4.0398,40.5473],[-4.0401,40.5473],[-4.0405,40.5473],[-4.0408,40.5473],[-4.0412,40.5472],[-4.0415,40.5472],[-4.0418,40.5472],[-4.0424,40.5472],[-4.0427,40.5471],[-4.0431,40.5471],[-4.0434,40.5471],[-4.0437,40.5471],[-4.0439,40.5471],[-4.0441,40.5471],[-4.0443,40.5471],[-4.0445,40.5471],[-4.0445,40.547],[-4.0446,40.547],[-4.0448,40.5471],[-4.0449,40.5471]]],[[[-3.9504,40.4125],[-3.9504,40.4126],[-3.9505,40.4127],[-3.9506,40.4128],[-3.9506,40.4128],[-3.9507,40.4127],[-3.9508,40.4125],[-3.9509,40.4125],[-3.951,40.4125],[-3.951,40.4125],[-3.951,40.4124],[-3.9511,40.4124],[-3.9513,40.4124],[-3.9513,40.4123],[-3.9514,40.4123],[-3.9514,40.4123],[-3.9515,40.4123],[-3.9515,40.4122],[-3.9517,40.4122],[-3.9517,40.4122],[-3.9518,40.4122],[-3.9519,40.4122],[-3.9521,40.4122],[-3.9524,40.4122],[-3.9526,40.4122],[-3.9528,40.4122],[-3.953,40.4122],[-3.9535,40.4122],[-3.9541,40.4123],[-3.9549,40.4123],[-3.9551,40.4123],[-3.9553,40.4123],[-3.9556,40.4122],[-3.9559,40.4121],[-3.9564,40.4119],[-3.9569,40.4117],[-3.957,40.4116],[-3.9582,40.411],[-3.9583,40.4109],[-3.9584,40.4109],[-3.9586,40.4108],[-3.9588,40.4106],[-3.9591,40.4104],[-3.9591,40.4104],[-3.9592,40.4103],[-3.9594,40.4101],[-3.9595,40.41],[-3.9596,40.41],[-3.9597,40.4098],[-3.9598,40.4098],[-3.9601,40.4097],[-3.9601,40.4097],[-3.9602,40.4097],[-3.9607,40.4096],[-3.9607,40.4096],[-3.961,40.4096],[-3.9614,40.4096],[-3.9617,40.4096],[-3.9624,40.4094],[-3.9624,40.4094],[-3.9629,40.4094],[-3.9631,40.4094],[-3.9633,40.4093],[-3.9635,40.4093],[-3.9637,40.4093],[-3.9645,40.4092],[-3.9651,40.4092],[-3.9654,40.4091],[-3.9657,40.4091],[-3.9658,40.4091],[-3.966,40.409],[-3.9664,40.4089],[-3.9669,40.4087],[-3.9671,40.4086],[-3.9671,40.4086],[-3.9674,40.4085],[-3.9674,40.4085],[-3.9677,40.4085],[-3.968,40.4085],[-3.9688,40.4085],[-3.9689,40.4085],[-3.9694,40.4085],[-3.9695,40.4085],[-3.9695,40.4085],[-3.9697,40.4085],[-3.9698,40.4085],[-3.97,40.4085],[-3.9701,40.4085],[-3.9702,40.4085],[-3.9703,40.4084],[-3.9706,40.4084],[-3.9708,40.4083],[-3.972,40.4078],[-3.972,40.4078],[-3.9722,40.4078],[-3.9721,40.4075],[-3.9716,40.4075],[-3.9712,40.4077],[-3.9706,40.4078],[-3.9703,40.4079],[-3.9701,40.4079],[-3.9699,40.408],[-3.9697,40.4081],[-3.9696,40.4081],[-3.9695,40.4081],[-3.9694,40.408],[-3.9692,40.408],[-3.9691,40.408],[-3.9688,40.408],[-3.9686,40.408],[-3.9682,40.408],[-3.968,40.4081],[-3.9678,40.4082],[-3.9676,40.4083],[-3.9673,40.4083],[-3.9669,40.4083],[-3.9667,40.4083],[-3.9664,40.4083],[-3.9661,40.4085],[-3.9659,40.4086],[-3.9657,40.4086],[-3.9655,40.4087],[-3.9654,40.4087],[-3.9652,40.4087],[-3.965,40.4086],[-3.9647,40.4086],[-3.9645,40.4086],[-3.9642,40.4087],[-3.9641,40.4087],[-3.9638,40.4088],[-3.9636,40.4089],[-3.9634,40.4089],[-3.9632,40.4089],[-3.9629,40.4089],[-3.9627,40.4088],[-3.9623,40.4087],[-3.9621,40.4087],[-3.9619,40.4086],[-3.9617,40.4086],[-3.9615,40.4087],[-3.9614,40.4088],[-3.9612,40.4089],[-3.9611,40.4089],[-3.9608,40.4088],[-3.9606,40.4088],[-3.9604,40.4087],[-3.9603,40.4087],[-3.9601,40.4087],[-3.96,40.4087],[-3.9599,40.4087],[-3.9597,40.4088],[-3.9595,40.4089],[-3.9593,40.4091],[-3.9591,40.4091],[-3.9589,40.4091],[-3.9587,40.4091],[-3.9584,40.4091],[-3.9581,40.409],[-3.9578,40.4089],[-3.9576,40.4089],[-3.9572,40.4088],[-3.9571,40.4087],[-3.9569,40.4087],[-3.9566,40.4087],[-3.9564,40.4087],[-3.9562,40.4087],[-3.956,40.4087],[-3.9558,40.4086],[-3.9557,40.4085],[-3.9555,40.4083],[-3.9553,40.4082],[-3.9551,40.4081],[-3.9548,40.408],[-3.9546,40.408],[-3.9544,40.4079],[-3.9542,40.4079],[-3.9542,40.4079],[-3.9541,40.4078],[-3.9541,40.4076],[-3.954,40.4075],[-3.9539,40.4073],[-3.9537,40.4072],[-3.9535,40.4072],[-3.9533,40.4071],[-3.9532,40.4071],[-3.9531,40.407],[-3.953,40.4069],[-3.9529,40.4068],[-3.9527,40.4066],[-3.9526,40.4065],[-3.9525,40.4063],[-3.9525,40.4062],[-3.9523,40.406],[-3.9522,40.4059],[-3.9521,40.4057],[-3.9519,40.4056],[-3.9517,40.4056],[-3.9513,40.4056],[-3.9511,40.4056],[-3.9508,40.4056],[-3.9506,40.4056],[-3.9503,40.4057],[-3.95,40.4058],[-3.9487,40.406],[-3.9473,40.4063],[-3.9473,40.4063],[-3.9473,40.4064],[-3.9474,40.4069],[-3.9475,40.4073],[-3.9476,40.4074],[-3.9476,40.4075],[-3.9477,40.408],[-3.9479,40.4085],[-3.948,40.4086],[-3.9481,40.4088],[-3.9485,40.409],[-3.9486,40.4092],[-3.9487,40.4094],[-3.9488,40.4098],[-3.9489,40.4102],[-3.9491,40.4107],[-3.9493,40.411],[-3.9493,40.411],[-3.9495,40.4113],[-3.9497,40.4115],[-3.9499,40.4117],[-3.95,40.4119],[-3.95,40.4119],[-3.9501,40.4121],[-3.9502,40.4122],[-3.9503,40.4123],[-3.9504,40.4125]]],[[[-3.9995,40.3496],[-3.9994,40.35],[-3.9993,40.3502],[-3.9993,40.3505],[-3.9994,40.3508],[-3.9996,40.3511],[-3.9998,40.3515],[-4,40.3518],[-4.0001,40.3518],[-4.0004,40.3518],[-4.0009,40.3518],[-4.0012,40.3518],[-4.0012,40.3517],[-4.0013,40.3513],[-4.0013,40.351],[-4.0013,40.3508],[-4.0013,40.3507],[-4.0014,40.3507],[-4.0014,40.3505],[-4.0014,40.3505],[-4.0015,40.3504],[-4.0016,40.3503],[-4.0016,40.3502],[-4.0016,40.3502],[-4.0016,40.3502],[-4.0016,40.3501],[-4.0018,40.3494],[-4.0018,40.3493],[-4.0029,40.3495],[-4.0033,40.3496],[-4.0036,40.3496],[-4.0036,40.3496],[-4.0038,40.3496],[-4.0043,40.3496],[-4.0046,40.3496],[-4.0049,40.3496],[-4.005,40.3496],[-4.0053,40.3495],[-4.0055,40.3495],[-4.0054,40.3488],[-4.0062,40.3487],[-4.0052,40.3488],[-4.0051,40.3486],[-4.0049,40.3485],[-4.0047,40.3484],[-4.0046,40.3483],[-4.0045,40.3482],[-4.0046,40.3482],[-4.0048,40.3481],[-4.0051,40.3481],[-4.0053,40.348],[-4.0056,40.348],[-4.0059,40.3481],[-4.0061,40.3481],[-4.0064,40.348],[-4.0072,40.348],[-4.0073,40.3475],[-4.0073,40.3471],[-4.0073,40.3467],[-4.0074,40.3463],[-4.0073,40.346],[-4.0071,40.3457],[-4.007,40.3455],[-4.0069,40.3453],[-4.0073,40.3453],[-4.0076,40.3453],[-4.0075,40.345],[-4.0076,40.3448],[-4.0076,40.3446],[-4.0076,40.3445],[-4.0076,40.3443],[-4.0076,40.3442],[-4.0076,40.3437],[-4.0073,40.3436],[-4.0071,40.3436],[-4.007,40.3436],[-4.0067,40.3435],[-4.0066,40.3435],[-4.0064,40.3435],[-4.0062,40.3435],[-4.006,40.3436],[-4.0059,40.3436],[-4.0056,40.3435],[-4.0054,40.3433],[-4.0052,40.3432],[-4.0052,40.343],[-4.0052,40.3429],[-4.0051,40.3427],[-4.0051,40.3426],[-4.0048,40.3425],[-4.0042,40.3424],[-4.0032,40.3422],[-4.0027,40.3423],[-4.0026,40.3423],[-4.0025,40.3423],[-4.0022,40.3424],[-4.0019,40.3425],[-4.0018,40.3426],[-4.0017,40.3426],[-4.0014,40.3429],[-4.0012,40.343],[-4.0009,40.3433],[-4.0007,40.3435],[-4.0004,40.3436],[-4.0001,40.3437],[-3.9998,40.3437],[-3.9995,40.3437],[-3.9992,40.3437],[-3.9988,40.3437],[-3.9986,40.3437],[-3.9985,40.3437],[-3.9983,40.3437],[-3.9983,40.3439],[-3.9983,40.3442],[-3.9983,40.3445],[-3.9983,40.3447],[-3.9984,40.345],[-3.9985,40.3453],[-3.9985,40.3455],[-3.9986,40.3458],[-3.9986,40.346],[-3.9987,40.3463],[-3.9988,40.3465],[-3.9988,40.3467],[-3.9988,40.3471],[-3.9987,40.3473],[-3.9988,40.3476],[-3.9988,40.3478],[-3.999,40.348],[-3.9991,40.3483],[-3.9992,40.3485],[-3.9993,40.3487],[-3.9994,40.349],[-3.9994,40.3493],[-3.9995,40.3496]]],[[[-3.9604,40.2249],[-3.9605,40.2251],[-3.9607,40.2252],[-3.9605,40.2252],[-3.9603,40.2253],[-3.9601,40.2254],[-3.96,40.2255],[-3.9594,40.2258],[-3.9595,40.2259],[-3.9596,40.2261],[-3.9597,40.2262],[-3.9597,40.2263],[-3.9598,40.2263],[-3.9599,40.2263],[-3.9601,40.2263],[-3.9603,40.2263],[-3.9605,40.2265],[-3.9607,40.2267],[-3.9608,40.2269],[-3.9609,40.2271],[-3.961,40.2273],[-3.9611,40.2274],[-3.9611,40.2276],[-3.9611,40.2277],[-3.9612,40.2279],[-3.9612,40.2281],[-3.9613,40.2282],[-3.9614,40.2283],[-3.9616,40.2285],[-3.9618,40.2287],[-3.9619,40.2289],[-3.962,40.229],[-3.962,40.2292],[-3.9621,40.2294],[-3.9622,40.2295],[-3.9624,40.2298],[-3.9624,40.2299],[-3.9624,40.23],[-3.9625,40.2301],[-3.9627,40.2302],[-3.9628,40.2304],[-3.9628,40.2305],[-3.9628,40.2307],[-3.9628,40.2309],[-3.9628,40.2311],[-3.9628,40.2312],[-3.9628,40.2314],[-3.9628,40.2316],[-3.9629,40.2317],[-3.963,40.2318],[-3.9631,40.2319],[-3.9633,40.232],[-3.9634,40.232],[-3.9636,40.2321],[-3.9637,40.2322],[-3.9637,40.2323],[-3.9638,40.2325],[-3.964,40.2326],[-3.9642,40.2327],[-3.9644,40.2328],[-3.9646,40.233],[-3.9648,40.2331],[-3.9649,40.2333],[-3.9651,40.2333],[-3.9653,40.2334],[-3.9655,40.2334],[-3.9657,40.2334],[-3.9659,40.2335],[-3.9661,40.2337],[-3.9663,40.2338],[-3.9664,40.2341],[-3.9667,40.2343],[-3.9668,40.2344],[-3.9669,40.2346],[-3.9672,40.2348],[-3.9674,40.235],[-3.9676,40.2352],[-3.9678,40.2354],[-3.968,40.2356],[-3.9681,40.2358],[-3.9683,40.236],[-3.9684,40.2362],[-3.9685,40.2364],[-3.9685,40.2367],[-3.9685,40.2369],[-3.9686,40.2372],[-3.9686,40.2374],[-3.9686,40.2375],[-3.9686,40.2378],[-3.9686,40.238],[-3.9686,40.2382],[-3.9686,40.2384],[-3.9687,40.2386],[-3.9687,40.2389],[-3.9687,40.2391],[-3.9687,40.2392],[-3.9688,40.2394],[-3.969,40.2398],[-3.9692,40.2394],[-3.9695,40.2392],[-3.9697,40.2389],[-3.9699,40.2386],[-3.9702,40.2384],[-3.9704,40.2382],[-3.9707,40.238],[-3.971,40.2378],[-3.9714,40.2375],[-3.9714,40.2375],[-3.9713,40.2374],[-3.9712,40.2373],[-3.9712,40.2372],[-3.9712,40.237],[-3.9712,40.2369],[-3.9711,40.2368],[-3.9711,40.2367],[-3.971,40.2365],[-3.9708,40.2361],[-3.9704,40.2356],[-3.9703,40.2355],[-3.9702,40.2353],[-3.9702,40.2353],[-3.9701,40.2352],[-3.9701,40.2351],[-3.97,40.2348],[-3.9699,40.2343],[-3.9697,40.2339],[-3.9698,40.2339],[-3.9698,40.2338],[-3.97,40.2337],[-3.9696,40.2335],[-3.9689,40.2331],[-3.9687,40.2329],[-3.9686,40.2328],[-3.9685,40.2327],[-3.9682,40.2325],[-3.9681,40.2324],[-3.968,40.2324],[-3.9679,40.2324],[-3.9679,40.2323],[-3.9677,40.2321],[-3.9673,40.2318],[-3.9672,40.2317],[-3.9671,40.2315],[-3.9668,40.2312],[-3.9667,40.2311],[-3.9666,40.2309],[-3.9665,40.2308],[-3.9664,40.2306],[-3.9663,40.2305],[-3.9662,40.2303],[-3.966,40.2302],[-3.966,40.2301],[-3.9659,40.23],[-3.9657,40.23],[-3.9656,40.2299],[-3.9655,40.2298],[-3.9654,40.2297],[-3.9653,40.2295],[-3.9652,40.2294],[-3.9652,40.2294],[-3.965,40.2293],[-3.9648,40.2291],[-3.9646,40.229],[-3.9644,40.2289],[-3.9643,40.2288],[-3.9642,40.2288],[-3.964,40.2287],[-3.9637,40.2287],[-3.9635,40.2286],[-3.9635,40.2286],[-3.9634,40.2285],[-3.9632,40.2284],[-3.9631,40.2283],[-3.9629,40.2281],[-3.9629,40.228],[-3.9628,40.2279],[-3.9642,40.227],[-3.9647,40.2258],[-3.9651,40.2248],[-3.9641,40.2248],[-3.9628,40.2247],[-3.9604,40.2246],[-3.9599,40.2246],[-3.9602,40.2248],[-3.9604,40.2249]]],[[[-3.924,40.4191],[-3.9239,40.4192],[-3.9237,40.4193],[-3.9235,40.4194],[-3.9233,40.4195],[-3.9231,40.4195],[-3.9229,40.4197],[-3.9225,40.4199],[-3.9225,40.4199],[-3.9226,40.4202],[-3.9226,40.4203],[-3.9226,40.4204],[-3.9231,40.4218],[-3.9238,40.4234],[-3.9238,40.4235],[-3.9246,40.4253],[-3.925,40.4261],[-3.9261,40.4283],[-3.9264,40.4288],[-3.9265,40.429],[-3.9265,40.429],[-3.9264,40.429],[-3.9264,40.4291],[-3.9266,40.4292],[-3.9269,40.4289],[-3.9271,40.4286],[-3.9273,40.4283],[-3.9274,40.4281],[-3.9276,40.4279],[-3.9277,40.4277],[-3.928,40.4275],[-3.9281,40.4273],[-3.9283,40.4272],[-3.9284,40.427],[-3.9284,40.4268],[-3.9285,40.4265],[-3.9285,40.4264],[-3.9286,40.4263],[-3.9287,40.4262],[-3.9287,40.4259],[-3.9286,40.4258],[-3.9285,40.4256],[-3.9284,40.4253],[-3.9284,40.4251],[-3.9283,40.4248],[-3.9284,40.4245],[-3.9284,40.4243],[-3.9284,40.424],[-3.9284,40.4237],[-3.9283,40.4234],[-3.9284,40.4231],[-3.9285,40.4227],[-3.9286,40.4225],[-3.9286,40.4222],[-3.9286,40.4222],[-3.9286,40.4222],[-3.9286,40.422],[-3.9286,40.4217],[-3.9286,40.4216],[-3.9285,40.4213],[-3.9285,40.421],[-3.9285,40.4208],[-3.9285,40.4206],[-3.9286,40.4204],[-3.9288,40.4202],[-3.929,40.4201],[-3.9291,40.4199],[-3.9292,40.4197],[-3.9294,40.4195],[-3.9292,40.4194],[-3.929,40.4193],[-3.9289,40.4192],[-3.9288,40.4191],[-3.9287,40.4189],[-3.9286,40.4189],[-3.9285,40.4188],[-3.9283,40.4188],[-3.9281,40.4188],[-3.9279,40.4188],[-3.9277,40.4188],[-3.9275,40.4188],[-3.9272,40.4188],[-3.927,40.4189],[-3.9267,40.419],[-3.9264,40.419],[-3.9261,40.419],[-3.9258,40.419],[-3.9255,40.4189],[-3.9252,40.4189],[-3.925,40.4189],[-3.9247,40.4189],[-3.9246,40.4189],[-3.9244,40.4189],[-3.9243,40.419],[-3.924,40.4191]]],[[[-3.941,40.4156],[-3.9412,40.4156],[-3.9415,40.4155],[-3.9418,40.4155],[-3.942,40.4155],[-3.9424,40.4154],[-3.9427,40.4153],[-3.9432,40.4152],[-3.9435,40.4152],[-3.9439,40.4151],[-3.9442,40.415],[-3.9448,40.4149],[-3.9452,40.4148],[-3.9456,40.4147],[-3.9461,40.4145],[-3.9463,40.4144],[-3.9467,40.4143],[-3.947,40.4142],[-3.9474,40.4142],[-3.9477,40.4142],[-3.9479,40.4141],[-3.948,40.4139],[-3.9479,40.4137],[-3.9478,40.4135],[-3.9477,40.4134],[-3.9477,40.4132],[-3.9477,40.413],[-3.9477,40.4128],[-3.9476,40.4126],[-3.9476,40.4124],[-3.9474,40.4122],[-3.9474,40.412],[-3.9473,40.4118],[-3.9473,40.4115],[-3.9473,40.4112],[-3.9472,40.411],[-3.9471,40.4107],[-3.9471,40.4105],[-3.947,40.4103],[-3.9469,40.4102],[-3.9468,40.41],[-3.9466,40.4098],[-3.9465,40.4096],[-3.9464,40.4095],[-3.9463,40.4093],[-3.9463,40.4091],[-3.9463,40.4089],[-3.9463,40.4086],[-3.9462,40.4084],[-3.9462,40.4082],[-3.946,40.408],[-3.9459,40.4078],[-3.9457,40.4082],[-3.9455,40.4084],[-3.9453,40.4085],[-3.9452,40.4086],[-3.945,40.4086],[-3.9447,40.4087],[-3.9445,40.4088],[-3.9445,40.4088],[-3.9443,40.409],[-3.9441,40.4091],[-3.9439,40.4093],[-3.9438,40.4094],[-3.9436,40.4096],[-3.9434,40.4098],[-3.9431,40.4101],[-3.9428,40.4103],[-3.9425,40.4105],[-3.9423,40.4107],[-3.942,40.4109],[-3.9418,40.4111],[-3.9415,40.4112],[-3.9412,40.4113],[-3.9411,40.4113],[-3.9411,40.4113],[-3.9411,40.4115],[-3.9411,40.4115],[-3.9411,40.4115],[-3.9412,40.4117],[-3.9415,40.4119],[-3.9417,40.4122],[-3.9419,40.4124],[-3.942,40.4125],[-3.9421,40.4127],[-3.9419,40.4129],[-3.9417,40.413],[-3.9414,40.413],[-3.9411,40.4131],[-3.9408,40.4132],[-3.9406,40.4132],[-3.9404,40.4133],[-3.9403,40.4134],[-3.9401,40.4135],[-3.9399,40.4137],[-3.9398,40.4138],[-3.9395,40.414],[-3.9393,40.4141],[-3.9391,40.4141],[-3.939,40.4141],[-3.9388,40.4141],[-3.9387,40.4141],[-3.9385,40.4141],[-3.9383,40.4142],[-3.9381,40.4143],[-3.938,40.4143],[-3.9379,40.4143],[-3.9375,40.4143],[-3.9364,40.4145],[-3.9369,40.4146],[-3.9369,40.4147],[-3.9372,40.4149],[-3.9375,40.4151],[-3.9379,40.4153],[-3.9382,40.4153],[-3.9385,40.4154],[-3.9388,40.4154],[-3.939,40.4154],[-3.9394,40.4155],[-3.94,40.4156],[-3.9403,40.4155],[-3.9407,40.4156],[-3.941,40.4156]]],[[[-3.936,40.2156],[-3.9363,40.2158],[-3.9365,40.2161],[-3.9366,40.2164],[-3.9367,40.2166],[-3.9369,40.2166],[-3.9372,40.2164],[-3.9373,40.2161],[-3.9374,40.2154],[-3.9373,40.2149],[-3.9371,40.2148],[-3.937,40.2147],[-3.9367,40.2146],[-3.9363,40.2147],[-3.9361,40.2146],[-3.9358,40.2146],[-3.9354,40.2145],[-3.935,40.2142],[-3.9349,40.2139],[-3.9349,40.2135],[-3.9351,40.213],[-3.9352,40.2127],[-3.9352,40.2124],[-3.9352,40.212],[-3.9351,40.2117],[-3.935,40.2115],[-3.9348,40.2114],[-3.9347,40.2114],[-3.9346,40.2114],[-3.9345,40.2115],[-3.9345,40.2116],[-3.9343,40.2118],[-3.9342,40.212],[-3.9342,40.212],[-3.934,40.212],[-3.9339,40.212],[-3.9336,40.2118],[-3.9333,40.2114],[-3.9332,40.2114],[-3.933,40.2113],[-3.9329,40.2112],[-3.9327,40.2106],[-3.9325,40.2101],[-3.9323,40.2099],[-3.932,40.2097],[-3.9317,40.2096],[-3.9316,40.2094],[-3.9314,40.209],[-3.9312,40.2088],[-3.9307,40.2087],[-3.9298,40.2088],[-3.9294,40.2089],[-3.9292,40.2091],[-3.9288,40.2092],[-3.9281,40.2093],[-3.9271,40.2095],[-3.927,40.2097],[-3.9269,40.2101],[-3.9267,40.2106],[-3.9265,40.2111],[-3.9263,40.2114],[-3.9261,40.2115],[-3.926,40.2115],[-3.9257,40.2114],[-3.9256,40.2113],[-3.9254,40.211],[-3.9254,40.2108],[-3.9253,40.2106],[-3.9251,40.2104],[-3.9248,40.2102],[-3.9247,40.21],[-3.9247,40.2099],[-3.9247,40.2099],[-3.9246,40.2099],[-3.9246,40.2099],[-3.9246,40.2099],[-3.9246,40.2099],[-3.9245,40.21],[-3.9243,40.2101],[-3.9243,40.2101],[-3.9242,40.2101],[-3.9242,40.2101],[-3.9242,40.2101],[-3.9242,40.2101],[-3.9241,40.2101],[-3.924,40.2102],[-3.9238,40.2103],[-3.9238,40.2103],[-3.9237,40.2104],[-3.9235,40.2104],[-3.9235,40.2104],[-3.9235,40.2104],[-3.9235,40.2104],[-3.9235,40.2104],[-3.9235,40.2104],[-3.9234,40.2105],[-3.9232,40.2106],[-3.9231,40.2106],[-3.9231,40.2107],[-3.923,40.2107],[-3.923,40.2108],[-3.923,40.2108],[-3.9229,40.2109],[-3.9228,40.2109],[-3.9228,40.2109],[-3.9227,40.2109],[-3.9227,40.211],[-3.9226,40.211],[-3.9225,40.211],[-3.9224,40.2111],[-3.9223,40.2111],[-3.9221,40.2111],[-3.922,40.2111],[-3.9218,40.2112],[-3.9216,40.2112],[-3.9214,40.2112],[-3.9214,40.2112],[-3.9213,40.2113],[-3.9212,40.2114],[-3.9211,40.2114],[-3.921,40.2115],[-3.921,40.2115],[-3.9212,40.2117],[-3.9218,40.2116],[-3.9221,40.2116],[-3.9224,40.2116],[-3.9226,40.2116],[-3.9229,40.2116],[-3.9233,40.2118],[-3.9238,40.2118],[-3.9244,40.2116],[-3.9248,40.2116],[-3.9252,40.2116],[-3.9254,40.2117],[-3.9257,40.212],[-3.9263,40.2124],[-3.9272,40.2129],[-3.9277,40.2132],[-3.9282,40.2132],[-3.9287,40.2131],[-3.9293,40.2131],[-3.9299,40.213],[-3.9303,40.213],[-3.9306,40.2129],[-3.9308,40.2129],[-3.9311,40.2129],[-3.9314,40.213],[-3.9316,40.213],[-3.9319,40.213],[-3.9326,40.2133],[-3.933,40.2133],[-3.9332,40.2135],[-3.9334,40.214],[-3.9336,40.2147],[-3.9341,40.2152],[-3.9347,40.2157],[-3.9349,40.2159],[-3.935,40.216],[-3.9351,40.216],[-3.9352,40.2159],[-3.9352,40.2158],[-3.9353,40.2157],[-3.9354,40.2156],[-3.9355,40.2155],[-3.9358,40.2155],[-3.936,40.2156]]],[[[-3.9733,40.5918],[-3.973,40.592],[-3.9729,40.5922],[-3.973,40.5924],[-3.973,40.5924],[-3.9733,40.5927],[-3.9735,40.5933],[-3.9737,40.5937],[-3.9739,40.5943],[-3.9739,40.5944],[-3.9739,40.5944],[-3.9739,40.5946],[-3.9738,40.5948],[-3.9737,40.595],[-3.9735,40.5952],[-3.9733,40.5955],[-3.9732,40.596],[-3.973,40.5965],[-3.9728,40.5969],[-3.9727,40.5973],[-3.9727,40.5975],[-3.9726,40.5977],[-3.9724,40.598],[-3.9723,40.5981],[-3.9722,40.5983],[-3.972,40.5986],[-3.9719,40.5988],[-3.9719,40.5989],[-3.9718,40.5993],[-3.9717,40.5997],[-3.9717,40.5999],[-3.9716,40.6002],[-3.9715,40.6003],[-3.9714,40.6006],[-3.9713,40.6006],[-3.971,40.6012],[-3.971,40.6019],[-3.9709,40.6022],[-3.9709,40.6023],[-3.9709,40.603],[-3.9709,40.6032],[-3.971,40.6032],[-3.9712,40.6032],[-3.9714,40.6033],[-3.9715,40.6033],[-3.9717,40.6034],[-3.9719,40.6034],[-3.9721,40.6034],[-3.9723,40.6035],[-3.9726,40.6035],[-3.9728,40.6036],[-3.973,40.6037],[-3.9732,40.6038],[-3.9735,40.6039],[-3.9736,40.6039],[-3.9737,40.604],[-3.9738,40.6041],[-3.9739,40.6042],[-3.974,40.6043],[-3.9742,40.6046],[-3.9743,40.6047],[-3.9745,40.6047],[-3.9746,40.6047],[-3.9747,40.6047],[-3.9747,40.6047],[-3.9748,40.6046],[-3.975,40.6045],[-3.9752,40.6044],[-3.9755,40.6041],[-3.9757,40.6039],[-3.976,40.6037],[-3.9761,40.6036],[-3.9762,40.6034],[-3.9763,40.6033],[-3.9763,40.6032],[-3.9763,40.6032],[-3.9763,40.603],[-3.9762,40.6028],[-3.9762,40.6027],[-3.9761,40.6024],[-3.976,40.6022],[-3.976,40.602],[-3.976,40.6019],[-3.9759,40.6018],[-3.9757,40.6018],[-3.9755,40.6018],[-3.9753,40.6017],[-3.9751,40.6017],[-3.975,40.6016],[-3.9751,40.6015],[-3.9753,40.601],[-3.9754,40.6006],[-3.9755,40.6004],[-3.9757,40.6],[-3.976,40.5994],[-3.9761,40.5992],[-3.9763,40.599],[-3.9764,40.5989],[-3.9763,40.5987],[-3.976,40.5985],[-3.9755,40.5983],[-3.9754,40.5982],[-3.9753,40.598],[-3.9755,40.5978],[-3.9754,40.5978],[-3.9754,40.5977],[-3.9752,40.5976],[-3.9751,40.5975],[-3.975,40.5973],[-3.9748,40.5972],[-3.9747,40.5971],[-3.9747,40.5971],[-3.9747,40.5969],[-3.9747,40.5967],[-3.9748,40.5964],[-3.975,40.5962],[-3.9751,40.596],[-3.9752,40.5958],[-3.9753,40.5957],[-3.9754,40.5955],[-3.9755,40.5953],[-3.9756,40.5951],[-3.9757,40.5949],[-3.9757,40.5947],[-3.9758,40.5944],[-3.9759,40.5942],[-3.976,40.594],[-3.976,40.5938],[-3.9759,40.5937],[-3.9759,40.5936],[-3.9757,40.5935],[-3.9755,40.5934],[-3.9753,40.5933],[-3.9751,40.5932],[-3.975,40.5932],[-3.975,40.593],[-3.975,40.5928],[-3.9749,40.5926],[-3.9748,40.5925],[-3.9746,40.5924],[-3.9744,40.5923],[-3.9742,40.5922],[-3.974,40.5921],[-3.9739,40.592],[-3.9738,40.5919],[-3.9738,40.5918],[-3.9737,40.5918],[-3.9735,40.5917],[-3.9734,40.5917],[-3.9733,40.5918]]],[[[-4.0315,40.577],[-4.0317,40.577],[-4.0319,40.5771],[-4.032,40.5772],[-4.0323,40.5773],[-4.0325,40.5774],[-4.0326,40.5775],[-4.0328,40.5776],[-4.0329,40.5777],[-4.0331,40.5778],[-4.0334,40.5779],[-4.0336,40.578],[-4.0338,40.5781],[-4.034,40.5782],[-4.0342,40.5783],[-4.0345,40.5784],[-4.0348,40.5784],[-4.0352,40.5785],[-4.0355,40.5786],[-4.0358,40.5787],[-4.0361,40.5788],[-4.0364,40.5789],[-4.037,40.5789],[-4.0375,40.5789],[-4.038,40.5789],[-4.0383,40.5789],[-4.0387,40.5788],[-4.0391,40.5787],[-4.0396,40.5786],[-4.04,40.5785],[-4.0404,40.5784],[-4.0407,40.5783],[-4.0412,40.5782],[-4.0415,40.5781],[-4.0418,40.578],[-4.042,40.5779],[-4.0424,40.5778],[-4.0427,40.5777],[-4.043,40.5777],[-4.0433,40.5776],[-4.0433,40.5776],[-4.0433,40.5775],[-4.0433,40.5775],[-4.0434,40.5774],[-4.0434,40.5773],[-4.0434,40.5772],[-4.0434,40.5772],[-4.0434,40.5771],[-4.0434,40.577],[-4.0434,40.5769],[-4.0435,40.5768],[-4.0434,40.5767],[-4.0434,40.5767],[-4.0434,40.5767],[-4.0433,40.5768],[-4.0432,40.5768],[-4.0431,40.5767],[-4.0431,40.5767],[-4.0431,40.5766],[-4.043,40.5766],[-4.0429,40.5765],[-4.0428,40.5764],[-4.0427,40.5764],[-4.0427,40.5764],[-4.0424,40.5763],[-4.0423,40.5762],[-4.042,40.5762],[-4.0418,40.5762],[-4.0417,40.5762],[-4.0414,40.5762],[-4.0412,40.5762],[-4.041,40.5761],[-4.0408,40.5761],[-4.0406,40.576],[-4.0404,40.576],[-4.0403,40.576],[-4.04,40.576],[-4.0396,40.5759],[-4.0392,40.5759],[-4.0387,40.5758],[-4.038,40.5757],[-4.0368,40.5755],[-4.0355,40.5753],[-4.0353,40.5753],[-4.0351,40.5753],[-4.035,40.5754],[-4.0348,40.5754],[-4.0346,40.5755],[-4.0345,40.5755],[-4.0342,40.5756],[-4.0341,40.5756],[-4.034,40.5756],[-4.0339,40.5756],[-4.0337,40.5756],[-4.0336,40.5756],[-4.0334,40.5756],[-4.0331,40.5756],[-4.0329,40.5756],[-4.0328,40.5757],[-4.0326,40.5758],[-4.0326,40.5758],[-4.0324,40.5759],[-4.0322,40.5759],[-4.0321,40.5759],[-4.032,40.576],[-4.0318,40.5762],[-4.0316,40.5763],[-4.0313,40.5764],[-4.0311,40.5765],[-4.0309,40.5765],[-4.0306,40.5766],[-4.0303,40.5767],[-4.0299,40.5768],[-4.0306,40.5768],[-4.0311,40.5769],[-4.0315,40.577]]],[[[-3.9305,40.4645],[-3.9308,40.4645],[-3.9311,40.4645],[-3.9314,40.4645],[-3.9317,40.4645],[-3.9318,40.4645],[-3.932,40.4645],[-3.9321,40.4645],[-3.9323,40.4645],[-3.9325,40.4644],[-3.9327,40.4644],[-3.9328,40.4644],[-3.933,40.4644],[-3.9331,40.4644],[-3.9334,40.4643],[-3.9336,40.4643],[-3.9338,40.4642],[-3.9342,40.4641],[-3.9345,40.464],[-3.9348,40.4638],[-3.9351,40.4637],[-3.9354,40.4637],[-3.9357,40.4636],[-3.936,40.4636],[-3.9363,40.4636],[-3.9367,40.4636],[-3.9369,40.4636],[-3.9372,40.4636],[-3.9373,40.4636],[-3.9374,40.4635],[-3.9374,40.4634],[-3.9375,40.4633],[-3.9375,40.463],[-3.9375,40.4629],[-3.9374,40.4627],[-3.9372,40.4626],[-3.9369,40.4625],[-3.9361,40.4621],[-3.9352,40.4617],[-3.9344,40.4614],[-3.9342,40.4613],[-3.9341,40.4613],[-3.9339,40.4614],[-3.9336,40.4615],[-3.9335,40.4616],[-3.9333,40.4617],[-3.933,40.4618],[-3.9328,40.4619],[-3.9327,40.4619],[-3.9326,40.4619],[-3.9325,40.4618],[-3.9324,40.4616],[-3.9324,40.4615],[-3.9324,40.4613],[-3.9323,40.4611],[-3.9322,40.4609],[-3.9319,40.4608],[-3.9318,40.4608],[-3.9317,40.4609],[-3.9317,40.461],[-3.9318,40.4611],[-3.9319,40.4612],[-3.9319,40.4613],[-3.9319,40.4614],[-3.9318,40.4614],[-3.9316,40.4613],[-3.9314,40.4612],[-3.9311,40.461],[-3.9309,40.4609],[-3.9306,40.4606],[-3.9304,40.4604],[-3.9302,40.4602],[-3.9301,40.46],[-3.93,40.4598],[-3.9298,40.4597],[-3.9297,40.4596],[-3.9296,40.4595],[-3.9294,40.4596],[-3.9295,40.4597],[-3.9296,40.4599],[-3.9296,40.46],[-3.9296,40.4602],[-3.9296,40.4603],[-3.9296,40.4604],[-3.9296,40.4605],[-3.9295,40.4606],[-3.9294,40.4606],[-3.9293,40.4607],[-3.9292,40.4607],[-3.9292,40.4608],[-3.9292,40.4608],[-3.9292,40.4608],[-3.9293,40.4609],[-3.9294,40.461],[-3.9295,40.461],[-3.9297,40.461],[-3.9299,40.4611],[-3.93,40.4611],[-3.9303,40.4611],[-3.9305,40.4612],[-3.9307,40.4612],[-3.9308,40.4613],[-3.9309,40.4615],[-3.9309,40.4617],[-3.9309,40.4618],[-3.9309,40.4619],[-3.931,40.4619],[-3.9311,40.462],[-3.9312,40.462],[-3.9314,40.4621],[-3.9316,40.4621],[-3.9317,40.4621],[-3.9318,40.4622],[-3.9319,40.4624],[-3.9319,40.4625],[-3.932,40.4626],[-3.932,40.4627],[-3.932,40.4628],[-3.932,40.4628],[-3.9319,40.463],[-3.9318,40.463],[-3.9316,40.4631],[-3.9314,40.4631],[-3.9313,40.4632],[-3.9311,40.4633],[-3.931,40.4634],[-3.931,40.4634],[-3.9309,40.4634],[-3.9307,40.4634],[-3.9304,40.4634],[-3.9302,40.4633],[-3.93,40.4632],[-3.9298,40.4631],[-3.9295,40.463],[-3.9293,40.4629],[-3.9292,40.4629],[-3.9291,40.463],[-3.9291,40.4631],[-3.9291,40.4632],[-3.9291,40.4632],[-3.9291,40.4632],[-3.929,40.4632],[-3.9288,40.4632],[-3.9287,40.4632],[-3.9284,40.4631],[-3.9282,40.4631],[-3.9279,40.463],[-3.9276,40.4629],[-3.9273,40.4628],[-3.927,40.4627],[-3.9266,40.4627],[-3.9264,40.4627],[-3.9263,40.4627],[-3.9263,40.4627],[-3.9263,40.4629],[-3.9264,40.4629],[-3.9265,40.463],[-3.9266,40.4631],[-3.9268,40.4632],[-3.927,40.4633],[-3.9273,40.4634],[-3.9276,40.4635],[-3.9279,40.4636],[-3.9282,40.4637],[-3.9286,40.4639],[-3.9289,40.464],[-3.9292,40.4642],[-3.9296,40.4643],[-3.9301,40.4644],[-3.9303,40.4645],[-3.9305,40.4645]]],[[[-3.9808,40.5763],[-3.9811,40.5763],[-3.9814,40.5765],[-3.9816,40.5766],[-3.9819,40.5766],[-3.9822,40.5767],[-3.983,40.5765],[-3.9834,40.5765],[-3.9841,40.5764],[-3.9841,40.5764],[-3.984,40.5764],[-3.9826,40.5754],[-3.9799,40.5737],[-3.9792,40.5736],[-3.9789,40.5736],[-3.9784,40.5736],[-3.978,40.5736],[-3.9779,40.5736],[-3.9778,40.5736],[-3.9777,40.5737],[-3.9776,40.5738],[-3.9774,40.5739],[-3.9773,40.574],[-3.9772,40.574],[-3.9772,40.574],[-3.9772,40.574],[-3.9771,40.574],[-3.977,40.5742],[-3.9769,40.5743],[-3.9769,40.5744],[-3.9769,40.5746],[-3.9769,40.5748],[-3.9769,40.575],[-3.9769,40.5753],[-3.9769,40.5756],[-3.9769,40.5761],[-3.9771,40.5761],[-3.9772,40.5761],[-3.9774,40.5761],[-3.9776,40.5761],[-3.9779,40.576],[-3.9781,40.576],[-3.9783,40.576],[-3.9784,40.576],[-3.9787,40.5761],[-3.9789,40.5762],[-3.9791,40.5762],[-3.9794,40.5763],[-3.9797,40.5763],[-3.98,40.5762],[-3.9803,40.5762],[-3.9805,40.5762],[-3.9808,40.5763]]],[[[-3.8957,40.3893],[-3.8956,40.3894],[-3.8955,40.3895],[-3.8954,40.3898],[-3.8953,40.39],[-3.8951,40.3902],[-3.895,40.3904],[-3.8948,40.3906],[-3.8947,40.3907],[-3.8945,40.391],[-3.8941,40.391],[-3.8941,40.391],[-3.8941,40.3926],[-3.894,40.3931],[-3.894,40.3931],[-3.894,40.3931],[-3.895,40.3925],[-3.8958,40.3919],[-3.8967,40.3913],[-3.8967,40.3913],[-3.8968,40.3913],[-3.8966,40.3911],[-3.8965,40.391],[-3.8967,40.3909],[-3.8973,40.3904],[-3.8981,40.3898],[-3.8987,40.3892],[-3.8989,40.389],[-3.8994,40.3887],[-3.9001,40.388],[-3.9006,40.3876],[-3.9013,40.387],[-3.9011,40.387],[-3.901,40.387],[-3.9008,40.387],[-3.9006,40.387],[-3.9003,40.387],[-3.9002,40.387],[-3.9001,40.387],[-3.8999,40.3871],[-3.8997,40.3871],[-3.8995,40.3871],[-3.8993,40.3872],[-3.8991,40.3873],[-3.899,40.3875],[-3.8989,40.3877],[-3.8987,40.3879],[-3.8986,40.3881],[-3.8985,40.3883],[-3.8984,40.3883],[-3.8984,40.3883],[-3.8983,40.3884],[-3.8982,40.3885],[-3.8981,40.3886],[-3.898,40.3887],[-3.8979,40.3888],[-3.8978,40.3888],[-3.8977,40.3888],[-3.8976,40.3889],[-3.8973,40.3889],[-3.8971,40.389],[-3.897,40.389],[-3.8969,40.3891],[-3.8966,40.3891],[-3.8965,40.3891],[-3.8963,40.3892],[-3.8963,40.3892],[-3.8962,40.3892],[-3.8958,40.3892],[-3.8957,40.3893]]],[[[-3.9757,40.5966],[-3.9757,40.5967],[-3.9758,40.5968],[-3.976,40.5968],[-3.9762,40.5969],[-3.9769,40.597],[-3.9777,40.5971],[-3.9781,40.5971],[-3.9783,40.5971],[-3.9785,40.5973],[-3.9785,40.5973],[-3.9785,40.5973],[-3.9785,40.5972],[-3.9785,40.5971],[-3.9785,40.5971],[-3.9786,40.5971],[-3.9786,40.5969],[-3.9786,40.5968],[-3.9786,40.5968],[-3.9786,40.5967],[-3.9785,40.5967],[-3.9785,40.5967],[-3.9783,40.5967],[-3.9782,40.5966],[-3.978,40.5965],[-3.978,40.5965],[-3.978,40.5965],[-3.9778,40.5964],[-3.9776,40.5964],[-3.9774,40.5963],[-3.9771,40.5963],[-3.9769,40.5963],[-3.9767,40.5963],[-3.9765,40.5962],[-3.9764,40.596],[-3.9764,40.5958],[-3.9764,40.5956],[-3.9764,40.5956],[-3.9764,40.5955],[-3.9764,40.5955],[-3.9764,40.5954],[-3.9766,40.5954],[-3.9767,40.5953],[-3.9767,40.5953],[-3.9768,40.5952],[-3.9768,40.5952],[-3.9768,40.5951],[-3.9769,40.595],[-3.977,40.5949],[-3.977,40.5947],[-3.977,40.5947],[-3.977,40.5946],[-3.977,40.5945],[-3.9771,40.5944],[-3.9772,40.5943],[-3.9773,40.5942],[-3.9773,40.5942],[-3.9773,40.5941],[-3.9774,40.5941],[-3.9774,40.5941],[-3.9774,40.5939],[-3.9774,40.5938],[-3.9774,40.5937],[-3.9774,40.5936],[-3.9774,40.5936],[-3.9774,40.5935],[-3.9774,40.5935],[-3.9774,40.5935],[-3.9774,40.5934],[-3.9774,40.5932],[-3.9774,40.5931],[-3.9774,40.5931],[-3.9774,40.593],[-3.9774,40.593],[-3.9774,40.5929],[-3.9775,40.5928],[-3.9776,40.5926],[-3.9777,40.5924],[-3.9777,40.5923],[-3.9778,40.5923],[-3.9778,40.5922],[-3.9778,40.5922],[-3.9779,40.5922],[-3.9779,40.5921],[-3.978,40.5919],[-3.9781,40.5916],[-3.9782,40.5914],[-3.9782,40.5914],[-3.9776,40.5912],[-3.9772,40.591],[-3.9768,40.5909],[-3.9765,40.5909],[-3.9761,40.5908],[-3.9758,40.5907],[-3.9755,40.5906],[-3.9751,40.5906],[-3.9748,40.5906],[-3.9745,40.5906],[-3.9743,40.5906],[-3.974,40.5906],[-3.9737,40.5907],[-3.9736,40.5907],[-3.9734,40.5907],[-3.9734,40.5908],[-3.9734,40.5909],[-3.9735,40.5909],[-3.9736,40.591],[-3.9737,40.5911],[-3.9738,40.5912],[-3.9739,40.5913],[-3.9741,40.5915],[-3.9742,40.5917],[-3.9743,40.5917],[-3.9745,40.5919],[-3.9747,40.592],[-3.9749,40.5921],[-3.9751,40.5922],[-3.9753,40.5923],[-3.9753,40.5924],[-3.9755,40.5927],[-3.9756,40.5928],[-3.9758,40.5928],[-3.976,40.5929],[-3.9762,40.593],[-3.9763,40.5931],[-3.9764,40.5931],[-3.9765,40.5933],[-3.9766,40.5934],[-3.9767,40.5936],[-3.9767,40.5938],[-3.9767,40.5941],[-3.9766,40.5943],[-3.9765,40.5946],[-3.9764,40.5948],[-3.9763,40.595],[-3.9763,40.5951],[-3.9762,40.5953],[-3.9761,40.5955],[-3.976,40.5957],[-3.9759,40.5959],[-3.9757,40.5961],[-3.9756,40.5963],[-3.9757,40.5964],[-3.9757,40.5966]]],[[[-3.9728,40.5921],[-3.9728,40.5918],[-3.9727,40.5916],[-3.9728,40.5918],[-3.9729,40.5917],[-3.9729,40.5916],[-3.973,40.5915],[-3.9731,40.5914],[-3.9731,40.5913],[-3.9731,40.5913],[-3.9729,40.5912],[-3.9729,40.5911],[-3.9727,40.5911],[-3.9725,40.5909],[-3.9722,40.5908],[-3.972,40.5907],[-3.9718,40.5905],[-3.9716,40.5904],[-3.9715,40.5903],[-3.9713,40.5901],[-3.9712,40.59],[-3.971,40.5899],[-3.971,40.5897],[-3.9711,40.5895],[-3.9712,40.5893],[-3.9712,40.5892],[-3.9713,40.5889],[-3.9714,40.5887],[-3.9714,40.5885],[-3.9714,40.5883],[-3.9713,40.5882],[-3.9713,40.588],[-3.9711,40.5879],[-3.969,40.588],[-3.9664,40.5882],[-3.9656,40.5882],[-3.9673,40.5891],[-3.9677,40.5891],[-3.968,40.5891],[-3.9702,40.5902],[-3.9708,40.5904],[-3.9711,40.5906],[-3.9713,40.5908],[-3.9715,40.5909],[-3.9718,40.591],[-3.9721,40.5913],[-3.9724,40.5916],[-3.9728,40.5921]]],[[[-3.9828,40.5799],[-3.9829,40.58],[-3.9831,40.58],[-3.9833,40.5801],[-3.9835,40.5801],[-3.9839,40.5802],[-3.9842,40.5803],[-3.9846,40.5804],[-3.9849,40.5806],[-3.9853,40.5808],[-3.9855,40.5809],[-3.9859,40.5811],[-3.9861,40.5813],[-3.9863,40.5814],[-3.9865,40.5816],[-3.9868,40.5817],[-3.987,40.5819],[-3.9871,40.5819],[-3.9872,40.5818],[-3.9872,40.5818],[-3.9872,40.5817],[-3.9873,40.5815],[-3.9873,40.5814],[-3.9874,40.5812],[-3.9875,40.5809],[-3.9876,40.5807],[-3.9876,40.5806],[-3.9877,40.5804],[-3.9878,40.5802],[-3.9878,40.5801],[-3.9878,40.5801],[-3.9877,40.58],[-3.9875,40.5799],[-3.9872,40.5797],[-3.9869,40.5796],[-3.9866,40.5795],[-3.9863,40.5795],[-3.9861,40.5794],[-3.986,40.5793],[-3.9858,40.5792],[-3.9856,40.5791],[-3.9854,40.579],[-3.9851,40.579],[-3.9848,40.5791],[-3.9845,40.5791],[-3.9842,40.5792],[-3.984,40.5792],[-3.9839,40.5793],[-3.9837,40.5793],[-3.9835,40.5793],[-3.9834,40.5794],[-3.9833,40.5795],[-3.9831,40.5795],[-3.983,40.5795],[-3.9829,40.5795],[-3.9828,40.5795],[-3.9827,40.5796],[-3.9827,40.5796],[-3.9825,40.5798],[-3.9826,40.5798],[-3.9827,40.5798],[-3.9828,40.5799]]],[[[-4.01,40.4857],[-4.0096,40.4856],[-4.0093,40.4855],[-4.0091,40.4855],[-4.009,40.4856],[-4.0087,40.4857],[-4.0086,40.4859],[-4.0083,40.4861],[-4.0082,40.4863],[-4.008,40.4864],[-4.0077,40.4867],[-4.0076,40.4868],[-4.0075,40.4869],[-4.0074,40.4871],[-4.0074,40.4872],[-4.0074,40.4872],[-4.0075,40.4873],[-4.0075,40.4874],[-4.0075,40.4875],[-4.0076,40.4876],[-4.0076,40.4878],[-4.0077,40.488],[-4.0077,40.4881],[-4.0079,40.4883],[-4.008,40.4884],[-4.0082,40.4884],[-4.0084,40.4884],[-4.0087,40.4884],[-4.0089,40.4883],[-4.0091,40.4883],[-4.0095,40.4883],[-4.0097,40.4883],[-4.0099,40.4883],[-4.0098,40.4882],[-4.0098,40.488],[-4.0098,40.4877],[-4.0097,40.4872],[-4.0098,40.4867],[-4.0098,40.4865],[-4.0098,40.4862],[-4.0098,40.486],[-4.0099,40.4859],[-4.0099,40.4858],[-4.01,40.4857],[-4.01,40.4857]]],[[[-3.9779,40.5981],[-3.9786,40.5981],[-3.9792,40.5981],[-3.9793,40.5981],[-3.9792,40.5981],[-3.979,40.5979],[-3.9781,40.5977],[-3.9771,40.5976],[-3.9764,40.5973],[-3.9758,40.5974],[-3.9756,40.5977],[-3.9756,40.5978],[-3.976,40.5978],[-3.9764,40.5978],[-3.9764,40.5978],[-3.9768,40.5978],[-3.9775,40.598],[-3.9779,40.5981]]],[[[-4.0101,40.4856],[-4.0101,40.4855],[-4.01,40.4857],[-4.0101,40.4856]]]]},"geometry_name":"GEOMETRY1","properties":{"CD_TIPO_ZONA":"2","DS_TIPO_ZONA":"Protección y Mejora","NM_AREA_HA":6934.85}},{"type":"Feature","id":"IDEM_MA_PR_GUADARRAMA.54","geometry":{"type":"MultiPolygon","coordinates":[[[[-4.0147,40.3382],[-4.0144,40.3372],[-4.0144,40.3373],[-4.0143,40.3367],[-4.0144,40.3372],[-4.0143,40.3365],[-4.0143,40.3364],[-4.0139,40.3364],[-4.0139,40.3364],[-4.0137,40.3365],[-4.0135,40.3365],[-4.0133,40.3366],[-4.0131,40.3367],[-4.0128,40.3367],[-4.0126,40.3368],[-4.0124,40.3368],[-4.0121,40.3369],[-4.012,40.3369],[-4.0116,40.3369],[-4.0112,40.337],[-4.0108,40.3371],[-4.0092,40.3377],[-4.009,40.338],[-4.0089,40.3381],[-4.0087,40.3382],[-4.0079,40.3387],[-4.0079,40.3387],[-4.0077,40.3388],[-4.0075,40.3389],[-4.0075,40.3389],[-4.0065,40.3393],[-4.0064,40.3394],[-4.0064,40.3392],[-4.0064,40.3383],[-4.0065,40.3378],[-4.0062,40.3375],[-4.0052,40.3365],[-4.0047,40.336],[-4.0043,40.3357],[-4.0041,40.3353],[-4.004,40.3351],[-4.0038,40.3347],[-4.0032,40.3336],[-4.0029,40.3331],[-4.0009,40.3326],[-4.0006,40.3325],[-4.0004,40.3325],[-4,40.3324],[-3.9999,40.3323],[-3.9996,40.3323],[-3.9995,40.3322],[-3.9989,40.3321],[-3.9972,40.332],[-3.9971,40.332],[-3.9971,40.3317],[-3.9969,40.3311],[-3.9956,40.3306],[-3.9927,40.3294],[-3.9906,40.3274],[-3.9882,40.3264],[-3.987,40.3259],[-3.9856,40.3254],[-3.9844,40.3249],[-3.9843,40.3249],[-3.9844,40.3247],[-3.9846,40.3243],[-3.9848,40.3239],[-3.9848,40.3238],[-3.9848,40.3237],[-3.985,40.3236],[-3.9852,40.3232],[-3.9854,40.3231],[-3.9856,40.323],[-3.9857,40.3229],[-3.9858,40.3227],[-3.9859,40.3224],[-3.9859,40.322],[-3.9859,40.3218],[-3.9858,40.3216],[-3.9857,40.3214],[-3.9857,40.3212],[-3.9857,40.3209],[-3.9857,40.3208],[-3.9857,40.3207],[-3.9857,40.3206],[-3.9857,40.3204],[-3.9858,40.3202],[-3.9858,40.3202],[-3.986,40.32],[-3.9861,40.3198],[-3.9862,40.3196],[-3.9864,40.3194],[-3.9865,40.3193],[-3.9866,40.3192],[-3.9866,40.3191],[-3.9867,40.3191],[-3.9869,40.319],[-3.987,40.319],[-3.9871,40.319],[-3.9873,40.3189],[-3.9875,40.3188],[-3.9877,40.3187],[-3.9879,40.3185],[-3.9882,40.3184],[-3.9883,40.3182],[-3.9884,40.3181],[-3.9885,40.3181],[-3.9888,40.3179],[-3.989,40.3178],[-3.9891,40.3178],[-3.9891,40.3177],[-3.9892,40.3177],[-3.9893,40.3176],[-3.9893,40.3175],[-3.9894,40.3175],[-3.9895,40.3174],[-3.9895,40.3173],[-3.9897,40.3172],[-3.9898,40.317],[-3.9899,40.3168],[-3.99,40.3166],[-3.9902,40.3163],[-3.9902,40.3162],[-3.9903,40.316],[-3.9905,40.3159],[-3.9906,40.3158],[-3.9906,40.3157],[-3.9906,40.3153],[-3.9905,40.3149],[-3.9905,40.3148],[-3.9904,40.3141],[-3.9905,40.314],[-3.9905,40.314],[-3.9905,40.3139],[-3.9904,40.3138],[-3.9904,40.3137],[-3.9912,40.3126],[-3.9913,40.3123],[-3.9915,40.3117],[-3.9916,40.3115],[-3.9915,40.3114],[-3.9916,40.3109],[-3.9918,40.3104],[-3.9921,40.3097],[-3.9923,40.3091],[-3.9925,40.3084],[-3.9931,40.3069],[-3.9935,40.306],[-3.9937,40.3055],[-3.9939,40.3049],[-3.9941,40.3042],[-3.9941,40.3041],[-3.9943,40.3035],[-3.9946,40.3021],[-3.9947,40.3019],[-3.9947,40.3017],[-3.9948,40.3014],[-3.9949,40.301],[-3.9951,40.2999],[-3.9951,40.2994],[-3.995,40.2983],[-3.995,40.2982],[-3.995,40.2981],[-3.9948,40.2981],[-3.9947,40.2982],[-3.9942,40.2982],[-3.9939,40.2982],[-3.9936,40.2983],[-3.9935,40.2983],[-3.9933,40.2984],[-3.9931,40.2985],[-3.9928,40.2987],[-3.9926,40.2988],[-3.9924,40.2989],[-3.9922,40.299],[-3.992,40.2992],[-3.9918,40.2993],[-3.9917,40.2993],[-3.9916,40.2994],[-3.9914,40.2994],[-3.991,40.2995],[-3.9905,40.2996],[-3.9901,40.2996],[-3.9895,40.2997],[-3.9891,40.2997],[-3.9889,40.2998],[-3.9887,40.2998],[-3.9885,40.2998],[-3.9883,40.2999],[-3.9881,40.2999],[-3.9879,40.3001],[-3.9874,40.3003],[-3.9868,40.3006],[-3.9865,40.3008],[-3.9861,40.301],[-3.9858,40.3013],[-3.9856,40.3015],[-3.9852,40.3017],[-3.985,40.3019],[-3.9847,40.3021],[-3.9845,40.3023],[-3.984,40.3026],[-3.9839,40.3028],[-3.9838,40.3028],[-3.9837,40.3029],[-3.9834,40.303],[-3.9831,40.3031],[-3.9829,40.3032],[-3.9827,40.3033],[-3.9823,40.3033],[-3.9821,40.3034],[-3.9811,40.3035],[-3.9803,40.3036],[-3.9793,40.3037],[-3.9791,40.3038],[-3.9789,40.3037],[-3.9787,40.3037],[-3.9786,40.3037],[-3.9783,40.3036],[-3.978,40.3036],[-3.9776,40.3034],[-3.9774,40.3033],[-3.9771,40.3033],[-3.9764,40.3033],[-3.9757,40.3034],[-3.9753,40.3033],[-3.9751,40.3033],[-3.9749,40.3033],[-3.9746,40.3033],[-3.9744,40.3032],[-3.9743,40.3033],[-3.9741,40.3033],[-3.974,40.3033],[-3.9738,40.3033],[-3.9736,40.3034],[-3.9734,40.3034],[-3.9732,40.3034],[-3.9727,40.3034],[-3.9727,40.303],[-3.9727,40.3027],[-3.9728,40.3024],[-3.9728,40.3022],[-3.9728,40.302],[-3.9728,40.3018],[-3.9728,40.3015],[-3.9728,40.3011],[-3.9728,40.3005],[-3.9728,40.3003],[-3.9729,40.3001],[-3.9729,40.2999],[-3.9729,40.2997],[-3.9728,40.2995],[-3.9727,40.2993],[-3.9726,40.2991],[-3.9726,40.299],[-3.9726,40.2987],[-3.9725,40.2984],[-3.9724,40.2981],[-3.9723,40.2979],[-3.9723,40.2978],[-3.9723,40.2977],[-3.9723,40.2976],[-3.9723,40.2975],[-3.9722,40.2975],[-3.9721,40.2974],[-3.972,40.2973],[-3.972,40.2971],[-3.9718,40.2969],[-3.9718,40.2967],[-3.9717,40.2966],[-3.9715,40.2965],[-3.9715,40.2965],[-3.9714,40.2964],[-3.9714,40.2964],[-3.9713,40.2962],[-3.9711,40.296],[-3.971,40.2958],[-3.9709,40.2957],[-3.9708,40.2956],[-3.9708,40.2955],[-3.9707,40.2955],[-3.9706,40.2955],[-3.9705,40.2955],[-3.9704,40.2955],[-3.9703,40.2956],[-3.9698,40.2957],[-3.9692,40.2958],[-3.9686,40.296],[-3.9679,40.2961],[-3.9674,40.2962],[-3.9671,40.2963],[-3.9666,40.2964],[-3.9658,40.2966],[-3.9652,40.2967],[-3.9651,40.2968],[-3.9647,40.2968],[-3.9645,40.2968],[-3.9644,40.2969],[-3.9642,40.2969],[-3.964,40.2969],[-3.9637,40.2969],[-3.9632,40.297],[-3.9627,40.297],[-3.9626,40.297],[-3.9624,40.297],[-3.9619,40.2971],[-3.9612,40.2971],[-3.9607,40.2971],[-3.9605,40.2972],[-3.9603,40.2971],[-3.96,40.2972],[-3.9596,40.2972],[-3.9588,40.2972],[-3.9582,40.2973],[-3.9578,40.2973],[-3.9571,40.2974],[-3.9567,40.2975],[-3.9557,40.2976],[-3.9553,40.2976],[-3.955,40.2977],[-3.9546,40.2977],[-3.9543,40.2978],[-3.9539,40.2978],[-3.9534,40.2979],[-3.9531,40.2979],[-3.9527,40.298],[-3.9525,40.298],[-3.9524,40.298],[-3.9523,40.298],[-3.9522,40.298],[-3.952,40.2979],[-3.9514,40.2977],[-3.9509,40.2974],[-3.9504,40.2973],[-3.9502,40.2973],[-3.9499,40.2972],[-3.9497,40.2971],[-3.9494,40.297],[-3.9492,40.297],[-3.9489,40.2969],[-3.9487,40.2968],[-3.9483,40.2968],[-3.9483,40.2948],[-3.9483,40.2918],[-3.9483,40.2917],[-3.9488,40.2908],[-3.9494,40.2896],[-3.9505,40.2874],[-3.9511,40.2862],[-3.9512,40.2861],[-3.9513,40.2861],[-3.9514,40.2861],[-3.9518,40.2861],[-3.9519,40.2861],[-3.9521,40.2861],[-3.9523,40.2862],[-3.9524,40.2862],[-3.9525,40.2862],[-3.9526,40.2862],[-3.9527,40.2862],[-3.9529,40.2863],[-3.9531,40.2864],[-3.9533,40.2865],[-3.9535,40.2865],[-3.9536,40.2866],[-3.9538,40.2867],[-3.954,40.2867],[-3.9542,40.2868],[-3.9542,40.2868],[-3.9543,40.2869],[-3.9543,40.287],[-3.9546,40.2872],[-3.9548,40.2874],[-3.9553,40.2877],[-3.9555,40.2878],[-3.9558,40.288],[-3.9561,40.2881],[-3.9566,40.2883],[-3.9571,40.2885],[-3.9576,40.2887],[-3.9577,40.2888],[-3.958,40.2888],[-3.9582,40.2889],[-3.9585,40.289],[-3.9588,40.2892],[-3.9594,40.2895],[-3.96,40.2898],[-3.9604,40.2901],[-3.9609,40.2904],[-3.9613,40.2907],[-3.9617,40.291],[-3.962,40.2914],[-3.9625,40.2918],[-3.9627,40.2919],[-3.9628,40.292],[-3.963,40.292],[-3.9631,40.292],[-3.9633,40.292],[-3.9633,40.2918],[-3.9635,40.2908],[-3.9637,40.2901],[-3.9637,40.29],[-3.9637,40.2897],[-3.9637,40.2896],[-3.9637,40.2895],[-3.9636,40.2893],[-3.9636,40.2891],[-3.9636,40.2889],[-3.9637,40.2887],[-3.9637,40.2886],[-3.9637,40.2886],[-3.9637,40.2884],[-3.9638,40.2882],[-3.9638,40.2881],[-3.9638,40.288],[-3.9638,40.2878],[-3.9638,40.2878],[-3.9641,40.2869],[-3.9755,40.2521],[-3.9734,40.2508],[-3.9727,40.2504],[-3.9721,40.2501],[-3.972,40.2479],[-3.9721,40.2479],[-3.9721,40.2478],[-3.9722,40.2478],[-3.9723,40.2478],[-3.9724,40.2477],[-3.9725,40.2476],[-3.9726,40.2475],[-3.9728,40.2474],[-3.973,40.2471],[-3.9732,40.2469],[-3.9734,40.2466],[-3.9735,40.2464],[-3.9736,40.2462],[-3.9738,40.2461],[-3.974,40.2459],[-3.9745,40.2455],[-3.975,40.2451],[-3.9753,40.245],[-3.9755,40.2448],[-3.976,40.2445],[-3.976,40.2445],[-3.976,40.2444],[-3.975,40.2419],[-3.9747,40.2411],[-3.974,40.2393],[-3.9737,40.2384],[-3.9731,40.2368],[-3.9731,40.2368],[-3.973,40.2367],[-3.9715,40.2376],[-3.9715,40.2376],[-3.9714,40.2375],[-3.971,40.2378],[-3.9707,40.238],[-3.9704,40.2382],[-3.9702,40.2384],[-3.9699,40.2386],[-3.9697,40.2389],[-3.9695,40.2392],[-3.9692,40.2394],[-3.969,40.2398],[-3.9688,40.2394],[-3.9687,40.2392],[-3.9687,40.2391],[-3.9687,40.2389],[-3.9687,40.2386],[-3.9686,40.2384],[-3.9686,40.2382],[-3.9686,40.238],[-3.9686,40.2378],[-3.9686,40.2375],[-3.9686,40.2374],[-3.9686,40.2372],[-3.9685,40.2369],[-3.9685,40.2367],[-3.9685,40.2364],[-3.9684,40.2362],[-3.9683,40.236],[-3.9681,40.2358],[-3.968,40.2356],[-3.9678,40.2354],[-3.9676,40.2352],[-3.9674,40.235],[-3.9672,40.2348],[-3.9669,40.2346],[-3.9668,40.2344],[-3.9667,40.2343],[-3.9664,40.2341],[-3.9663,40.2338],[-3.9661,40.2337],[-3.9659,40.2335],[-3.9657,40.2334],[-3.9655,40.2334],[-3.9653,40.2334],[-3.9651,40.2333],[-3.9649,40.2333],[-3.9648,40.2331],[-3.9646,40.233],[-3.9644,40.2328],[-3.9642,40.2327],[-3.964,40.2326],[-3.9638,40.2325],[-3.9637,40.2323],[-3.9637,40.2322],[-3.9636,40.2321],[-3.9634,40.232],[-3.9633,40.232],[-3.9631,40.2319],[-3.963,40.2318],[-3.9629,40.2317],[-3.9628,40.2316],[-3.9628,40.2314],[-3.9628,40.2312],[-3.9628,40.2311],[-3.9628,40.2309],[-3.9628,40.2307],[-3.9628,40.2305],[-3.9628,40.2304],[-3.9627,40.2302],[-3.9625,40.2301],[-3.9624,40.23],[-3.9624,40.2299],[-3.9624,40.2298],[-3.9622,40.2295],[-3.9621,40.2294],[-3.962,40.2292],[-3.962,40.229],[-3.9619,40.2289],[-3.9618,40.2287],[-3.9616,40.2285],[-3.9614,40.2283],[-3.9613,40.2282],[-3.9612,40.2281],[-3.9612,40.2279],[-3.9611,40.2277],[-3.9611,40.2276],[-3.9611,40.2274],[-3.961,40.2273],[-3.9609,40.2271],[-3.9608,40.2269],[-3.9607,40.2267],[-3.9605,40.2265],[-3.9603,40.2263],[-3.9601,40.2263],[-3.9599,40.2263],[-3.9598,40.2263],[-3.9597,40.2263],[-3.9597,40.2262],[-3.9596,40.2261],[-3.9595,40.2259],[-3.9594,40.2258],[-3.9591,40.2257],[-3.9586,40.2255],[-3.9583,40.2253],[-3.9586,40.2244],[-3.9574,40.2242],[-3.9574,40.2242],[-3.9575,40.2233],[-3.9576,40.2216],[-3.9577,40.2199],[-3.9577,40.219],[-3.9595,40.2196],[-3.9609,40.22],[-3.9612,40.2201],[-3.9648,40.2212],[-3.9651,40.2213],[-3.9657,40.2215],[-3.9664,40.2217],[-3.9664,40.2217],[-3.9676,40.22],[-3.9694,40.2176],[-3.9714,40.2148],[-3.9737,40.2119],[-3.9727,40.212],[-3.9708,40.212],[-3.9705,40.212],[-3.9699,40.212],[-3.9688,40.212],[-3.9684,40.212],[-3.9672,40.212],[-3.967,40.212],[-3.967,40.212],[-3.9648,40.2121],[-3.9629,40.2122],[-3.9621,40.2123],[-3.9562,40.2115],[-3.9529,40.2128],[-3.9529,40.2127],[-3.9529,40.2126],[-3.9529,40.2121],[-3.953,40.2117],[-3.953,40.2114],[-3.953,40.2112],[-3.953,40.2107],[-3.953,40.2103],[-3.953,40.2101],[-3.953,40.21],[-3.953,40.21],[-3.953,40.2098],[-3.9531,40.2096],[-3.9531,40.2094],[-3.9532,40.2093],[-3.9532,40.2092],[-3.9532,40.209],[-3.9532,40.2088],[-3.9533,40.2087],[-3.9533,40.2085],[-3.9533,40.2083],[-3.9533,40.2082],[-3.9533,40.2081],[-3.9534,40.2079],[-3.9534,40.2078],[-3.9534,40.2077],[-3.9535,40.2074],[-3.9535,40.2072],[-3.9536,40.207],[-3.9538,40.2063],[-3.954,40.206],[-3.9541,40.2058],[-3.9542,40.2056],[-3.9545,40.205],[-3.9548,40.2043],[-3.9549,40.204],[-3.9551,40.2034],[-3.9552,40.2031],[-3.9552,40.2029],[-3.9553,40.2024],[-3.9554,40.2022],[-3.9554,40.2021],[-3.9556,40.2018],[-3.9558,40.2012],[-3.9559,40.201],[-3.9559,40.2009],[-3.956,40.2007],[-3.9561,40.2002],[-3.9561,40.2001],[-3.9562,40.2],[-3.9562,40.1996],[-3.9563,40.1994],[-3.9563,40.1992],[-3.9563,40.1988],[-3.9561,40.1987],[-3.9559,40.1986],[-3.9549,40.1979],[-3.9547,40.1978],[-3.9539,40.1975],[-3.9535,40.198],[-3.9525,40.1973],[-3.9521,40.1971],[-3.952,40.1972],[-3.9518,40.1977],[-3.9517,40.198],[-3.9517,40.1982],[-3.9517,40.1984],[-3.9517,40.1987],[-3.9517,40.199],[-3.9517,40.1993],[-3.9519,40.1997],[-3.9519,40.2001],[-3.952,40.2005],[-3.9521,40.2009],[-3.9522,40.2012],[-3.9521,40.2014],[-3.9521,40.2016],[-3.952,40.2018],[-3.9519,40.2019],[-3.9518,40.2021],[-3.9518,40.2022],[-3.9518,40.2024],[-3.9518,40.2025],[-3.9517,40.2027],[-3.9516,40.2029],[-3.9516,40.2031],[-3.9516,40.2035],[-3.9515,40.2038],[-3.9515,40.204],[-3.9514,40.2044],[-3.9512,40.2047],[-3.9511,40.205],[-3.951,40.2055],[-3.9507,40.2062],[-3.9506,40.2065],[-3.9504,40.2068],[-3.9504,40.207],[-3.9503,40.2071],[-3.9501,40.2075],[-3.9501,40.2076],[-3.95,40.2079],[-3.95,40.2081],[-3.9501,40.2084],[-3.95,40.2087],[-3.95,40.2088],[-3.95,40.2089],[-3.95,40.209],[-3.95,40.2092],[-3.9499,40.2095],[-3.9499,40.2097],[-3.95,40.2099],[-3.9501,40.2103],[-3.9501,40.2105],[-3.95,40.2108],[-3.9499,40.2112],[-3.9498,40.2114],[-3.9498,40.2116],[-3.9496,40.2118],[-3.9496,40.2121],[-3.9495,40.2123],[-3.9494,40.2125],[-3.9493,40.2126],[-3.9491,40.2128],[-3.9489,40.213],[-3.9489,40.213],[-3.9486,40.2132],[-3.9482,40.2135],[-3.9478,40.2138],[-3.9474,40.2142],[-3.9472,40.2146],[-3.947,40.2148],[-3.9468,40.2151],[-3.9467,40.2154],[-3.9466,40.2156],[-3.9465,40.2159],[-3.9464,40.2163],[-3.9463,40.2166],[-3.9463,40.2169],[-3.9463,40.2172],[-3.9462,40.2175],[-3.9463,40.2179],[-3.9463,40.2182],[-3.9463,40.2186],[-3.9463,40.2186],[-3.9462,40.219],[-3.9462,40.2193],[-3.9462,40.2195],[-3.9463,40.2197],[-3.9463,40.2199],[-3.9463,40.22],[-3.9464,40.2202],[-3.9464,40.2205],[-3.9465,40.2208],[-3.9465,40.221],[-3.9466,40.2212],[-3.9468,40.2214],[-3.9469,40.2216],[-3.947,40.222],[-3.9471,40.2222],[-3.9471,40.2225],[-3.9469,40.2226],[-3.9468,40.2226],[-3.9468,40.2226],[-3.9467,40.2227],[-3.9465,40.2229],[-3.9463,40.2231],[-3.9462,40.2233],[-3.9462,40.2235],[-3.9463,40.2238],[-3.9464,40.224],[-3.9465,40.2243],[-3.9465,40.2246],[-3.9466,40.225],[-3.9466,40.2253],[-3.9466,40.2255],[-3.9466,40.2258],[-3.9466,40.2261],[-3.9465,40.2264],[-3.9466,40.2268],[-3.9466,40.227],[-3.9467,40.2273],[-3.9467,40.2276],[-3.9467,40.2278],[-3.9466,40.228],[-3.9466,40.2282],[-3.9467,40.2283],[-3.9467,40.2284],[-3.9468,40.2287],[-3.9468,40.2288],[-3.9468,40.229],[-3.9468,40.2293],[-3.9469,40.2295],[-3.947,40.2298],[-3.947,40.23],[-3.9471,40.2302],[-3.9472,40.2305],[-3.9473,40.2308],[-3.9473,40.231],[-3.9474,40.2313],[-3.9474,40.2316],[-3.9475,40.2318],[-3.9476,40.2321],[-3.9476,40.2323],[-3.9478,40.2326],[-3.9479,40.2329],[-3.948,40.2331],[-3.9481,40.2334],[-3.9482,40.2336],[-3.9484,40.2338],[-3.9485,40.2339],[-3.9485,40.2342],[-3.9486,40.2344],[-3.9486,40.2346],[-3.9486,40.2348],[-3.9486,40.235],[-3.9487,40.2353],[-3.9487,40.2354],[-3.9487,40.2356],[-3.9489,40.2357],[-3.9489,40.2357],[-3.949,40.2358],[-3.949,40.236],[-3.9491,40.2362],[-3.9492,40.2364],[-3.9493,40.2366],[-3.9493,40.2369],[-3.9493,40.237],[-3.9494,40.2372],[-3.9494,40.2373],[-3.9494,40.2374],[-3.9495,40.2376],[-3.9495,40.2379],[-3.9495,40.2381],[-3.9496,40.2383],[-3.9497,40.2384],[-3.9498,40.2385],[-3.9499,40.2385],[-3.9499,40.2387],[-3.9499,40.2388],[-3.9499,40.239],[-3.95,40.2391],[-3.9501,40.2393],[-3.9501,40.2395],[-3.9502,40.2398],[-3.9502,40.2401],[-3.9501,40.2403],[-3.9501,40.2406],[-3.95,40.2409],[-3.9499,40.2411],[-3.9499,40.2412],[-3.9499,40.2415],[-3.9499,40.2418],[-3.9498,40.242],[-3.9498,40.2421],[-3.9497,40.2423],[-3.9497,40.2426],[-3.9496,40.2429],[-3.9495,40.2433],[-3.9495,40.2437],[-3.9495,40.2438],[-3.9495,40.2439],[-3.9495,40.2442],[-3.9495,40.2445],[-3.9496,40.2446],[-3.9497,40.245],[-3.9498,40.2452],[-3.9499,40.2454],[-3.95,40.2457],[-3.9501,40.246],[-3.9501,40.2462],[-3.9503,40.2464],[-3.9506,40.2466],[-3.9507,40.2468],[-3.9509,40.247],[-3.9512,40.2472],[-3.9514,40.2474],[-3.9516,40.2477],[-3.9517,40.2479],[-3.9517,40.2481],[-3.9518,40.2483],[-3.9519,40.2485],[-3.952,40.2486],[-3.9521,40.2488],[-3.9521,40.249],[-3.9521,40.2492],[-3.9521,40.2494],[-3.952,40.2496],[-3.9521,40.2498],[-3.9521,40.2501],[-3.9521,40.2505],[-3.9522,40.2507],[-3.9522,40.2508],[-3.9523,40.251],[-3.9523,40.2512],[-3.9523,40.2514],[-3.9523,40.2517],[-3.9523,40.2519],[-3.9522,40.2523],[-3.9521,40.2525],[-3.9519,40.2528],[-3.9519,40.253],[-3.9519,40.2534],[-3.9519,40.2537],[-3.9519,40.2539],[-3.9519,40.2541],[-3.9519,40.2545],[-3.9519,40.2548],[-3.9518,40.2551],[-3.9516,40.2554],[-3.9515,40.2558],[-3.9513,40.256],[-3.951,40.2564],[-3.9509,40.2565],[-3.9506,40.2567],[-3.9504,40.2568],[-3.9502,40.257],[-3.95,40.2572],[-3.9498,40.2575],[-3.9496,40.2579],[-3.9494,40.2581],[-3.9493,40.2583],[-3.9492,40.2585],[-3.9491,40.2588],[-3.9491,40.2591],[-3.949,40.2594],[-3.949,40.2596],[-3.9491,40.2598],[-3.9492,40.2599],[-3.9493,40.2602],[-3.9494,40.2603],[-3.9496,40.2606],[-3.9496,40.2608],[-3.9496,40.2611],[-3.9496,40.2615],[-3.9495,40.2617],[-3.9495,40.2618],[-3.9493,40.2621],[-3.9491,40.2622],[-3.9488,40.2624],[-3.9486,40.2625],[-3.9484,40.2626],[-3.9483,40.2627],[-3.9481,40.2629],[-3.948,40.2631],[-3.9479,40.2633],[-3.9478,40.2636],[-3.9479,40.2637],[-3.948,40.2639],[-3.9483,40.2641],[-3.9484,40.2642],[-3.9486,40.2644],[-3.9488,40.2646],[-3.9489,40.2647],[-3.949,40.2649],[-3.9491,40.2651],[-3.9491,40.2653],[-3.9492,40.2656],[-3.9493,40.2658],[-3.9494,40.266],[-3.9495,40.2662],[-3.9495,40.2665],[-3.9495,40.267],[-3.9494,40.2674],[-3.9493,40.2678],[-3.9493,40.2679],[-3.9492,40.2681],[-3.9492,40.2682],[-3.9492,40.2683],[-3.9493,40.2684],[-3.9494,40.2685],[-3.9494,40.2686],[-3.9494,40.2687],[-3.9493,40.2688],[-3.9492,40.2689],[-3.9492,40.269],[-3.9491,40.269],[-3.949,40.2692],[-3.9489,40.2694],[-3.949,40.2696],[-3.949,40.2698],[-3.9491,40.27],[-3.9492,40.2702],[-3.9492,40.2704],[-3.9493,40.2706],[-3.9494,40.2709],[-3.9495,40.2711],[-3.9496,40.2716],[-3.9497,40.2719],[-3.9497,40.2721],[-3.9498,40.2723],[-3.9498,40.2723],[-3.9499,40.2724],[-3.95,40.2726],[-3.9501,40.2727],[-3.9501,40.2728],[-3.95,40.2729],[-3.95,40.273],[-3.9499,40.2732],[-3.9498,40.2733],[-3.9496,40.2736],[-3.9496,40.2737],[-3.9496,40.274],[-3.9496,40.2743],[-3.9495,40.2745],[-3.9495,40.2748],[-3.9495,40.275],[-3.9495,40.2753],[-3.9494,40.2755],[-3.9493,40.2758],[-3.9492,40.276],[-3.949,40.2763],[-3.9488,40.2765],[-3.9486,40.2768],[-3.9484,40.2772],[-3.9483,40.2774],[-3.9482,40.2778],[-3.9482,40.278],[-3.9482,40.2783],[-3.9482,40.2785],[-3.9481,40.2787],[-3.948,40.279],[-3.9478,40.2793],[-3.9476,40.2795],[-3.9474,40.2798],[-3.9471,40.2802],[-3.9467,40.2805],[-3.9465,40.2807],[-3.9462,40.2809],[-3.9459,40.281],[-3.9458,40.2811],[-3.9454,40.2812],[-3.9451,40.2814],[-3.9449,40.2815],[-3.9447,40.2817],[-3.9446,40.282],[-3.9444,40.2823],[-3.9443,40.2827],[-3.9442,40.283],[-3.944,40.2833],[-3.9438,40.2836],[-3.9437,40.2839],[-3.9436,40.2843],[-3.9434,40.2846],[-3.9432,40.2849],[-3.9431,40.2853],[-3.943,40.2855],[-3.9429,40.2859],[-3.9428,40.2862],[-3.9428,40.2865],[-3.9428,40.2868],[-3.9428,40.2871],[-3.9428,40.2872],[-3.9428,40.2874],[-3.9429,40.2877],[-3.9429,40.2879],[-3.943,40.2882],[-3.943,40.2885],[-3.9431,40.2887],[-3.9432,40.2891],[-3.9433,40.2894],[-3.9432,40.2897],[-3.9433,40.29],[-3.9432,40.2903],[-3.9432,40.2906],[-3.9433,40.2907],[-3.9433,40.2909],[-3.9434,40.2912],[-3.9435,40.2913],[-3.9436,40.2914],[-3.9437,40.2916],[-3.9438,40.2917],[-3.9439,40.2919],[-3.9441,40.292],[-3.9441,40.2921],[-3.944,40.2923],[-3.9439,40.2925],[-3.9438,40.2926],[-3.9436,40.2928],[-3.9434,40.2929],[-3.9432,40.2931],[-3.943,40.2934],[-3.9428,40.2936],[-3.9426,40.2939],[-3.9425,40.2941],[-3.9425,40.2943],[-3.9425,40.2946],[-3.9426,40.2948],[-3.9426,40.2951],[-3.9426,40.2953],[-3.9425,40.2956],[-3.9425,40.2959],[-3.9425,40.2962],[-3.9424,40.2964],[-3.9424,40.2966],[-3.9424,40.2969],[-3.9424,40.2972],[-3.9424,40.2976],[-3.9423,40.2978],[-3.9423,40.298],[-3.9424,40.2983],[-3.9424,40.2985],[-3.9424,40.2987],[-3.9425,40.299],[-3.9425,40.2992],[-3.9426,40.2995],[-3.9426,40.2998],[-3.9425,40.3],[-3.9425,40.3002],[-3.9426,40.3004],[-3.9426,40.3006],[-3.9427,40.3007],[-3.9428,40.3009],[-3.9428,40.3012],[-3.9429,40.3015],[-3.943,40.3016],[-3.943,40.3019],[-3.943,40.3021],[-3.943,40.3023],[-3.9431,40.3025],[-3.9432,40.3027],[-3.9433,40.3029],[-3.9435,40.303],[-3.9436,40.3032],[-3.9438,40.3033],[-3.9439,40.3035],[-3.9441,40.3037],[-3.9442,40.3038],[-3.9442,40.3041],[-3.9443,40.3043],[-3.9443,40.3045],[-3.9444,40.3047],[-3.9444,40.3049],[-3.9444,40.3052],[-3.9445,40.3056],[-3.9446,40.3059],[-3.9446,40.3062],[-3.9447,40.3064],[-3.9448,40.3067],[-3.9448,40.307],[-3.9449,40.3072],[-3.9451,40.3075],[-3.9452,40.3078],[-3.9454,40.3081],[-3.9455,40.3083],[-3.9457,40.3086],[-3.9458,40.3089],[-3.9459,40.3092],[-3.946,40.3095],[-3.9461,40.3098],[-3.9461,40.3101],[-3.9461,40.3101],[-3.9461,40.3104],[-3.9461,40.3106],[-3.9461,40.311],[-3.9461,40.3112],[-3.9461,40.3115],[-3.9462,40.3117],[-3.9462,40.312],[-3.9462,40.3123],[-3.9461,40.3126],[-3.9461,40.3128],[-3.9461,40.3131],[-3.946,40.3134],[-3.946,40.3137],[-3.9459,40.3141],[-3.9459,40.3144],[-3.9457,40.3148],[-3.9457,40.3152],[-3.9456,40.3154],[-3.9456,40.3156],[-3.9457,40.3158],[-3.9457,40.316],[-3.9458,40.3162],[-3.9459,40.3164],[-3.9459,40.3166],[-3.9459,40.3167],[-3.9459,40.3169],[-3.9459,40.3171],[-3.9459,40.3173],[-3.9458,40.3174],[-3.9458,40.3175],[-3.9457,40.3177],[-3.9457,40.3179],[-3.9457,40.3181],[-3.9458,40.3182],[-3.9459,40.3183],[-3.946,40.3184],[-3.9461,40.3186],[-3.9461,40.3187],[-3.9461,40.3188],[-3.946,40.319],[-3.946,40.3192],[-3.9459,40.3194],[-3.9458,40.3196],[-3.9458,40.3197],[-3.9457,40.3198],[-3.9456,40.32],[-3.9456,40.3201],[-3.9456,40.3203],[-3.9457,40.3205],[-3.9459,40.3208],[-3.9459,40.3209],[-3.9461,40.3211],[-3.9462,40.3212],[-3.9464,40.3214],[-3.9466,40.3216],[-3.9469,40.3218],[-3.947,40.322],[-3.9472,40.3221],[-3.9473,40.3224],[-3.9474,40.3226],[-3.9475,40.3228],[-3.9477,40.323],[-3.9477,40.3232],[-3.9478,40.3234],[-3.9479,40.3236],[-3.9481,40.3238],[-3.9481,40.324],[-3.9481,40.3243],[-3.9481,40.3244],[-3.9481,40.3246],[-3.9483,40.3248],[-3.9484,40.3249],[-3.9485,40.325],[-3.9485,40.3252],[-3.9485,40.3254],[-3.9485,40.3256],[-3.9485,40.3257],[-3.9487,40.3259],[-3.9489,40.3261],[-3.949,40.3263],[-3.949,40.3264],[-3.949,40.3266],[-3.9489,40.3267],[-3.9489,40.3269],[-3.9488,40.327],[-3.9487,40.327],[-3.9487,40.3271],[-3.9487,40.3271],[-3.9487,40.3272],[-3.9488,40.3272],[-3.9489,40.3272],[-3.949,40.3272],[-3.9492,40.3273],[-3.9493,40.3274],[-3.9493,40.3276],[-3.9494,40.3278],[-3.9495,40.328],[-3.9494,40.3282],[-3.9494,40.3284],[-3.9492,40.3287],[-3.9492,40.3289],[-3.949,40.3291],[-3.9489,40.3293],[-3.9487,40.3295],[-3.9487,40.3297],[-3.9488,40.3299],[-3.9488,40.33],[-3.9488,40.3301],[-3.9489,40.3302],[-3.949,40.3304],[-3.9491,40.3306],[-3.9491,40.3309],[-3.9491,40.3311],[-3.949,40.3315],[-3.949,40.3318],[-3.9491,40.332],[-3.949,40.3322],[-3.949,40.3325],[-3.9489,40.3327],[-3.9487,40.3329],[-3.9486,40.3331],[-3.9486,40.3332],[-3.9485,40.3332],[-3.9484,40.3332],[-3.9483,40.3333],[-3.9482,40.3333],[-3.9481,40.3334],[-3.948,40.3335],[-3.9479,40.3339],[-3.948,40.334],[-3.9481,40.3341],[-3.9481,40.3341],[-3.9483,40.3343],[-3.9486,40.3346],[-3.9488,40.3349],[-3.949,40.3351],[-3.9492,40.3354],[-3.9493,40.3356],[-3.9494,40.3358],[-3.9496,40.3359],[-3.9498,40.336],[-3.95,40.3362],[-3.9502,40.3363],[-3.9504,40.3365],[-3.9506,40.3366],[-3.9507,40.3368],[-3.9507,40.3369],[-3.9506,40.3371],[-3.9506,40.3372],[-3.9507,40.3374],[-3.9508,40.3375],[-3.9508,40.3376],[-3.9509,40.3378],[-3.951,40.338],[-3.951,40.3382],[-3.9511,40.3384],[-3.951,40.3386],[-3.951,40.3387],[-3.9509,40.3389],[-3.9509,40.3391],[-3.9508,40.3392],[-3.9508,40.3394],[-3.9508,40.3396],[-3.9509,40.3398],[-3.951,40.3399],[-3.9509,40.34],[-3.9509,40.3402],[-3.9508,40.3404],[-3.9507,40.3406],[-3.9506,40.3408],[-3.9505,40.3411],[-3.9504,40.3413],[-3.9504,40.3415],[-3.9505,40.3417],[-3.9505,40.3418],[-3.9506,40.342],[-3.9506,40.3421],[-3.9506,40.3423],[-3.9505,40.3425],[-3.9503,40.3426],[-3.9503,40.3427],[-3.9502,40.3428],[-3.9502,40.343],[-3.9502,40.3431],[-3.9502,40.3433],[-3.9501,40.3434],[-3.9501,40.3435],[-3.9501,40.3435],[-3.9501,40.3436],[-3.95,40.3437],[-3.9499,40.3438],[-3.9499,40.344],[-3.9499,40.3441],[-3.9498,40.3442],[-3.9498,40.3444],[-3.9498,40.3445],[-3.9498,40.3446],[-3.9497,40.3447],[-3.9496,40.3449],[-3.9496,40.3451],[-3.9496,40.3451],[-3.9497,40.3452],[-3.9499,40.3452],[-3.9501,40.3453],[-3.9502,40.3454],[-3.9502,40.3454],[-3.9505,40.3456],[-3.9508,40.3457],[-3.9511,40.3458],[-3.9513,40.3458],[-3.9515,40.3459],[-3.9518,40.346],[-3.952,40.3461],[-3.9522,40.3462],[-3.9525,40.3463],[-3.9528,40.3464],[-3.9533,40.3465],[-3.9536,40.3465],[-3.9538,40.3466],[-3.9541,40.3467],[-3.9544,40.3467],[-3.9547,40.3468],[-3.955,40.3469],[-3.9553,40.347],[-3.9556,40.347],[-3.9557,40.347],[-3.9561,40.3469],[-3.9564,40.3468],[-3.9567,40.3467],[-3.9568,40.3467],[-3.9569,40.3466],[-3.9572,40.3464],[-3.9576,40.3463],[-3.9578,40.3462],[-3.958,40.3461],[-3.9584,40.3459],[-3.9586,40.3458],[-3.9589,40.3457],[-3.959,40.3456],[-3.9591,40.3455],[-3.9594,40.3454],[-3.9596,40.3453],[-3.9597,40.3452],[-3.96,40.3451],[-3.9604,40.345],[-3.9607,40.3448],[-3.961,40.3447],[-3.9612,40.3446],[-3.9617,40.3446],[-3.9619,40.3445],[-3.9622,40.3444],[-3.9625,40.3443],[-3.9627,40.3443],[-3.963,40.3442],[-3.9632,40.3441],[-3.9633,40.3441],[-3.9635,40.344],[-3.9638,40.344],[-3.9642,40.344],[-3.9645,40.344],[-3.9648,40.344],[-3.965,40.3439],[-3.9653,40.3438],[-3.9655,40.3437],[-3.9656,40.3437],[-3.9657,40.3436],[-3.9659,40.3434],[-3.966,40.3433],[-3.9663,40.3431],[-3.9665,40.3429],[-3.9667,40.3427],[-3.9669,40.3426],[-3.9673,40.3424],[-3.9674,40.3423],[-3.9677,40.3422],[-3.9679,40.3422],[-3.9681,40.3422],[-3.9682,40.3422],[-3.9684,40.3423],[-3.9686,40.3423],[-3.9686,40.3424],[-3.9687,40.3425],[-3.9688,40.3426],[-3.9689,40.3428],[-3.9689,40.343],[-3.9689,40.3431],[-3.9689,40.3431],[-3.969,40.3431],[-3.9691,40.3431],[-3.9692,40.3431],[-3.9694,40.3431],[-3.9695,40.3431],[-3.9695,40.3431],[-3.9697,40.3429],[-3.9699,40.3427],[-3.97,40.3425],[-3.97,40.3423],[-3.9702,40.3421],[-3.9702,40.3421],[-3.9705,40.3422],[-3.9706,40.3423],[-3.9709,40.3424],[-3.9711,40.3425],[-3.9711,40.3425],[-3.9711,40.3425],[-3.9713,40.3425],[-3.9714,40.3426],[-3.9715,40.3426],[-3.9717,40.3426],[-3.9719,40.3426],[-3.9719,40.3426],[-3.9721,40.3426],[-3.9724,40.3427],[-3.9725,40.3427],[-3.9726,40.3427],[-3.973,40.3427],[-3.9734,40.3427],[-3.9737,40.3428],[-3.9739,40.3429],[-3.9741,40.3429],[-3.9744,40.343],[-3.9744,40.343],[-3.9746,40.3431],[-3.9748,40.3431],[-3.9749,40.3431],[-3.975,40.3431],[-3.9752,40.3431],[-3.9753,40.3431],[-3.9754,40.3431],[-3.9756,40.3431],[-3.9757,40.343],[-3.9758,40.343],[-3.9759,40.3428],[-3.9761,40.3427],[-3.9763,40.3426],[-3.9764,40.3425],[-3.9764,40.3424],[-3.9764,40.3424],[-3.9765,40.3422],[-3.9766,40.3421],[-3.9765,40.342],[-3.9765,40.3419],[-3.9764,40.3418],[-3.9764,40.3417],[-3.9762,40.3416],[-3.9761,40.3415],[-3.976,40.3414],[-3.9759,40.3413],[-3.9757,40.3412],[-3.9755,40.341],[-3.9754,40.3409],[-3.9752,40.3407],[-3.9752,40.3406],[-3.9752,40.3404],[-3.9752,40.3402],[-3.9753,40.3401],[-3.9754,40.34],[-3.9754,40.3399],[-3.9755,40.3397],[-3.9755,40.3395],[-3.9755,40.3393],[-3.9754,40.3391],[-3.9754,40.339],[-3.9754,40.3389],[-3.9754,40.3387],[-3.9755,40.3386],[-3.9757,40.3384],[-3.9758,40.3384],[-3.9761,40.3383],[-3.9764,40.3383],[-3.9766,40.3383],[-3.9768,40.3383],[-3.9771,40.3383],[-3.9774,40.3384],[-3.9777,40.3384],[-3.978,40.3384],[-3.9784,40.3385],[-3.9787,40.3385],[-3.9789,40.3385],[-3.9792,40.3385],[-3.9795,40.3386],[-3.9797,40.3386],[-3.98,40.3386],[-3.9804,40.3385],[-3.9806,40.3385],[-3.9808,40.3385],[-3.9812,40.3384],[-3.9816,40.3384],[-3.9819,40.3383],[-3.9822,40.3383],[-3.9825,40.3382],[-3.9827,40.3381],[-3.9829,40.338],[-3.9831,40.338],[-3.9833,40.3379],[-3.9836,40.3377],[-3.9838,40.3376],[-3.9838,40.3376],[-3.9839,40.3375],[-3.9841,40.3374],[-3.9842,40.3372],[-3.9844,40.337],[-3.9845,40.3369],[-3.9845,40.3368],[-3.9846,40.3367],[-3.9846,40.3366],[-3.9846,40.3365],[-3.9847,40.3363],[-3.9847,40.336],[-3.9847,40.3358],[-3.9847,40.3357],[-3.9849,40.3356],[-3.985,40.3355],[-3.9852,40.3355],[-3.9853,40.3355],[-3.9855,40.3354],[-3.9855,40.3354],[-3.9857,40.3353],[-3.9858,40.3353],[-3.9859,40.3352],[-3.9861,40.3351],[-3.9862,40.3349],[-3.9864,40.3348],[-3.9865,40.3346],[-3.9867,40.3345],[-3.987,40.3343],[-3.9872,40.3343],[-3.9873,40.3343],[-3.9874,40.3343],[-3.9875,40.3345],[-3.9877,40.3347],[-3.9878,40.3349],[-3.9879,40.3351],[-3.988,40.3353],[-3.9881,40.3354],[-3.9881,40.3356],[-3.9882,40.3357],[-3.9882,40.3358],[-3.9883,40.336],[-3.9884,40.3362],[-3.9885,40.3362],[-3.9885,40.3363],[-3.9887,40.3362],[-3.9889,40.3362],[-3.9891,40.3362],[-3.9893,40.3361],[-3.9893,40.3361],[-3.9893,40.336],[-3.9893,40.3358],[-3.9892,40.3356],[-3.9892,40.3354],[-3.989,40.335],[-3.9888,40.3345],[-3.9887,40.3342],[-3.9888,40.334],[-3.9888,40.3338],[-3.989,40.3338],[-3.9891,40.3338],[-3.9893,40.3338],[-3.9895,40.3339],[-3.9897,40.3341],[-3.9898,40.3341],[-3.9898,40.3341],[-3.99,40.3342],[-3.99,40.3342],[-3.9901,40.3342],[-3.9902,40.3341],[-3.9903,40.334],[-3.9903,40.3339],[-3.9903,40.3337],[-3.9903,40.3336],[-3.9903,40.3336],[-3.9903,40.3335],[-3.9904,40.3332],[-3.9905,40.3327],[-3.9908,40.3326],[-3.9911,40.3326],[-3.9913,40.3325],[-3.9917,40.3327],[-3.992,40.3329],[-3.9922,40.333],[-3.9924,40.3332],[-3.9939,40.3326],[-3.9948,40.3322],[-3.9961,40.3317],[-3.9962,40.3323],[-3.9964,40.3323],[-3.9965,40.3324],[-3.9966,40.3324],[-3.9966,40.3325],[-3.9968,40.3325],[-3.9971,40.3325],[-3.9974,40.3326],[-3.9978,40.3327],[-3.9982,40.3328],[-3.9986,40.3329],[-3.9991,40.333],[-3.9996,40.3331],[-4,40.3331],[-4.0005,40.3332],[-4.0011,40.3333],[-4.0016,40.3333],[-4.0021,40.3334],[-4.0021,40.3335],[-4.0024,40.3338],[-4.0024,40.3338],[-4.0025,40.3339],[-4.0026,40.334],[-4.0029,40.3342],[-4.003,40.3343],[-4.0032,40.3345],[-4.0034,40.3347],[-4.0035,40.3348],[-4.0034,40.3349],[-4.0032,40.3352],[-4.003,40.3354],[-4.0028,40.3356],[-4.0026,40.3358],[-4.0024,40.3361],[-4.0022,40.3364],[-4.0021,40.3365],[-4.0019,40.3369],[-4.0018,40.3371],[-4.0015,40.3375],[-4.0013,40.3376],[-4.0013,40.3377],[-4.0012,40.3377],[-4.001,40.338],[-4.0009,40.338],[-4.0008,40.3381],[-4.0009,40.3382],[-4.0009,40.3383],[-4.0009,40.3383],[-4.001,40.3383],[-4.0012,40.3385],[-4.0013,40.3385],[-4.0014,40.3386],[-4.0016,40.3387],[-4.0018,40.3389],[-4.002,40.339],[-4.0022,40.3392],[-4.0024,40.3394],[-4.0025,40.3395],[-4.0027,40.3396],[-4.0031,40.3398],[-4.0033,40.3399],[-4.0035,40.34],[-4.0038,40.3401],[-4.0041,40.3403],[-4.0044,40.3404],[-4.0046,40.3405],[-4.0046,40.3407],[-4.0045,40.3408],[-4.0045,40.3409],[-4.0045,40.3409],[-4.0043,40.3411],[-4.0041,40.3413],[-4.004,40.3415],[-4.0037,40.3417],[-4.0035,40.3419],[-4.0033,40.342],[-4.0032,40.3422],[-4.0042,40.3424],[-4.0048,40.3425],[-4.0051,40.3426],[-4.0051,40.3427],[-4.0052,40.3429],[-4.0052,40.343],[-4.0052,40.3432],[-4.0054,40.3433],[-4.0056,40.3435],[-4.0059,40.3436],[-4.006,40.3436],[-4.0062,40.3435],[-4.0064,40.3435],[-4.0066,40.3435],[-4.0067,40.3435],[-4.007,40.3436],[-4.0071,40.3436],[-4.0073,40.3436],[-4.0076,40.3437],[-4.0076,40.3442],[-4.0076,40.3443],[-4.0076,40.3445],[-4.0076,40.3446],[-4.0076,40.3448],[-4.0075,40.345],[-4.0076,40.3453],[-4.0073,40.3453],[-4.0069,40.3453],[-4.007,40.3455],[-4.0071,40.3457],[-4.0073,40.346],[-4.0074,40.3463],[-4.0073,40.3467],[-4.0073,40.3471],[-4.0073,40.3475],[-4.0072,40.348],[-4.0064,40.348],[-4.0061,40.3481],[-4.0059,40.3481],[-4.0056,40.348],[-4.0053,40.348],[-4.0051,40.3481],[-4.0048,40.3481],[-4.0046,40.3482],[-4.0045,40.3482],[-4.0046,40.3483],[-4.0047,40.3484],[-4.0049,40.3485],[-4.0051,40.3486],[-4.0052,40.3488],[-4.0062,40.3487],[-4.0066,40.3487],[-4.0067,40.3487],[-4.007,40.3486],[-4.0073,40.3485],[-4.008,40.3484],[-4.0084,40.3483],[-4.0088,40.3483],[-4.0091,40.3482],[-4.0094,40.3482],[-4.0097,40.3481],[-4.0099,40.348],[-4.0103,40.3479],[-4.0105,40.3479],[-4.0111,40.3478],[-4.0116,40.3477],[-4.012,40.3476],[-4.0126,40.3475],[-4.013,40.3475],[-4.0133,40.3474],[-4.0135,40.3474],[-4.0139,40.3474],[-4.0149,40.3463],[-4.0159,40.3451],[-4.016,40.345],[-4.0158,40.3448],[-4.0157,40.3447],[-4.0154,40.3446],[-4.0151,40.3445],[-4.0149,40.3444],[-4.0147,40.3443],[-4.0144,40.3442],[-4.0142,40.3441],[-4.014,40.3439],[-4.0138,40.3438],[-4.0137,40.3437],[-4.0135,40.3436],[-4.0133,40.3434],[-4.0131,40.3433],[-4.013,40.3432],[-4.0128,40.343],[-4.0132,40.3429],[-4.0149,40.3425],[-4.0162,40.3422],[-4.0181,40.3418],[-4.0181,40.3418],[-4.0188,40.3414],[-4.0186,40.3413],[-4.0184,40.3412],[-4.0181,40.3409],[-4.0177,40.3406],[-4.0174,40.3407],[-4.0174,40.3407],[-4.0172,40.3403],[-4.0166,40.3394],[-4.016,40.3395],[-4.0159,40.3395],[-4.0156,40.3395],[-4.0156,40.3394],[-4.0158,40.3394],[-4.0158,40.3394],[-4.0159,40.3393],[-4.0155,40.3385],[-4.0155,40.3385],[-4.015,40.3386],[-4.015,40.3384],[-4.0151,40.3381],[-4.0147,40.3382]]],[[[-3.8936,40.2498],[-3.8937,40.2498],[-3.8947,40.2496],[-3.8956,40.2494],[-3.8961,40.2493],[-3.8964,40.2493],[-3.8968,40.2492],[-3.8973,40.2491],[-3.898,40.2489],[-3.8983,40.2488],[-3.8986,40.2487],[-3.8989,40.2486],[-3.8992,40.2484],[-3.8995,40.2483],[-3.8997,40.2481],[-3.9001,40.248],[-3.9004,40.2479],[-3.9006,40.2479],[-3.9008,40.2479],[-3.9011,40.2478],[-3.9016,40.2478],[-3.9016,40.2478],[-3.902,40.2478],[-3.9024,40.2478],[-3.9034,40.248],[-3.9039,40.2481],[-3.9043,40.2481],[-3.9047,40.2481],[-3.9051,40.2482],[-3.9053,40.2482],[-3.9054,40.2482],[-3.9056,40.2483],[-3.906,40.2483],[-3.9065,40.2484],[-3.9069,40.2484],[-3.9072,40.2484],[-3.9076,40.2485],[-3.908,40.2485],[-3.9087,40.2485],[-3.909,40.2484],[-3.9092,40.2484],[-3.9093,40.2484],[-3.9095,40.2484],[-3.9096,40.2485],[-3.9099,40.2485],[-3.9101,40.2485],[-3.9104,40.2485],[-3.9108,40.2485],[-3.9113,40.2485],[-3.9117,40.2485],[-3.9123,40.2485],[-3.9127,40.2484],[-3.913,40.2483],[-3.9131,40.2483],[-3.9133,40.2482],[-3.9135,40.2481],[-3.9135,40.2481],[-3.9136,40.2481],[-3.9137,40.2481],[-3.9138,40.248],[-3.9138,40.248],[-3.9139,40.2481],[-3.9139,40.2481],[-3.9139,40.2481],[-3.914,40.2481],[-3.914,40.2481],[-3.9141,40.2481],[-3.9142,40.2481],[-3.9143,40.2481],[-3.9145,40.2481],[-3.9146,40.2481],[-3.9148,40.2481],[-3.915,40.2481],[-3.9152,40.2482],[-3.9154,40.2482],[-3.9157,40.2483],[-3.916,40.2484],[-3.9161,40.2484],[-3.9163,40.2484],[-3.9165,40.2484],[-3.9166,40.2484],[-3.9167,40.2484],[-3.9169,40.2484],[-3.917,40.2484],[-3.9171,40.2484],[-3.9172,40.2484],[-3.9173,40.2484],[-3.9174,40.2484],[-3.9175,40.2484],[-3.9175,40.2484],[-3.9175,40.2484],[-3.9176,40.2484],[-3.9177,40.2484],[-3.9178,40.2484],[-3.9179,40.2484],[-3.9179,40.2484],[-3.918,40.2484],[-3.918,40.2485],[-3.918,40.2485],[-3.9181,40.2485],[-3.9183,40.2486],[-3.9185,40.2487],[-3.9187,40.2488],[-3.9188,40.2488],[-3.919,40.2488],[-3.919,40.2489],[-3.9192,40.2489],[-3.9193,40.2489],[-3.9195,40.2489],[-3.9196,40.2489],[-3.9197,40.2488],[-3.9199,40.2488],[-3.92,40.2486],[-3.9202,40.2482],[-3.9203,40.2481],[-3.9204,40.248],[-3.9205,40.2479],[-3.9207,40.2478],[-3.9209,40.2477],[-3.921,40.2477],[-3.9212,40.2477],[-3.9215,40.2477],[-3.9217,40.2477],[-3.9218,40.2477],[-3.9218,40.2476],[-3.9219,40.2476],[-3.922,40.2476],[-3.9221,40.2476],[-3.9222,40.2476],[-3.9223,40.2476],[-3.9224,40.2475],[-3.9224,40.2475],[-3.9225,40.2475],[-3.9226,40.2474],[-3.9228,40.2472],[-3.9229,40.2471],[-3.923,40.247],[-3.9231,40.2469],[-3.9232,40.2467],[-3.9233,40.2466],[-3.9234,40.2465],[-3.9236,40.2462],[-3.9237,40.246],[-3.9237,40.246],[-3.9238,40.2459],[-3.9239,40.2456],[-3.9239,40.2456],[-3.9234,40.2455],[-3.9232,40.2451],[-3.9233,40.2448],[-3.9232,40.2446],[-3.9231,40.2444],[-3.923,40.2443],[-3.9226,40.2441],[-3.9223,40.244],[-3.9221,40.2439],[-3.9216,40.2437],[-3.9213,40.2436],[-3.921,40.2434],[-3.9207,40.2432],[-3.9205,40.243],[-3.9203,40.2428],[-3.92,40.2426],[-3.9197,40.2423],[-3.9194,40.242],[-3.9191,40.2418],[-3.9189,40.2417],[-3.9188,40.2416],[-3.9185,40.2413],[-3.9182,40.2411],[-3.9179,40.2409],[-3.9177,40.2407],[-3.9174,40.2405],[-3.9172,40.2403],[-3.9169,40.2402],[-3.9166,40.24],[-3.9163,40.2399],[-3.9162,40.2398],[-3.916,40.2396],[-3.9158,40.2394],[-3.9157,40.2392],[-3.9157,40.2391],[-3.9158,40.239],[-3.9159,40.2388],[-3.916,40.2386],[-3.9159,40.2385],[-3.9159,40.2384],[-3.9158,40.2383],[-3.9157,40.2382],[-3.9155,40.2381],[-3.9153,40.2379],[-3.9152,40.2379],[-3.9152,40.2378],[-3.9151,40.2377],[-3.915,40.2374],[-3.915,40.2373],[-3.915,40.2371],[-3.915,40.2369],[-3.9148,40.2368],[-3.9146,40.2366],[-3.9144,40.2364],[-3.9142,40.2362],[-3.914,40.236],[-3.9139,40.236],[-3.9137,40.2358],[-3.9134,40.2357],[-3.9131,40.2356],[-3.9129,40.2356],[-3.9126,40.2356],[-3.9124,40.2357],[-3.9122,40.2357],[-3.912,40.2358],[-3.9115,40.2361],[-3.9111,40.2363],[-3.9106,40.2365],[-3.9103,40.2366],[-3.91,40.2367],[-3.9096,40.2368],[-3.9091,40.2369],[-3.9088,40.2371],[-3.9085,40.2372],[-3.9081,40.2374],[-3.9078,40.2375],[-3.9076,40.2376],[-3.9072,40.2377],[-3.907,40.2378],[-3.9068,40.2378],[-3.9066,40.2379],[-3.9065,40.2378],[-3.9063,40.2375],[-3.9061,40.2373],[-3.9059,40.237],[-3.9057,40.2368],[-3.9055,40.2364],[-3.9052,40.236],[-3.9049,40.2356],[-3.9047,40.2353],[-3.9045,40.2351],[-3.9043,40.2348],[-3.904,40.2345],[-3.9038,40.2342],[-3.9035,40.2339],[-3.9032,40.2337],[-3.9029,40.2334],[-3.9027,40.2331],[-3.9025,40.2328],[-3.9024,40.2324],[-3.9023,40.2321],[-3.9022,40.2319],[-3.9021,40.2316],[-3.902,40.2312],[-3.9019,40.2309],[-3.9018,40.2307],[-3.9017,40.2305],[-3.9016,40.2303],[-3.9015,40.2301],[-3.9013,40.2299],[-3.9011,40.2297],[-3.9009,40.2295],[-3.9007,40.2293],[-3.9005,40.2291],[-3.9003,40.2289],[-3.9002,40.2287],[-3.9,40.2284],[-3.8999,40.2281],[-3.8998,40.2279],[-3.8997,40.2278],[-3.8995,40.2276],[-3.8997,40.2276],[-3.8999,40.2275],[-3.9001,40.2275],[-3.9005,40.2276],[-3.9009,40.2276],[-3.9012,40.2277],[-3.9014,40.2277],[-3.9016,40.2278],[-3.9017,40.2278],[-3.9019,40.2278],[-3.9022,40.2278],[-3.9025,40.2278],[-3.9028,40.2278],[-3.9031,40.2277],[-3.9034,40.2277],[-3.9037,40.2276],[-3.9039,40.2276],[-3.9042,40.2275],[-3.9045,40.2274],[-3.9048,40.2273],[-3.905,40.2272],[-3.9052,40.2272],[-3.9056,40.2271],[-3.9061,40.227],[-3.9062,40.2267],[-3.9063,40.2266],[-3.9065,40.2266],[-3.9067,40.2265],[-3.9068,40.2266],[-3.9072,40.2267],[-3.9074,40.2267],[-3.9078,40.2267],[-3.908,40.2266],[-3.9082,40.2266],[-3.9085,40.2266],[-3.9084,40.2267],[-3.9084,40.2269],[-3.9085,40.227],[-3.9086,40.2273],[-3.9087,40.2274],[-3.909,40.2275],[-3.9092,40.2275],[-3.9096,40.2275],[-3.91,40.2275],[-3.9103,40.2274],[-3.9107,40.2272],[-3.9109,40.2272],[-3.9111,40.2272],[-3.9113,40.2271],[-3.9114,40.2271],[-3.9117,40.227],[-3.912,40.227],[-3.9124,40.227],[-3.9126,40.227],[-3.9129,40.2269],[-3.9131,40.2269],[-3.9133,40.2269],[-3.9135,40.227],[-3.9137,40.2271],[-3.9139,40.2273],[-3.9141,40.2274],[-3.9143,40.2275],[-3.9146,40.2275],[-3.9148,40.2276],[-3.915,40.2276],[-3.9154,40.2276],[-3.9155,40.2276],[-3.9159,40.2277],[-3.9163,40.2278],[-3.9165,40.2279],[-3.9168,40.2279],[-3.917,40.2279],[-3.9172,40.2278],[-3.9175,40.2277],[-3.9178,40.2277],[-3.9179,40.2276],[-3.9181,40.2275],[-3.9184,40.2275],[-3.9185,40.2274],[-3.9187,40.2273],[-3.9191,40.227],[-3.9197,40.2271],[-3.92,40.2271],[-3.9204,40.2271],[-3.9208,40.2271],[-3.9211,40.227],[-3.9214,40.227],[-3.9217,40.2269],[-3.9219,40.2268],[-3.922,40.2267],[-3.9222,40.2267],[-3.9223,40.2267],[-3.9224,40.2268],[-3.9224,40.2269],[-3.9224,40.2269],[-3.9225,40.227],[-3.9227,40.2269],[-3.9231,40.2269],[-3.9234,40.2269],[-3.9237,40.2269],[-3.924,40.2268],[-3.9242,40.2267],[-3.9244,40.2266],[-3.9245,40.2265],[-3.9246,40.2263],[-3.9247,40.2262],[-3.9248,40.226],[-3.9249,40.2257],[-3.9249,40.2255],[-3.9251,40.225],[-3.9252,40.2247],[-3.9254,40.2243],[-3.9256,40.2242],[-3.9258,40.2242],[-3.9261,40.2242],[-3.9264,40.2242],[-3.9267,40.2242],[-3.927,40.2242],[-3.9274,40.2242],[-3.9276,40.2241],[-3.9279,40.224],[-3.9281,40.2238],[-3.9284,40.2237],[-3.9287,40.2236],[-3.9289,40.2235],[-3.9291,40.2233],[-3.9293,40.2231],[-3.9294,40.2229],[-3.9296,40.2227],[-3.93,40.2225],[-3.9301,40.2225],[-3.9306,40.2225],[-3.931,40.2226],[-3.9315,40.2226],[-3.9319,40.2226],[-3.9323,40.2226],[-3.9328,40.2226],[-3.9334,40.2226],[-3.9339,40.2226],[-3.9345,40.2226],[-3.935,40.2225],[-3.9353,40.2224],[-3.9357,40.2222],[-3.936,40.2221],[-3.9364,40.2219],[-3.9367,40.2217],[-3.937,40.2215],[-3.9373,40.2212],[-3.9376,40.2212],[-3.9382,40.221],[-3.9384,40.2209],[-3.9386,40.2208],[-3.9388,40.2207],[-3.9391,40.2205],[-3.9393,40.2202],[-3.9395,40.22],[-3.9397,40.2198],[-3.9399,40.2196],[-3.9402,40.2194],[-3.9403,40.2194],[-3.9406,40.2191],[-3.9408,40.2189],[-3.9412,40.2188],[-3.9415,40.2186],[-3.9419,40.2185],[-3.9422,40.2184],[-3.9425,40.2182],[-3.9429,40.2181],[-3.943,40.2181],[-3.9429,40.218],[-3.9427,40.2179],[-3.9426,40.2178],[-3.9425,40.2177],[-3.9425,40.2176],[-3.9425,40.2174],[-3.9425,40.2173],[-3.9425,40.2172],[-3.9423,40.217],[-3.9421,40.2168],[-3.9418,40.2167],[-3.9416,40.2165],[-3.9414,40.2163],[-3.9413,40.216],[-3.9413,40.2158],[-3.9411,40.2155],[-3.941,40.2152],[-3.9409,40.215],[-3.9408,40.2147],[-3.9407,40.2145],[-3.9405,40.2143],[-3.9404,40.214],[-3.9402,40.2138],[-3.94,40.2135],[-3.9398,40.2133],[-3.9397,40.2131],[-3.9395,40.2129],[-3.9393,40.2127],[-3.9392,40.2126],[-3.939,40.2124],[-3.9387,40.2122],[-3.9392,40.2122],[-3.9394,40.2122],[-3.9395,40.2122],[-3.9397,40.2121],[-3.9398,40.212],[-3.94,40.2119],[-3.9402,40.2119],[-3.9403,40.2118],[-3.9404,40.2117],[-3.9403,40.2116],[-3.9403,40.2115],[-3.9401,40.2115],[-3.9398,40.2114],[-3.9396,40.2114],[-3.9393,40.2113],[-3.9391,40.2113],[-3.9389,40.2113],[-3.9388,40.2112],[-3.9386,40.2111],[-3.9386,40.211],[-3.9386,40.2108],[-3.9386,40.2107],[-3.9386,40.2105],[-3.9385,40.2104],[-3.9385,40.2102],[-3.9384,40.2101],[-3.9383,40.2099],[-3.9383,40.2097],[-3.9382,40.2096],[-3.9381,40.2092],[-3.9381,40.2092],[-3.9384,40.2092],[-3.9386,40.2093],[-3.9388,40.2093],[-3.9389,40.2093],[-3.939,40.2092],[-3.939,40.2092],[-3.939,40.209],[-3.939,40.2089],[-3.9391,40.2088],[-3.9391,40.2085],[-3.9391,40.208],[-3.9389,40.2076],[-3.9389,40.2074],[-3.9389,40.2071],[-3.9389,40.2069],[-3.9389,40.2066],[-3.9388,40.2063],[-3.9387,40.206],[-3.9386,40.2058],[-3.9386,40.2057],[-3.9386,40.2055],[-3.9386,40.2053],[-3.9385,40.2051],[-3.9384,40.2049],[-3.9383,40.2046],[-3.9381,40.2043],[-3.938,40.2041],[-3.938,40.2039],[-3.938,40.2038],[-3.938,40.2037],[-3.9381,40.2034],[-3.9381,40.2032],[-3.938,40.2031],[-3.9359,40.2027],[-3.9358,40.2027],[-3.9354,40.2027],[-3.9351,40.2027],[-3.9348,40.2028],[-3.9347,40.2028],[-3.9345,40.2028],[-3.9342,40.2029],[-3.9339,40.2029],[-3.9337,40.203],[-3.9335,40.2031],[-3.9332,40.2032],[-3.933,40.2033],[-3.9327,40.2034],[-3.9324,40.2036],[-3.9322,40.2037],[-3.932,40.2038],[-3.9318,40.2038],[-3.9317,40.2039],[-3.9315,40.2039],[-3.9314,40.2039],[-3.9313,40.204],[-3.9311,40.204],[-3.9309,40.204],[-3.9307,40.2039],[-3.9306,40.2039],[-3.9304,40.2039],[-3.9303,40.2039],[-3.9301,40.2038],[-3.93,40.2038],[-3.93,40.2038],[-3.9299,40.2037],[-3.9298,40.2037],[-3.9298,40.2037],[-3.9294,40.2035],[-3.9293,40.2034],[-3.9292,40.2034],[-3.9292,40.2034],[-3.929,40.2033],[-3.9289,40.2033],[-3.9287,40.2032],[-3.9285,40.2031],[-3.9283,40.203],[-3.9281,40.2028],[-3.9278,40.2027],[-3.9275,40.2025],[-3.9273,40.2023],[-3.9271,40.2022],[-3.927,40.2021],[-3.9269,40.2019],[-3.9267,40.2018],[-3.9266,40.2017],[-3.9266,40.2016],[-3.9266,40.202],[-3.9266,40.2021],[-3.9265,40.2022],[-3.9265,40.2023],[-3.9265,40.2024],[-3.9263,40.2026],[-3.9262,40.2028],[-3.9261,40.2029],[-3.9261,40.2031],[-3.926,40.2034],[-3.9259,40.2037],[-3.9261,40.2039],[-3.9268,40.2044],[-3.9273,40.2049],[-3.9276,40.205],[-3.9279,40.2052],[-3.9276,40.2058],[-3.9275,40.2061],[-3.9274,40.2063],[-3.9274,40.2066],[-3.9273,40.2069],[-3.9273,40.2071],[-3.9272,40.2072],[-3.9271,40.2073],[-3.927,40.2074],[-3.9269,40.2074],[-3.9268,40.2074],[-3.9267,40.2075],[-3.9266,40.2076],[-3.9266,40.2077],[-3.9265,40.2081],[-3.9265,40.2084],[-3.9265,40.2085],[-3.9265,40.2086],[-3.9266,40.2087],[-3.9265,40.2088],[-3.9264,40.2089],[-3.9264,40.209],[-3.9263,40.2091],[-3.9262,40.2092],[-3.9261,40.2094],[-3.9261,40.2094],[-3.9261,40.2095],[-3.926,40.2096],[-3.9258,40.2097],[-3.9257,40.2097],[-3.9255,40.2097],[-3.9255,40.2098],[-3.9255,40.2098],[-3.9255,40.2098],[-3.9255,40.2098],[-3.9254,40.2098],[-3.9252,40.2098],[-3.925,40.2098],[-3.925,40.2098],[-3.925,40.2098],[-3.9249,40.2098],[-3.9249,40.2098],[-3.9248,40.2098],[-3.9248,40.2098],[-3.9247,40.2099],[-3.9247,40.21],[-3.9248,40.2102],[-3.9251,40.2104],[-3.9253,40.2106],[-3.9254,40.2108],[-3.9254,40.211],[-3.9256,40.2113],[-3.9257,40.2114],[-3.926,40.2115],[-3.9261,40.2115],[-3.9263,40.2114],[-3.9265,40.2111],[-3.9267,40.2106],[-3.9269,40.2101],[-3.927,40.2097],[-3.9271,40.2095],[-3.9281,40.2093],[-3.9288,40.2092],[-3.9292,40.2091],[-3.9294,40.2089],[-3.9298,40.2088],[-3.9307,40.2087],[-3.9312,40.2088],[-3.9314,40.209],[-3.9316,40.2094],[-3.9317,40.2096],[-3.932,40.2097],[-3.9323,40.2099],[-3.9325,40.2101],[-3.9327,40.2106],[-3.9329,40.2112],[-3.933,40.2113],[-3.9332,40.2114],[-3.9333,40.2114],[-3.9336,40.2118],[-3.9339,40.212],[-3.934,40.212],[-3.9342,40.212],[-3.9342,40.212],[-3.9343,40.2118],[-3.9345,40.2116],[-3.9345,40.2115],[-3.9346,40.2114],[-3.9347,40.2114],[-3.9348,40.2114],[-3.935,40.2115],[-3.9351,40.2117],[-3.9352,40.212],[-3.9352,40.2124],[-3.9352,40.2127],[-3.9351,40.213],[-3.9349,40.2135],[-3.9349,40.2139],[-3.935,40.2142],[-3.9354,40.2145],[-3.9358,40.2146],[-3.9361,40.2146],[-3.9363,40.2147],[-3.9367,40.2146],[-3.937,40.2147],[-3.9371,40.2148],[-3.9373,40.2149],[-3.9374,40.2154],[-3.9373,40.2161],[-3.9372,40.2164],[-3.9369,40.2166],[-3.9367,40.2166],[-3.9366,40.2164],[-3.9365,40.2161],[-3.9363,40.2158],[-3.936,40.2156],[-3.9358,40.2155],[-3.9355,40.2155],[-3.9354,40.2156],[-3.9353,40.2157],[-3.9352,40.2158],[-3.9352,40.2159],[-3.9351,40.216],[-3.935,40.216],[-3.9349,40.2159],[-3.9347,40.2157],[-3.9341,40.2152],[-3.9336,40.2147],[-3.9334,40.214],[-3.9332,40.2135],[-3.933,40.2133],[-3.9326,40.2133],[-3.9319,40.213],[-3.9316,40.213],[-3.9314,40.213],[-3.9311,40.2129],[-3.9308,40.2129],[-3.9306,40.2129],[-3.9303,40.213],[-3.9299,40.213],[-3.9293,40.2131],[-3.9287,40.2131],[-3.9282,40.2132],[-3.9277,40.2132],[-3.9272,40.2129],[-3.9263,40.2124],[-3.9257,40.212],[-3.9254,40.2117],[-3.9252,40.2116],[-3.9248,40.2116],[-3.9244,40.2116],[-3.9238,40.2118],[-3.9233,40.2118],[-3.9229,40.2116],[-3.9226,40.2116],[-3.9224,40.2116],[-3.9221,40.2116],[-3.9218,40.2116],[-3.9212,40.2117],[-3.921,40.2115],[-3.921,40.2115],[-3.9209,40.2116],[-3.9209,40.2116],[-3.9208,40.2116],[-3.9208,40.2115],[-3.9207,40.2115],[-3.9207,40.2114],[-3.9207,40.2113],[-3.9207,40.2113],[-3.9207,40.2112],[-3.9208,40.2112],[-3.9208,40.2112],[-3.9208,40.2111],[-3.9209,40.2111],[-3.921,40.2111],[-3.921,40.211],[-3.9212,40.211],[-3.9213,40.211],[-3.9212,40.211],[-3.9208,40.2109],[-3.9208,40.2107],[-3.9208,40.2104],[-3.9208,40.2103],[-3.9208,40.2103],[-3.9209,40.2102],[-3.9208,40.2102],[-3.9205,40.2102],[-3.92,40.2101],[-3.9196,40.2101],[-3.9193,40.2101],[-3.9188,40.21],[-3.9186,40.21],[-3.9185,40.21],[-3.9184,40.21],[-3.9183,40.21],[-3.9182,40.2099],[-3.9181,40.2098],[-3.9179,40.2098],[-3.9177,40.2097],[-3.9176,40.2096],[-3.9175,40.2095],[-3.9173,40.2094],[-3.9172,40.2094],[-3.9169,40.2093],[-3.9168,40.2092],[-3.9167,40.2092],[-3.9166,40.2091],[-3.9166,40.2091],[-3.9164,40.209],[-3.916,40.2087],[-3.9155,40.2084],[-3.9151,40.2082],[-3.915,40.2081],[-3.9148,40.208],[-3.9148,40.2079],[-3.9147,40.2079],[-3.9146,40.2077],[-3.9145,40.2075],[-3.9144,40.2073],[-3.9143,40.2072],[-3.9141,40.207],[-3.914,40.2068],[-3.9139,40.2067],[-3.9137,40.2065],[-3.9137,40.2065],[-3.9135,40.2063],[-3.9133,40.2062],[-3.9132,40.2061],[-3.913,40.2059],[-3.9129,40.2058],[-3.9127,40.2056],[-3.9126,40.2054],[-3.9125,40.2051],[-3.9124,40.2049],[-3.9123,40.2048],[-3.9122,40.2046],[-3.9122,40.2044],[-3.9122,40.2042],[-3.9121,40.204],[-3.912,40.2037],[-3.912,40.2034],[-3.9119,40.2033],[-3.9118,40.2032],[-3.9117,40.203],[-3.9116,40.2029],[-3.9115,40.2028],[-3.9113,40.2026],[-3.9109,40.2024],[-3.9103,40.202],[-3.9099,40.2019],[-3.9095,40.2018],[-3.9093,40.2018],[-3.9091,40.2017],[-3.9089,40.2017],[-3.9087,40.2016],[-3.9084,40.2015],[-3.908,40.2014],[-3.9077,40.2012],[-3.9074,40.2012],[-3.9072,40.2011],[-3.907,40.201],[-3.9069,40.201],[-3.9068,40.201],[-3.9066,40.2009],[-3.9062,40.2009],[-3.9059,40.2008],[-3.9058,40.2008],[-3.905,40.2007],[-3.9047,40.2006],[-3.9044,40.2006],[-3.9043,40.2006],[-3.9042,40.2006],[-3.9041,40.2007],[-3.904,40.2007],[-3.9036,40.2007],[-3.9028,40.2009],[-3.9023,40.2009],[-3.9021,40.201],[-3.9018,40.201],[-3.9017,40.2011],[-3.9016,40.2011],[-3.9015,40.2012],[-3.9012,40.2013],[-3.9012,40.2013],[-3.901,40.2015],[-3.9009,40.2015],[-3.9008,40.2016],[-3.9007,40.2016],[-3.9005,40.2016],[-3.9003,40.2016],[-3.9,40.2017],[-3.8999,40.2017],[-3.8996,40.2018],[-3.8991,40.2019],[-3.8986,40.2021],[-3.8985,40.2021],[-3.8985,40.2021],[-3.8984,40.2022],[-3.8982,40.2023],[-3.898,40.2024],[-3.8978,40.2025],[-3.8976,40.2026],[-3.8972,40.2026],[-3.8968,40.2026],[-3.896,40.2027],[-3.8959,40.2027],[-3.8957,40.2027],[-3.8956,40.2027],[-3.8956,40.2028],[-3.8956,40.2028],[-3.8956,40.2028],[-3.8955,40.2029],[-3.8955,40.2029],[-3.8955,40.203],[-3.8953,40.2033],[-3.8952,40.2034],[-3.8951,40.2035],[-3.8951,40.2036],[-3.895,40.2036],[-3.895,40.2036],[-3.8949,40.2037],[-3.895,40.2038],[-3.895,40.2038],[-3.8951,40.2038],[-3.895,40.2041],[-3.895,40.2044],[-3.895,40.2046],[-3.895,40.2048],[-3.8949,40.2049],[-3.8949,40.205],[-3.8949,40.205],[-3.8948,40.2051],[-3.8948,40.2052],[-3.8948,40.2053],[-3.8948,40.2054],[-3.8948,40.2054],[-3.8948,40.2055],[-3.8948,40.2056],[-3.8949,40.2057],[-3.8949,40.2058],[-3.8949,40.2058],[-3.8949,40.2059],[-3.8948,40.206],[-3.8948,40.206],[-3.8948,40.206],[-3.8947,40.2062],[-3.8947,40.2063],[-3.8947,40.2064],[-3.8947,40.2064],[-3.8946,40.2065],[-3.8946,40.2066],[-3.8945,40.2068],[-3.8945,40.2069],[-3.8945,40.207],[-3.8945,40.207],[-3.8944,40.2071],[-3.8942,40.2079],[-3.8942,40.2087],[-3.8942,40.2095],[-3.8957,40.2098],[-3.8988,40.2105],[-3.8989,40.2105],[-3.8998,40.2107],[-3.9001,40.2108],[-3.9005,40.2109],[-3.9009,40.211],[-3.9011,40.2111],[-3.9015,40.2112],[-3.9033,40.212],[-3.9033,40.212],[-3.9042,40.2123],[-3.9051,40.2127],[-3.9052,40.2128],[-3.9055,40.2129],[-3.9057,40.2129],[-3.9059,40.213],[-3.9062,40.213],[-3.9065,40.213],[-3.9067,40.213],[-3.907,40.213],[-3.9074,40.2129],[-3.9076,40.2128],[-3.9078,40.2128],[-3.9081,40.2127],[-3.9081,40.2126],[-3.9086,40.2125],[-3.9089,40.2124],[-3.9093,40.2124],[-3.9094,40.2124],[-3.9099,40.2124],[-3.91,40.2124],[-3.9101,40.2124],[-3.9105,40.2125],[-3.9109,40.2125],[-3.9112,40.2125],[-3.9115,40.2126],[-3.9118,40.2126],[-3.9119,40.2126],[-3.9121,40.2125],[-3.9121,40.2125],[-3.9124,40.2125],[-3.9128,40.2124],[-3.9133,40.2123],[-3.9135,40.2123],[-3.9135,40.2123],[-3.9138,40.2122],[-3.9143,40.2122],[-3.9143,40.2122],[-3.9145,40.2122],[-3.9148,40.2123],[-3.915,40.2123],[-3.9152,40.2123],[-3.9154,40.2124],[-3.9158,40.2125],[-3.9167,40.2128],[-3.917,40.2129],[-3.9173,40.2129],[-3.9176,40.213],[-3.9178,40.2131],[-3.9182,40.2131],[-3.9195,40.2131],[-3.9207,40.2131],[-3.9221,40.213],[-3.9239,40.213],[-3.9243,40.213],[-3.9244,40.213],[-3.9247,40.213],[-3.9249,40.213],[-3.9252,40.2131],[-3.9253,40.2131],[-3.9255,40.2132],[-3.926,40.2133],[-3.9264,40.2135],[-3.9267,40.2136],[-3.9269,40.2137],[-3.9269,40.2137],[-3.9276,40.214],[-3.9277,40.214],[-3.9277,40.214],[-3.9278,40.2141],[-3.928,40.2141],[-3.9282,40.2141],[-3.9284,40.2142],[-3.9284,40.2142],[-3.9286,40.2142],[-3.9289,40.2142],[-3.9293,40.2142],[-3.9296,40.2142],[-3.9301,40.2141],[-3.9302,40.2141],[-3.9304,40.2141],[-3.9308,40.2141],[-3.931,40.2141],[-3.9312,40.2141],[-3.9312,40.2141],[-3.9314,40.2141],[-3.9313,40.2144],[-3.9313,40.2145],[-3.9314,40.2147],[-3.9314,40.2147],[-3.9314,40.2147],[-3.9314,40.2148],[-3.9314,40.2149],[-3.9314,40.215],[-3.9314,40.2152],[-3.9313,40.2153],[-3.9313,40.2155],[-3.9313,40.2155],[-3.9313,40.2156],[-3.9313,40.2156],[-3.9312,40.2157],[-3.9312,40.2159],[-3.9312,40.2164],[-3.9312,40.2167],[-3.9312,40.217],[-3.9312,40.2173],[-3.9312,40.2175],[-3.9312,40.2178],[-3.9312,40.2179],[-3.9312,40.2181],[-3.9312,40.2181],[-3.9312,40.2181],[-3.9312,40.2181],[-3.931,40.2181],[-3.9308,40.2181],[-3.9306,40.2181],[-3.9305,40.2181],[-3.9303,40.2181],[-3.9302,40.2181],[-3.9301,40.2181],[-3.9298,40.2181],[-3.9296,40.2181],[-3.9294,40.2181],[-3.9293,40.2181],[-3.9291,40.2182],[-3.9287,40.2182],[-3.9284,40.2182],[-3.9282,40.2182],[-3.928,40.2182],[-3.928,40.2182],[-3.9279,40.2182],[-3.9278,40.2182],[-3.9276,40.2183],[-3.9273,40.2184],[-3.9271,40.2185],[-3.9267,40.2186],[-3.9265,40.2186],[-3.9263,40.2186],[-3.9261,40.2187],[-3.9258,40.2188],[-3.9254,40.2189],[-3.9252,40.2189],[-3.9249,40.219],[-3.9246,40.219],[-3.9244,40.2191],[-3.9243,40.2191],[-3.924,40.2192],[-3.9237,40.2193],[-3.9235,40.2194],[-3.9232,40.2194],[-3.9231,40.2194],[-3.9229,40.2194],[-3.9227,40.2194],[-3.9224,40.2194],[-3.9222,40.2195],[-3.9219,40.2196],[-3.9216,40.2196],[-3.9214,40.2198],[-3.9213,40.2198],[-3.921,40.2199],[-3.9209,40.2199],[-3.9203,40.2201],[-3.9198,40.2202],[-3.9195,40.2203],[-3.9189,40.2204],[-3.9186,40.2205],[-3.9185,40.2205],[-3.9182,40.2206],[-3.9179,40.2206],[-3.9175,40.2206],[-3.9172,40.2207],[-3.9172,40.2207],[-3.9166,40.2207],[-3.9163,40.2207],[-3.916,40.2207],[-3.9158,40.2207],[-3.9156,40.2208],[-3.9155,40.2208],[-3.9154,40.2209],[-3.9152,40.221],[-3.9151,40.2211],[-3.9149,40.2212],[-3.9148,40.2213],[-3.9146,40.2214],[-3.9145,40.2214],[-3.9143,40.2214],[-3.9142,40.2215],[-3.9141,40.2215],[-3.9139,40.2216],[-3.9138,40.2217],[-3.9137,40.2217],[-3.9137,40.2217],[-3.9136,40.2217],[-3.9134,40.2216],[-3.9132,40.2216],[-3.9132,40.2216],[-3.9131,40.2216],[-3.9129,40.2215],[-3.9127,40.2215],[-3.9125,40.2214],[-3.9123,40.2214],[-3.9121,40.2214],[-3.912,40.2213],[-3.9118,40.2213],[-3.9116,40.2212],[-3.9114,40.2211],[-3.9113,40.221],[-3.9112,40.221],[-3.911,40.2209],[-3.9107,40.2209],[-3.9105,40.2209],[-3.9105,40.2209],[-3.9101,40.2209],[-3.9098,40.2209],[-3.9096,40.2209],[-3.9095,40.2209],[-3.9092,40.221],[-3.909,40.2211],[-3.9088,40.2212],[-3.9086,40.2213],[-3.9086,40.2213],[-3.9086,40.2213],[-3.9086,40.2213],[-3.9086,40.2213],[-3.9085,40.2213],[-3.9083,40.2214],[-3.9081,40.2215],[-3.908,40.2215],[-3.9078,40.2216],[-3.9075,40.2215],[-3.9073,40.2215],[-3.9072,40.2215],[-3.9071,40.2215],[-3.907,40.2216],[-3.9069,40.2216],[-3.9067,40.2216],[-3.9067,40.2217],[-3.9067,40.2217],[-3.9066,40.2217],[-3.9066,40.2218],[-3.9065,40.2219],[-3.9065,40.2219],[-3.9065,40.222],[-3.9064,40.2222],[-3.9063,40.2223],[-3.906,40.2225],[-3.9059,40.2226],[-3.9057,40.2227],[-3.9057,40.2228],[-3.9055,40.223],[-3.9053,40.2232],[-3.9053,40.2233],[-3.9053,40.2233],[-3.9051,40.2234],[-3.905,40.2234],[-3.9049,40.2235],[-3.9047,40.2236],[-3.9046,40.2237],[-3.9044,40.2239],[-3.9043,40.2241],[-3.9041,40.2243],[-3.904,40.2244],[-3.9039,40.2245],[-3.9031,40.2249],[-3.9031,40.2248],[-3.903,40.2247],[-3.9029,40.2245],[-3.9028,40.2244],[-3.9028,40.2243],[-3.9027,40.2242],[-3.9026,40.224],[-3.9026,40.2239],[-3.9028,40.2239],[-3.9028,40.2239],[-3.9029,40.2239],[-3.903,40.2238],[-3.903,40.2238],[-3.9031,40.2238],[-3.9032,40.2238],[-3.9032,40.2237],[-3.9033,40.2237],[-3.9033,40.2236],[-3.9032,40.2235],[-3.9032,40.2234],[-3.9031,40.2233],[-3.903,40.2232],[-3.903,40.223],[-3.9029,40.223],[-3.9029,40.2229],[-3.9028,40.2227],[-3.9025,40.2223],[-3.9024,40.2223],[-3.9021,40.2224],[-3.902,40.2224],[-3.902,40.2224],[-3.9018,40.2224],[-3.9016,40.2224],[-3.9014,40.2223],[-3.9013,40.2222],[-3.9013,40.2221],[-3.901,40.222],[-3.9008,40.2219],[-3.9007,40.2219],[-3.9006,40.2218],[-3.9004,40.2218],[-3.9004,40.2218],[-3.9004,40.2218],[-3.9003,40.2218],[-3.9,40.2219],[-3.8999,40.2219],[-3.8997,40.2219],[-3.8996,40.2219],[-3.8993,40.2218],[-3.8991,40.2218],[-3.8991,40.2218],[-3.8987,40.2217],[-3.8983,40.2216],[-3.8978,40.2216],[-3.8977,40.2216],[-3.8975,40.2216],[-3.8974,40.2216],[-3.897,40.2216],[-3.8969,40.2216],[-3.8968,40.2216],[-3.8968,40.2216],[-3.8967,40.2217],[-3.8966,40.2217],[-3.8965,40.2217],[-3.8963,40.2218],[-3.8961,40.2218],[-3.8959,40.2219],[-3.8957,40.2219],[-3.8955,40.2219],[-3.8954,40.222],[-3.8952,40.2221],[-3.8949,40.2221],[-3.8947,40.2222],[-3.8943,40.2224],[-3.8939,40.2225],[-3.8935,40.2226],[-3.8932,40.2226],[-3.893,40.2227],[-3.8926,40.2227],[-3.8921,40.2227],[-3.8912,40.2228],[-3.891,40.2228],[-3.8908,40.2228],[-3.8905,40.2228],[-3.8904,40.2228],[-3.8903,40.2228],[-3.8902,40.2228],[-3.8901,40.2229],[-3.89,40.2229],[-3.8898,40.2229],[-3.8895,40.2229],[-3.8891,40.223],[-3.8889,40.223],[-3.8889,40.223],[-3.8889,40.223],[-3.8889,40.2231],[-3.8889,40.2234],[-3.8889,40.2236],[-3.8889,40.2238],[-3.8889,40.2241],[-3.8889,40.2243],[-3.889,40.2244],[-3.889,40.2247],[-3.889,40.2249],[-3.889,40.2249],[-3.889,40.2251],[-3.889,40.2253],[-3.8891,40.2255],[-3.8891,40.2256],[-3.8891,40.2256],[-3.8892,40.2257],[-3.8893,40.2259],[-3.8894,40.2262],[-3.8895,40.2263],[-3.8895,40.2266],[-3.8895,40.2266],[-3.8896,40.2268],[-3.8897,40.227],[-3.8899,40.2273],[-3.8899,40.2274],[-3.8899,40.2275],[-3.8899,40.2275],[-3.89,40.2277],[-3.89,40.2278],[-3.89,40.2279],[-3.89,40.228],[-3.8899,40.2282],[-3.8898,40.2283],[-3.8897,40.2285],[-3.8896,40.2287],[-3.8895,40.2287],[-3.8893,40.229],[-3.8892,40.2292],[-3.8891,40.2294],[-3.889,40.2295],[-3.8889,40.2296],[-3.8889,40.2296],[-3.8888,40.2297],[-3.8887,40.2297],[-3.8886,40.2299],[-3.8886,40.23],[-3.8882,40.2307],[-3.8882,40.2308],[-3.8881,40.2309],[-3.8881,40.2311],[-3.8881,40.2311],[-3.888,40.2312],[-3.8879,40.2313],[-3.8878,40.2314],[-3.8878,40.2315],[-3.8877,40.2316],[-3.8876,40.2317],[-3.8875,40.2318],[-3.8874,40.232],[-3.8872,40.2322],[-3.8871,40.2323],[-3.887,40.2323],[-3.8868,40.2324],[-3.8865,40.2324],[-3.8861,40.2325],[-3.8854,40.2326],[-3.8851,40.2327],[-3.885,40.2328],[-3.8847,40.2328],[-3.8842,40.233],[-3.8841,40.2331],[-3.8831,40.2335],[-3.8826,40.2337],[-3.8824,40.2339],[-3.8822,40.234],[-3.882,40.2341],[-3.8816,40.2342],[-3.8812,40.2343],[-3.8808,40.2345],[-3.8805,40.2347],[-3.8803,40.2348],[-3.8801,40.235],[-3.88,40.2351],[-3.8798,40.2353],[-3.8797,40.2354],[-3.8796,40.2356],[-3.8795,40.2357],[-3.8794,40.2358],[-3.8793,40.236],[-3.8792,40.2362],[-3.8791,40.2363],[-3.8791,40.2364],[-3.879,40.2365],[-3.879,40.2365],[-3.8788,40.2366],[-3.8785,40.2369],[-3.8783,40.2371],[-3.878,40.2373],[-3.8778,40.2374],[-3.8777,40.2375],[-3.8774,40.2377],[-3.8771,40.2379],[-3.8768,40.2381],[-3.8767,40.2381],[-3.8765,40.2382],[-3.8763,40.2382],[-3.8759,40.2383],[-3.8739,40.2409],[-3.8718,40.2436],[-3.8744,40.2447],[-3.878,40.2456],[-3.8798,40.2461],[-3.8817,40.2465],[-3.885,40.2473],[-3.8868,40.2477],[-3.8914,40.2488],[-3.8936,40.2498]],[[-3.932,40.2056],[-3.9322,40.2057],[-3.9325,40.2058],[-3.9327,40.2059],[-3.9329,40.2061],[-3.9332,40.2062],[-3.9336,40.2063],[-3.9339,40.2064],[-3.9341,40.2066],[-3.9344,40.2069],[-3.9345,40.2071],[-3.9346,40.2073],[-3.9347,40.2075],[-3.9347,40.2077],[-3.9348,40.2078],[-3.935,40.2079],[-3.9354,40.2082],[-3.9356,40.2084],[-3.9353,40.2084],[-3.935,40.2084],[-3.9345,40.2084],[-3.9342,40.2083],[-3.9339,40.2084],[-3.9336,40.2084],[-3.9332,40.2084],[-3.9328,40.2083],[-3.9325,40.2082],[-3.9323,40.2081],[-3.9323,40.2081],[-3.9323,40.2081],[-3.9322,40.2079],[-3.9321,40.2077],[-3.9321,40.2075],[-3.9321,40.2073],[-3.932,40.207],[-3.9319,40.2067],[-3.9316,40.2063],[-3.9317,40.2061],[-3.9317,40.2054],[-3.9318,40.2054],[-3.9319,40.2054],[-3.932,40.2056]]],[[[-3.9388,40.3112],[-3.9387,40.3112],[-3.9386,40.3112],[-3.9385,40.3113],[-3.9384,40.3114],[-3.9382,40.3114],[-3.9382,40.3114],[-3.9378,40.3116],[-3.9376,40.3116],[-3.9374,40.3117],[-3.9372,40.3118],[-3.937,40.3118],[-3.9367,40.3118],[-3.9365,40.3117],[-3.9363,40.3117],[-3.936,40.3117],[-3.9359,40.3118],[-3.9358,40.312],[-3.9358,40.3122],[-3.9356,40.3123],[-3.9355,40.3124],[-3.9354,40.3125],[-3.9353,40.3127],[-3.9352,40.313],[-3.9351,40.3132],[-3.9349,40.3133],[-3.9348,40.3133],[-3.9345,40.3133],[-3.9342,40.3132],[-3.934,40.3131],[-3.9338,40.3131],[-3.9337,40.3131],[-3.9335,40.3133],[-3.9333,40.3135],[-3.9331,40.3139],[-3.9329,40.3141],[-3.9327,40.3141],[-3.9325,40.3142],[-3.9324,40.3144],[-3.9323,40.3146],[-3.9322,40.3147],[-3.9321,40.315],[-3.932,40.3151],[-3.9318,40.3151],[-3.9318,40.315],[-3.9317,40.3149],[-3.9314,40.3148],[-3.9312,40.3148],[-3.931,40.3148],[-3.9307,40.3149],[-3.9305,40.3149],[-3.9302,40.3149],[-3.93,40.3149],[-3.9299,40.3149],[-3.9298,40.3149],[-3.9297,40.3151],[-3.9297,40.3152],[-3.9297,40.3153],[-3.9296,40.3154],[-3.9296,40.3156],[-3.9294,40.3157],[-3.9292,40.3158],[-3.9291,40.3159],[-3.929,40.3161],[-3.929,40.3162],[-3.929,40.3162],[-3.9291,40.3164],[-3.9291,40.3166],[-3.9288,40.3168],[-3.9286,40.3168],[-3.9284,40.3168],[-3.9283,40.3167],[-3.9282,40.3167],[-3.928,40.3166],[-3.9278,40.3165],[-3.9277,40.3167],[-3.9276,40.3168],[-3.9275,40.3171],[-3.9275,40.3173],[-3.9274,40.3175],[-3.9273,40.3177],[-3.9271,40.3179],[-3.9269,40.318],[-3.9267,40.3182],[-3.9265,40.3183],[-3.9263,40.3183],[-3.9261,40.3184],[-3.9259,40.3185],[-3.9258,40.3187],[-3.9256,40.3188],[-3.9255,40.319],[-3.9253,40.319],[-3.9251,40.319],[-3.9249,40.319],[-3.9248,40.319],[-3.9246,40.3191],[-3.9244,40.3191],[-3.9242,40.3192],[-3.924,40.3192],[-3.9238,40.3193],[-3.9237,40.3194],[-3.9235,40.3195],[-3.9233,40.3196],[-3.9231,40.3196],[-3.923,40.3197],[-3.9228,40.3199],[-3.9225,40.32],[-3.9222,40.3201],[-3.922,40.3201],[-3.9218,40.3202],[-3.9216,40.3203],[-3.9213,40.3204],[-3.9212,40.3205],[-3.921,40.3206],[-3.9209,40.3208],[-3.9207,40.321],[-3.9205,40.3211],[-3.9204,40.3212],[-3.9202,40.3214],[-3.92,40.3216],[-3.9199,40.3217],[-3.9198,40.3219],[-3.9197,40.322],[-3.9194,40.3221],[-3.9192,40.3222],[-3.9191,40.3222],[-3.9188,40.3222],[-3.9186,40.3222],[-3.9185,40.3222],[-3.9184,40.3221],[-3.9182,40.3221],[-3.918,40.322],[-3.9177,40.322],[-3.9176,40.322],[-3.9173,40.3221],[-3.9171,40.3221],[-3.9169,40.3222],[-3.9168,40.3223],[-3.9167,40.3224],[-3.9166,40.3226],[-3.9164,40.3228],[-3.9163,40.3229],[-3.9162,40.323],[-3.9161,40.3232],[-3.916,40.3233],[-3.9157,40.3235],[-3.9155,40.3237],[-3.9153,40.3238],[-3.915,40.3238],[-3.9148,40.3238],[-3.9146,40.3238],[-3.9144,40.3238],[-3.9142,40.3239],[-3.914,40.3239],[-3.9138,40.324],[-3.9135,40.3241],[-3.9134,40.3242],[-3.9132,40.3244],[-3.9131,40.3246],[-3.9128,40.325],[-3.9123,40.3257],[-3.9123,40.3258],[-3.9126,40.3257],[-3.9127,40.3257],[-3.913,40.3255],[-3.9133,40.3254],[-3.9136,40.3254],[-3.9138,40.3253],[-3.9139,40.3253],[-3.914,40.3254],[-3.914,40.3255],[-3.914,40.3256],[-3.914,40.3258],[-3.9138,40.326],[-3.9136,40.3263],[-3.9134,40.3268],[-3.9132,40.327],[-3.9132,40.3271],[-3.9131,40.3273],[-3.9131,40.3273],[-3.9131,40.3274],[-3.9131,40.3275],[-3.9132,40.3275],[-3.9132,40.3276],[-3.9134,40.328],[-3.9136,40.3285],[-3.9138,40.3288],[-3.9139,40.329],[-3.9141,40.3292],[-3.9142,40.3294],[-3.9144,40.3296],[-3.9145,40.3297],[-3.9145,40.3298],[-3.9145,40.3299],[-3.9145,40.33],[-3.9145,40.33],[-3.9144,40.3301],[-3.9142,40.3301],[-3.914,40.3302],[-3.9139,40.3302],[-3.9138,40.3303],[-3.9137,40.3303],[-3.9137,40.3305],[-3.9137,40.3305],[-3.9137,40.3307],[-3.9137,40.3308],[-3.9137,40.331],[-3.9138,40.3311],[-3.9138,40.3312],[-3.9138,40.3313],[-3.9138,40.3313],[-3.9137,40.3314],[-3.9137,40.3314],[-3.9136,40.3315],[-3.9135,40.3315],[-3.9135,40.3316],[-3.9132,40.3317],[-3.913,40.3317],[-3.9131,40.3318],[-3.9132,40.332],[-3.9133,40.3321],[-3.9135,40.3322],[-3.9138,40.3325],[-3.914,40.3326],[-3.9145,40.333],[-3.9146,40.3331],[-3.9149,40.3332],[-3.9152,40.3335],[-3.9154,40.3336],[-3.9156,40.3337],[-3.9158,40.3339],[-3.9162,40.3342],[-3.9166,40.3345],[-3.9174,40.335],[-3.9181,40.3356],[-3.9184,40.3357],[-3.9185,40.3359],[-3.9186,40.3359],[-3.919,40.3361],[-3.9194,40.3362],[-3.9197,40.3364],[-3.9207,40.3368],[-3.9209,40.3368],[-3.9209,40.3369],[-3.9211,40.3371],[-3.9214,40.3378],[-3.9217,40.3383],[-3.9225,40.3399],[-3.9226,40.34],[-3.9233,40.3417],[-3.924,40.3434],[-3.9249,40.3456],[-3.9258,40.3477],[-3.9268,40.3502],[-3.9276,40.352],[-3.9282,40.3533],[-3.9283,40.3538],[-3.9283,40.3538],[-3.9284,40.3538],[-3.9284,40.3538],[-3.9288,40.3536],[-3.9289,40.3535],[-3.9291,40.3534],[-3.9295,40.3534],[-3.9299,40.3532],[-3.9301,40.3531],[-3.9302,40.353],[-3.9304,40.353],[-3.9307,40.353],[-3.9309,40.353],[-3.9313,40.3529],[-3.9316,40.3528],[-3.9319,40.3528],[-3.9323,40.3528],[-3.9326,40.3527],[-3.9328,40.3527],[-3.9331,40.3526],[-3.9334,40.3526],[-3.9337,40.3525],[-3.9338,40.3523],[-3.9338,40.3521],[-3.9338,40.3519],[-3.9338,40.3518],[-3.9338,40.3517],[-3.9339,40.3515],[-3.934,40.3514],[-3.9339,40.3512],[-3.9339,40.3512],[-3.9339,40.3511],[-3.934,40.3511],[-3.934,40.351],[-3.9342,40.351],[-3.9344,40.3509],[-3.9347,40.3509],[-3.935,40.3509],[-3.9354,40.3508],[-3.9357,40.3508],[-3.9359,40.3507],[-3.9362,40.3507],[-3.9366,40.3508],[-3.9368,40.3508],[-3.9371,40.3508],[-3.9373,40.3508],[-3.9375,40.3508],[-3.9376,40.3508],[-3.9377,40.3507],[-3.9378,40.3506],[-3.9379,40.3505],[-3.9379,40.3504],[-3.9379,40.3503],[-3.9379,40.3502],[-3.9379,40.3501],[-3.9379,40.3501],[-3.938,40.3502],[-3.938,40.3503],[-3.9381,40.3504],[-3.9381,40.3505],[-3.9382,40.3506],[-3.9383,40.3507],[-3.9384,40.3508],[-3.9386,40.3508],[-3.9387,40.3508],[-3.9389,40.3508],[-3.939,40.3507],[-3.939,40.3505],[-3.9389,40.3504],[-3.9388,40.3503],[-3.9388,40.3502],[-3.9387,40.35],[-3.9388,40.35],[-3.9389,40.35],[-3.9391,40.35],[-3.9393,40.3501],[-3.9394,40.3502],[-3.9397,40.3503],[-3.9399,40.3504],[-3.9401,40.3505],[-3.9403,40.3505],[-3.9405,40.3505],[-3.9407,40.3505],[-3.9409,40.3504],[-3.941,40.3504],[-3.941,40.3503],[-3.9411,40.3501],[-3.9411,40.3499],[-3.9411,40.3498],[-3.9412,40.3496],[-3.9414,40.3495],[-3.9416,40.3495],[-3.9418,40.3494],[-3.9421,40.3494],[-3.9423,40.3493],[-3.9427,40.3492],[-3.943,40.3491],[-3.9434,40.3491],[-3.9437,40.3491],[-3.944,40.349],[-3.9443,40.349],[-3.9446,40.3489],[-3.9448,40.3489],[-3.945,40.3488],[-3.9452,40.3487],[-3.9453,40.3486],[-3.9453,40.3484],[-3.9454,40.3483],[-3.9453,40.3483],[-3.9451,40.3481],[-3.945,40.348],[-3.9446,40.3478],[-3.9444,40.3477],[-3.9442,40.3477],[-3.9439,40.3475],[-3.9436,40.3475],[-3.9434,40.3474],[-3.9432,40.3473],[-3.9431,40.3471],[-3.943,40.347],[-3.9431,40.3469],[-3.9431,40.3467],[-3.9431,40.3466],[-3.9432,40.3465],[-3.943,40.3464],[-3.9428,40.3462],[-3.9426,40.3462],[-3.9425,40.346],[-3.9423,40.3457],[-3.9422,40.3455],[-3.9422,40.3453],[-3.9422,40.3452],[-3.9423,40.345],[-3.9425,40.3448],[-3.9426,40.3446],[-3.9426,40.3445],[-3.9426,40.3443],[-3.9424,40.3441],[-3.9422,40.344],[-3.942,40.3439],[-3.9418,40.3438],[-3.9414,40.3436],[-3.9411,40.3435],[-3.9409,40.3434],[-3.9408,40.3434],[-3.9406,40.3433],[-3.9402,40.3433],[-3.9399,40.3433],[-3.9396,40.3432],[-3.9395,40.3432],[-3.9393,40.3431],[-3.9392,40.3429],[-3.9392,40.3428],[-3.9391,40.3428],[-3.9388,40.3428],[-3.9386,40.3428],[-3.9384,40.3428],[-3.9383,40.3427],[-3.9381,40.3426],[-3.938,40.3425],[-3.9378,40.3424],[-3.9376,40.3424],[-3.9375,40.3424],[-3.9374,40.3424],[-3.9374,40.3423],[-3.9374,40.3422],[-3.9374,40.3421],[-3.9374,40.3419],[-3.9374,40.3418],[-3.9374,40.3417],[-3.9374,40.3415],[-3.9374,40.3414],[-3.9374,40.3413],[-3.9373,40.3412],[-3.9372,40.3411],[-3.9372,40.341],[-3.9373,40.3409],[-3.9375,40.3409],[-3.9377,40.341],[-3.9379,40.3409],[-3.938,40.3409],[-3.9381,40.3409],[-3.9382,40.3409],[-3.9383,40.3408],[-3.9385,40.3408],[-3.9386,40.3408],[-3.9387,40.3407],[-3.9388,40.3408],[-3.9388,40.3408],[-3.9387,40.341],[-3.9385,40.3411],[-3.9383,40.3412],[-3.9382,40.3413],[-3.9381,40.3414],[-3.9381,40.3415],[-3.9382,40.3416],[-3.9382,40.3416],[-3.9383,40.3416],[-3.9384,40.3417],[-3.9386,40.3417],[-3.9389,40.3417],[-3.9391,40.3418],[-3.9393,40.3418],[-3.9395,40.3419],[-3.9397,40.342],[-3.94,40.3421],[-3.9402,40.3421],[-3.9406,40.3421],[-3.9408,40.3421],[-3.9411,40.3421],[-3.9413,40.3421],[-3.9417,40.3422],[-3.942,40.3421],[-3.9422,40.3421],[-3.9423,40.342],[-3.9423,40.342],[-3.9423,40.342],[-3.9424,40.3418],[-3.9423,40.3417],[-3.9421,40.3416],[-3.942,40.3414],[-3.9418,40.3413],[-3.9417,40.3412],[-3.9417,40.3411],[-3.9417,40.341],[-3.9419,40.341],[-3.9422,40.341],[-3.9424,40.341],[-3.9427,40.341],[-3.9428,40.341],[-3.9429,40.3408],[-3.9431,40.3407],[-3.9432,40.3405],[-3.9434,40.3403],[-3.9435,40.3402],[-3.9434,40.34],[-3.9432,40.3399],[-3.943,40.3399],[-3.9427,40.3399],[-3.9425,40.3398],[-3.9423,40.3397],[-3.9421,40.3396],[-3.9419,40.3394],[-3.9418,40.3392],[-3.9418,40.3391],[-3.9419,40.3389],[-3.9421,40.3388],[-3.9424,40.3387],[-3.9426,40.3387],[-3.9428,40.3386],[-3.9432,40.3386],[-3.9434,40.3385],[-3.9436,40.3384],[-3.9437,40.3384],[-3.9438,40.3383],[-3.9439,40.3382],[-3.9439,40.3381],[-3.9439,40.3381],[-3.9438,40.3379],[-3.9438,40.3379],[-3.9437,40.3377],[-3.9436,40.3376],[-3.9436,40.3375],[-3.9436,40.3374],[-3.9437,40.3373],[-3.9438,40.3372],[-3.9439,40.3371],[-3.944,40.337],[-3.9442,40.3368],[-3.9443,40.3367],[-3.9443,40.3366],[-3.9444,40.3364],[-3.9444,40.3363],[-3.9444,40.3361],[-3.9444,40.336],[-3.9443,40.3358],[-3.9443,40.3356],[-3.9442,40.3354],[-3.9442,40.3353],[-3.9442,40.3352],[-3.9443,40.3351],[-3.9443,40.335],[-3.9444,40.3349],[-3.9446,40.3347],[-3.9445,40.3346],[-3.9444,40.3345],[-3.9443,40.3344],[-3.9441,40.3343],[-3.9439,40.3343],[-3.9436,40.3344],[-3.9432,40.3344],[-3.9429,40.3345],[-3.9426,40.3346],[-3.9423,40.3347],[-3.9419,40.3348],[-3.9417,40.335],[-3.9414,40.3351],[-3.9412,40.3351],[-3.9409,40.3352],[-3.9405,40.3353],[-3.9403,40.3353],[-3.9401,40.3353],[-3.9399,40.3353],[-3.9398,40.3353],[-3.9396,40.3351],[-3.9396,40.335],[-3.9396,40.3349],[-3.9396,40.3347],[-3.9396,40.3345],[-3.9395,40.3344],[-3.9394,40.3344],[-3.9392,40.3344],[-3.9389,40.3343],[-3.9387,40.3343],[-3.9385,40.3342],[-3.9383,40.3341],[-3.9382,40.334],[-3.9381,40.3339],[-3.938,40.3338],[-3.938,40.3338],[-3.9379,40.3335],[-3.9377,40.3332],[-3.9375,40.333],[-3.9373,40.3327],[-3.9371,40.3326],[-3.9369,40.3324],[-3.9368,40.3322],[-3.9367,40.3321],[-3.9367,40.332],[-3.9367,40.3319],[-3.9369,40.3317],[-3.9369,40.3316],[-3.937,40.3314],[-3.937,40.3313],[-3.9371,40.3311],[-3.9372,40.3309],[-3.9372,40.3308],[-3.9373,40.3306],[-3.9374,40.3305],[-3.9377,40.3305],[-3.9379,40.3305],[-3.9381,40.3305],[-3.9383,40.3305],[-3.9385,40.3305],[-3.9387,40.3305],[-3.9388,40.3305],[-3.9389,40.3305],[-3.939,40.3306],[-3.9391,40.3307],[-3.9392,40.3307],[-3.9392,40.3308],[-3.9394,40.3308],[-3.9396,40.3307],[-3.9397,40.3307],[-3.9399,40.3308],[-3.9399,40.3308],[-3.94,40.3309],[-3.9402,40.331],[-3.9404,40.331],[-3.9406,40.331],[-3.9408,40.3309],[-3.9409,40.3309],[-3.941,40.331],[-3.9411,40.331],[-3.9411,40.3311],[-3.9412,40.3312],[-3.9413,40.3313],[-3.9413,40.3313],[-3.9414,40.3314],[-3.9415,40.3314],[-3.9416,40.3313],[-3.9416,40.3312],[-3.9417,40.3312],[-3.9418,40.3312],[-3.942,40.3312],[-3.9421,40.3312],[-3.9423,40.3312],[-3.9424,40.3311],[-3.9425,40.331],[-3.9426,40.3309],[-3.9426,40.3308],[-3.9426,40.3307],[-3.9426,40.3307],[-3.9426,40.3307],[-3.9426,40.3307],[-3.9424,40.3306],[-3.9422,40.3307],[-3.9421,40.3307],[-3.942,40.3307],[-3.9419,40.3307],[-3.9419,40.3306],[-3.942,40.3304],[-3.942,40.3303],[-3.9421,40.3302],[-3.942,40.33],[-3.942,40.3299],[-3.942,40.3298],[-3.942,40.3297],[-3.9421,40.3296],[-3.9421,40.3295],[-3.9422,40.3294],[-3.9423,40.3293],[-3.9424,40.3293],[-3.9425,40.3293],[-3.9427,40.3293],[-3.9428,40.3293],[-3.9428,40.3293],[-3.9429,40.3292],[-3.9429,40.3292],[-3.943,40.3291],[-3.943,40.3291],[-3.9429,40.329],[-3.9428,40.329],[-3.9427,40.3289],[-3.9425,40.3288],[-3.9424,40.3287],[-3.9423,40.3286],[-3.9422,40.3285],[-3.9421,40.3285],[-3.9418,40.3285],[-3.9415,40.3285],[-3.9413,40.3284],[-3.941,40.3284],[-3.9408,40.3284],[-3.9406,40.3283],[-3.9405,40.3283],[-3.9403,40.3282],[-3.9401,40.3281],[-3.94,40.3281],[-3.9398,40.3281],[-3.9397,40.3282],[-3.9396,40.3282],[-3.9395,40.3281],[-3.9394,40.3281],[-3.9392,40.328],[-3.939,40.3279],[-3.9393,40.3278],[-3.9395,40.3277],[-3.9397,40.3276],[-3.9398,40.3276],[-3.9399,40.3275],[-3.9401,40.3273],[-3.9401,40.3272],[-3.9402,40.327],[-3.9403,40.3269],[-3.9404,40.3268],[-3.9406,40.3267],[-3.9407,40.3265],[-3.9408,40.3265],[-3.941,40.3263],[-3.9412,40.3262],[-3.9414,40.3261],[-3.9416,40.326],[-3.9415,40.3258],[-3.9413,40.3257],[-3.9412,40.3255],[-3.941,40.3254],[-3.9409,40.3253],[-3.9408,40.3252],[-3.9407,40.3251],[-3.9406,40.3249],[-3.9397,40.325],[-3.9394,40.3251],[-3.939,40.3251],[-3.9387,40.3252],[-3.9384,40.3253],[-3.9382,40.3253],[-3.9378,40.3255],[-3.9376,40.3255],[-3.9374,40.3255],[-3.9371,40.3256],[-3.937,40.3256],[-3.9367,40.3256],[-3.9364,40.3257],[-3.9362,40.3258],[-3.936,40.3259],[-3.9358,40.326],[-3.9357,40.326],[-3.9355,40.3261],[-3.9354,40.3262],[-3.9352,40.3262],[-3.9351,40.3263],[-3.9351,40.3263],[-3.935,40.3262],[-3.935,40.3262],[-3.9351,40.3261],[-3.9352,40.326],[-3.9353,40.3259],[-3.9354,40.3259],[-3.9355,40.3259],[-3.9356,40.3258],[-3.9356,40.3258],[-3.9356,40.3257],[-3.9356,40.3257],[-3.9357,40.3256],[-3.9358,40.3255],[-3.9359,40.3255],[-3.9361,40.3255],[-3.9362,40.3254],[-3.9363,40.3254],[-3.9364,40.3253],[-3.9364,40.3252],[-3.9363,40.3251],[-3.9363,40.325],[-3.9363,40.3249],[-3.9363,40.3248],[-3.9364,40.3247],[-3.9365,40.3248],[-3.9365,40.3248],[-3.9366,40.3249],[-3.9367,40.3249],[-3.9369,40.3249],[-3.937,40.3249],[-3.9371,40.3248],[-3.9372,40.3248],[-3.9374,40.3247],[-3.9377,40.3245],[-3.9378,40.3245],[-3.938,40.3245],[-3.938,40.3244],[-3.9381,40.3243],[-3.9381,40.3241],[-3.938,40.324],[-3.938,40.3239],[-3.9381,40.3239],[-3.9382,40.3238],[-3.9384,40.3238],[-3.9385,40.3238],[-3.9387,40.3237],[-3.9388,40.3237],[-3.9391,40.3235],[-3.9389,40.3233],[-3.9387,40.3231],[-3.9386,40.323],[-3.9384,40.3228],[-3.9383,40.3227],[-3.9381,40.3225],[-3.9377,40.3222],[-3.9368,40.3217],[-3.9357,40.3207],[-3.9357,40.3207],[-3.9337,40.3191],[-3.9317,40.3174],[-3.931,40.3167],[-3.9307,40.3165],[-3.9307,40.3165],[-3.9312,40.3162],[-3.9315,40.3161],[-3.9317,40.3159],[-3.932,40.3158],[-3.9321,40.3157],[-3.9324,40.3155],[-3.9326,40.3154],[-3.9332,40.3151],[-3.9338,40.3148],[-3.9344,40.3144],[-3.9345,40.3143],[-3.9349,40.3141],[-3.9349,40.3141],[-3.9352,40.3139],[-3.9357,40.3136],[-3.9362,40.3133],[-3.9364,40.3132],[-3.9366,40.3131],[-3.9367,40.3131],[-3.9367,40.3131],[-3.9368,40.313],[-3.9372,40.3128],[-3.9374,40.3126],[-3.9375,40.3126],[-3.9376,40.3125],[-3.9377,40.3124],[-3.9379,40.3123],[-3.938,40.3122],[-3.9382,40.3121],[-3.9385,40.312],[-3.9385,40.3119],[-3.9385,40.3119],[-3.9385,40.3118],[-3.9385,40.3118],[-3.9385,40.3117],[-3.9385,40.3116],[-3.9385,40.3115],[-3.9385,40.3114],[-3.9386,40.3113],[-3.9386,40.3113],[-3.9388,40.3112]]],[[[-3.9135,40.4777],[-3.9137,40.4778],[-3.9141,40.4778],[-3.9141,40.4778],[-3.9144,40.4776],[-3.9144,40.4774],[-3.9144,40.4774],[-3.9143,40.4773],[-3.9142,40.4772],[-3.9141,40.4772],[-3.914,40.4771],[-3.914,40.4771],[-3.9141,40.477],[-3.9142,40.477],[-3.9144,40.477],[-3.9145,40.4769],[-3.9146,40.4768],[-3.9147,40.4768],[-3.9148,40.4767],[-3.915,40.4767],[-3.9152,40.4766],[-3.9153,40.4765],[-3.9154,40.4764],[-3.9156,40.4763],[-3.9157,40.4762],[-3.9158,40.4761],[-3.9157,40.476],[-3.9156,40.4759],[-3.9153,40.4758],[-3.9152,40.4757],[-3.9149,40.4756],[-3.9148,40.4755],[-3.9146,40.4753],[-3.9145,40.4752],[-3.9145,40.4751],[-3.9145,40.475],[-3.9145,40.475],[-3.9146,40.475],[-3.9147,40.4751],[-3.9147,40.4751],[-3.9149,40.4751],[-3.9151,40.4752],[-3.9153,40.4753],[-3.9155,40.4754],[-3.9157,40.4754],[-3.9159,40.4755],[-3.9161,40.4755],[-3.9164,40.4756],[-3.9167,40.4756],[-3.9169,40.4757],[-3.9172,40.4757],[-3.9174,40.4756],[-3.9177,40.4756],[-3.918,40.4756],[-3.9182,40.4756],[-3.9184,40.4755],[-3.9186,40.4755],[-3.9188,40.4755],[-3.9189,40.4754],[-3.9189,40.4752],[-3.9188,40.4751],[-3.9187,40.475],[-3.9186,40.4749],[-3.9186,40.4748],[-3.9187,40.4748],[-3.9189,40.4748],[-3.919,40.4749],[-3.9191,40.4749],[-3.9192,40.4748],[-3.9192,40.4747],[-3.9192,40.4746],[-3.9191,40.4745],[-3.919,40.4744],[-3.919,40.4742],[-3.9189,40.4741],[-3.9189,40.474],[-3.9189,40.4739],[-3.919,40.4738],[-3.9191,40.4738],[-3.9192,40.4738],[-3.9194,40.4738],[-3.9195,40.4739],[-3.9198,40.4739],[-3.92,40.4739],[-3.9202,40.474],[-3.9205,40.4741],[-3.9209,40.4742],[-3.921,40.4742],[-3.9211,40.4742],[-3.9213,40.4742],[-3.9214,40.4742],[-3.9216,40.4742],[-3.9217,40.4742],[-3.9218,40.474],[-3.9219,40.4739],[-3.922,40.4738],[-3.9221,40.4739],[-3.9223,40.474],[-3.9224,40.474],[-3.9225,40.474],[-3.9226,40.4741],[-3.9228,40.4741],[-3.9229,40.474],[-3.9229,40.4739],[-3.923,40.4737],[-3.923,40.4736],[-3.923,40.4735],[-3.923,40.4734],[-3.9231,40.4733],[-3.9233,40.4733],[-3.9234,40.4733],[-3.9235,40.4734],[-3.9237,40.4735],[-3.9238,40.4735],[-3.924,40.4736],[-3.9241,40.4736],[-3.9242,40.4736],[-3.9244,40.4736],[-3.9245,40.4737],[-3.9246,40.4738],[-3.9247,40.4738],[-3.9248,40.4738],[-3.9249,40.4738],[-3.925,40.4737],[-3.9252,40.4736],[-3.9253,40.4735],[-3.9254,40.4734],[-3.9256,40.4732],[-3.9257,40.473],[-3.9257,40.4729],[-3.9258,40.4727],[-3.9259,40.4726],[-3.926,40.4725],[-3.9262,40.4725],[-3.9263,40.4724],[-3.9264,40.4723],[-3.9264,40.4722],[-3.9265,40.4721],[-3.9266,40.472],[-3.9267,40.4719],[-3.9267,40.4719],[-3.9267,40.4718],[-3.9266,40.4718],[-3.9266,40.4717],[-3.9265,40.4716],[-3.9263,40.4715],[-3.9262,40.4713],[-3.9261,40.4711],[-3.926,40.4709],[-3.9259,40.4708],[-3.9258,40.4706],[-3.9257,40.4704],[-3.9254,40.4703],[-3.9251,40.4702],[-3.9248,40.4701],[-3.9245,40.47],[-3.9242,40.4699],[-3.924,40.4697],[-3.9238,40.4696],[-3.9237,40.4695],[-3.9235,40.4694],[-3.9234,40.4692],[-3.9233,40.4692],[-3.9231,40.4691],[-3.9229,40.469],[-3.9226,40.469],[-3.9224,40.469],[-3.9222,40.4689],[-3.922,40.4689],[-3.9216,40.4688],[-3.9213,40.4687],[-3.9211,40.4687],[-3.9209,40.4687],[-3.9207,40.4686],[-3.9204,40.4685],[-3.9204,40.4685],[-3.9202,40.4685],[-3.9201,40.4684],[-3.9199,40.4683],[-3.9198,40.4682],[-3.9196,40.4681],[-3.9195,40.468],[-3.9193,40.4679],[-3.919,40.4678],[-3.9189,40.4678],[-3.9188,40.4678],[-3.9187,40.4679],[-3.9186,40.4679],[-3.9184,40.4681],[-3.9182,40.4681],[-3.918,40.4681],[-3.9178,40.4681],[-3.9175,40.468],[-3.9174,40.468],[-3.9172,40.4679],[-3.917,40.4678],[-3.9167,40.4677],[-3.9165,40.4677],[-3.9162,40.4677],[-3.916,40.4677],[-3.9158,40.4677],[-3.9157,40.4676],[-3.9157,40.4676],[-3.9157,40.4674],[-3.9157,40.4673],[-3.9158,40.4671],[-3.9159,40.467],[-3.916,40.4669],[-3.9161,40.4668],[-3.9162,40.4665],[-3.9162,40.4663],[-3.9161,40.466],[-3.916,40.4658],[-3.9159,40.4658],[-3.9158,40.4656],[-3.9157,40.4654],[-3.9156,40.4654],[-3.9155,40.4653],[-3.9153,40.4651],[-3.9151,40.465],[-3.9149,40.4649],[-3.9148,40.4648],[-3.9146,40.4648],[-3.9146,40.4647],[-3.9146,40.4646],[-3.9145,40.4644],[-3.9145,40.4641],[-3.9146,40.4639],[-3.9146,40.4636],[-3.9144,40.4633],[-3.9143,40.4631],[-3.9142,40.4629],[-3.914,40.4627],[-3.9138,40.4625],[-3.9137,40.4623],[-3.9135,40.4622],[-3.9133,40.462],[-3.9131,40.4619],[-3.913,40.4617],[-3.913,40.4615],[-3.9129,40.4613],[-3.9128,40.4612],[-3.9127,40.461],[-3.9127,40.4609],[-3.9127,40.4607],[-3.9127,40.4607],[-3.9128,40.4606],[-3.9129,40.4605],[-3.913,40.4606],[-3.9131,40.4606],[-3.9133,40.4606],[-3.9134,40.4605],[-3.9135,40.4605],[-3.9137,40.4605],[-3.9138,40.4606],[-3.914,40.4607],[-3.9141,40.4608],[-3.9143,40.4608],[-3.9145,40.4609],[-3.9146,40.4609],[-3.9148,40.4608],[-3.915,40.4608],[-3.9151,40.4608],[-3.9152,40.4609],[-3.9153,40.4611],[-3.9153,40.4612],[-3.9153,40.4614],[-3.9153,40.4615],[-3.9152,40.4617],[-3.9152,40.4619],[-3.9151,40.4621],[-3.915,40.4623],[-3.915,40.4625],[-3.915,40.4628],[-3.915,40.4629],[-3.9151,40.4632],[-3.9151,40.4633],[-3.9154,40.4635],[-3.9155,40.4638],[-3.9157,40.4639],[-3.9158,40.4641],[-3.9159,40.4643],[-3.9161,40.4646],[-3.9162,40.4648],[-3.9162,40.465],[-3.9163,40.4652],[-3.9165,40.4653],[-3.9165,40.4654],[-3.9166,40.4655],[-3.9166,40.4657],[-3.9167,40.4659],[-3.9167,40.4661],[-3.9168,40.4662],[-3.9169,40.4663],[-3.9171,40.4663],[-3.9172,40.4663],[-3.9174,40.4663],[-3.9176,40.4662],[-3.918,40.4662],[-3.9182,40.4662],[-3.9184,40.4662],[-3.9185,40.4663],[-3.9187,40.4664],[-3.9189,40.4665],[-3.919,40.4666],[-3.9191,40.4668],[-3.9191,40.4669],[-3.9192,40.4669],[-3.9193,40.467],[-3.9195,40.4671],[-3.9197,40.4671],[-3.9197,40.4672],[-3.9198,40.4673],[-3.9198,40.4674],[-3.92,40.4675],[-3.9201,40.4675],[-3.9204,40.4676],[-3.9207,40.4677],[-3.921,40.4677],[-3.9212,40.4678],[-3.9215,40.4678],[-3.9218,40.4679],[-3.9221,40.468],[-3.9223,40.4681],[-3.9226,40.4682],[-3.9228,40.4683],[-3.9231,40.4684],[-3.9233,40.4684],[-3.9235,40.4684],[-3.9236,40.4684],[-3.9237,40.4683],[-3.9237,40.4682],[-3.9236,40.4681],[-3.9236,40.468],[-3.9235,40.4678],[-3.9234,40.4677],[-3.9233,40.4676],[-3.9231,40.4675],[-3.923,40.4673],[-3.9229,40.4672],[-3.9228,40.467],[-3.9227,40.4669],[-3.9225,40.4668],[-3.9224,40.4666],[-3.9222,40.4665],[-3.922,40.4664],[-3.9218,40.4662],[-3.9217,40.4662],[-3.9213,40.466],[-3.9211,40.4659],[-3.921,40.4657],[-3.9209,40.4655],[-3.9209,40.4654],[-3.9208,40.4652],[-3.9207,40.465],[-3.9206,40.4648],[-3.9205,40.4647],[-3.9204,40.4645],[-3.9202,40.4644],[-3.9201,40.4643],[-3.92,40.4642],[-3.9199,40.464],[-3.9197,40.4638],[-3.9195,40.4637],[-3.9193,40.4636],[-3.9191,40.4635],[-3.919,40.4635],[-3.9189,40.4635],[-3.9188,40.4633],[-3.9189,40.4632],[-3.9189,40.4631],[-3.9188,40.4629],[-3.9188,40.4627],[-3.9187,40.4625],[-3.9187,40.4624],[-3.9187,40.4622],[-3.9188,40.4621],[-3.9188,40.4621],[-3.9191,40.4622],[-3.9192,40.4622],[-3.9193,40.4622],[-3.9194,40.4622],[-3.9195,40.4622],[-3.9197,40.4621],[-3.9198,40.4621],[-3.92,40.462],[-3.9202,40.462],[-3.9202,40.462],[-3.9203,40.462],[-3.9204,40.4621],[-3.9204,40.4622],[-3.9204,40.4623],[-3.9204,40.4625],[-3.9205,40.4628],[-3.9205,40.463],[-3.9205,40.4632],[-3.9205,40.4634],[-3.9205,40.4635],[-3.9206,40.4637],[-3.9207,40.464],[-3.9208,40.4641],[-3.9209,40.4643],[-3.9209,40.4646],[-3.9209,40.4647],[-3.921,40.4648],[-3.9211,40.465],[-3.9212,40.4651],[-3.9213,40.4652],[-3.9216,40.4654],[-3.9217,40.4655],[-3.9218,40.4656],[-3.9219,40.4657],[-3.9221,40.4658],[-3.9223,40.4659],[-3.9225,40.4661],[-3.9226,40.4662],[-3.9228,40.4663],[-3.9228,40.4664],[-3.9229,40.4666],[-3.923,40.4667],[-3.9232,40.4667],[-3.9234,40.4668],[-3.9235,40.467],[-3.9236,40.4672],[-3.9237,40.4674],[-3.9237,40.4675],[-3.9239,40.4676],[-3.924,40.4677],[-3.9241,40.4677],[-3.9244,40.4677],[-3.9245,40.4677],[-3.9246,40.4677],[-3.9246,40.4677],[-3.9248,40.4678],[-3.925,40.4679],[-3.9251,40.468],[-3.9253,40.4682],[-3.9254,40.4682],[-3.9255,40.4684],[-3.9256,40.4686],[-3.9257,40.4688],[-3.9258,40.4689],[-3.9259,40.4691],[-3.926,40.4693],[-3.9261,40.4695],[-3.9263,40.4697],[-3.9264,40.4698],[-3.9266,40.47],[-3.9268,40.4703],[-3.9269,40.4705],[-3.9271,40.4706],[-3.9273,40.4708],[-3.9274,40.4709],[-3.9275,40.4709],[-3.9277,40.471],[-3.9279,40.4711],[-3.9279,40.4712],[-3.9281,40.4714],[-3.9281,40.4715],[-3.9283,40.4715],[-3.9284,40.4715],[-3.9284,40.4715],[-3.9285,40.4715],[-3.9287,40.4713],[-3.9288,40.4711],[-3.9289,40.4709],[-3.929,40.4708],[-3.9292,40.4706],[-3.9293,40.4705],[-3.9294,40.4703],[-3.9295,40.4701],[-3.9297,40.47],[-3.9298,40.4699],[-3.9299,40.4698],[-3.93,40.4698],[-3.9301,40.4698],[-3.9303,40.4697],[-3.9305,40.4695],[-3.9308,40.4693],[-3.9309,40.4692],[-3.9311,40.4691],[-3.9313,40.469],[-3.9315,40.469],[-3.9318,40.469],[-3.932,40.469],[-3.9322,40.469],[-3.9324,40.4689],[-3.9325,40.4689],[-3.9326,40.4689],[-3.9328,40.4691],[-3.933,40.4692],[-3.9332,40.4693],[-3.9334,40.4694],[-3.9336,40.4694],[-3.9337,40.4695],[-3.9338,40.4696],[-3.934,40.4699],[-3.9342,40.4701],[-3.9343,40.4703],[-3.9344,40.4705],[-3.9346,40.4707],[-3.9349,40.4709],[-3.9351,40.471],[-3.9352,40.4711],[-3.9355,40.4711],[-3.9356,40.4711],[-3.9358,40.4711],[-3.9361,40.4711],[-3.9363,40.471],[-3.9366,40.471],[-3.9369,40.471],[-3.9368,40.4706],[-3.9368,40.4704],[-3.9367,40.4702],[-3.9366,40.4699],[-3.9365,40.4697],[-3.9364,40.4695],[-3.9363,40.4693],[-3.9363,40.4691],[-3.9363,40.4689],[-3.9363,40.4687],[-3.9363,40.4684],[-3.9363,40.4682],[-3.9363,40.4681],[-3.9365,40.4679],[-3.9367,40.4677],[-3.9368,40.4675],[-3.937,40.4673],[-3.937,40.4671],[-3.9372,40.4669],[-3.9373,40.4667],[-3.9376,40.4664],[-3.9378,40.4662],[-3.9379,40.4661],[-3.9379,40.4659],[-3.9379,40.4657],[-3.938,40.4655],[-3.938,40.4653],[-3.9381,40.465],[-3.9382,40.4648],[-3.9383,40.4646],[-3.9383,40.4643],[-3.9382,40.4641],[-3.9382,40.4638],[-3.9383,40.4635],[-3.9383,40.4631],[-3.9383,40.4628],[-3.9383,40.4628],[-3.9383,40.4625],[-3.9382,40.4623],[-3.9381,40.4621],[-3.9381,40.4617],[-3.9382,40.4616],[-3.9383,40.4614],[-3.9385,40.4612],[-3.9385,40.461],[-3.9384,40.4608],[-3.9384,40.4606],[-3.9385,40.4605],[-3.9386,40.4604],[-3.9386,40.4603],[-3.9386,40.4602],[-3.9387,40.4602],[-3.9389,40.4602],[-3.9392,40.4602],[-3.9394,40.4602],[-3.9396,40.4601],[-3.9398,40.4599],[-3.9401,40.4597],[-3.9402,40.4595],[-3.9404,40.4593],[-3.9406,40.4591],[-3.9407,40.459],[-3.9411,40.4588],[-3.9413,40.4587],[-3.9416,40.4585],[-3.9418,40.4583],[-3.942,40.4581],[-3.9422,40.4579],[-3.9425,40.4577],[-3.9426,40.4577],[-3.9428,40.4576],[-3.9431,40.4575],[-3.9432,40.4574],[-3.9434,40.4574],[-3.9435,40.4573],[-3.9436,40.4572],[-3.9437,40.457],[-3.9437,40.4569],[-3.9437,40.4569],[-3.9437,40.4569],[-3.9437,40.4568],[-3.9435,40.4566],[-3.9434,40.4564],[-3.9431,40.4562],[-3.9429,40.456],[-3.9427,40.4559],[-3.9425,40.4558],[-3.9424,40.4557],[-3.9422,40.4557],[-3.9421,40.4557],[-3.9419,40.4557],[-3.9418,40.4557],[-3.9414,40.4558],[-3.9411,40.4557],[-3.9408,40.4556],[-3.9406,40.4555],[-3.9403,40.4556],[-3.9401,40.4557],[-3.9399,40.4557],[-3.9397,40.4558],[-3.9395,40.4558],[-3.9393,40.4559],[-3.9391,40.4559],[-3.9389,40.4559],[-3.9387,40.456],[-3.9385,40.456],[-3.9384,40.456],[-3.9383,40.456],[-3.9382,40.456],[-3.9381,40.456],[-3.9381,40.456],[-3.938,40.456],[-3.9379,40.456],[-3.9378,40.456],[-3.9376,40.456],[-3.9374,40.4559],[-3.9373,40.4559],[-3.9373,40.4559],[-3.9372,40.4559],[-3.9371,40.456],[-3.9369,40.456],[-3.9367,40.4559],[-3.9365,40.4559],[-3.9363,40.4559],[-3.9362,40.4559],[-3.9361,40.4558],[-3.936,40.4558],[-3.9358,40.4557],[-3.9356,40.4556],[-3.9352,40.4556],[-3.9349,40.4555],[-3.9347,40.4554],[-3.9347,40.4552],[-3.9346,40.4551],[-3.9346,40.4551],[-3.9344,40.455],[-3.9342,40.4548],[-3.9341,40.4548],[-3.934,40.4547],[-3.9339,40.4547],[-3.9337,40.4547],[-3.9335,40.4548],[-3.9334,40.4548],[-3.9332,40.4548],[-3.933,40.4548],[-3.9329,40.4548],[-3.9327,40.4548],[-3.9325,40.4548],[-3.9323,40.4549],[-3.932,40.4549],[-3.9318,40.4548],[-3.9316,40.4548],[-3.9314,40.4549],[-3.9312,40.4549],[-3.931,40.455],[-3.9308,40.4551],[-3.9306,40.4551],[-3.9304,40.4551],[-3.9302,40.455],[-3.9301,40.4549],[-3.93,40.4549],[-3.9297,40.4549],[-3.9295,40.455],[-3.9294,40.4551],[-3.9292,40.4551],[-3.929,40.4551],[-3.9288,40.4551],[-3.9285,40.4551],[-3.9283,40.4551],[-3.9281,40.455],[-3.9278,40.455],[-3.9277,40.4549],[-3.9276,40.4548],[-3.9275,40.4547],[-3.9274,40.4546],[-3.9272,40.4546],[-3.9271,40.4545],[-3.927,40.4545],[-3.9268,40.4544],[-3.9267,40.4543],[-3.9267,40.4543],[-3.9265,40.4543],[-3.9264,40.4542],[-3.9263,40.4542],[-3.9261,40.4541],[-3.9261,40.454],[-3.9261,40.454],[-3.9261,40.4539],[-3.9261,40.4538],[-3.9259,40.4538],[-3.9257,40.4537],[-3.9257,40.4537],[-3.9256,40.4537],[-3.9255,40.4538],[-3.9253,40.4538],[-3.9252,40.4539],[-3.925,40.4539],[-3.9248,40.4539],[-3.9247,40.4539],[-3.9246,40.454],[-3.9244,40.4541],[-3.9242,40.4542],[-3.924,40.4543],[-3.9238,40.4543],[-3.9236,40.4544],[-3.9234,40.4544],[-3.9233,40.4544],[-3.9229,40.4544],[-3.9228,40.4544],[-3.9227,40.4545],[-3.9226,40.4547],[-3.9225,40.4549],[-3.9225,40.4551],[-3.9224,40.4552],[-3.9223,40.4553],[-3.9222,40.4555],[-3.9221,40.4556],[-3.9219,40.4557],[-3.9217,40.4558],[-3.9215,40.4559],[-3.9213,40.4559],[-3.9211,40.456],[-3.9209,40.456],[-3.9207,40.456],[-3.9205,40.4561],[-3.9198,40.4563],[-3.9198,40.4563],[-3.9198,40.4563],[-3.9198,40.4564],[-3.9198,40.4566],[-3.9198,40.4567],[-3.9199,40.4569],[-3.92,40.4571],[-3.9201,40.4574],[-3.9202,40.4577],[-3.9204,40.4579],[-3.9205,40.4582],[-3.9206,40.4583],[-3.9192,40.4585],[-3.9183,40.4585],[-3.9176,40.4586],[-3.9172,40.4586],[-3.9166,40.4586],[-3.9162,40.4586],[-3.9154,40.4585],[-3.9145,40.4583],[-3.9134,40.4581],[-3.9125,40.4579],[-3.9119,40.4578],[-3.9114,40.4577],[-3.9107,40.4576],[-3.9107,40.4576],[-3.9099,40.4575],[-3.9091,40.4574],[-3.9091,40.4574],[-3.9079,40.4574],[-3.9076,40.4574],[-3.9076,40.4574],[-3.9074,40.4577],[-3.9073,40.4578],[-3.9071,40.458],[-3.9071,40.4581],[-3.9069,40.4584],[-3.9068,40.4586],[-3.9067,40.4587],[-3.9067,40.4589],[-3.9067,40.4589],[-3.9066,40.4591],[-3.9066,40.4592],[-3.9065,40.4593],[-3.9065,40.4594],[-3.9065,40.4594],[-3.9065,40.4594],[-3.9064,40.4596],[-3.9063,40.4597],[-3.9062,40.4598],[-3.9062,40.4599],[-3.9062,40.46],[-3.9062,40.4601],[-3.9062,40.4601],[-3.9062,40.4603],[-3.9062,40.4604],[-3.9062,40.4606],[-3.9062,40.4607],[-3.9061,40.4608],[-3.906,40.4609],[-3.906,40.461],[-3.9059,40.461],[-3.9059,40.461],[-3.9058,40.4611],[-3.9056,40.4613],[-3.9055,40.4613],[-3.9054,40.4614],[-3.9053,40.4615],[-3.9052,40.4617],[-3.9052,40.4618],[-3.9051,40.4619],[-3.9051,40.4619],[-3.9051,40.4619],[-3.9055,40.4617],[-3.9058,40.4615],[-3.9059,40.4615],[-3.9061,40.4614],[-3.9063,40.4614],[-3.9066,40.4614],[-3.9069,40.4614],[-3.9072,40.4615],[-3.9075,40.4615],[-3.9078,40.4615],[-3.908,40.4615],[-3.9082,40.4615],[-3.9085,40.4615],[-3.9088,40.4615],[-3.9092,40.4615],[-3.9095,40.4614],[-3.9098,40.4614],[-3.9102,40.4615],[-3.9108,40.4615],[-3.9109,40.4619],[-3.911,40.4621],[-3.9111,40.4622],[-3.9112,40.4624],[-3.9113,40.4626],[-3.9114,40.4627],[-3.9115,40.4629],[-3.9115,40.4632],[-3.9115,40.4634],[-3.9114,40.4636],[-3.9114,40.4638],[-3.9114,40.4641],[-3.9114,40.4643],[-3.9113,40.4646],[-3.9113,40.4648],[-3.9113,40.4651],[-3.9113,40.4654],[-3.9113,40.4657],[-3.9112,40.466],[-3.9111,40.4662],[-3.9111,40.4664],[-3.911,40.4665],[-3.9109,40.4668],[-3.9108,40.467],[-3.9106,40.4673],[-3.9103,40.4677],[-3.9101,40.4681],[-3.91,40.4683],[-3.9099,40.4686],[-3.9099,40.4688],[-3.9099,40.4689],[-3.9099,40.4691],[-3.9099,40.4692],[-3.9098,40.4694],[-3.9097,40.4696],[-3.9096,40.4698],[-3.9095,40.47],[-3.91,40.47],[-3.9102,40.4701],[-3.9105,40.4701],[-3.9108,40.47],[-3.911,40.4701],[-3.9113,40.4701],[-3.9116,40.4701],[-3.9118,40.4702],[-3.912,40.4703],[-3.9122,40.4703],[-3.9123,40.4703],[-3.9126,40.4703],[-3.9127,40.4704],[-3.9128,40.4705],[-3.9129,40.4707],[-3.9129,40.4709],[-3.9129,40.4711],[-3.9129,40.4713],[-3.9128,40.4715],[-3.9127,40.4717],[-3.9127,40.472],[-3.9127,40.4722],[-3.9125,40.4724],[-3.9122,40.4726],[-3.9119,40.4727],[-3.9117,40.4728],[-3.9114,40.4729],[-3.9111,40.4729],[-3.9105,40.473],[-3.9101,40.473],[-3.9098,40.473],[-3.9095,40.473],[-3.9093,40.4731],[-3.9092,40.4732],[-3.9092,40.4734],[-3.9092,40.4736],[-3.9092,40.4737],[-3.9092,40.4739],[-3.9092,40.4741],[-3.9093,40.4744],[-3.9093,40.4746],[-3.9093,40.4748],[-3.9094,40.4751],[-3.9093,40.4754],[-3.9093,40.4756],[-3.9091,40.4758],[-3.9089,40.476],[-3.9087,40.4761],[-3.9117,40.4771],[-3.9135,40.4777]],[[-3.9294,40.4606],[-3.9295,40.4606],[-3.9296,40.4605],[-3.9296,40.4604],[-3.9296,40.4603],[-3.9296,40.4602],[-3.9296,40.46],[-3.9296,40.4599],[-3.9295,40.4597],[-3.9294,40.4596],[-3.9296,40.4595],[-3.9297,40.4596],[-3.9298,40.4597],[-3.93,40.4598],[-3.9301,40.46],[-3.9302,40.4602],[-3.9304,40.4604],[-3.9306,40.4606],[-3.9309,40.4609],[-3.9311,40.461],[-3.9314,40.4612],[-3.9316,40.4613],[-3.9318,40.4614],[-3.9319,40.4614],[-3.9319,40.4613],[-3.9319,40.4612],[-3.9318,40.4611],[-3.9317,40.461],[-3.9317,40.4609],[-3.9318,40.4608],[-3.9319,40.4608],[-3.9322,40.4609],[-3.9323,40.4611],[-3.9324,40.4613],[-3.9324,40.4615],[-3.9324,40.4616],[-3.9325,40.4618],[-3.9326,40.4619],[-3.9327,40.4619],[-3.9328,40.4619],[-3.933,40.4618],[-3.9333,40.4617],[-3.9335,40.4616],[-3.9336,40.4615],[-3.9339,40.4614],[-3.9341,40.4613],[-3.9342,40.4613],[-3.9344,40.4614],[-3.9352,40.4617],[-3.9361,40.4621],[-3.9369,40.4625],[-3.9372,40.4626],[-3.9374,40.4627],[-3.9375,40.4629],[-3.9375,40.463],[-3.9375,40.4633],[-3.9374,40.4634],[-3.9374,40.4635],[-3.9373,40.4636],[-3.9372,40.4636],[-3.9369,40.4636],[-3.9367,40.4636],[-3.9363,40.4636],[-3.936,40.4636],[-3.9357,40.4636],[-3.9354,40.4637],[-3.9351,40.4637],[-3.9348,40.4638],[-3.9345,40.464],[-3.9342,40.4641],[-3.9338,40.4642],[-3.9336,40.4643],[-3.9334,40.4643],[-3.9331,40.4644],[-3.933,40.4644],[-3.9328,40.4644],[-3.9327,40.4644],[-3.9325,40.4644],[-3.9323,40.4645],[-3.9321,40.4645],[-3.932,40.4645],[-3.9318,40.4645],[-3.9317,40.4645],[-3.9314,40.4645],[-3.9311,40.4645],[-3.9308,40.4645],[-3.9305,40.4645],[-3.9303,40.4645],[-3.9301,40.4644],[-3.9296,40.4643],[-3.9292,40.4642],[-3.9289,40.464],[-3.9286,40.4639],[-3.9282,40.4637],[-3.9279,40.4636],[-3.9276,40.4635],[-3.9273,40.4634],[-3.927,40.4633],[-3.9268,40.4632],[-3.9266,40.4631],[-3.9265,40.463],[-3.9264,40.4629],[-3.9263,40.4629],[-3.9263,40.4627],[-3.9263,40.4627],[-3.9264,40.4627],[-3.9266,40.4627],[-3.927,40.4627],[-3.9273,40.4628],[-3.9276,40.4629],[-3.9279,40.463],[-3.9282,40.4631],[-3.9284,40.4631],[-3.9287,40.4632],[-3.9288,40.4632],[-3.929,40.4632],[-3.9291,40.4632],[-3.9291,40.4632],[-3.9291,40.4632],[-3.9291,40.4631],[-3.9291,40.463],[-3.9292,40.4629],[-3.9293,40.4629],[-3.9295,40.463],[-3.9298,40.4631],[-3.93,40.4632],[-3.9302,40.4633],[-3.9304,40.4634],[-3.9307,40.4634],[-3.9309,40.4634],[-3.931,40.4634],[-3.931,40.4634],[-3.9311,40.4633],[-3.9313,40.4632],[-3.9314,40.4631],[-3.9316,40.4631],[-3.9318,40.463],[-3.9319,40.463],[-3.932,40.4628],[-3.932,40.4628],[-3.932,40.4627],[-3.932,40.4626],[-3.9319,40.4625],[-3.9319,40.4624],[-3.9318,40.4622],[-3.9317,40.4621],[-3.9316,40.4621],[-3.9314,40.4621],[-3.9312,40.462],[-3.9311,40.462],[-3.931,40.4619],[-3.9309,40.4619],[-3.9309,40.4618],[-3.9309,40.4617],[-3.9309,40.4615],[-3.9308,40.4613],[-3.9307,40.4612],[-3.9305,40.4612],[-3.9303,40.4611],[-3.93,40.4611],[-3.9299,40.4611],[-3.9297,40.461],[-3.9295,40.461],[-3.9294,40.461],[-3.9293,40.4609],[-3.9292,40.4608],[-3.9292,40.4608],[-3.9292,40.4608],[-3.9292,40.4607],[-3.9293,40.4607],[-3.9294,40.4606]]],[[[-3.9255,40.263],[-3.9257,40.2632],[-3.9258,40.2633],[-3.9261,40.2635],[-3.9264,40.2637],[-3.9266,40.2638],[-3.9268,40.264],[-3.9271,40.2641],[-3.9273,40.2642],[-3.9275,40.2644],[-3.9278,40.2646],[-3.9281,40.2648],[-3.9282,40.2648],[-3.9284,40.2649],[-3.9285,40.265],[-3.9287,40.2651],[-3.9288,40.2651],[-3.929,40.2652],[-3.9293,40.2652],[-3.9294,40.2652],[-3.9297,40.2652],[-3.93,40.2652],[-3.9302,40.2652],[-3.9305,40.2652],[-3.9309,40.2651],[-3.9311,40.2651],[-3.9314,40.265],[-3.9317,40.2649],[-3.9319,40.2648],[-3.9322,40.2646],[-3.9325,40.2644],[-3.9326,40.2643],[-3.9328,40.2641],[-3.9331,40.2639],[-3.9333,40.2638],[-3.9336,40.2636],[-3.9337,40.2636],[-3.9338,40.2634],[-3.9338,40.2632],[-3.9339,40.2631],[-3.934,40.2629],[-3.9343,40.2628],[-3.9345,40.2627],[-3.9346,40.2627],[-3.9349,40.2627],[-3.9352,40.2627],[-3.9354,40.2627],[-3.9357,40.2628],[-3.9359,40.2628],[-3.9362,40.2628],[-3.9365,40.2627],[-3.9366,40.2626],[-3.9369,40.2624],[-3.937,40.2623],[-3.9371,40.2622],[-3.9373,40.2621],[-3.9375,40.2621],[-3.9377,40.2621],[-3.938,40.2621],[-3.9384,40.2622],[-3.9387,40.2622],[-3.939,40.2624],[-3.939,40.2625],[-3.9392,40.2625],[-3.9394,40.2626],[-3.9395,40.2627],[-3.9397,40.2628],[-3.94,40.2628],[-3.9404,40.2627],[-3.9406,40.2627],[-3.9408,40.2626],[-3.9411,40.2625],[-3.9413,40.2624],[-3.9415,40.2623],[-3.9417,40.2623],[-3.9421,40.2623],[-3.9423,40.2624],[-3.9426,40.2624],[-3.9429,40.2624],[-3.9431,40.2623],[-3.9432,40.2621],[-3.9433,40.2619],[-3.9435,40.2616],[-3.9436,40.2613],[-3.9437,40.261],[-3.944,40.2608],[-3.9442,40.2607],[-3.9446,40.2606],[-3.9449,40.2607],[-3.9452,40.2608],[-3.9454,40.2609],[-3.9456,40.2611],[-3.9458,40.2613],[-3.9458,40.2614],[-3.946,40.2614],[-3.9461,40.2615],[-3.9463,40.2616],[-3.9465,40.2618],[-3.9467,40.262],[-3.9469,40.2621],[-3.9471,40.2621],[-3.9472,40.2622],[-3.9474,40.2622],[-3.9475,40.2622],[-3.9475,40.2622],[-3.9475,40.2621],[-3.9476,40.2621],[-3.9477,40.262],[-3.9478,40.2618],[-3.9481,40.2614],[-3.9482,40.2611],[-3.9483,40.2609],[-3.9483,40.2606],[-3.9482,40.2604],[-3.9481,40.2601],[-3.948,40.2599],[-3.948,40.2596],[-3.9481,40.2593],[-3.9482,40.259],[-3.9484,40.2585],[-3.9486,40.2582],[-3.9489,40.2578],[-3.9491,40.2574],[-3.9492,40.2572],[-3.9495,40.2568],[-3.9496,40.2565],[-3.9497,40.2561],[-3.9498,40.2559],[-3.95,40.2557],[-3.9502,40.2555],[-3.9505,40.2552],[-3.9507,40.255],[-3.9509,40.2547],[-3.951,40.2545],[-3.9511,40.2541],[-3.951,40.2538],[-3.9511,40.2535],[-3.9511,40.2532],[-3.9512,40.2529],[-3.9513,40.2526],[-3.9514,40.2523],[-3.9514,40.2519],[-3.9513,40.2515],[-3.9512,40.2513],[-3.9511,40.2511],[-3.9511,40.2508],[-3.9511,40.2505],[-3.951,40.2503],[-3.951,40.2501],[-3.951,40.2499],[-3.951,40.2497],[-3.951,40.2495],[-3.951,40.2494],[-3.9509,40.2492],[-3.9509,40.2491],[-3.9508,40.249],[-3.9507,40.2489],[-3.9506,40.2489],[-3.9504,40.2489],[-3.9503,40.2489],[-3.9502,40.2489],[-3.9501,40.2489],[-3.95,40.2488],[-3.9499,40.2488],[-3.9498,40.2487],[-3.9497,40.2487],[-3.9497,40.2488],[-3.9497,40.249],[-3.9497,40.2492],[-3.9497,40.2494],[-3.9497,40.2496],[-3.9497,40.2497],[-3.9498,40.25],[-3.9499,40.2501],[-3.9499,40.2504],[-3.9499,40.2506],[-3.9499,40.2507],[-3.95,40.2508],[-3.9501,40.2509],[-3.9501,40.251],[-3.9501,40.2511],[-3.9501,40.2512],[-3.95,40.2512],[-3.9498,40.2512],[-3.9492,40.2513],[-3.9483,40.2513],[-3.9479,40.2513],[-3.9412,40.2509],[-3.9389,40.2502],[-3.9389,40.2502],[-3.9372,40.2498],[-3.9369,40.2497],[-3.9369,40.2497],[-3.9369,40.2497],[-3.9368,40.2497],[-3.9368,40.2497],[-3.9367,40.2497],[-3.9366,40.2496],[-3.9365,40.2496],[-3.9364,40.2495],[-3.936,40.2493],[-3.9357,40.2491],[-3.9357,40.249],[-3.9357,40.249],[-3.9351,40.2489],[-3.9349,40.2489],[-3.9347,40.2489],[-3.9346,40.2489],[-3.9344,40.2489],[-3.934,40.249],[-3.9337,40.249],[-3.9333,40.249],[-3.9329,40.249],[-3.9325,40.249],[-3.932,40.2491],[-3.9317,40.2491],[-3.9315,40.2492],[-3.9314,40.2493],[-3.9313,40.2495],[-3.9313,40.2497],[-3.9313,40.2498],[-3.9313,40.2501],[-3.9313,40.2504],[-3.9299,40.2512],[-3.9291,40.2509],[-3.9288,40.2502],[-3.9286,40.2501],[-3.9281,40.2495],[-3.9277,40.2488],[-3.9277,40.2488],[-3.9276,40.2488],[-3.9275,40.2488],[-3.9274,40.2488],[-3.9272,40.2488],[-3.9271,40.2488],[-3.927,40.2488],[-3.9269,40.2488],[-3.9266,40.2488],[-3.9263,40.2487],[-3.9262,40.2487],[-3.9261,40.2487],[-3.9261,40.2487],[-3.926,40.2488],[-3.9259,40.2489],[-3.9259,40.2492],[-3.9259,40.2495],[-3.9258,40.2498],[-3.9258,40.25],[-3.9257,40.2503],[-3.9256,40.2505],[-3.9256,40.2506],[-3.9255,40.2507],[-3.9255,40.2509],[-3.9255,40.2511],[-3.9255,40.2513],[-3.9255,40.2514],[-3.9254,40.2519],[-3.9254,40.2524],[-3.9254,40.2527],[-3.9255,40.2528],[-3.9255,40.2531],[-3.9255,40.2533],[-3.9255,40.2534],[-3.9255,40.2536],[-3.9254,40.2538],[-3.9252,40.2542],[-3.9251,40.2545],[-3.9251,40.2547],[-3.925,40.255],[-3.9249,40.2552],[-3.9249,40.2553],[-3.9249,40.2556],[-3.9248,40.2558],[-3.9248,40.256],[-3.9248,40.2562],[-3.9247,40.2563],[-3.9247,40.2565],[-3.9246,40.2566],[-3.9245,40.2567],[-3.9245,40.2568],[-3.9244,40.2569],[-3.9244,40.2571],[-3.9244,40.2573],[-3.9244,40.2576],[-3.9244,40.258],[-3.9243,40.2583],[-3.9243,40.2586],[-3.9243,40.2587],[-3.9243,40.2588],[-3.9242,40.2589],[-3.9242,40.259],[-3.9241,40.2591],[-3.924,40.2592],[-3.9239,40.2594],[-3.9239,40.2595],[-3.9238,40.2596],[-3.9237,40.2598],[-3.9236,40.26],[-3.9236,40.2602],[-3.9236,40.2604],[-3.9236,40.2607],[-3.9237,40.2608],[-3.9237,40.261],[-3.9237,40.2611],[-3.9237,40.2611],[-3.9237,40.2612],[-3.9237,40.2613],[-3.9237,40.2614],[-3.9236,40.2615],[-3.9236,40.2616],[-3.9236,40.2617],[-3.9236,40.2618],[-3.9243,40.2622],[-3.9244,40.2623],[-3.9246,40.2624],[-3.9248,40.2626],[-3.9249,40.2627],[-3.9252,40.2629],[-3.9255,40.263]]],[[[-3.9319,40.2808],[-3.9319,40.2809],[-3.932,40.2809],[-3.9321,40.281],[-3.9322,40.281],[-3.9322,40.2811],[-3.9324,40.2812],[-3.9326,40.2813],[-3.9331,40.2816],[-3.9336,40.282],[-3.9336,40.282],[-3.9342,40.2821],[-3.9345,40.2821],[-3.9347,40.2821],[-3.9349,40.2821],[-3.9352,40.2821],[-3.9355,40.2819],[-3.9357,40.2818],[-3.9361,40.2816],[-3.9362,40.2813],[-3.9364,40.2812],[-3.9366,40.281],[-3.9368,40.2809],[-3.9369,40.2808],[-3.9372,40.2808],[-3.9376,40.2807],[-3.938,40.2807],[-3.9382,40.2807],[-3.9384,40.2807],[-3.9387,40.2807],[-3.939,40.2807],[-3.9393,40.2806],[-3.9397,40.2806],[-3.94,40.2806],[-3.9403,40.2805],[-3.9406,40.2805],[-3.9409,40.2804],[-3.9413,40.2803],[-3.9415,40.2802],[-3.9419,40.2801],[-3.9422,40.2801],[-3.9425,40.2801],[-3.9427,40.28],[-3.943,40.28],[-3.9433,40.28],[-3.9436,40.28],[-3.9437,40.2801],[-3.9438,40.2802],[-3.9441,40.2799],[-3.9445,40.2796],[-3.9448,40.2793],[-3.9451,40.2789],[-3.9453,40.2787],[-3.9455,40.2785],[-3.9457,40.2782],[-3.946,40.278],[-3.9461,40.2778],[-3.9464,40.2776],[-3.9465,40.2774],[-3.9466,40.2772],[-3.9467,40.277],[-3.9468,40.2767],[-3.947,40.2764],[-3.9471,40.2762],[-3.9472,40.2759],[-3.9473,40.2757],[-3.9474,40.2755],[-3.9475,40.2752],[-3.9476,40.275],[-3.9478,40.2747],[-3.948,40.2745],[-3.9482,40.2742],[-3.9482,40.2739],[-3.9482,40.2736],[-3.9481,40.2733],[-3.9481,40.2729],[-3.948,40.2726],[-3.948,40.2726],[-3.948,40.2726],[-3.9478,40.2721],[-3.9477,40.2719],[-3.9475,40.2717],[-3.9473,40.2714],[-3.9471,40.2711],[-3.947,40.2709],[-3.9469,40.2706],[-3.9469,40.2703],[-3.9469,40.27],[-3.9468,40.2697],[-3.9468,40.2694],[-3.9467,40.2691],[-3.9467,40.2688],[-3.9467,40.2685],[-3.9466,40.2682],[-3.9466,40.2679],[-3.9465,40.2675],[-3.9464,40.2672],[-3.9463,40.2668],[-3.9463,40.2665],[-3.9463,40.2661],[-3.9463,40.2659],[-3.9463,40.2655],[-3.9464,40.2652],[-3.9465,40.2649],[-3.9466,40.2647],[-3.9467,40.2644],[-3.9468,40.2642],[-3.9469,40.2639],[-3.9469,40.2637],[-3.947,40.2635],[-3.947,40.2632],[-3.9471,40.2629],[-3.9472,40.2627],[-3.9472,40.2627],[-3.9472,40.2625],[-3.9472,40.2625],[-3.9471,40.2624],[-3.947,40.2624],[-3.9468,40.2623],[-3.9466,40.2622],[-3.9464,40.2621],[-3.9462,40.2621],[-3.946,40.262],[-3.9459,40.262],[-3.9456,40.262],[-3.9454,40.2619],[-3.9452,40.2617],[-3.9451,40.2615],[-3.945,40.2612],[-3.9449,40.261],[-3.9448,40.261],[-3.9445,40.261],[-3.9442,40.2611],[-3.9441,40.2613],[-3.944,40.2614],[-3.9439,40.2616],[-3.9438,40.2618],[-3.9437,40.262],[-3.9436,40.2621],[-3.9434,40.2623],[-3.9433,40.2624],[-3.9432,40.2626],[-3.943,40.2627],[-3.9428,40.2627],[-3.9425,40.2627],[-3.9423,40.2626],[-3.9419,40.2626],[-3.9418,40.2626],[-3.9416,40.2626],[-3.9415,40.2626],[-3.9412,40.2627],[-3.9411,40.2628],[-3.9409,40.2628],[-3.9406,40.2629],[-3.9404,40.263],[-3.9402,40.263],[-3.9398,40.263],[-3.9396,40.263],[-3.9393,40.263],[-3.939,40.263],[-3.9387,40.2629],[-3.9385,40.2628],[-3.9383,40.2628],[-3.9381,40.2628],[-3.9377,40.2628],[-3.9374,40.2628],[-3.9373,40.2629],[-3.9371,40.263],[-3.9371,40.2632],[-3.9369,40.2634],[-3.9368,40.2635],[-3.9366,40.2636],[-3.9364,40.2636],[-3.9362,40.2636],[-3.936,40.2636],[-3.9358,40.2636],[-3.9357,40.2636],[-3.9355,40.2635],[-3.9353,40.2635],[-3.9352,40.2636],[-3.9349,40.2638],[-3.9348,40.264],[-3.9346,40.2641],[-3.9345,40.2641],[-3.9344,40.2641],[-3.9343,40.2641],[-3.934,40.2641],[-3.9338,40.2641],[-3.9335,40.2641],[-3.9334,40.2641],[-3.9333,40.2642],[-3.9331,40.2644],[-3.9329,40.2646],[-3.9327,40.2648],[-3.9326,40.265],[-3.9324,40.2652],[-3.9321,40.2654],[-3.9319,40.2655],[-3.9316,40.2655],[-3.9313,40.2656],[-3.9309,40.2657],[-3.9306,40.2657],[-3.9304,40.2658],[-3.9301,40.2658],[-3.9301,40.2659],[-3.93,40.2659],[-3.9299,40.266],[-3.9299,40.266],[-3.9298,40.2662],[-3.9297,40.2663],[-3.9295,40.2664],[-3.9293,40.2664],[-3.9292,40.2665],[-3.929,40.2666],[-3.9289,40.2667],[-3.9288,40.2668],[-3.9288,40.267],[-3.9286,40.2671],[-3.9284,40.2672],[-3.9282,40.2673],[-3.9282,40.2673],[-3.928,40.2673],[-3.9277,40.2674],[-3.9276,40.2675],[-3.9275,40.2676],[-3.9274,40.2677],[-3.9273,40.2678],[-3.9272,40.2679],[-3.9271,40.2681],[-3.927,40.2681],[-3.9267,40.2683],[-3.9265,40.2683],[-3.9263,40.2684],[-3.926,40.2684],[-3.9258,40.2684],[-3.9256,40.2683],[-3.9255,40.2683],[-3.9254,40.2683],[-3.9253,40.2682],[-3.9251,40.2682],[-3.925,40.2682],[-3.9249,40.2682],[-3.9247,40.2682],[-3.9246,40.2682],[-3.9241,40.2683],[-3.9241,40.2683],[-3.9241,40.2683],[-3.9236,40.2684],[-3.9238,40.2686],[-3.9237,40.2687],[-3.9236,40.2688],[-3.9235,40.2689],[-3.9235,40.2689],[-3.9231,40.2691],[-3.923,40.2693],[-3.9228,40.2695],[-3.9227,40.2695],[-3.9228,40.2696],[-3.923,40.2698],[-3.923,40.2699],[-3.9232,40.2699],[-3.9234,40.27],[-3.9235,40.27],[-3.9236,40.2699],[-3.9237,40.2699],[-3.9237,40.2699],[-3.9238,40.2699],[-3.9239,40.2699],[-3.9251,40.2701],[-3.9255,40.2702],[-3.9255,40.2702],[-3.9257,40.2703],[-3.9259,40.2703],[-3.9261,40.2704],[-3.9262,40.2704],[-3.9262,40.2705],[-3.9263,40.2705],[-3.9263,40.2705],[-3.9264,40.2705],[-3.9265,40.2705],[-3.9265,40.2705],[-3.9266,40.2705],[-3.9266,40.2705],[-3.9267,40.2705],[-3.9268,40.2705],[-3.9268,40.2705],[-3.9269,40.2706],[-3.9269,40.2706],[-3.927,40.2707],[-3.9271,40.2707],[-3.9271,40.2708],[-3.9271,40.2709],[-3.9271,40.271],[-3.9272,40.271],[-3.9273,40.2711],[-3.9274,40.2712],[-3.9275,40.2714],[-3.9279,40.2718],[-3.9284,40.2723],[-3.9284,40.2724],[-3.9285,40.2725],[-3.9286,40.2725],[-3.9286,40.2726],[-3.93,40.2737],[-3.9314,40.2749],[-3.9318,40.2752],[-3.9319,40.2754],[-3.932,40.2755],[-3.9321,40.2756],[-3.9322,40.2758],[-3.9323,40.2759],[-3.9323,40.276],[-3.9323,40.2762],[-3.9323,40.2764],[-3.9323,40.2764],[-3.9323,40.2765],[-3.9323,40.2765],[-3.9322,40.2766],[-3.9322,40.2766],[-3.9322,40.2766],[-3.9321,40.2767],[-3.9321,40.2768],[-3.932,40.2769],[-3.9318,40.277],[-3.9316,40.2771],[-3.9314,40.2772],[-3.9308,40.2776],[-3.9307,40.2777],[-3.9307,40.2777],[-3.9306,40.2778],[-3.9306,40.2778],[-3.9306,40.2778],[-3.9306,40.2779],[-3.9306,40.2779],[-3.9306,40.278],[-3.9306,40.278],[-3.9306,40.2781],[-3.9306,40.2781],[-3.9307,40.2782],[-3.9308,40.2783],[-3.9309,40.2785],[-3.9311,40.2786],[-3.9313,40.2788],[-3.9314,40.279],[-3.9315,40.2792],[-3.9316,40.2794],[-3.9317,40.2796],[-3.9317,40.2798],[-3.9318,40.2799],[-3.9318,40.28],[-3.9318,40.2806],[-3.9319,40.2807],[-3.9319,40.2807],[-3.9319,40.2808],[-3.9319,40.2808]],[[-3.924,40.2684],[-3.924,40.2684],[-3.924,40.2684],[-3.924,40.2684]]],[[[-3.9922,40.4973],[-3.9925,40.4979],[-3.9927,40.4984],[-3.9928,40.4987],[-3.9928,40.4988],[-3.993,40.4992],[-3.9931,40.4994],[-3.9931,40.4994],[-3.9931,40.4994],[-3.9933,40.4997],[-3.9933,40.4997],[-3.9935,40.4999],[-3.9935,40.4999],[-3.9936,40.5002],[-3.9938,40.5005],[-3.994,40.5008],[-3.9941,40.5011],[-3.9941,40.5017],[-3.9941,40.5025],[-3.9941,40.5025],[-3.9939,40.5027],[-3.9927,40.504],[-3.9907,40.5055],[-3.988,40.5089],[-3.9869,40.5112],[-3.9869,40.5112],[-3.9876,40.5101],[-3.9881,40.509],[-3.9882,40.5089],[-3.9886,40.5084],[-3.9897,40.507],[-3.9899,40.5066],[-3.9903,40.5062],[-3.9906,40.5058],[-3.9908,40.5056],[-3.991,40.5054],[-3.9913,40.5051],[-3.9919,40.5047],[-3.9926,40.5041],[-3.9927,40.504],[-3.9931,40.5037],[-3.9935,40.5032],[-3.9941,40.5026],[-3.9942,40.5024],[-3.9944,40.5022],[-3.9945,40.5021],[-3.9947,40.502],[-3.9949,40.5019],[-3.995,40.5018],[-3.9951,40.5016],[-3.995,40.5015],[-3.995,40.5014],[-3.995,40.5013],[-3.9948,40.5012],[-3.9947,40.5012],[-3.9946,40.501],[-3.9945,40.5009],[-3.9946,40.5008],[-3.9945,40.5005],[-3.9945,40.5005],[-3.9945,40.5003],[-3.9945,40.5002],[-3.9945,40.5001],[-3.9945,40.5],[-3.9946,40.4998],[-3.9946,40.4996],[-3.9945,40.4994],[-3.9945,40.4993],[-3.9944,40.4992],[-3.9944,40.499],[-3.9945,40.4989],[-3.9945,40.4988],[-3.9946,40.4987],[-3.9947,40.4986],[-3.9948,40.4985],[-3.9947,40.4984],[-3.9948,40.4983],[-3.9949,40.4982],[-3.995,40.4981],[-3.995,40.4979],[-3.9949,40.4978],[-3.9948,40.4978],[-3.9947,40.4977],[-3.9946,40.4976],[-3.9945,40.4975],[-3.9945,40.4975],[-3.9946,40.4973],[-3.9945,40.4972],[-3.9945,40.497],[-3.9945,40.4969],[-3.9944,40.4967],[-3.9942,40.4966],[-3.9941,40.4966],[-3.994,40.4966],[-3.9938,40.4966],[-3.9937,40.4966],[-3.9936,40.4966],[-3.9936,40.4965],[-3.9936,40.4964],[-3.9937,40.4963],[-3.9937,40.4962],[-3.9938,40.4961],[-3.9939,40.4961],[-3.994,40.496],[-3.9939,40.4958],[-3.9939,40.4956],[-3.9938,40.4955],[-3.9938,40.4954],[-3.9937,40.4953],[-3.9936,40.4953],[-3.9934,40.4954],[-3.9932,40.4954],[-3.993,40.4955],[-3.9928,40.4955],[-3.9927,40.4954],[-3.9925,40.4953],[-3.9924,40.4952],[-3.9923,40.4951],[-3.9923,40.495],[-3.9925,40.4948],[-3.9926,40.4946],[-3.9927,40.4945],[-3.9929,40.4944],[-3.9932,40.4943],[-3.9935,40.4942],[-3.9937,40.4942],[-3.9941,40.494],[-3.9943,40.4938],[-3.9945,40.4936],[-3.9947,40.4934],[-3.9948,40.4932],[-3.9948,40.493],[-3.9947,40.4929],[-3.9946,40.4923],[-3.9944,40.4915],[-3.9941,40.4905],[-3.994,40.4899],[-3.9937,40.4894],[-3.9936,40.4889],[-3.9934,40.4884],[-3.9929,40.4886],[-3.9926,40.4887],[-3.9924,40.4888],[-3.9922,40.4889],[-3.9921,40.489],[-3.992,40.489],[-3.9919,40.489],[-3.9919,40.4889],[-3.9917,40.4888],[-3.9915,40.4887],[-3.9913,40.4886],[-3.9911,40.4884],[-3.991,40.4882],[-3.9909,40.4881],[-3.9908,40.488],[-3.9906,40.4878],[-3.9905,40.4875],[-3.9903,40.4873],[-3.9902,40.4871],[-3.99,40.4868],[-3.9898,40.4866],[-3.9896,40.4864],[-3.9894,40.4862],[-3.9893,40.486],[-3.9891,40.4859],[-3.989,40.4858],[-3.9888,40.4858],[-3.9887,40.4858],[-3.9886,40.4857],[-3.9887,40.4857],[-3.9888,40.4856],[-3.989,40.4856],[-3.9892,40.4855],[-3.9894,40.4854],[-3.9895,40.4852],[-3.9896,40.4851],[-3.9896,40.4849],[-3.9896,40.4847],[-3.9895,40.4845],[-3.9893,40.4844],[-3.989,40.4843],[-3.9888,40.4842],[-3.9888,40.4841],[-3.9888,40.484],[-3.9888,40.484],[-3.9887,40.4839],[-3.9888,40.4838],[-3.9889,40.4837],[-3.989,40.4837],[-3.9891,40.4836],[-3.9892,40.4835],[-3.9892,40.4834],[-3.9891,40.4833],[-3.9891,40.4833],[-3.989,40.4832],[-3.9894,40.4831],[-3.9896,40.4831],[-3.9898,40.483],[-3.99,40.4829],[-3.9901,40.4828],[-3.9902,40.4827],[-3.9902,40.4826],[-3.9902,40.4825],[-3.9904,40.4825],[-3.9903,40.4822],[-3.9902,40.482],[-3.9901,40.4817],[-3.99,40.4815],[-3.9899,40.4814],[-3.9899,40.4813],[-3.9897,40.4812],[-3.9895,40.481],[-3.9893,40.4808],[-3.989,40.4807],[-3.9888,40.4807],[-3.9887,40.4808],[-3.9885,40.4809],[-3.9884,40.481],[-3.9883,40.4811],[-3.9881,40.4811],[-3.9879,40.4811],[-3.9877,40.4811],[-3.9874,40.4812],[-3.9871,40.4812],[-3.987,40.4812],[-3.9868,40.4813],[-3.9868,40.4812],[-3.9868,40.481],[-3.9867,40.481],[-3.9866,40.481],[-3.9864,40.4809],[-3.9863,40.4809],[-3.986,40.4809],[-3.9858,40.4809],[-3.9856,40.4809],[-3.9852,40.4809],[-3.985,40.4809],[-3.9848,40.4809],[-3.9844,40.4809],[-3.9844,40.4807],[-3.9843,40.4806],[-3.9842,40.4805],[-3.9842,40.4804],[-3.9842,40.4802],[-3.9844,40.4801],[-3.9845,40.4799],[-3.9845,40.4798],[-3.9845,40.4796],[-3.9845,40.4794],[-3.9843,40.4792],[-3.9842,40.4791],[-3.9839,40.479],[-3.9838,40.4789],[-3.9837,40.4788],[-3.9836,40.4786],[-3.9834,40.4784],[-3.9831,40.4782],[-3.983,40.478],[-3.9828,40.4779],[-3.9825,40.4777],[-3.9823,40.4775],[-3.9822,40.4775],[-3.9821,40.4773],[-3.9821,40.4772],[-3.9821,40.477],[-3.9821,40.4768],[-3.9822,40.4766],[-3.9824,40.4764],[-3.9826,40.4762],[-3.9826,40.4762],[-3.9828,40.4759],[-3.983,40.4757],[-3.9831,40.4755],[-3.9833,40.4752],[-3.9833,40.475],[-3.9834,40.4748],[-3.9835,40.4745],[-3.9836,40.4743],[-3.9837,40.474],[-3.9838,40.4737],[-3.984,40.4734],[-3.9842,40.4732],[-3.9845,40.4729],[-3.9847,40.4728],[-3.9849,40.4726],[-3.9851,40.4725],[-3.9853,40.4724],[-3.9855,40.4723],[-3.9856,40.4722],[-3.9857,40.472],[-3.9858,40.4719],[-3.9859,40.4718],[-3.9859,40.4716],[-3.9859,40.4713],[-3.9859,40.4712],[-3.9859,40.471],[-3.9857,40.4709],[-3.9856,40.4708],[-3.9855,40.4708],[-3.9853,40.4707],[-3.9852,40.4706],[-3.9851,40.4705],[-3.9851,40.4704],[-3.985,40.4704],[-3.985,40.4704],[-3.9851,40.4702],[-3.9852,40.4701],[-3.9854,40.47],[-3.9856,40.4698],[-3.9858,40.4697],[-3.9862,40.4695],[-3.9863,40.4694],[-3.9864,40.4692],[-3.9865,40.469],[-3.9866,40.4687],[-3.9867,40.4685],[-3.9867,40.4683],[-3.9867,40.4681],[-3.9867,40.4679],[-3.9865,40.4678],[-3.9864,40.4678],[-3.9862,40.4678],[-3.986,40.4678],[-3.9858,40.4677],[-3.9855,40.4676],[-3.9853,40.4674],[-3.9852,40.4673],[-3.9851,40.467],[-3.985,40.4668],[-3.9848,40.4666],[-3.9847,40.4664],[-3.9845,40.4663],[-3.9843,40.4661],[-3.984,40.4659],[-3.9838,40.4657],[-3.9836,40.4656],[-3.9834,40.4655],[-3.9831,40.4655],[-3.983,40.4656],[-3.983,40.4656],[-3.983,40.4656],[-3.9829,40.4657],[-3.9828,40.4658],[-3.9827,40.4661],[-3.9827,40.4664],[-3.9827,40.4667],[-3.9827,40.4669],[-3.9827,40.4671],[-3.9828,40.4674],[-3.9829,40.4676],[-3.9831,40.4679],[-3.983,40.4682],[-3.9828,40.4684],[-3.9827,40.4687],[-3.9826,40.4689],[-3.9823,40.4692],[-3.9821,40.4693],[-3.982,40.4696],[-3.9819,40.47],[-3.9819,40.4704],[-3.9818,40.4707],[-3.9818,40.4709],[-3.9817,40.4712],[-3.9818,40.4715],[-3.9819,40.4717],[-3.9819,40.4719],[-3.9818,40.4721],[-3.9816,40.4724],[-3.9814,40.4727],[-3.9812,40.4729],[-3.9811,40.473],[-3.981,40.473],[-3.9808,40.4731],[-3.9805,40.4731],[-3.9803,40.4732],[-3.98,40.4731],[-3.9799,40.473],[-3.9797,40.4728],[-3.9794,40.4727],[-3.9791,40.4724],[-3.9787,40.4722],[-3.9785,40.4721],[-3.9783,40.4719],[-3.9781,40.4718],[-3.9779,40.4718],[-3.9778,40.4718],[-3.9776,40.4718],[-3.9777,40.4717],[-3.9777,40.4717],[-3.9779,40.4716],[-3.9782,40.4715],[-3.9784,40.4714],[-3.9786,40.4713],[-3.9789,40.4711],[-3.9789,40.4709],[-3.9788,40.4707],[-3.9787,40.4706],[-3.9786,40.4705],[-3.9787,40.4703],[-3.9789,40.47],[-3.979,40.4698],[-3.9791,40.4695],[-3.9792,40.4692],[-3.9793,40.469],[-3.9795,40.4686],[-3.9797,40.4683],[-3.9799,40.468],[-3.98,40.4677],[-3.9802,40.4675],[-3.9803,40.4672],[-3.9804,40.4669],[-3.9805,40.4666],[-3.9806,40.4663],[-3.9808,40.4661],[-3.981,40.4659],[-3.9814,40.4658],[-3.9818,40.4657],[-3.9821,40.4655],[-3.9823,40.4653],[-3.9824,40.4651],[-3.9825,40.465],[-3.9826,40.4648],[-3.9826,40.4648],[-3.9826,40.4645],[-3.9823,40.4642],[-3.9821,40.464],[-3.9819,40.4637],[-3.9817,40.4633],[-3.9814,40.4629],[-3.9811,40.4626],[-3.9809,40.4623],[-3.9807,40.462],[-3.9805,40.4618],[-3.9802,40.4616],[-3.98,40.4615],[-3.9798,40.4615],[-3.9798,40.4615],[-3.9798,40.4615],[-3.9796,40.4616],[-3.9794,40.4617],[-3.9792,40.4619],[-3.9789,40.4621],[-3.9787,40.4622],[-3.9785,40.4624],[-3.9783,40.4625],[-3.9779,40.4628],[-3.9778,40.4629],[-3.9777,40.4631],[-3.9776,40.4632],[-3.9775,40.4633],[-3.9775,40.4635],[-3.9774,40.4637],[-3.9774,40.4639],[-3.9774,40.4641],[-3.9774,40.4642],[-3.9773,40.4644],[-3.9771,40.4645],[-3.9769,40.4646],[-3.9767,40.4646],[-3.9765,40.4647],[-3.9763,40.4648],[-3.976,40.465],[-3.9758,40.4652],[-3.9757,40.4655],[-3.9754,40.4663],[-3.9753,40.4669],[-3.9751,40.4673],[-3.975,40.4677],[-3.9748,40.468],[-3.9748,40.4683],[-3.9747,40.4685],[-3.9747,40.4688],[-3.9745,40.4689],[-3.9744,40.4691],[-3.9743,40.4693],[-3.9736,40.4689],[-3.973,40.4685],[-3.9725,40.4683],[-3.9719,40.468],[-3.9719,40.468],[-3.9714,40.4677],[-3.9711,40.4675],[-3.9706,40.4673],[-3.9703,40.4671],[-3.9701,40.467],[-3.9699,40.467],[-3.9694,40.4668],[-3.969,40.4667],[-3.9687,40.4666],[-3.9682,40.4664],[-3.9677,40.4662],[-3.9672,40.466],[-3.9667,40.4658],[-3.9666,40.4657],[-3.9663,40.4656],[-3.966,40.4655],[-3.9656,40.4654],[-3.9652,40.4653],[-3.965,40.4652],[-3.9641,40.4649],[-3.9634,40.4648],[-3.9641,40.4662],[-3.9643,40.4665],[-3.9646,40.4669],[-3.9649,40.4672],[-3.9654,40.4678],[-3.966,40.4682],[-3.9666,40.4687],[-3.9675,40.4692],[-3.9692,40.4705],[-3.9697,40.471],[-3.97,40.4712],[-3.9709,40.472],[-3.9712,40.4722],[-3.9712,40.4722],[-3.9716,40.4724],[-3.9719,40.4726],[-3.9722,40.4728],[-3.9727,40.473],[-3.9732,40.4733],[-3.9737,40.4735],[-3.974,40.4737],[-3.9744,40.474],[-3.9747,40.4742],[-3.975,40.4745],[-3.9753,40.4747],[-3.9758,40.4752],[-3.9762,40.4755],[-3.9765,40.4757],[-3.9774,40.4763],[-3.9779,40.4767],[-3.9782,40.4769],[-3.9785,40.4772],[-3.9788,40.4775],[-3.9791,40.4782],[-3.9795,40.4786],[-3.9797,40.479],[-3.9801,40.4798],[-3.9806,40.4805],[-3.9808,40.4809],[-3.981,40.481],[-3.9812,40.4813],[-3.9818,40.4822],[-3.9822,40.4829],[-3.9823,40.483],[-3.9825,40.4832],[-3.9829,40.4836],[-3.9831,40.4838],[-3.9832,40.4838],[-3.9833,40.4839],[-3.9837,40.4842],[-3.9843,40.4845],[-3.9845,40.4846],[-3.9845,40.4846],[-3.9848,40.4847],[-3.985,40.4848],[-3.9851,40.4848],[-3.9851,40.4848],[-3.9852,40.4849],[-3.986,40.4859],[-3.986,40.4859],[-3.9861,40.486],[-3.9863,40.4863],[-3.9867,40.4868],[-3.9869,40.4871],[-3.987,40.4874],[-3.9872,40.4877],[-3.9873,40.4878],[-3.9876,40.4882],[-3.9876,40.4883],[-3.9877,40.4883],[-3.9877,40.4885],[-3.9879,40.4893],[-3.988,40.4897],[-3.9881,40.4899],[-3.9883,40.4905],[-3.9885,40.4911],[-3.9887,40.4916],[-3.9887,40.492],[-3.9887,40.4921],[-3.9888,40.4924],[-3.989,40.4926],[-3.9892,40.4929],[-3.9895,40.4931],[-3.9896,40.4933],[-3.99,40.4939],[-3.9903,40.4942],[-3.9904,40.4944],[-3.9905,40.4945],[-3.9907,40.4946],[-3.991,40.4949],[-3.9912,40.4952],[-3.9915,40.4956],[-3.9918,40.496],[-3.9919,40.4962],[-3.9919,40.4962],[-3.9919,40.4963],[-3.9921,40.4969],[-3.9922,40.4973]]],[[[-4.0064,40.4866],[-4.0066,40.4867],[-4.0067,40.4869],[-4.0067,40.4871],[-4.0067,40.4873],[-4.0068,40.4873],[-4.007,40.4873],[-4.0072,40.4873],[-4.0074,40.4872],[-4.0074,40.4871],[-4.0075,40.4869],[-4.0076,40.4868],[-4.0077,40.4867],[-4.008,40.4864],[-4.0082,40.4863],[-4.0083,40.4861],[-4.0086,40.4859],[-4.0087,40.4857],[-4.009,40.4856],[-4.0091,40.4855],[-4.0093,40.4855],[-4.0096,40.4856],[-4.01,40.4857],[-4.0101,40.4855],[-4.0102,40.4853],[-4.0102,40.4853],[-4.0103,40.4852],[-4.0103,40.4851],[-4.0103,40.485],[-4.0103,40.4849],[-4.0103,40.4849],[-4.0103,40.4848],[-4.0104,40.4846],[-4.0105,40.4844],[-4.0106,40.4842],[-4.0106,40.484],[-4.0107,40.4837],[-4.0108,40.4836],[-4.0109,40.4834],[-4.0109,40.4832],[-4.011,40.483],[-4.011,40.4828],[-4.0111,40.4824],[-4.0112,40.4822],[-4.0112,40.4819],[-4.0113,40.4818],[-4.0113,40.4816],[-4.0113,40.4813],[-4.0114,40.4812],[-4.0116,40.481],[-4.0118,40.4807],[-4.0123,40.4801],[-4.0126,40.4798],[-4.0129,40.4795],[-4.0137,40.4789],[-4.0137,40.4788],[-4.0131,40.4786],[-4.0127,40.4785],[-4.0117,40.4781],[-4.011,40.4779],[-4.0105,40.4777],[-4.0102,40.4776],[-4.0099,40.4775],[-4.0098,40.4775],[-4.0096,40.4775],[-4.0094,40.4775],[-4.0093,40.4775],[-4.0091,40.4775],[-4.009,40.4775],[-4.0089,40.4775],[-4.0087,40.4775],[-4.0086,40.4776],[-4.0084,40.4776],[-4.0083,40.4776],[-4.0082,40.4776],[-4.008,40.4777],[-4.0078,40.4777],[-4.0076,40.4777],[-4.0074,40.4777],[-4.0072,40.4777],[-4.0071,40.4777],[-4.0068,40.4777],[-4.0063,40.4776],[-4.0059,40.4775],[-4.0056,40.4774],[-4.0051,40.4773],[-4.0046,40.4772],[-4.004,40.4769],[-4.0036,40.4768],[-4.0031,40.4767],[-4.0028,40.4767],[-4.0026,40.4767],[-4.0025,40.4767],[-4.0024,40.4767],[-4.0024,40.4766],[-4.0023,40.4766],[-4.0023,40.4766],[-4.0023,40.4766],[-4.0022,40.4765],[-4.0022,40.4764],[-4.0021,40.4763],[-4.0021,40.4762],[-4.0021,40.4762],[-4.0021,40.4761],[-4.0021,40.4761],[-4.0021,40.4761],[-4.0021,40.4761],[-4.0021,40.476],[-4.0022,40.476],[-4.0022,40.476],[-4.0022,40.476],[-4.0023,40.4759],[-4.0024,40.4759],[-4.0024,40.4759],[-4.0026,40.4758],[-4.0029,40.4758],[-4.0033,40.4756],[-4.0035,40.4755],[-4.0037,40.4753],[-4.0039,40.4752],[-4.004,40.4751],[-4.0042,40.475],[-4.0044,40.4748],[-4.0045,40.4746],[-4.0046,40.4745],[-4.0048,40.4742],[-4.0049,40.4741],[-4.005,40.4739],[-4.005,40.4737],[-4.0051,40.4733],[-4.0049,40.4733],[-4.004,40.4734],[-4.0037,40.4735],[-4.0028,40.4736],[-4.0023,40.4737],[-4.002,40.4737],[-4.0019,40.4738],[-4.0017,40.4738],[-4.0016,40.4738],[-4.0015,40.4738],[-4.0011,40.4738],[-4.001,40.4737],[-4.0008,40.4737],[-4.0007,40.4736],[-4.0005,40.4736],[-4.0004,40.4735],[-4.0003,40.4734],[-4.0002,40.4734],[-4,40.4733],[-3.9997,40.4732],[-3.9996,40.4732],[-3.9995,40.4732],[-3.9993,40.4731],[-3.9993,40.473],[-3.9991,40.473],[-3.9988,40.473],[-3.9988,40.4729],[-3.9988,40.4729],[-3.9988,40.4729],[-3.9988,40.4729],[-3.9988,40.4729],[-3.9988,40.4729],[-3.9988,40.4728],[-3.9988,40.4728],[-3.9988,40.4728],[-3.9988,40.4728],[-3.9988,40.4728],[-3.9988,40.4728],[-3.9988,40.4728],[-3.9988,40.4728],[-3.9988,40.4727],[-3.9988,40.4727],[-3.9988,40.4727],[-3.9988,40.4727],[-3.9988,40.4727],[-3.9988,40.4727],[-3.9989,40.4727],[-3.9989,40.4727],[-3.9989,40.4727],[-3.9989,40.4727],[-3.9989,40.4727],[-3.9989,40.4727],[-3.999,40.4727],[-3.999,40.4727],[-3.999,40.4727],[-3.999,40.4727],[-3.999,40.4727],[-3.999,40.4726],[-3.9991,40.4726],[-3.9991,40.4726],[-3.9991,40.4727],[-3.9991,40.4727],[-3.9991,40.4727],[-3.9992,40.4727],[-3.9992,40.4727],[-3.9992,40.4726],[-3.9992,40.4726],[-3.9992,40.4726],[-3.9993,40.4726],[-3.9993,40.4726],[-3.9993,40.4726],[-3.9993,40.4726],[-3.9993,40.4726],[-3.9994,40.4726],[-3.9994,40.4726],[-3.9994,40.4726],[-3.9994,40.4726],[-3.9994,40.4726],[-3.9995,40.4726],[-3.9995,40.4726],[-3.9995,40.4726],[-3.9995,40.4727],[-3.9995,40.4727],[-3.9996,40.4727],[-3.9996,40.4726],[-3.9996,40.4726],[-3.9996,40.4726],[-3.9996,40.4726],[-3.9997,40.4726],[-3.9997,40.4726],[-3.9997,40.4726],[-3.9997,40.4726],[-3.9997,40.4726],[-3.9997,40.4726],[-3.9997,40.4726],[-3.9997,40.4725],[-3.9997,40.4725],[-3.9997,40.4725],[-3.9996,40.4725],[-3.9996,40.4725],[-3.9996,40.4725],[-3.9996,40.4725],[-3.9996,40.4725],[-3.9996,40.4725],[-3.9996,40.4725],[-3.9995,40.4724],[-3.9995,40.4724],[-3.9995,40.4724],[-3.9995,40.4724],[-3.9995,40.4724],[-3.9995,40.4724],[-3.9994,40.4724],[-3.9994,40.4724],[-3.9994,40.4724],[-3.9994,40.4724],[-3.9994,40.4724],[-3.9994,40.4724],[-3.9993,40.4724],[-3.9993,40.4724],[-3.9992,40.4724],[-3.9992,40.4724],[-3.9992,40.4724],[-3.9992,40.4724],[-3.9992,40.4724],[-3.9992,40.4724],[-3.9991,40.4724],[-3.9991,40.4724],[-3.9991,40.4724],[-3.9991,40.4724],[-3.9991,40.4724],[-3.999,40.4724],[-3.999,40.4723],[-3.999,40.4723],[-3.999,40.4723],[-3.999,40.4723],[-3.9989,40.4723],[-3.9989,40.4723],[-3.9989,40.4723],[-3.9989,40.4723],[-3.9989,40.4723],[-3.9989,40.4723],[-3.9988,40.4723],[-3.9988,40.4723],[-3.9988,40.4723],[-3.9988,40.4722],[-3.9988,40.4722],[-3.9988,40.4722],[-3.9987,40.4722],[-3.9987,40.4722],[-3.9987,40.4722],[-3.9987,40.4722],[-3.9987,40.4722],[-3.9986,40.4722],[-3.9986,40.4722],[-3.9986,40.4722],[-3.9986,40.4722],[-3.9986,40.4722],[-3.9986,40.4722],[-3.9985,40.4722],[-3.9985,40.4722],[-3.9985,40.4721],[-3.9985,40.4721],[-3.9985,40.4721],[-3.9985,40.4721],[-3.9985,40.4721],[-3.9984,40.4721],[-3.9984,40.4721],[-3.9984,40.4721],[-3.9984,40.4721],[-3.9984,40.4721],[-3.9983,40.4721],[-3.9983,40.4721],[-3.9983,40.4721],[-3.9983,40.4721],[-3.9982,40.4721],[-3.9982,40.4721],[-3.9982,40.4721],[-3.9982,40.4721],[-3.9982,40.4721],[-3.9982,40.4721],[-3.9982,40.4721],[-3.9981,40.4721],[-3.9981,40.4721],[-3.9981,40.4721],[-3.9981,40.4721],[-3.9981,40.4721],[-3.9981,40.4721],[-3.998,40.4721],[-3.998,40.4721],[-3.998,40.4721],[-3.998,40.4721],[-3.998,40.4721],[-3.9979,40.4721],[-3.9979,40.4721],[-3.9979,40.4721],[-3.9979,40.472],[-3.9979,40.472],[-3.9979,40.472],[-3.9978,40.472],[-3.9978,40.472],[-3.9978,40.472],[-3.9978,40.472],[-3.9978,40.472],[-3.9978,40.472],[-3.9978,40.472],[-3.9978,40.4719],[-3.9978,40.4719],[-3.9978,40.4719],[-3.9978,40.4719],[-3.9978,40.4719],[-3.9977,40.4719],[-3.9977,40.4719],[-3.9977,40.4719],[-3.9977,40.4718],[-3.9977,40.4718],[-3.9977,40.4718],[-3.9977,40.4718],[-3.9977,40.4718],[-3.9977,40.4718],[-3.9977,40.4718],[-3.9976,40.4718],[-3.9976,40.4717],[-3.9976,40.4717],[-3.9976,40.4717],[-3.9976,40.4717],[-3.9976,40.4717],[-3.9976,40.4717],[-3.9976,40.4717],[-3.9976,40.4717],[-3.9976,40.4716],[-3.9976,40.4716],[-3.9976,40.4716],[-3.9976,40.4716],[-3.9975,40.4716],[-3.9975,40.4716],[-3.9975,40.4716],[-3.9975,40.4715],[-3.9975,40.4715],[-3.9975,40.4715],[-3.9975,40.4715],[-3.9975,40.4715],[-3.9975,40.4715],[-3.9975,40.4715],[-3.9975,40.4715],[-3.9975,40.4715],[-3.9975,40.4714],[-3.9975,40.4714],[-3.9975,40.4714],[-3.9975,40.4714],[-3.9975,40.4714],[-3.9975,40.4714],[-3.9975,40.4713],[-3.9975,40.4713],[-3.9975,40.4713],[-3.9975,40.4713],[-3.9975,40.4713],[-3.9975,40.4713],[-3.9975,40.4712],[-3.9975,40.4712],[-3.9975,40.4712],[-3.9975,40.4712],[-3.9975,40.4712],[-3.9975,40.4712],[-3.9975,40.4712],[-3.9975,40.4712],[-3.9975,40.4711],[-3.9975,40.4711],[-3.9975,40.4711],[-3.9975,40.4711],[-3.9975,40.4711],[-3.9975,40.4711],[-3.9975,40.4711],[-3.9975,40.471],[-3.9975,40.471],[-3.9975,40.471],[-3.9975,40.471],[-3.9975,40.471],[-3.9975,40.471],[-3.9975,40.471],[-3.9975,40.4709],[-3.9975,40.4709],[-3.9975,40.4709],[-3.9975,40.4709],[-3.9974,40.4709],[-3.9974,40.4709],[-3.9974,40.471],[-3.9974,40.471],[-3.9973,40.471],[-3.9973,40.471],[-3.9973,40.471],[-3.9973,40.471],[-3.9973,40.471],[-3.9973,40.471],[-3.9973,40.471],[-3.9973,40.471],[-3.9973,40.471],[-3.9973,40.471],[-3.9972,40.4711],[-3.9972,40.4711],[-3.9972,40.4711],[-3.9972,40.4711],[-3.9972,40.4711],[-3.9972,40.4711],[-3.9972,40.4711],[-3.9971,40.4711],[-3.9971,40.4712],[-3.9971,40.4712],[-3.9971,40.4712],[-3.9971,40.4712],[-3.9971,40.4712],[-3.9971,40.4712],[-3.997,40.4712],[-3.997,40.4712],[-3.997,40.4712],[-3.997,40.4712],[-3.997,40.4712],[-3.9969,40.4712],[-3.9969,40.4712],[-3.9969,40.4712],[-3.9969,40.4712],[-3.9969,40.4712],[-3.9969,40.4712],[-3.9968,40.4711],[-3.9968,40.4711],[-3.9968,40.4711],[-3.9968,40.4711],[-3.9967,40.4711],[-3.9967,40.4711],[-3.9967,40.4711],[-3.9967,40.4711],[-3.9967,40.4711],[-3.9967,40.4711],[-3.9966,40.4711],[-3.9966,40.4711],[-3.9966,40.4711],[-3.9966,40.471],[-3.9966,40.471],[-3.9966,40.471],[-3.9966,40.471],[-3.9966,40.471],[-3.9966,40.471],[-3.9965,40.471],[-3.9965,40.4709],[-3.9965,40.4709],[-3.9965,40.4709],[-3.9965,40.4709],[-3.9965,40.4709],[-3.9965,40.4709],[-3.9965,40.4709],[-3.9965,40.4709],[-3.9965,40.4708],[-3.9965,40.4708],[-3.9964,40.4708],[-3.9964,40.4708],[-3.9964,40.4708],[-3.9964,40.4708],[-3.9964,40.4708],[-3.9964,40.4708],[-3.9964,40.4707],[-3.9964,40.4707],[-3.9964,40.4707],[-3.9964,40.4707],[-3.9963,40.4707],[-3.9963,40.4707],[-3.9963,40.4707],[-3.9963,40.4707],[-3.9963,40.4706],[-3.9963,40.4706],[-3.9963,40.4706],[-3.9963,40.4706],[-3.9963,40.4706],[-3.9963,40.4706],[-3.9963,40.4706],[-3.9962,40.4706],[-3.9962,40.4705],[-3.9962,40.4705],[-3.9962,40.4705],[-3.9962,40.4705],[-3.9962,40.4705],[-3.9962,40.4705],[-3.9962,40.4705],[-3.9962,40.4705],[-3.9962,40.4705],[-3.9962,40.4704],[-3.9962,40.4704],[-3.9961,40.4704],[-3.9961,40.4704],[-3.9961,40.4704],[-3.9961,40.4704],[-3.9961,40.4704],[-3.9961,40.4703],[-3.9961,40.4703],[-3.9961,40.4703],[-3.9961,40.4703],[-3.9961,40.4703],[-3.9961,40.4703],[-3.9961,40.4703],[-3.9961,40.4703],[-3.996,40.4702],[-3.996,40.4702],[-3.996,40.4702],[-3.996,40.4702],[-3.996,40.4702],[-3.996,40.4702],[-3.996,40.4702],[-3.996,40.4701],[-3.996,40.4701],[-3.996,40.4701],[-3.996,40.4701],[-3.996,40.4701],[-3.996,40.4701],[-3.996,40.4701],[-3.996,40.47],[-3.996,40.47],[-3.996,40.47],[-3.996,40.47],[-3.996,40.47],[-3.996,40.47],[-3.996,40.4699],[-3.996,40.4699],[-3.996,40.4699],[-3.9959,40.4699],[-3.9959,40.4699],[-3.9959,40.4699],[-3.9959,40.4699],[-3.9959,40.4699],[-3.9959,40.4698],[-3.9959,40.4698],[-3.9959,40.4698],[-3.9959,40.4698],[-3.9959,40.4698],[-3.9959,40.4698],[-3.9959,40.4698],[-3.9959,40.4697],[-3.9959,40.4697],[-3.9959,40.4697],[-3.9959,40.4697],[-3.9959,40.4697],[-3.9959,40.4697],[-3.9959,40.4697],[-3.9959,40.4697],[-3.9959,40.4697],[-3.9958,40.4696],[-3.9958,40.4696],[-3.9958,40.4696],[-3.9958,40.4696],[-3.9958,40.4696],[-3.9958,40.4696],[-3.9957,40.4696],[-3.9957,40.4696],[-3.9957,40.4696],[-3.9957,40.4696],[-3.9957,40.4696],[-3.9957,40.4696],[-3.9957,40.4695],[-3.9957,40.4695],[-3.9957,40.4695],[-3.9956,40.4695],[-3.9956,40.4695],[-3.9956,40.4695],[-3.9956,40.4695],[-3.9956,40.4695],[-3.9956,40.4695],[-3.9956,40.4695],[-3.9956,40.4694],[-3.9956,40.4694],[-3.9956,40.4694],[-3.9956,40.4694],[-3.9955,40.4694],[-3.9955,40.4694],[-3.9955,40.4693],[-3.9955,40.4693],[-3.9955,40.4693],[-3.9955,40.4693],[-3.9955,40.4693],[-3.9955,40.4693],[-3.9955,40.4693],[-3.9955,40.4692],[-3.9955,40.4692],[-3.9955,40.4692],[-3.9955,40.4692],[-3.9955,40.4692],[-3.9955,40.4692],[-3.9955,40.4692],[-3.9955,40.4692],[-3.9955,40.4691],[-3.9955,40.4691],[-3.9955,40.4691],[-3.9954,40.4691],[-3.9954,40.4691],[-3.9954,40.4691],[-3.9954,40.469],[-3.9954,40.469],[-3.9954,40.469],[-3.9954,40.469],[-3.9954,40.469],[-3.9954,40.469],[-3.9954,40.469],[-3.9954,40.469],[-3.9954,40.469],[-3.9953,40.469],[-3.9953,40.469],[-3.9953,40.469],[-3.9953,40.469],[-3.9953,40.469],[-3.9953,40.4691],[-3.9953,40.4691],[-3.9952,40.4691],[-3.9952,40.4691],[-3.9952,40.4691],[-3.9952,40.4691],[-3.9952,40.4691],[-3.9951,40.4691],[-3.9951,40.4691],[-3.9951,40.4691],[-3.9951,40.4691],[-3.9951,40.4691],[-3.9951,40.4691],[-3.995,40.4691],[-3.995,40.469],[-3.995,40.469],[-3.995,40.469],[-3.995,40.469],[-3.995,40.469],[-3.9949,40.469],[-3.9949,40.469],[-3.9949,40.469],[-3.9949,40.4689],[-3.9949,40.4689],[-3.9949,40.4689],[-3.9949,40.4689],[-3.9949,40.4689],[-3.9949,40.4689],[-3.9948,40.4689],[-3.9948,40.4689],[-3.9948,40.4688],[-3.9948,40.4688],[-3.9948,40.4688],[-3.9948,40.4688],[-3.9948,40.4688],[-3.9948,40.4688],[-3.9948,40.4688],[-3.9948,40.4688],[-3.9948,40.4687],[-3.9948,40.4687],[-3.9948,40.4687],[-3.9948,40.4687],[-3.9948,40.4687],[-3.9948,40.4687],[-3.9948,40.4687],[-3.9948,40.4687],[-3.9948,40.4687],[-3.9948,40.4686],[-3.9948,40.4686],[-3.9947,40.4686],[-3.9947,40.4686],[-3.9947,40.4686],[-3.9947,40.4686],[-3.9947,40.4686],[-3.9947,40.4686],[-3.9947,40.4685],[-3.9947,40.4685],[-3.9946,40.4685],[-3.9946,40.4685],[-3.9946,40.4685],[-3.9946,40.4685],[-3.9946,40.4685],[-3.9946,40.4685],[-3.9946,40.4685],[-3.9945,40.4685],[-3.9945,40.4685],[-3.9945,40.4685],[-3.9945,40.4685],[-3.9945,40.4685],[-3.9945,40.4685],[-3.9944,40.4684],[-3.9944,40.4684],[-3.9944,40.4684],[-3.9944,40.4684],[-3.9944,40.4684],[-3.9944,40.4684],[-3.9944,40.4684],[-3.9944,40.4684],[-3.9944,40.4683],[-3.9944,40.4683],[-3.9944,40.4683],[-3.9944,40.4683],[-3.9944,40.4683],[-3.9943,40.4682],[-3.9943,40.4682],[-3.9943,40.4682],[-3.9943,40.4682],[-3.9943,40.4682],[-3.9943,40.4682],[-3.9943,40.4682],[-3.9943,40.4682],[-3.9943,40.4682],[-3.9943,40.4681],[-3.9943,40.4681],[-3.9943,40.4681],[-3.9942,40.4681],[-3.9942,40.4681],[-3.9942,40.4681],[-3.9942,40.4682],[-3.9942,40.4682],[-3.9942,40.4682],[-3.9942,40.4682],[-3.9941,40.4682],[-3.9941,40.4682],[-3.9941,40.4682],[-3.9941,40.4682],[-3.9941,40.4682],[-3.994,40.4682],[-3.994,40.4682],[-3.994,40.4682],[-3.994,40.4682],[-3.994,40.4681],[-3.9939,40.4681],[-3.9939,40.4681],[-3.9939,40.4681],[-3.9939,40.4681],[-3.9939,40.4681],[-3.9939,40.4681],[-3.9939,40.468],[-3.9939,40.468],[-3.9939,40.468],[-3.9939,40.468],[-3.9939,40.468],[-3.9939,40.468],[-3.9939,40.468],[-3.9939,40.4679],[-3.9939,40.4679],[-3.9939,40.4679],[-3.994,40.4679],[-3.994,40.4679],[-3.994,40.4679],[-3.994,40.4679],[-3.994,40.4678],[-3.9939,40.4678],[-3.9939,40.4678],[-3.9939,40.4678],[-3.9939,40.4678],[-3.9939,40.4678],[-3.9939,40.4678],[-3.9939,40.4678],[-3.9939,40.4677],[-3.9939,40.4677],[-3.9939,40.4677],[-3.9939,40.4677],[-3.9939,40.4677],[-3.9939,40.4677],[-3.9939,40.4677],[-3.9939,40.4677],[-3.9939,40.4676],[-3.994,40.4676],[-3.994,40.4676],[-3.994,40.4676],[-3.994,40.4676],[-3.994,40.4676],[-3.994,40.4676],[-3.994,40.4676],[-3.994,40.4676],[-3.9939,40.4676],[-3.9939,40.4676],[-3.9939,40.4676],[-3.9939,40.4676],[-3.9939,40.4676],[-3.9938,40.4676],[-3.9938,40.4676],[-3.9938,40.4676],[-3.9938,40.4676],[-3.9938,40.4676],[-3.9937,40.4676],[-3.9937,40.4676],[-3.9937,40.4676],[-3.9937,40.4676],[-3.9937,40.4676],[-3.9936,40.4676],[-3.9936,40.4676],[-3.9936,40.4676],[-3.9936,40.4676],[-3.9936,40.4676],[-3.9936,40.4676],[-3.9935,40.4676],[-3.9935,40.4676],[-3.9935,40.4676],[-3.9935,40.4675],[-3.9935,40.4675],[-3.9934,40.4675],[-3.9934,40.4675],[-3.9934,40.4675],[-3.9934,40.4675],[-3.9934,40.4675],[-3.9934,40.4674],[-3.9934,40.4674],[-3.9934,40.4674],[-3.9934,40.4674],[-3.9934,40.4674],[-3.9934,40.4674],[-3.9934,40.4674],[-3.9934,40.4674],[-3.9934,40.4674],[-3.9934,40.4673],[-3.9934,40.4673],[-3.9934,40.4673],[-3.9934,40.4673],[-3.9934,40.4673],[-3.9934,40.4673],[-3.9934,40.4673],[-3.9933,40.4673],[-3.9933,40.4672],[-3.9933,40.4672],[-3.9933,40.4672],[-3.9933,40.4672],[-3.9933,40.4672],[-3.9933,40.4672],[-3.9933,40.4672],[-3.9933,40.4672],[-3.9932,40.4671],[-3.9932,40.4671],[-3.9932,40.4671],[-3.9932,40.4671],[-3.9932,40.4671],[-3.9932,40.4671],[-3.9932,40.4671],[-3.9931,40.4671],[-3.9931,40.4671],[-3.9931,40.467],[-3.9931,40.467],[-3.9931,40.467],[-3.9931,40.467],[-3.9931,40.467],[-3.993,40.4671],[-3.993,40.4671],[-3.993,40.4671],[-3.993,40.4671],[-3.993,40.4671],[-3.993,40.4671],[-3.9929,40.467],[-3.9929,40.467],[-3.9929,40.467],[-3.9929,40.467],[-3.9929,40.467],[-3.9929,40.467],[-3.9928,40.467],[-3.9928,40.467],[-3.9928,40.467],[-3.9928,40.467],[-3.9928,40.467],[-3.9927,40.467],[-3.9927,40.467],[-3.9927,40.467],[-3.9927,40.467],[-3.9927,40.467],[-3.9927,40.467],[-3.9926,40.467],[-3.9926,40.467],[-3.9926,40.467],[-3.9926,40.467],[-3.9926,40.4669],[-3.9926,40.4669],[-3.9925,40.4669],[-3.9925,40.4669],[-3.9925,40.4669],[-3.9925,40.4669],[-3.9925,40.4669],[-3.9925,40.4669],[-3.9924,40.4669],[-3.9924,40.4669],[-3.9924,40.4669],[-3.9924,40.4669],[-3.9924,40.4669],[-3.9924,40.4669],[-3.9923,40.4669],[-3.9923,40.4669],[-3.9923,40.4668],[-3.9923,40.4668],[-3.9923,40.4668],[-3.9923,40.4668],[-3.9922,40.4668],[-3.9922,40.4668],[-3.9922,40.4668],[-3.9922,40.4668],[-3.9922,40.4668],[-3.9921,40.4668],[-3.9921,40.4668],[-3.9921,40.4668],[-3.9921,40.4668],[-3.9921,40.4668],[-3.9921,40.4667],[-3.9921,40.4667],[-3.9921,40.4667],[-3.9921,40.4667],[-3.992,40.4667],[-3.992,40.4667],[-3.992,40.4667],[-3.992,40.4667],[-3.992,40.4667],[-3.992,40.4667],[-3.9919,40.4667],[-3.9919,40.4666],[-3.9919,40.4666],[-3.9919,40.4666],[-3.9919,40.4666],[-3.9919,40.4666],[-3.9919,40.4666],[-3.9919,40.4666],[-3.9919,40.4666],[-3.9918,40.4666],[-3.9918,40.4666],[-3.9918,40.4666],[-3.9918,40.4666],[-3.9918,40.4666],[-3.9918,40.4665],[-3.9918,40.4665],[-3.9918,40.4665],[-3.9918,40.4665],[-3.9917,40.4665],[-3.9917,40.4665],[-3.9917,40.4665],[-3.9917,40.4665],[-3.9917,40.4665],[-3.9917,40.4665],[-3.9916,40.4665],[-3.9916,40.4665],[-3.9916,40.4665],[-3.9916,40.4665],[-3.9915,40.4665],[-3.9915,40.4665],[-3.9915,40.4665],[-3.9915,40.4665],[-3.9915,40.4664],[-3.9915,40.4664],[-3.9915,40.4664],[-3.9915,40.4664],[-3.9914,40.4664],[-3.9914,40.4664],[-3.9914,40.4664],[-3.9914,40.4664],[-3.9914,40.4663],[-3.9914,40.4663],[-3.9913,40.4663],[-3.9913,40.4663],[-3.9913,40.4663],[-3.9913,40.4663],[-3.9913,40.4663],[-3.9913,40.4663],[-3.9912,40.4663],[-3.9912,40.4663],[-3.9912,40.4663],[-3.9912,40.4663],[-3.9912,40.4663],[-3.9912,40.4662],[-3.9911,40.4662],[-3.9911,40.4662],[-3.9911,40.4662],[-3.9911,40.4662],[-3.9911,40.4662],[-3.9911,40.4662],[-3.9911,40.4662],[-3.991,40.4662],[-3.991,40.4662],[-3.991,40.4662],[-3.991,40.4662],[-3.991,40.4662],[-3.9898,40.4652],[-3.9884,40.464],[-3.9884,40.464],[-3.9883,40.4639],[-3.9883,40.4639],[-3.9883,40.4637],[-3.9882,40.4636],[-3.9882,40.4635],[-3.9881,40.4634],[-3.9881,40.4634],[-3.9879,40.4634],[-3.9878,40.4633],[-3.9877,40.4633],[-3.9876,40.4633],[-3.9874,40.4633],[-3.9872,40.4632],[-3.987,40.4631],[-3.9869,40.4631],[-3.9869,40.4631],[-3.9868,40.463],[-3.9868,40.463],[-3.9866,40.4629],[-3.9865,40.4628],[-3.9865,40.4628],[-3.9864,40.4628],[-3.9863,40.4629],[-3.9861,40.463],[-3.9859,40.4631],[-3.9857,40.4633],[-3.9856,40.4634],[-3.9854,40.4635],[-3.9854,40.4636],[-3.9853,40.4636],[-3.9852,40.4635],[-3.9852,40.4635],[-3.9851,40.4636],[-3.985,40.4636],[-3.9849,40.4637],[-3.9847,40.4638],[-3.9846,40.4639],[-3.9846,40.4639],[-3.9848,40.464],[-3.985,40.4641],[-3.9851,40.4642],[-3.9851,40.4645],[-3.9853,40.4648],[-3.9853,40.4649],[-3.9854,40.4651],[-3.9855,40.4654],[-3.9855,40.4656],[-3.9856,40.4659],[-3.9858,40.466],[-3.9861,40.4662],[-3.9865,40.4664],[-3.9867,40.4665],[-3.9871,40.4667],[-3.9873,40.4668],[-3.9876,40.4669],[-3.9878,40.467],[-3.988,40.4671],[-3.988,40.4672],[-3.9882,40.4674],[-3.9883,40.4676],[-3.9886,40.468],[-3.9888,40.4682],[-3.989,40.4684],[-3.9892,40.4686],[-3.9894,40.4689],[-3.9897,40.469],[-3.9899,40.469],[-3.9901,40.4691],[-3.9903,40.4692],[-3.9904,40.4693],[-3.9906,40.4695],[-3.9907,40.4697],[-3.9908,40.47],[-3.991,40.4703],[-3.9911,40.4705],[-3.9913,40.4708],[-3.9914,40.4709],[-3.9915,40.4712],[-3.9917,40.4714],[-3.9919,40.4715],[-3.9921,40.4716],[-3.9921,40.4716],[-3.9923,40.4717],[-3.9926,40.4717],[-3.9929,40.4719],[-3.993,40.472],[-3.9931,40.4722],[-3.9933,40.4725],[-3.9933,40.4728],[-3.9933,40.4731],[-3.9934,40.4733],[-3.9934,40.4737],[-3.9933,40.4739],[-3.9933,40.4741],[-3.9932,40.4744],[-3.9931,40.4746],[-3.993,40.4748],[-3.993,40.4749],[-3.993,40.4751],[-3.9931,40.4751],[-3.9933,40.4752],[-3.9935,40.4753],[-3.9938,40.4754],[-3.9943,40.4756],[-3.9946,40.4758],[-3.9949,40.4759],[-3.9951,40.4762],[-3.9952,40.4764],[-3.9954,40.4766],[-3.9955,40.477],[-3.9955,40.4773],[-3.9956,40.4776],[-3.9956,40.4777],[-3.9957,40.478],[-3.9959,40.4782],[-3.9961,40.4783],[-3.9963,40.4784],[-3.9965,40.4785],[-3.9967,40.4786],[-3.997,40.4786],[-3.9972,40.4787],[-3.9974,40.4787],[-3.9977,40.4788],[-3.9979,40.479],[-3.9981,40.4791],[-3.9982,40.4791],[-3.9983,40.4791],[-3.9985,40.4791],[-3.9986,40.4791],[-3.9989,40.4793],[-3.999,40.4794],[-3.999,40.4795],[-3.999,40.4797],[-3.9991,40.4797],[-3.9992,40.4798],[-3.9993,40.4798],[-3.9994,40.4798],[-3.9995,40.4799],[-3.9995,40.4799],[-3.9995,40.48],[-3.9994,40.4801],[-3.9994,40.4803],[-3.9995,40.4804],[-3.9998,40.4805],[-3.9999,40.4807],[-4.0001,40.4809],[-4.0001,40.4811],[-4.0002,40.4813],[-4.0004,40.4816],[-4.0004,40.4818],[-4.0004,40.4821],[-4.0004,40.4824],[-4.0005,40.4826],[-4.0005,40.4829],[-4.0005,40.4832],[-4.0006,40.4834],[-4.0006,40.4837],[-4.0006,40.4839],[-4.0006,40.484],[-4.0005,40.4842],[-4.0006,40.4844],[-4.0008,40.4845],[-4.0009,40.4846],[-4.0011,40.4846],[-4.0013,40.4847],[-4.0013,40.4848],[-4.0013,40.485],[-4.0014,40.4851],[-4.0015,40.4852],[-4.0017,40.4852],[-4.0019,40.4852],[-4.0021,40.4854],[-4.0022,40.4857],[-4.0023,40.4858],[-4.0025,40.4859],[-4.0027,40.486],[-4.0029,40.486],[-4.0031,40.4861],[-4.0034,40.4863],[-4.0036,40.4864],[-4.0039,40.4864],[-4.0042,40.4864],[-4.0045,40.4864],[-4.0048,40.4864],[-4.0051,40.4864],[-4.0054,40.4864],[-4.0057,40.4865],[-4.0061,40.4865],[-4.0063,40.4865],[-4.0064,40.4866]]],[[[-3.97,40.5136],[-3.9703,40.5137],[-3.9706,40.5138],[-3.9709,40.5138],[-3.9711,40.5139],[-3.9713,40.514],[-3.9715,40.5142],[-3.9716,40.5143],[-3.9717,40.5145],[-3.9719,40.5147],[-3.972,40.5149],[-3.9722,40.5151],[-3.9723,40.5153],[-3.9724,40.5155],[-3.9726,40.5158],[-3.9728,40.5161],[-3.973,40.5163],[-3.9731,40.5165],[-3.9734,40.5167],[-3.9737,40.5168],[-3.9739,40.5168],[-3.9743,40.517],[-3.9746,40.517],[-3.9749,40.5172],[-3.9754,40.5174],[-3.9756,40.5175],[-3.9758,40.5176],[-3.9761,40.5177],[-3.9763,40.5177],[-3.9766,40.5178],[-3.9767,40.5179],[-3.9767,40.5178],[-3.9766,40.5174],[-3.9766,40.5174],[-3.9765,40.5169],[-3.9763,40.5164],[-3.9761,40.5159],[-3.9757,40.5145],[-3.9754,40.5137],[-3.9754,40.5137],[-3.9753,40.5134],[-3.9752,40.5132],[-3.9751,40.5128],[-3.9749,40.5125],[-3.9748,40.5124],[-3.9747,40.5123],[-3.9745,40.5121],[-3.974,40.5115],[-3.974,40.5115],[-3.9737,40.5112],[-3.9734,40.5109],[-3.9731,40.5106],[-3.9729,40.5104],[-3.9725,40.5097],[-3.9721,40.5092],[-3.9718,40.5087],[-3.9717,40.5086],[-3.9711,40.5072],[-3.9663,40.5052],[-3.9628,40.5037],[-3.9609,40.5029],[-3.9599,40.5025],[-3.9576,40.5015],[-3.9557,40.5007],[-3.9543,40.5002],[-3.9522,40.4993],[-3.9522,40.4994],[-3.9522,40.4994],[-3.9521,40.4994],[-3.9519,40.4995],[-3.9516,40.4996],[-3.9514,40.4996],[-3.9511,40.4997],[-3.9508,40.4998],[-3.9505,40.4998],[-3.9502,40.4999],[-3.95,40.5],[-3.9498,40.5001],[-3.9497,40.5002],[-3.9494,40.5003],[-3.9492,40.5004],[-3.9491,40.5005],[-3.9491,40.5006],[-3.9492,40.5007],[-3.9494,40.5008],[-3.9495,40.5009],[-3.9496,40.501],[-3.9497,40.5011],[-3.9498,40.5012],[-3.9499,40.5014],[-3.95,40.5016],[-3.9501,40.5018],[-3.9502,40.5019],[-3.9503,40.502],[-3.9505,40.5021],[-3.9506,40.5022],[-3.9507,40.5023],[-3.9508,40.5024],[-3.9509,40.5024],[-3.9511,40.5025],[-3.9512,40.5025],[-3.9514,40.5025],[-3.9516,40.5025],[-3.9517,40.5026],[-3.9521,40.5027],[-3.9522,40.5027],[-3.9525,40.5028],[-3.9526,40.5028],[-3.953,40.5028],[-3.9533,40.5029],[-3.9534,40.5029],[-3.9536,40.503],[-3.9535,40.5031],[-3.9534,40.5032],[-3.9532,40.5032],[-3.9531,40.5032],[-3.9529,40.5032],[-3.9528,40.5033],[-3.9528,40.5034],[-3.9529,40.5035],[-3.9529,40.5037],[-3.953,40.5039],[-3.953,40.5041],[-3.953,40.5043],[-3.9531,40.5045],[-3.953,40.5047],[-3.953,40.5048],[-3.953,40.5048],[-3.9531,40.5049],[-3.9533,40.505],[-3.953,40.505],[-3.953,40.505],[-3.9529,40.5051],[-3.9528,40.5052],[-3.9528,40.5052],[-3.9528,40.5054],[-3.9529,40.5054],[-3.9531,40.5054],[-3.9534,40.5055],[-3.9538,40.5055],[-3.9542,40.5054],[-3.9541,40.5055],[-3.9541,40.5057],[-3.9539,40.5058],[-3.9539,40.506],[-3.9538,40.5061],[-3.9536,40.5063],[-3.9536,40.5064],[-3.9537,40.5065],[-3.9539,40.5067],[-3.9539,40.5068],[-3.9541,40.507],[-3.9542,40.5071],[-3.9542,40.5073],[-3.9543,40.5075],[-3.9544,40.5077],[-3.9545,40.5077],[-3.9548,40.5077],[-3.9549,40.5077],[-3.9553,40.5078],[-3.9556,40.5078],[-3.956,40.5078],[-3.9563,40.5078],[-3.9568,40.5078],[-3.9571,40.5079],[-3.9575,40.508],[-3.9577,40.5081],[-3.9577,40.5081],[-3.9576,40.5082],[-3.9574,40.5082],[-3.9573,40.5083],[-3.9571,40.5083],[-3.9569,40.5083],[-3.9567,40.5083],[-3.9566,40.5084],[-3.9565,40.5085],[-3.9565,40.5086],[-3.9563,40.5087],[-3.9562,40.5088],[-3.9563,40.5089],[-3.9564,40.5091],[-3.9564,40.5091],[-3.9564,40.5091],[-3.9566,40.5092],[-3.9567,40.5094],[-3.9568,40.5096],[-3.9569,40.5098],[-3.957,40.51],[-3.9572,40.5102],[-3.9574,40.5104],[-3.9575,40.5104],[-3.9577,40.5104],[-3.9579,40.5103],[-3.9581,40.5102],[-3.9582,40.5102],[-3.9585,40.5103],[-3.9588,40.5104],[-3.959,40.5104],[-3.9593,40.5103],[-3.9595,40.5102],[-3.9598,40.5102],[-3.9601,40.5103],[-3.9603,40.5103],[-3.9604,40.5104],[-3.9606,40.5105],[-3.9608,40.5105],[-3.961,40.5105],[-3.9611,40.5105],[-3.9612,40.5106],[-3.9615,40.5105],[-3.9617,40.5105],[-3.9619,40.5106],[-3.9621,40.5106],[-3.9623,40.5106],[-3.9624,40.5105],[-3.9625,40.5104],[-3.9627,40.5103],[-3.9627,40.5104],[-3.9627,40.5105],[-3.9626,40.5106],[-3.9625,40.5107],[-3.9624,40.5109],[-3.9623,40.511],[-3.9623,40.5111],[-3.9623,40.5112],[-3.9624,40.5112],[-3.9626,40.5112],[-3.9627,40.5112],[-3.9628,40.5113],[-3.9628,40.5114],[-3.9628,40.5114],[-3.9629,40.5115],[-3.9631,40.5115],[-3.9632,40.5116],[-3.9633,40.5117],[-3.9634,40.5118],[-3.9637,40.5119],[-3.9638,40.512],[-3.9641,40.512],[-3.9643,40.512],[-3.9646,40.512],[-3.9644,40.5121],[-3.9643,40.5122],[-3.9642,40.5122],[-3.9642,40.5123],[-3.9642,40.5123],[-3.9642,40.5124],[-3.9644,40.5126],[-3.9648,40.5129],[-3.965,40.513],[-3.9651,40.5131],[-3.9653,40.513],[-3.9654,40.513],[-3.9655,40.5129],[-3.9657,40.5129],[-3.9658,40.5129],[-3.9659,40.5127],[-3.9661,40.5126],[-3.9662,40.5126],[-3.9665,40.5126],[-3.967,40.5127],[-3.9672,40.5129],[-3.9675,40.513],[-3.9677,40.513],[-3.9679,40.5131],[-3.9681,40.5133],[-3.9682,40.5134],[-3.9685,40.5135],[-3.9688,40.5136],[-3.969,40.5136],[-3.9692,40.5136],[-3.9695,40.5136],[-3.9697,40.5136],[-3.97,40.5136]]],[[[-3.9041,40.2995],[-3.9045,40.2995],[-3.905,40.2995],[-3.9055,40.2996],[-3.906,40.2996],[-3.9066,40.2995],[-3.9072,40.2995],[-3.9077,40.2994],[-3.9077,40.2994],[-3.908,40.2993],[-3.9082,40.2993],[-3.9084,40.2992],[-3.9085,40.2992],[-3.9087,40.2993],[-3.9089,40.2993],[-3.909,40.2994],[-3.9092,40.2994],[-3.9093,40.2993],[-3.9108,40.2987],[-3.913,40.2976],[-3.9151,40.2966],[-3.9148,40.2964],[-3.9144,40.2962],[-3.9143,40.2962],[-3.9142,40.296],[-3.9141,40.2958],[-3.914,40.2956],[-3.9139,40.2955],[-3.9139,40.2955],[-3.914,40.2953],[-3.9141,40.2951],[-3.9143,40.295],[-3.9144,40.2948],[-3.9146,40.2947],[-3.9148,40.2947],[-3.9149,40.2948],[-3.9151,40.295],[-3.9152,40.2952],[-3.9154,40.2953],[-3.9154,40.2954],[-3.9156,40.2955],[-3.9157,40.2957],[-3.9157,40.2955],[-3.9158,40.2952],[-3.9158,40.2949],[-3.9158,40.2946],[-3.9159,40.2943],[-3.9159,40.2941],[-3.9159,40.2938],[-3.9159,40.2936],[-3.9159,40.2934],[-3.9158,40.2931],[-3.9158,40.293],[-3.9158,40.293],[-3.9157,40.293],[-3.9156,40.2931],[-3.9155,40.2932],[-3.9153,40.2933],[-3.9152,40.2934],[-3.9149,40.2935],[-3.9146,40.2937],[-3.9146,40.2937],[-3.9143,40.2939],[-3.9141,40.294],[-3.9139,40.2941],[-3.9138,40.2942],[-3.9138,40.2942],[-3.9137,40.2943],[-3.9136,40.2944],[-3.9135,40.2945],[-3.9134,40.2946],[-3.9133,40.2947],[-3.9132,40.2948],[-3.9131,40.2948],[-3.9131,40.2948],[-3.9131,40.2948],[-3.913,40.2948],[-3.9129,40.2948],[-3.9129,40.2948],[-3.9127,40.2948],[-3.9125,40.2949],[-3.9124,40.2949],[-3.9124,40.2949],[-3.9122,40.2949],[-3.9122,40.2949],[-3.9121,40.2949],[-3.912,40.295],[-3.9118,40.295],[-3.9117,40.2951],[-3.9115,40.2951],[-3.9114,40.2951],[-3.9113,40.2951],[-3.9111,40.295],[-3.911,40.295],[-3.9107,40.295],[-3.9107,40.2949],[-3.9103,40.2949],[-3.9101,40.2948],[-3.91,40.2948],[-3.9098,40.2948],[-3.9096,40.2947],[-3.9095,40.2946],[-3.9094,40.2946],[-3.9092,40.2945],[-3.909,40.2943],[-3.9089,40.2943],[-3.9088,40.2942],[-3.9087,40.2941],[-3.9086,40.294],[-3.9085,40.294],[-3.9085,40.2939],[-3.9083,40.2937],[-3.9082,40.2936],[-3.908,40.2934],[-3.908,40.2933],[-3.9079,40.2932],[-3.9079,40.2932],[-3.9079,40.2931],[-3.9079,40.2931],[-3.9079,40.2931],[-3.9079,40.293],[-3.9078,40.2929],[-3.9078,40.2929],[-3.9078,40.2929],[-3.9077,40.2928],[-3.9077,40.2927],[-3.9077,40.2927],[-3.9076,40.2927],[-3.9076,40.2926],[-3.9075,40.2925],[-3.9075,40.2925],[-3.9074,40.2924],[-3.9073,40.2922],[-3.9072,40.2921],[-3.9071,40.292],[-3.907,40.2919],[-3.9069,40.2919],[-3.9069,40.2919],[-3.9068,40.2919],[-3.9068,40.2919],[-3.9067,40.2919],[-3.9067,40.2919],[-3.9066,40.2919],[-3.9066,40.2919],[-3.9066,40.2919],[-3.9066,40.2918],[-3.9065,40.2918],[-3.9065,40.2916],[-3.9064,40.2915],[-3.9064,40.2914],[-3.9064,40.2913],[-3.9064,40.2912],[-3.9064,40.2911],[-3.9064,40.2911],[-3.9064,40.291],[-3.9064,40.2909],[-3.9064,40.2909],[-3.9065,40.2908],[-3.9065,40.2907],[-3.9065,40.2906],[-3.9064,40.2906],[-3.9064,40.2905],[-3.9064,40.2904],[-3.9064,40.2901],[-3.9064,40.2898],[-3.9065,40.2897],[-3.9065,40.2897],[-3.9065,40.2897],[-3.9066,40.2896],[-3.9066,40.2895],[-3.9066,40.2894],[-3.9066,40.2894],[-3.9067,40.2893],[-3.9067,40.2892],[-3.9068,40.2892],[-3.9068,40.2891],[-3.9069,40.2891],[-3.9069,40.2891],[-3.9069,40.289],[-3.907,40.289],[-3.907,40.2889],[-3.907,40.2888],[-3.907,40.2883],[-3.907,40.2881],[-3.907,40.288],[-3.907,40.2878],[-3.9069,40.2877],[-3.9069,40.2874],[-3.9069,40.2874],[-3.9068,40.2872],[-3.9068,40.2871],[-3.9067,40.287],[-3.9067,40.287],[-3.9067,40.2869],[-3.9067,40.2867],[-3.9066,40.2865],[-3.9066,40.2863],[-3.9065,40.2862],[-3.9065,40.2861],[-3.9065,40.286],[-3.9065,40.2857],[-3.9065,40.2857],[-3.9065,40.2855],[-3.9065,40.2853],[-3.9065,40.2851],[-3.9065,40.285],[-3.9066,40.2848],[-3.9066,40.2844],[-3.9065,40.284],[-3.9065,40.2836],[-3.9064,40.2831],[-3.9064,40.2829],[-3.9063,40.2829],[-3.906,40.2829],[-3.9058,40.283],[-3.9057,40.283],[-3.9055,40.2831],[-3.9054,40.2832],[-3.9053,40.2833],[-3.9053,40.2834],[-3.9054,40.2835],[-3.9056,40.2836],[-3.9058,40.2838],[-3.9059,40.2839],[-3.906,40.284],[-3.9061,40.2841],[-3.9061,40.2842],[-3.906,40.2843],[-3.9059,40.2844],[-3.9058,40.2844],[-3.9057,40.2843],[-3.9055,40.2842],[-3.9054,40.284],[-3.9052,40.2839],[-3.9051,40.2838],[-3.905,40.2839],[-3.9049,40.2841],[-3.9048,40.2842],[-3.9047,40.2843],[-3.9046,40.2844],[-3.9045,40.2846],[-3.9044,40.2847],[-3.9045,40.2848],[-3.9047,40.2849],[-3.9049,40.285],[-3.905,40.285],[-3.9052,40.2851],[-3.9054,40.2852],[-3.9055,40.2853],[-3.9055,40.2854],[-3.9054,40.2854],[-3.9053,40.2855],[-3.9051,40.2855],[-3.905,40.2854],[-3.9048,40.2854],[-3.9048,40.2854],[-3.9048,40.2855],[-3.9048,40.2856],[-3.9049,40.2856],[-3.9049,40.2857],[-3.9048,40.2857],[-3.9046,40.2856],[-3.9045,40.2855],[-3.9044,40.2854],[-3.9042,40.2853],[-3.904,40.2853],[-3.9039,40.2853],[-3.9038,40.2853],[-3.9038,40.2854],[-3.9039,40.2855],[-3.9039,40.2856],[-3.9039,40.2857],[-3.9039,40.2858],[-3.9039,40.286],[-3.9037,40.2859],[-3.9036,40.2858],[-3.9035,40.2858],[-3.9034,40.286],[-3.9033,40.2861],[-3.9033,40.2863],[-3.9032,40.2864],[-3.9031,40.2865],[-3.9031,40.2867],[-3.9031,40.2868],[-3.9032,40.2869],[-3.9033,40.287],[-3.9034,40.2871],[-3.9032,40.2872],[-3.9029,40.2873],[-3.9029,40.2871],[-3.9029,40.2871],[-3.9029,40.2869],[-3.9028,40.2869],[-3.9026,40.2866],[-3.9025,40.2865],[-3.9023,40.2863],[-3.9022,40.2862],[-3.9021,40.286],[-3.902,40.2858],[-3.9019,40.2857],[-3.9019,40.2856],[-3.9018,40.2855],[-3.9018,40.2854],[-3.9016,40.2854],[-3.9014,40.2855],[-3.9013,40.2856],[-3.9012,40.2855],[-3.9011,40.2853],[-3.901,40.2852],[-3.9009,40.285],[-3.9008,40.2849],[-3.9008,40.2847],[-3.9007,40.2846],[-3.9007,40.2844],[-3.9006,40.2845],[-3.9004,40.2845],[-3.9003,40.2846],[-3.9002,40.2846],[-3.9001,40.2847],[-3.9,40.2848],[-3.8999,40.2849],[-3.8997,40.285],[-3.8995,40.285],[-3.8993,40.2851],[-3.8991,40.2852],[-3.899,40.2852],[-3.8988,40.2852],[-3.8986,40.2852],[-3.8984,40.2852],[-3.8981,40.2853],[-3.898,40.2853],[-3.8978,40.2853],[-3.8978,40.2853],[-3.8978,40.2853],[-3.8978,40.2855],[-3.8978,40.2857],[-3.8979,40.2858],[-3.8981,40.2859],[-3.8982,40.286],[-3.8982,40.2861],[-3.8983,40.2862],[-3.8983,40.2863],[-3.8982,40.2865],[-3.8982,40.2867],[-3.8982,40.2868],[-3.8983,40.2869],[-3.8984,40.287],[-3.8984,40.287],[-3.8986,40.287],[-3.8988,40.287],[-3.8988,40.2874],[-3.8988,40.2877],[-3.8989,40.2879],[-3.899,40.288],[-3.899,40.2882],[-3.8991,40.2884],[-3.8991,40.2885],[-3.8992,40.2887],[-3.8995,40.2889],[-3.8995,40.289],[-3.8994,40.2892],[-3.8994,40.2894],[-3.8995,40.2895],[-3.8996,40.2896],[-3.8998,40.2896],[-3.8999,40.2897],[-3.9001,40.2898],[-3.9001,40.2899],[-3.8999,40.2901],[-3.8998,40.2902],[-3.8996,40.2904],[-3.8995,40.2904],[-3.8993,40.2904],[-3.8992,40.2905],[-3.8991,40.2905],[-3.8988,40.2905],[-3.8987,40.2906],[-3.8985,40.2907],[-3.8983,40.2908],[-3.8982,40.291],[-3.8981,40.2912],[-3.898,40.2915],[-3.8972,40.2902],[-3.8973,40.2901],[-3.8974,40.29],[-3.8975,40.2899],[-3.8974,40.2898],[-3.8974,40.2897],[-3.8973,40.2897],[-3.8973,40.2897],[-3.8971,40.2898],[-3.8969,40.29],[-3.8968,40.2901],[-3.8967,40.2902],[-3.8967,40.2903],[-3.8966,40.2905],[-3.8965,40.2909],[-3.8965,40.291],[-3.8967,40.2912],[-3.8969,40.2915],[-3.897,40.2916],[-3.897,40.2918],[-3.8971,40.292],[-3.8971,40.292],[-3.8972,40.2922],[-3.8972,40.2923],[-3.8972,40.2927],[-3.8973,40.293],[-3.8973,40.2931],[-3.8974,40.2932],[-3.8976,40.2936],[-3.8978,40.294],[-3.898,40.2945],[-3.8983,40.2951],[-3.8986,40.2955],[-3.899,40.2962],[-3.8994,40.2968],[-3.9006,40.2986],[-3.9008,40.2986],[-3.901,40.2987],[-3.9012,40.2987],[-3.9016,40.2988],[-3.9025,40.2991],[-3.9034,40.2993],[-3.9041,40.2995]]],[[[-3.9222,40.4194],[-3.9223,40.4194],[-3.9224,40.4197],[-3.9224,40.4197],[-3.9227,40.4195],[-3.9229,40.4194],[-3.923,40.4193],[-3.9231,40.4192],[-3.9233,40.4192],[-3.9234,40.4192],[-3.9236,40.4191],[-3.9238,40.419],[-3.9239,40.419],[-3.924,40.4189],[-3.9242,40.4188],[-3.9244,40.4188],[-3.9245,40.4188],[-3.9247,40.4187],[-3.9249,40.4187],[-3.9252,40.4187],[-3.9254,40.4187],[-3.9256,40.4187],[-3.9258,40.4187],[-3.926,40.4187],[-3.9262,40.4187],[-3.9264,40.4187],[-3.9266,40.4187],[-3.9268,40.4187],[-3.9269,40.4186],[-3.927,40.4185],[-3.9272,40.4184],[-3.9274,40.4183],[-3.9276,40.4183],[-3.9278,40.4183],[-3.928,40.4183],[-3.9281,40.4183],[-3.9282,40.4183],[-3.9283,40.4184],[-3.9284,40.4184],[-3.9286,40.4184],[-3.9287,40.4184],[-3.9289,40.4184],[-3.9291,40.4185],[-3.9292,40.4185],[-3.9293,40.4186],[-3.9294,40.4187],[-3.9294,40.4188],[-3.9295,40.4189],[-3.9296,40.4189],[-3.9296,40.4189],[-3.9296,40.4189],[-3.9297,40.4189],[-3.9297,40.4189],[-3.9298,40.4189],[-3.9299,40.4188],[-3.9302,40.4187],[-3.9305,40.4185],[-3.9306,40.4184],[-3.9308,40.4182],[-3.9311,40.4181],[-3.9313,40.418],[-3.9315,40.4179],[-3.9316,40.4179],[-3.9319,40.4177],[-3.9322,40.4176],[-3.9324,40.4175],[-3.9327,40.4174],[-3.9327,40.4174],[-3.9329,40.4173],[-3.9331,40.4172],[-3.9333,40.4171],[-3.9336,40.417],[-3.9338,40.417],[-3.934,40.4169],[-3.9343,40.4169],[-3.9346,40.4168],[-3.9348,40.4168],[-3.9351,40.4167],[-3.9353,40.4166],[-3.9354,40.4164],[-3.9357,40.4162],[-3.936,40.416],[-3.9363,40.4157],[-3.9366,40.4155],[-3.9366,40.4155],[-3.9369,40.4152],[-3.9371,40.4151],[-3.9372,40.4149],[-3.9369,40.4147],[-3.9369,40.4146],[-3.9364,40.4145],[-3.9355,40.4141],[-3.9341,40.4136],[-3.9329,40.4132],[-3.9318,40.4129],[-3.931,40.4126],[-3.9303,40.4124],[-3.9299,40.4123],[-3.9295,40.4122],[-3.9293,40.4121],[-3.9292,40.412],[-3.9288,40.4117],[-3.9285,40.4115],[-3.9281,40.4112],[-3.9278,40.411],[-3.9275,40.4108],[-3.9273,40.4106],[-3.9272,40.4105],[-3.9271,40.4102],[-3.927,40.41],[-3.9268,40.4098],[-3.9265,40.4097],[-3.9262,40.4095],[-3.9257,40.4094],[-3.9253,40.4092],[-3.9249,40.409],[-3.9246,40.4088],[-3.9243,40.4086],[-3.924,40.4084],[-3.9238,40.4082],[-3.9235,40.408],[-3.9233,40.408],[-3.923,40.4079],[-3.9228,40.4078],[-3.9227,40.4076],[-3.9226,40.4076],[-3.9225,40.4075],[-3.9224,40.4074],[-3.9222,40.4074],[-3.922,40.4073],[-3.9218,40.4072],[-3.9216,40.4071],[-3.9214,40.407],[-3.9212,40.4069],[-3.9211,40.4069],[-3.921,40.4069],[-3.9208,40.4069],[-3.9205,40.4069],[-3.9202,40.4069],[-3.9197,40.4068],[-3.9193,40.4068],[-3.919,40.4068],[-3.9186,40.4068],[-3.9182,40.4068],[-3.9178,40.4068],[-3.9175,40.4068],[-3.9172,40.4068],[-3.9169,40.4068],[-3.9167,40.4068],[-3.9165,40.4069],[-3.9163,40.4069],[-3.9161,40.4069],[-3.9159,40.4069],[-3.9158,40.4069],[-3.9158,40.4069],[-3.9155,40.407],[-3.9153,40.407],[-3.9149,40.407],[-3.9146,40.4069],[-3.9142,40.4068],[-3.9139,40.4067],[-3.9136,40.4066],[-3.9132,40.4065],[-3.9123,40.4064],[-3.9125,40.4065],[-3.9128,40.4067],[-3.9132,40.407],[-3.9138,40.4076],[-3.9141,40.4079],[-3.9147,40.4084],[-3.9149,40.4087],[-3.9152,40.4089],[-3.9158,40.4092],[-3.9162,40.4095],[-3.9164,40.4097],[-3.9168,40.4101],[-3.9169,40.4102],[-3.9171,40.4104],[-3.9172,40.4105],[-3.9172,40.4107],[-3.9172,40.4109],[-3.9172,40.411],[-3.9172,40.4111],[-3.9172,40.4112],[-3.9173,40.4113],[-3.9174,40.4113],[-3.9176,40.4114],[-3.9177,40.4115],[-3.9178,40.4115],[-3.9179,40.4116],[-3.9179,40.4117],[-3.918,40.4119],[-3.918,40.412],[-3.918,40.4122],[-3.9181,40.4123],[-3.9182,40.4125],[-3.9184,40.4129],[-3.9185,40.4133],[-3.9186,40.4136],[-3.9187,40.4139],[-3.9193,40.4152],[-3.9194,40.4154],[-3.9202,40.4164],[-3.9208,40.4171],[-3.9213,40.418],[-3.9214,40.4182],[-3.9215,40.4183],[-3.9222,40.4193],[-3.9222,40.4194]]],[[[-3.9426,40.3745],[-3.9427,40.3745],[-3.9428,40.3746],[-3.9429,40.3746],[-3.943,40.3746],[-3.943,40.3744],[-3.9431,40.3742],[-3.9432,40.3741],[-3.9432,40.3739],[-3.9433,40.3738],[-3.9435,40.3736],[-3.9436,40.3733],[-3.9437,40.3731],[-3.9439,40.3728],[-3.9441,40.3725],[-3.9443,40.3722],[-3.9446,40.372],[-3.9447,40.3718],[-3.9448,40.3715],[-3.9449,40.3713],[-3.9449,40.371],[-3.9449,40.3708],[-3.945,40.3706],[-3.9452,40.3705],[-3.9455,40.3702],[-3.9457,40.37],[-3.9459,40.3697],[-3.946,40.3696],[-3.9462,40.3694],[-3.9464,40.3692],[-3.9466,40.369],[-3.9468,40.3689],[-3.947,40.3688],[-3.9472,40.3686],[-3.9473,40.3685],[-3.9474,40.3684],[-3.9476,40.3682],[-3.9477,40.3681],[-3.9479,40.368],[-3.948,40.3679],[-3.948,40.3676],[-3.9479,40.3673],[-3.9477,40.3671],[-3.9476,40.3668],[-3.9474,40.3666],[-3.9473,40.3664],[-3.9471,40.3663],[-3.9468,40.3661],[-3.9467,40.3659],[-3.9466,40.3657],[-3.9465,40.3655],[-3.9464,40.3653],[-3.9463,40.3651],[-3.9463,40.365],[-3.9462,40.3648],[-3.9461,40.3646],[-3.946,40.3643],[-3.9458,40.3642],[-3.9457,40.3641],[-3.9455,40.3639],[-3.9454,40.3637],[-3.9453,40.3636],[-3.9452,40.3634],[-3.9451,40.3633],[-3.9449,40.3632],[-3.9447,40.3632],[-3.9445,40.3631],[-3.9446,40.3629],[-3.9446,40.3629],[-3.9447,40.3628],[-3.9448,40.3626],[-3.9449,40.3624],[-3.9449,40.3622],[-3.9449,40.362],[-3.9449,40.3617],[-3.945,40.3616],[-3.945,40.3613],[-3.9451,40.3611],[-3.945,40.361],[-3.9449,40.3609],[-3.9449,40.3609],[-3.9449,40.3609],[-3.9447,40.3607],[-3.9445,40.3606],[-3.9444,40.3605],[-3.9442,40.3603],[-3.944,40.3601],[-3.9438,40.3601],[-3.9435,40.3601],[-3.9432,40.3601],[-3.9429,40.3601],[-3.9426,40.3601],[-3.9423,40.3601],[-3.942,40.3601],[-3.9417,40.3601],[-3.9415,40.3601],[-3.9413,40.3601],[-3.9411,40.3602],[-3.9408,40.3604],[-3.9407,40.3604],[-3.9406,40.3604],[-3.9405,40.3604],[-3.9404,40.3602],[-3.9404,40.3601],[-3.9403,40.36],[-3.9402,40.3599],[-3.94,40.3599],[-3.9396,40.3598],[-3.9393,40.3598],[-3.9391,40.3598],[-3.9388,40.3599],[-3.9386,40.3599],[-3.9384,40.36],[-3.9382,40.36],[-3.9379,40.3602],[-3.9375,40.3602],[-3.9372,40.3604],[-3.9369,40.3605],[-3.9366,40.3606],[-3.9363,40.3607],[-3.936,40.3608],[-3.9358,40.3608],[-3.9356,40.3607],[-3.9354,40.3606],[-3.9352,40.3605],[-3.935,40.3604],[-3.9348,40.3604],[-3.9346,40.3605],[-3.9342,40.3606],[-3.9339,40.3607],[-3.9336,40.3609],[-3.9333,40.3612],[-3.9331,40.3614],[-3.9327,40.3615],[-3.9326,40.3616],[-3.9323,40.3617],[-3.932,40.3618],[-3.9316,40.3619],[-3.9314,40.3619],[-3.9312,40.3619],[-3.9309,40.3618],[-3.9306,40.3618],[-3.9304,40.3618],[-3.9301,40.3619],[-3.9301,40.3619],[-3.93,40.3619],[-3.9297,40.362],[-3.9295,40.3622],[-3.9294,40.3623],[-3.9291,40.3624],[-3.9289,40.3624],[-3.9287,40.3624],[-3.9286,40.3624],[-3.9285,40.3624],[-3.9283,40.3624],[-3.9281,40.3625],[-3.9279,40.3625],[-3.9278,40.3625],[-3.9276,40.3625],[-3.9273,40.3624],[-3.927,40.3624],[-3.9268,40.3623],[-3.9266,40.3623],[-3.9263,40.3623],[-3.926,40.3623],[-3.9256,40.3624],[-3.9252,40.3625],[-3.9249,40.3626],[-3.9246,40.3627],[-3.9243,40.3628],[-3.9239,40.3629],[-3.9237,40.3629],[-3.9233,40.3631],[-3.9231,40.3632],[-3.9229,40.3633],[-3.9228,40.3634],[-3.9226,40.3636],[-3.9224,40.3638],[-3.9223,40.3639],[-3.9221,40.3641],[-3.9218,40.3643],[-3.9217,40.3644],[-3.9214,40.3645],[-3.9211,40.3646],[-3.9209,40.3647],[-3.9207,40.3648],[-3.9205,40.3649],[-3.9202,40.365],[-3.9199,40.3652],[-3.9197,40.3653],[-3.9197,40.3654],[-3.9197,40.3654],[-3.92,40.3655],[-3.9201,40.3655],[-3.9202,40.3655],[-3.9203,40.3655],[-3.9204,40.3655],[-3.9205,40.3654],[-3.9206,40.3654],[-3.9207,40.3653],[-3.9208,40.3653],[-3.9209,40.3653],[-3.9209,40.3653],[-3.921,40.3653],[-3.9211,40.3653],[-3.9212,40.3653],[-3.9212,40.3654],[-3.9213,40.3654],[-3.9214,40.3654],[-3.9215,40.3655],[-3.9216,40.3655],[-3.9218,40.3655],[-3.9219,40.3655],[-3.9221,40.3654],[-3.9223,40.3653],[-3.9225,40.3652],[-3.9226,40.3651],[-3.9231,40.3649],[-3.9236,40.3646],[-3.924,40.3644],[-3.926,40.3637],[-3.9296,40.3627],[-3.9301,40.3625],[-3.9318,40.3621],[-3.9325,40.3619],[-3.9332,40.3617],[-3.9335,40.3617],[-3.9346,40.3615],[-3.9347,40.3619],[-3.9348,40.3631],[-3.9348,40.3633],[-3.9349,40.3635],[-3.9348,40.3636],[-3.9351,40.3637],[-3.9356,40.3638],[-3.9359,40.3639],[-3.9363,40.364],[-3.9368,40.3641],[-3.9369,40.3641],[-3.937,40.3642],[-3.9372,40.3642],[-3.9375,40.3643],[-3.9376,40.3644],[-3.938,40.3645],[-3.9385,40.3646],[-3.9386,40.3646],[-3.9388,40.3647],[-3.9394,40.3649],[-3.9398,40.365],[-3.9399,40.365],[-3.9401,40.3651],[-3.9401,40.3651],[-3.9402,40.3652],[-3.9402,40.3652],[-3.94,40.3655],[-3.9398,40.3658],[-3.9396,40.366],[-3.9396,40.3661],[-3.9394,40.3663],[-3.9393,40.3664],[-3.9393,40.3665],[-3.9392,40.3666],[-3.9391,40.3667],[-3.939,40.3669],[-3.9388,40.3674],[-3.9387,40.3675],[-3.9384,40.3677],[-3.9384,40.3678],[-3.9384,40.368],[-3.9384,40.368],[-3.9384,40.3682],[-3.938,40.3691],[-3.9376,40.3698],[-3.9374,40.37],[-3.9373,40.3701],[-3.9368,40.371],[-3.9363,40.372],[-3.9361,40.3726],[-3.936,40.3729],[-3.9359,40.3729],[-3.936,40.3729],[-3.9361,40.373],[-3.9362,40.3731],[-3.9364,40.3732],[-3.9365,40.3734],[-3.9366,40.3735],[-3.9366,40.3735],[-3.9367,40.3735],[-3.9367,40.3735],[-3.9368,40.3736],[-3.9369,40.3736],[-3.9369,40.3736],[-3.937,40.3737],[-3.9372,40.3737],[-3.9375,40.3738],[-3.9377,40.3739],[-3.9378,40.3739],[-3.9379,40.3739],[-3.9379,40.3739],[-3.938,40.374],[-3.938,40.374],[-3.9381,40.3741],[-3.9382,40.3742],[-3.9382,40.3742],[-3.9383,40.3743],[-3.9385,40.3743],[-3.9386,40.3743],[-3.9387,40.3743],[-3.9389,40.3744],[-3.9391,40.3744],[-3.9393,40.3744],[-3.9394,40.3744],[-3.9396,40.3744],[-3.9396,40.3744],[-3.9397,40.3744],[-3.9398,40.3745],[-3.94,40.3745],[-3.9401,40.3745],[-3.9402,40.3745],[-3.9403,40.3745],[-3.9404,40.3745],[-3.9406,40.3745],[-3.9407,40.3744],[-3.9408,40.3744],[-3.941,40.3744],[-3.9412,40.3744],[-3.9413,40.3744],[-3.9414,40.3744],[-3.9415,40.3743],[-3.9416,40.3743],[-3.9416,40.3743],[-3.9418,40.3743],[-3.9419,40.3743],[-3.9419,40.3743],[-3.942,40.3743],[-3.942,40.3744],[-3.9421,40.3744],[-3.9422,40.3745],[-3.9422,40.3745],[-3.9423,40.3745],[-3.9423,40.3745],[-3.9424,40.3745],[-3.9424,40.3744],[-3.9425,40.3744],[-3.9426,40.3744],[-3.9426,40.3745]]],[[[-3.9259,40.4976],[-3.926,40.4977],[-3.9262,40.4978],[-3.9263,40.4979],[-3.9265,40.4981],[-3.9266,40.4982],[-3.9268,40.4983],[-3.927,40.4984],[-3.9272,40.4984],[-3.9274,40.4984],[-3.9276,40.4984],[-3.9277,40.4986],[-3.9278,40.4987],[-3.928,40.4988],[-3.9281,40.4989],[-3.9283,40.4988],[-3.9284,40.4987],[-3.9285,40.4986],[-3.9285,40.4984],[-3.9285,40.4983],[-3.9285,40.4982],[-3.9284,40.498],[-3.9283,40.4978],[-3.9281,40.4977],[-3.928,40.4975],[-3.9279,40.4974],[-3.9279,40.4972],[-3.9277,40.4971],[-3.9274,40.497],[-3.9271,40.4968],[-3.9267,40.4966],[-3.9264,40.4964],[-3.9261,40.4963],[-3.9258,40.4962],[-3.9255,40.4961],[-3.9251,40.4959],[-3.9249,40.4958],[-3.9247,40.4957],[-3.9245,40.4956],[-3.9243,40.4954],[-3.9241,40.4954],[-3.924,40.4954],[-3.9239,40.4954],[-3.9239,40.4952],[-3.9238,40.495],[-3.9238,40.4949],[-3.9237,40.4947],[-3.9236,40.4946],[-3.9234,40.4945],[-3.9234,40.4944],[-3.9235,40.4944],[-3.9237,40.4945],[-3.9238,40.4946],[-3.924,40.4947],[-3.9242,40.4949],[-3.9243,40.495],[-3.9245,40.4951],[-3.9246,40.4952],[-3.9247,40.4951],[-3.9248,40.495],[-3.9249,40.495],[-3.925,40.495],[-3.9251,40.495],[-3.9253,40.4951],[-3.9254,40.4952],[-3.9254,40.4953],[-3.9255,40.4954],[-3.9256,40.4956],[-3.9257,40.4956],[-3.9259,40.4957],[-3.926,40.4957],[-3.9262,40.4958],[-3.9263,40.4958],[-3.9266,40.496],[-3.9267,40.496],[-3.9268,40.496],[-3.9269,40.496],[-3.9269,40.4959],[-3.9269,40.4958],[-3.927,40.4957],[-3.927,40.4957],[-3.9272,40.4956],[-3.9274,40.4957],[-3.9275,40.4957],[-3.9276,40.4958],[-3.9276,40.4959],[-3.9277,40.496],[-3.9277,40.4961],[-3.9278,40.4962],[-3.928,40.4964],[-3.9281,40.4964],[-3.9282,40.4964],[-3.9284,40.4964],[-3.9284,40.4964],[-3.9285,40.4965],[-3.9286,40.4966],[-3.9287,40.4968],[-3.9288,40.497],[-3.9289,40.4971],[-3.929,40.4973],[-3.9291,40.4974],[-3.9292,40.4976],[-3.9294,40.4977],[-3.9296,40.4979],[-3.9297,40.4981],[-3.9299,40.4982],[-3.93,40.4983],[-3.9302,40.4984],[-3.9305,40.4985],[-3.9309,40.4986],[-3.9312,40.4986],[-3.9315,40.4987],[-3.9318,40.4987],[-3.932,40.4988],[-3.9322,40.4988],[-3.9323,40.4987],[-3.9326,40.4986],[-3.9326,40.4986],[-3.9326,40.4984],[-3.9325,40.4984],[-3.9324,40.4983],[-3.9323,40.4983],[-3.9325,40.4982],[-3.9326,40.498],[-3.9328,40.4979],[-3.9328,40.4977],[-3.9328,40.4975],[-3.9328,40.4973],[-3.9328,40.4972],[-3.9327,40.4971],[-3.9325,40.497],[-3.9325,40.4969],[-3.9324,40.4968],[-3.9323,40.4967],[-3.9324,40.4966],[-3.9325,40.4966],[-3.9326,40.4966],[-3.9327,40.4967],[-3.9329,40.4968],[-3.933,40.4969],[-3.9332,40.497],[-3.9333,40.4971],[-3.9335,40.4972],[-3.9336,40.4973],[-3.9338,40.4975],[-3.9339,40.4976],[-3.9341,40.4976],[-3.9342,40.4975],[-3.9341,40.4973],[-3.9341,40.4972],[-3.9341,40.4971],[-3.9342,40.4972],[-3.9343,40.4972],[-3.9345,40.4972],[-3.9347,40.4972],[-3.9354,40.4972],[-3.9354,40.4971],[-3.9355,40.4968],[-3.9355,40.4966],[-3.9354,40.4964],[-3.9354,40.4962],[-3.9354,40.4961],[-3.9354,40.4959],[-3.9354,40.4958],[-3.9354,40.4956],[-3.9354,40.4955],[-3.9355,40.4954],[-3.9356,40.4953],[-3.9356,40.4953],[-3.9357,40.4954],[-3.9357,40.4954],[-3.9358,40.4953],[-3.9358,40.4952],[-3.9359,40.495],[-3.936,40.4948],[-3.9361,40.4946],[-3.9362,40.4945],[-3.9363,40.4943],[-3.9363,40.4943],[-3.9363,40.4939],[-3.936,40.4938],[-3.9357,40.4938],[-3.9356,40.4938],[-3.9355,40.4938],[-3.9355,40.4937],[-3.9354,40.4937],[-3.9354,40.4935],[-3.9353,40.4933],[-3.9353,40.4932],[-3.9351,40.4931],[-3.9347,40.4931],[-3.9345,40.493],[-3.9341,40.493],[-3.9338,40.493],[-3.9336,40.493],[-3.9334,40.493],[-3.9332,40.4931],[-3.933,40.4931],[-3.9328,40.4931],[-3.9327,40.4932],[-3.9326,40.4933],[-3.9325,40.4933],[-3.9324,40.4932],[-3.9323,40.4931],[-3.9323,40.4929],[-3.932,40.4928],[-3.9318,40.4928],[-3.9317,40.4927],[-3.9314,40.4926],[-3.9313,40.4926],[-3.931,40.4926],[-3.9307,40.4926],[-3.9306,40.4926],[-3.9304,40.4926],[-3.9302,40.4926],[-3.9301,40.4926],[-3.9301,40.4926],[-3.9301,40.4925],[-3.9301,40.4925],[-3.9302,40.4924],[-3.9303,40.4924],[-3.9305,40.4924],[-3.9306,40.4923],[-3.9306,40.4923],[-3.9306,40.4923],[-3.9305,40.4922],[-3.9305,40.4921],[-3.9305,40.4921],[-3.9305,40.492],[-3.9304,40.4919],[-3.9303,40.4919],[-3.93,40.4919],[-3.9298,40.4919],[-3.9297,40.4919],[-3.9295,40.4919],[-3.9292,40.4919],[-3.9289,40.492],[-3.9287,40.492],[-3.9285,40.492],[-3.9284,40.4919],[-3.9282,40.4919],[-3.928,40.4918],[-3.9279,40.4917],[-3.9277,40.4917],[-3.9276,40.4917],[-3.9274,40.4917],[-3.9272,40.4917],[-3.927,40.4917],[-3.9266,40.4917],[-3.9263,40.4917],[-3.926,40.4917],[-3.9258,40.4917],[-3.9256,40.4917],[-3.9254,40.4917],[-3.9252,40.4917],[-3.9251,40.4917],[-3.9249,40.4917],[-3.9247,40.4918],[-3.9246,40.4918],[-3.9244,40.4919],[-3.9242,40.4919],[-3.9241,40.4919],[-3.9239,40.492],[-3.9238,40.492],[-3.9237,40.4921],[-3.9235,40.4921],[-3.9234,40.4921],[-3.9233,40.4921],[-3.9232,40.492],[-3.9233,40.4919],[-3.9234,40.4919],[-3.9236,40.4918],[-3.9237,40.4917],[-3.9239,40.4917],[-3.9241,40.4917],[-3.9242,40.4916],[-3.9244,40.4916],[-3.9246,40.4916],[-3.9247,40.4916],[-3.9248,40.4916],[-3.9249,40.4915],[-3.9249,40.4915],[-3.925,40.4914],[-3.925,40.4914],[-3.9249,40.4914],[-3.9247,40.4914],[-3.9246,40.4914],[-3.9245,40.4914],[-3.9243,40.4913],[-3.9241,40.4913],[-3.9241,40.4913],[-3.924,40.4913],[-3.9241,40.4912],[-3.9242,40.4911],[-3.9243,40.4911],[-3.9246,40.4911],[-3.9247,40.491],[-3.9248,40.491],[-3.9249,40.491],[-3.9251,40.491],[-3.9251,40.4909],[-3.9251,40.4908],[-3.925,40.4908],[-3.9249,40.4908],[-3.9247,40.4907],[-3.9247,40.4907],[-3.9246,40.4906],[-3.9246,40.4906],[-3.9246,40.4905],[-3.9246,40.4904],[-3.9246,40.4904],[-3.9246,40.4903],[-3.9246,40.4902],[-3.9245,40.4901],[-3.9245,40.49],[-3.9245,40.4899],[-3.9246,40.4899],[-3.9247,40.4899],[-3.9248,40.4899],[-3.925,40.4899],[-3.9252,40.4901],[-3.9253,40.4902],[-3.9254,40.4903],[-3.9255,40.4905],[-3.9257,40.4906],[-3.9258,40.4907],[-3.926,40.4907],[-3.9262,40.4908],[-3.9263,40.4908],[-3.9265,40.4909],[-3.9266,40.4909],[-3.9268,40.491],[-3.927,40.4909],[-3.927,40.4909],[-3.9271,40.4908],[-3.927,40.4907],[-3.9269,40.4907],[-3.9268,40.4906],[-3.9267,40.4906],[-3.9266,40.4905],[-3.9265,40.4904],[-3.9265,40.4903],[-3.9266,40.4903],[-3.9267,40.4903],[-3.9269,40.4903],[-3.927,40.4904],[-3.9271,40.4903],[-3.9272,40.4903],[-3.9272,40.4902],[-3.9272,40.4901],[-3.9273,40.49],[-3.9274,40.49],[-3.9275,40.49],[-3.9275,40.4902],[-3.9276,40.4903],[-3.9278,40.4905],[-3.9279,40.4907],[-3.9281,40.4908],[-3.9283,40.4909],[-3.9284,40.491],[-3.9286,40.4911],[-3.9287,40.4911],[-3.9288,40.4911],[-3.929,40.4911],[-3.9292,40.491],[-3.9293,40.491],[-3.9295,40.491],[-3.9297,40.4911],[-3.9298,40.4912],[-3.9301,40.4913],[-3.9303,40.4913],[-3.9305,40.4913],[-3.9307,40.4913],[-3.9308,40.4914],[-3.9311,40.4915],[-3.9313,40.4916],[-3.9314,40.4917],[-3.9316,40.4918],[-3.9318,40.4919],[-3.9319,40.492],[-3.932,40.492],[-3.9321,40.492],[-3.9322,40.4919],[-3.9322,40.4918],[-3.9323,40.4917],[-3.9324,40.4916],[-3.9325,40.4916],[-3.9327,40.4916],[-3.9329,40.4916],[-3.9331,40.4916],[-3.9334,40.4917],[-3.9335,40.4916],[-3.9335,40.4915],[-3.9335,40.4914],[-3.9334,40.4914],[-3.9332,40.4913],[-3.9331,40.4913],[-3.9331,40.4912],[-3.9331,40.4912],[-3.9332,40.4911],[-3.9333,40.4911],[-3.9334,40.491],[-3.9335,40.491],[-3.9335,40.4909],[-3.9335,40.4908],[-3.9334,40.4908],[-3.9334,40.4907],[-3.9334,40.4905],[-3.9334,40.4904],[-3.9334,40.4901],[-3.9335,40.49],[-3.9334,40.4899],[-3.9335,40.4897],[-3.9335,40.4896],[-3.9335,40.4896],[-3.9334,40.4895],[-3.9333,40.4895],[-3.9332,40.4896],[-3.9331,40.4896],[-3.933,40.4896],[-3.9329,40.4895],[-3.9329,40.4894],[-3.9329,40.4894],[-3.9329,40.4893],[-3.9327,40.4893],[-3.9326,40.4893],[-3.9324,40.4893],[-3.9322,40.4893],[-3.932,40.4893],[-3.9319,40.4892],[-3.9317,40.4891],[-3.9315,40.489],[-3.9313,40.4889],[-3.9311,40.4888],[-3.931,40.4888],[-3.9308,40.4888],[-3.9307,40.4889],[-3.9307,40.4889],[-3.9305,40.4889],[-3.9304,40.4889],[-3.9303,40.4888],[-3.9302,40.4888],[-3.9301,40.4887],[-3.9301,40.4886],[-3.9299,40.4886],[-3.9298,40.4886],[-3.9297,40.4886],[-3.9296,40.4886],[-3.9295,40.4885],[-3.9294,40.4884],[-3.9293,40.4883],[-3.9292,40.4882],[-3.9291,40.4881],[-3.9289,40.4881],[-3.9288,40.4881],[-3.9287,40.4881],[-3.9285,40.4883],[-3.9284,40.4884],[-3.9283,40.4885],[-3.9281,40.4885],[-3.928,40.4885],[-3.927,40.4878],[-3.927,40.4877],[-3.9269,40.4876],[-3.9268,40.4875],[-3.9267,40.4874],[-3.9265,40.4874],[-3.9264,40.4873],[-3.9264,40.4872],[-3.9262,40.4871],[-3.9261,40.487],[-3.926,40.487],[-3.9258,40.4869],[-3.926,40.4869],[-3.9261,40.4868],[-3.9263,40.4868],[-3.9265,40.4868],[-3.9266,40.4869],[-3.9268,40.4869],[-3.927,40.487],[-3.9271,40.4871],[-3.9272,40.4872],[-3.9274,40.4872],[-3.9275,40.4872],[-3.9276,40.4872],[-3.9278,40.4871],[-3.9279,40.487],[-3.928,40.4871],[-3.9282,40.4872],[-3.9283,40.4872],[-3.9284,40.4873],[-3.9285,40.4873],[-3.9288,40.4872],[-3.929,40.4872],[-3.9291,40.4871],[-3.9293,40.4871],[-3.9294,40.4871],[-3.9294,40.4871],[-3.9295,40.4872],[-3.9296,40.4873],[-3.9297,40.4873],[-3.9298,40.4874],[-3.9299,40.4874],[-3.9299,40.4873],[-3.93,40.4872],[-3.9302,40.4871],[-3.9303,40.487],[-3.9305,40.4869],[-3.9305,40.4869],[-3.9306,40.4868],[-3.9302,40.4867],[-3.93,40.4866],[-3.9298,40.4865],[-3.9295,40.4864],[-3.9299,40.4861],[-3.9303,40.4859],[-3.9305,40.4858],[-3.9307,40.4857],[-3.9307,40.4857],[-3.9307,40.4856],[-3.9307,40.4855],[-3.9307,40.4854],[-3.9308,40.4853],[-3.9308,40.4852],[-3.9308,40.4851],[-3.9308,40.485],[-3.9306,40.4849],[-3.9305,40.4849],[-3.9303,40.4849],[-3.9302,40.4848],[-3.93,40.4848],[-3.9299,40.4847],[-3.9298,40.4846],[-3.9297,40.4846],[-3.9296,40.4846],[-3.9295,40.4846],[-3.9295,40.4846],[-3.9294,40.4847],[-3.9292,40.4848],[-3.9291,40.4848],[-3.929,40.4849],[-3.9288,40.4849],[-3.9286,40.4849],[-3.9284,40.4849],[-3.9283,40.4849],[-3.9283,40.4849],[-3.9282,40.4849],[-3.9281,40.4848],[-3.9281,40.4848],[-3.9282,40.4847],[-3.9283,40.4847],[-3.9284,40.4847],[-3.9285,40.4846],[-3.9286,40.4846],[-3.9287,40.4847],[-3.9289,40.4847],[-3.929,40.4846],[-3.9291,40.4846],[-3.9292,40.4846],[-3.9293,40.4845],[-3.9294,40.4845],[-3.9295,40.4844],[-3.9296,40.4844],[-3.9298,40.4844],[-3.93,40.4845],[-3.9302,40.4845],[-3.9304,40.4845],[-3.9306,40.4846],[-3.9308,40.4846],[-3.9309,40.4847],[-3.9311,40.4847],[-3.9312,40.4847],[-3.9313,40.4847],[-3.9314,40.4847],[-3.9315,40.4848],[-3.9316,40.4848],[-3.9317,40.4849],[-3.932,40.4847],[-3.9323,40.4844],[-3.9323,40.4844],[-3.9311,40.4842],[-3.9306,40.4841],[-3.9297,40.4838],[-3.9291,40.4836],[-3.9287,40.4835],[-3.9279,40.4832],[-3.9276,40.4832],[-3.9272,40.4831],[-3.9267,40.4831],[-3.9262,40.4831],[-3.9255,40.4831],[-3.925,40.4833],[-3.9245,40.4835],[-3.9245,40.4835],[-3.9242,40.4837],[-3.9243,40.4846],[-3.9245,40.4856],[-3.9242,40.4882],[-3.9239,40.4912],[-3.9222,40.492],[-3.9209,40.4927],[-3.9182,40.4939],[-3.9173,40.4945],[-3.9174,40.4946],[-3.9175,40.4947],[-3.9177,40.4948],[-3.9177,40.4949],[-3.9179,40.495],[-3.9181,40.4949],[-3.9181,40.4948],[-3.9181,40.4947],[-3.9181,40.4945],[-3.9181,40.4943],[-3.9182,40.4942],[-3.9183,40.4941],[-3.9183,40.4941],[-3.9184,40.4942],[-3.9184,40.4943],[-3.9185,40.4944],[-3.9185,40.4945],[-3.9185,40.4946],[-3.9185,40.4948],[-3.9186,40.4948],[-3.9187,40.4949],[-3.9188,40.4949],[-3.919,40.495],[-3.9191,40.4952],[-3.9192,40.4953],[-3.9194,40.4955],[-3.9196,40.4958],[-3.9197,40.496],[-3.9199,40.4961],[-3.9199,40.4962],[-3.9201,40.4962],[-3.9201,40.4962],[-3.9201,40.4962],[-3.9202,40.4961],[-3.9202,40.496],[-3.9203,40.4959],[-3.9203,40.4958],[-3.9203,40.4957],[-3.9203,40.4956],[-3.9204,40.4957],[-3.9205,40.4957],[-3.9205,40.4959],[-3.9205,40.496],[-3.9205,40.4962],[-3.9205,40.4963],[-3.9205,40.4964],[-3.9205,40.4966],[-3.9205,40.4967],[-3.9205,40.4969],[-3.9206,40.497],[-3.9207,40.4972],[-3.9208,40.4973],[-3.921,40.4974],[-3.9212,40.4976],[-3.9214,40.4976],[-3.9215,40.4976],[-3.9217,40.4976],[-3.9218,40.4976],[-3.922,40.4975],[-3.9221,40.4974],[-3.9222,40.4973],[-3.9222,40.4972],[-3.9223,40.4971],[-3.9223,40.4971],[-3.9224,40.4971],[-3.9225,40.4972],[-3.9227,40.4973],[-3.9228,40.4974],[-3.923,40.4975],[-3.9231,40.4976],[-3.9232,40.4976],[-3.9233,40.4975],[-3.9233,40.4974],[-3.9233,40.4973],[-3.9232,40.4972],[-3.9231,40.497],[-3.923,40.4969],[-3.9228,40.4968],[-3.9226,40.4965],[-3.9225,40.4964],[-3.9223,40.4963],[-3.9221,40.4961],[-3.922,40.4959],[-3.9221,40.4958],[-3.9222,40.4958],[-3.9223,40.4958],[-3.9225,40.4959],[-3.9226,40.496],[-3.9228,40.4961],[-3.923,40.4961],[-3.9232,40.4962],[-3.9234,40.4962],[-3.9235,40.4964],[-3.9236,40.4966],[-3.9237,40.4968],[-3.9238,40.4969],[-3.9239,40.4971],[-3.924,40.4972],[-3.924,40.4973],[-3.9243,40.4976],[-3.9244,40.4977],[-3.9246,40.4978],[-3.9248,40.4978],[-3.925,40.4979],[-3.9252,40.4979],[-3.9253,40.498],[-3.9255,40.4981],[-3.9256,40.4983],[-3.9257,40.4984],[-3.9259,40.4985],[-3.926,40.4986],[-3.9261,40.4986],[-3.9262,40.4985],[-3.9261,40.4984],[-3.9261,40.4983],[-3.9258,40.4979],[-3.9257,40.4977],[-3.9256,40.4976],[-3.9257,40.4976],[-3.9257,40.4975],[-3.9258,40.4975],[-3.9259,40.4976]]],[[[-3.9837,40.6166],[-3.9861,40.6186],[-3.9864,40.619],[-3.9865,40.6183],[-3.9867,40.6179],[-3.9868,40.6171],[-3.987,40.6166],[-3.9871,40.6163],[-3.9879,40.6161],[-3.9886,40.6159],[-3.9892,40.6159],[-3.9903,40.6158],[-3.9912,40.6158],[-3.9909,40.6148],[-3.9903,40.6137],[-3.9902,40.6131],[-3.9881,40.6095],[-3.9874,40.6086],[-3.987,40.6079],[-3.9868,40.6076],[-3.9882,40.6077],[-3.989,40.6079],[-3.9895,40.6079],[-3.9889,40.607],[-3.9884,40.6065],[-3.9877,40.6063],[-3.9866,40.6063],[-3.9863,40.6062],[-3.9859,40.6053],[-3.9858,40.6052],[-3.9858,40.6052],[-3.986,40.6046],[-3.9854,40.6038],[-3.9853,40.6033],[-3.9854,40.6029],[-3.9852,40.6023],[-3.9852,40.6018],[-3.9851,40.6016],[-3.9849,40.6013],[-3.9849,40.6013],[-3.9849,40.6012],[-3.9846,40.6014],[-3.9847,40.6015],[-3.9848,40.6016],[-3.9848,40.6016],[-3.985,40.6018],[-3.985,40.6019],[-3.985,40.6021],[-3.985,40.6022],[-3.9848,40.6024],[-3.985,40.6029],[-3.9855,40.6048],[-3.9855,40.6049],[-3.9851,40.6052],[-3.9849,40.6052],[-3.9849,40.6051],[-3.9847,40.6051],[-3.9845,40.6051],[-3.9841,40.6051],[-3.9839,40.6051],[-3.9839,40.6051],[-3.9838,40.6052],[-3.9838,40.6052],[-3.9837,40.6052],[-3.9837,40.6053],[-3.9835,40.6053],[-3.9832,40.6055],[-3.9823,40.6059],[-3.9815,40.6063],[-3.9812,40.6065],[-3.981,40.6065],[-3.9808,40.6066],[-3.9806,40.6066],[-3.9806,40.6066],[-3.9805,40.6066],[-3.9802,40.6066],[-3.9794,40.6067],[-3.979,40.6067],[-3.9785,40.6069],[-3.9781,40.607],[-3.978,40.6071],[-3.9779,40.6072],[-3.9778,40.6072],[-3.9777,40.6072],[-3.9777,40.6073],[-3.9775,40.6073],[-3.9773,40.6073],[-3.9764,40.6076],[-3.9752,40.6085],[-3.9751,40.6085],[-3.9752,40.6086],[-3.9753,40.6087],[-3.9757,40.6091],[-3.9765,40.6098],[-3.9766,40.6098],[-3.9769,40.61],[-3.9787,40.611],[-3.9791,40.6112],[-3.9797,40.6116],[-3.9797,40.6116],[-3.9799,40.6117],[-3.98,40.6118],[-3.9801,40.6118],[-3.9802,40.6118],[-3.9803,40.6119],[-3.9805,40.612],[-3.9806,40.6121],[-3.9807,40.6122],[-3.9807,40.6123],[-3.9807,40.6124],[-3.9807,40.6126],[-3.9807,40.6126],[-3.9807,40.6126],[-3.981,40.613],[-3.9812,40.6133],[-3.9813,40.6134],[-3.9815,40.6137],[-3.9817,40.6141],[-3.9821,40.6147],[-3.9825,40.6152],[-3.9828,40.6156],[-3.9833,40.6161],[-3.9837,40.6166]]],[[[-3.897,40.2841],[-3.8971,40.2842],[-3.8973,40.2844],[-3.8973,40.2843],[-3.8974,40.2842],[-3.8976,40.2841],[-3.8978,40.284],[-3.898,40.2838],[-3.8982,40.2839],[-3.8983,40.284],[-3.8985,40.284],[-3.8987,40.2841],[-3.8988,40.2842],[-3.899,40.2842],[-3.8992,40.2842],[-3.8994,40.2842],[-3.8996,40.2842],[-3.8997,40.2841],[-3.8999,40.2839],[-3.9,40.2838],[-3.9,40.2836],[-3.9001,40.2835],[-3.9003,40.2834],[-3.9004,40.2833],[-3.9006,40.2833],[-3.9007,40.2832],[-3.9007,40.283],[-3.9008,40.2829],[-3.9009,40.2828],[-3.9009,40.2826],[-3.901,40.2824],[-3.9011,40.2823],[-3.9012,40.2821],[-3.9014,40.2819],[-3.9015,40.2816],[-3.9015,40.2815],[-3.9014,40.2813],[-3.9014,40.2812],[-3.9014,40.2811],[-3.9014,40.281],[-3.9014,40.2809],[-3.9015,40.2807],[-3.9016,40.2805],[-3.9015,40.2803],[-3.9014,40.2801],[-3.9015,40.28],[-3.9016,40.2799],[-3.9016,40.2797],[-3.9017,40.2796],[-3.9017,40.2794],[-3.9018,40.2793],[-3.902,40.2792],[-3.9022,40.2793],[-3.9024,40.2793],[-3.9026,40.2794],[-3.9029,40.2796],[-3.9031,40.2796],[-3.9034,40.2797],[-3.9037,40.2798],[-3.904,40.2798],[-3.9042,40.2798],[-3.9044,40.2797],[-3.9047,40.2797],[-3.9049,40.2797],[-3.905,40.2797],[-3.9051,40.2796],[-3.9053,40.2795],[-3.9055,40.2795],[-3.9057,40.2794],[-3.9058,40.2793],[-3.9058,40.2791],[-3.9059,40.279],[-3.9061,40.2789],[-3.9062,40.2787],[-3.9062,40.2786],[-3.9061,40.2785],[-3.906,40.2784],[-3.9059,40.2783],[-3.9058,40.2781],[-3.9057,40.278],[-3.9055,40.2777],[-3.9054,40.2775],[-3.9053,40.2774],[-3.9051,40.2773],[-3.9049,40.2772],[-3.9046,40.2771],[-3.9043,40.277],[-3.9042,40.277],[-3.904,40.2768],[-3.9039,40.2767],[-3.9038,40.2767],[-3.9036,40.2766],[-3.9035,40.2765],[-3.9034,40.2764],[-3.9034,40.2764],[-3.9033,40.2763],[-3.903,40.2762],[-3.9029,40.276],[-3.902,40.274],[-3.9009,40.2716],[-3.9009,40.2716],[-3.8992,40.2727],[-3.8979,40.2736],[-3.8972,40.274],[-3.8968,40.2742],[-3.8964,40.2746],[-3.8962,40.2748],[-3.896,40.2749],[-3.8958,40.2751],[-3.8955,40.2753],[-3.895,40.2757],[-3.8949,40.2758],[-3.8946,40.2761],[-3.8945,40.2762],[-3.8943,40.2763],[-3.8937,40.2766],[-3.8926,40.2772],[-3.8922,40.2774],[-3.8919,40.2775],[-3.8915,40.2777],[-3.8914,40.2778],[-3.8913,40.2779],[-3.8913,40.278],[-3.8913,40.2781],[-3.8914,40.2784],[-3.8914,40.2785],[-3.8916,40.2788],[-3.8916,40.2788],[-3.8917,40.279],[-3.8919,40.2791],[-3.892,40.2792],[-3.8922,40.2793],[-3.8923,40.2794],[-3.8924,40.2794],[-3.8926,40.2795],[-3.8925,40.2796],[-3.8923,40.2798],[-3.8921,40.28],[-3.8918,40.2803],[-3.8918,40.2804],[-3.8925,40.2806],[-3.8925,40.2808],[-3.8926,40.2809],[-3.8927,40.2811],[-3.8928,40.2812],[-3.893,40.2813],[-3.8932,40.2814],[-3.8932,40.2816],[-3.8932,40.2817],[-3.8932,40.2818],[-3.8931,40.2819],[-3.8931,40.282],[-3.8932,40.2822],[-3.8933,40.2823],[-3.8935,40.2823],[-3.8938,40.2823],[-3.894,40.2822],[-3.8943,40.2821],[-3.8945,40.2821],[-3.8949,40.2821],[-3.895,40.2821],[-3.8952,40.2822],[-3.8953,40.2823],[-3.8953,40.2824],[-3.8955,40.2826],[-3.8956,40.2828],[-3.8957,40.2829],[-3.8958,40.283],[-3.8959,40.2831],[-3.8961,40.2833],[-3.8964,40.2834],[-3.8966,40.2836],[-3.8967,40.2837],[-3.8969,40.2839],[-3.897,40.2841]]],[[[-3.8888,40.2939],[-3.8889,40.2939],[-3.8891,40.2938],[-3.8891,40.2938],[-3.8893,40.2938],[-3.8894,40.2937],[-3.8894,40.2937],[-3.8895,40.2936],[-3.8896,40.2936],[-3.8896,40.2936],[-3.8897,40.2936],[-3.8899,40.2936],[-3.89,40.2935],[-3.8901,40.2935],[-3.8902,40.2934],[-3.8902,40.2933],[-3.8902,40.2932],[-3.8903,40.2932],[-3.8904,40.2931],[-3.8904,40.2931],[-3.8904,40.293],[-3.8904,40.293],[-3.8904,40.2929],[-3.8903,40.2928],[-3.8903,40.2927],[-3.8904,40.2926],[-3.8904,40.2924],[-3.8905,40.2923],[-3.8905,40.2922],[-3.8906,40.292],[-3.8907,40.292],[-3.8909,40.2919],[-3.8911,40.2918],[-3.8916,40.2914],[-3.8923,40.291],[-3.8931,40.2905],[-3.894,40.2899],[-3.8941,40.2899],[-3.8942,40.2897],[-3.8942,40.2896],[-3.8943,40.2895],[-3.8943,40.2893],[-3.8944,40.2891],[-3.8945,40.2889],[-3.8946,40.2887],[-3.8947,40.2886],[-3.8947,40.2885],[-3.8947,40.2888],[-3.8948,40.2889],[-3.895,40.2893],[-3.8952,40.2895],[-3.8953,40.2896],[-3.8954,40.2898],[-3.8955,40.2899],[-3.8957,40.2901],[-3.8958,40.2902],[-3.896,40.2904],[-3.8961,40.2905],[-3.8962,40.2904],[-3.8963,40.2902],[-3.8965,40.29],[-3.8966,40.2899],[-3.8967,40.2898],[-3.8969,40.2896],[-3.897,40.2895],[-3.8972,40.2894],[-3.8972,40.2894],[-3.8973,40.2893],[-3.8973,40.2891],[-3.8971,40.2887],[-3.897,40.2885],[-3.8969,40.2884],[-3.8967,40.2883],[-3.8965,40.2881],[-3.8963,40.288],[-3.8961,40.288],[-3.8959,40.2879],[-3.8958,40.2878],[-3.8958,40.2877],[-3.8957,40.2875],[-3.8957,40.2872],[-3.8956,40.2872],[-3.8954,40.2873],[-3.8953,40.2873],[-3.8951,40.2874],[-3.8951,40.2875],[-3.895,40.2876],[-3.895,40.2877],[-3.8948,40.2878],[-3.8947,40.2879],[-3.8946,40.288],[-3.8946,40.2881],[-3.8944,40.2881],[-3.8943,40.288],[-3.8941,40.288],[-3.8939,40.288],[-3.8937,40.2881],[-3.8935,40.2881],[-3.8933,40.2882],[-3.8932,40.2881],[-3.8931,40.2879],[-3.8929,40.2878],[-3.8928,40.2878],[-3.8927,40.2879],[-3.8925,40.2879],[-3.8922,40.288],[-3.8919,40.2881],[-3.8918,40.2881],[-3.8916,40.2882],[-3.8914,40.2883],[-3.8911,40.2884],[-3.8911,40.2884],[-3.8908,40.2885],[-3.8906,40.2886],[-3.8903,40.2886],[-3.8901,40.2887],[-3.89,40.2888],[-3.8897,40.2889],[-3.8895,40.2891],[-3.8894,40.2891],[-3.8893,40.2892],[-3.8891,40.2893],[-3.889,40.2895],[-3.8889,40.2895],[-3.8888,40.2896],[-3.8887,40.2895],[-3.8885,40.2894],[-3.8883,40.2893],[-3.8881,40.2893],[-3.8879,40.2893],[-3.8877,40.2894],[-3.8874,40.2895],[-3.8872,40.2896],[-3.887,40.2897],[-3.8868,40.2897],[-3.8866,40.2897],[-3.8864,40.2897],[-3.8862,40.2895],[-3.8861,40.2894],[-3.8861,40.2893],[-3.8859,40.2891],[-3.8858,40.289],[-3.8855,40.2888],[-3.8854,40.2887],[-3.8852,40.2885],[-3.885,40.2884],[-3.8846,40.2883],[-3.8844,40.2882],[-3.8842,40.2882],[-3.8839,40.2881],[-3.8838,40.2881],[-3.8836,40.288],[-3.8836,40.2879],[-3.8837,40.2879],[-3.8838,40.2879],[-3.8839,40.2879],[-3.884,40.2878],[-3.8842,40.2877],[-3.8843,40.2877],[-3.8845,40.2876],[-3.885,40.2877],[-3.8852,40.2878],[-3.8854,40.288],[-3.8855,40.2882],[-3.8858,40.2885],[-3.886,40.2887],[-3.8861,40.2889],[-3.8862,40.289],[-3.8864,40.289],[-3.8865,40.289],[-3.8866,40.289],[-3.8866,40.2889],[-3.8866,40.2889],[-3.8866,40.2888],[-3.8866,40.2886],[-3.8865,40.2884],[-3.8865,40.2883],[-3.8866,40.2883],[-3.8867,40.2882],[-3.8868,40.2883],[-3.887,40.2884],[-3.8871,40.2885],[-3.8871,40.2886],[-3.8873,40.2888],[-3.8873,40.2889],[-3.8874,40.2889],[-3.8875,40.289],[-3.8876,40.289],[-3.8878,40.289],[-3.8879,40.2889],[-3.8879,40.2888],[-3.8879,40.2887],[-3.8879,40.2885],[-3.8878,40.2883],[-3.8876,40.2882],[-3.8875,40.288],[-3.8873,40.2878],[-3.8872,40.2877],[-3.8871,40.2876],[-3.8871,40.2874],[-3.887,40.2873],[-3.887,40.2872],[-3.887,40.2871],[-3.8869,40.287],[-3.8869,40.2869],[-3.8869,40.2869],[-3.887,40.2868],[-3.8871,40.2868],[-3.8874,40.287],[-3.8876,40.2872],[-3.888,40.2875],[-3.8883,40.2876],[-3.8886,40.2878],[-3.8888,40.2879],[-3.889,40.2881],[-3.8892,40.2882],[-3.8893,40.2882],[-3.8895,40.2883],[-3.8895,40.2883],[-3.8897,40.2884],[-3.8898,40.2884],[-3.8899,40.2884],[-3.89,40.2884],[-3.89,40.2883],[-3.89,40.2881],[-3.89,40.288],[-3.8899,40.2878],[-3.8898,40.2877],[-3.8897,40.2876],[-3.8896,40.2875],[-3.8896,40.2875],[-3.8897,40.2874],[-3.8898,40.2874],[-3.8899,40.2874],[-3.8901,40.2875],[-3.8903,40.2875],[-3.8905,40.2875],[-3.8905,40.2875],[-3.8907,40.2875],[-3.8909,40.2875],[-3.8911,40.2875],[-3.8912,40.2874],[-3.8912,40.2873],[-3.8911,40.2872],[-3.8909,40.2871],[-3.8907,40.287],[-3.8907,40.2869],[-3.8906,40.2868],[-3.8905,40.2866],[-3.8905,40.2864],[-3.8905,40.2863],[-3.8904,40.2862],[-3.8903,40.286],[-3.8902,40.2859],[-3.8902,40.2858],[-3.8903,40.2858],[-3.8905,40.2859],[-3.8906,40.2861],[-3.8908,40.2863],[-3.891,40.2866],[-3.8911,40.2867],[-3.8914,40.2869],[-3.8916,40.287],[-3.8918,40.287],[-3.8919,40.2871],[-3.8921,40.2871],[-3.8924,40.287],[-3.8924,40.287],[-3.8927,40.287],[-3.893,40.287],[-3.8934,40.287],[-3.8937,40.2871],[-3.8939,40.2871],[-3.8942,40.2871],[-3.8944,40.2871],[-3.8945,40.2871],[-3.8948,40.287],[-3.895,40.2867],[-3.8951,40.2867],[-3.8953,40.2864],[-3.8957,40.2862],[-3.8959,40.2859],[-3.8961,40.2857],[-3.8963,40.2855],[-3.8963,40.2853],[-3.8962,40.2852],[-3.8962,40.285],[-3.8963,40.2849],[-3.8964,40.2848],[-3.8964,40.2846],[-3.8963,40.2845],[-3.8961,40.2843],[-3.8958,40.2843],[-3.8955,40.2842],[-3.8952,40.2842],[-3.8949,40.2842],[-3.8944,40.2842],[-3.894,40.2841],[-3.8938,40.2841],[-3.8935,40.2841],[-3.8932,40.2841],[-3.8929,40.284],[-3.8927,40.284],[-3.8925,40.284],[-3.8923,40.284],[-3.8921,40.2841],[-3.8919,40.2841],[-3.8917,40.2841],[-3.8915,40.284],[-3.8912,40.284],[-3.8909,40.2839],[-3.8907,40.2839],[-3.8904,40.284],[-3.8901,40.284],[-3.8898,40.284],[-3.8896,40.2839],[-3.8894,40.2839],[-3.8892,40.2838],[-3.889,40.2838],[-3.8887,40.2837],[-3.8885,40.2836],[-3.8882,40.2835],[-3.888,40.2834],[-3.8878,40.2834],[-3.8876,40.2833],[-3.8873,40.2832],[-3.8873,40.2832],[-3.8871,40.2832],[-3.8869,40.2833],[-3.8868,40.2833],[-3.8867,40.2833],[-3.8866,40.2833],[-3.8864,40.2834],[-3.8863,40.2834],[-3.8863,40.2834],[-3.8863,40.2835],[-3.8862,40.2835],[-3.8863,40.2836],[-3.8863,40.2838],[-3.8863,40.2839],[-3.8863,40.284],[-3.8862,40.2843],[-3.8862,40.2844],[-3.8861,40.2844],[-3.886,40.2845],[-3.8859,40.2846],[-3.8857,40.2848],[-3.8853,40.2851],[-3.8853,40.2852],[-3.8852,40.2853],[-3.8851,40.2854],[-3.885,40.2855],[-3.8849,40.2855],[-3.8848,40.2856],[-3.8841,40.2856],[-3.8837,40.2856],[-3.8835,40.2856],[-3.8832,40.2857],[-3.8831,40.2857],[-3.883,40.2857],[-3.8829,40.2857],[-3.8828,40.2857],[-3.8826,40.2857],[-3.8825,40.2858],[-3.882,40.2859],[-3.8819,40.286],[-3.8818,40.286],[-3.8818,40.2861],[-3.8818,40.2862],[-3.8817,40.2864],[-3.8817,40.2866],[-3.8817,40.2868],[-3.8817,40.287],[-3.8816,40.2871],[-3.8815,40.2872],[-3.8814,40.2874],[-3.8813,40.2874],[-3.8813,40.2875],[-3.8813,40.2876],[-3.8813,40.2877],[-3.8812,40.2877],[-3.8811,40.2878],[-3.8808,40.288],[-3.8803,40.2885],[-3.881,40.2891],[-3.8819,40.29],[-3.8833,40.2914],[-3.8839,40.2914],[-3.8868,40.2914],[-3.8887,40.2939],[-3.8888,40.2939]]],[[[-3.9359,40.5064],[-3.936,40.5065],[-3.9361,40.5066],[-3.9363,40.5066],[-3.9365,40.5066],[-3.9367,40.5065],[-3.9369,40.5064],[-3.9372,40.5062],[-3.9375,40.5062],[-3.9377,40.5061],[-3.9379,40.506],[-3.9382,40.5059],[-3.9384,40.5059],[-3.9386,40.5059],[-3.9388,40.506],[-3.939,40.5061],[-3.9393,40.5062],[-3.9394,40.5063],[-3.9396,40.5064],[-3.9397,40.5065],[-3.9398,40.5065],[-3.94,40.5064],[-3.9402,40.5063],[-3.9403,40.5062],[-3.9405,40.5062],[-3.9406,40.5061],[-3.9406,40.506],[-3.9406,40.5057],[-3.9405,40.5056],[-3.9403,40.5054],[-3.9401,40.5052],[-3.94,40.505],[-3.94,40.5049],[-3.94,40.5046],[-3.94,40.5042],[-3.9399,40.5041],[-3.9399,40.504],[-3.94,40.5039],[-3.9401,40.5037],[-3.9403,40.5035],[-3.9404,40.5034],[-3.9405,40.5033],[-3.9406,40.503],[-3.9407,40.5029],[-3.9408,40.5028],[-3.941,40.5027],[-3.9412,40.5026],[-3.9416,40.5025],[-3.9417,40.5025],[-3.9419,40.5024],[-3.9421,40.5023],[-3.9423,40.5022],[-3.9424,40.5021],[-3.9426,40.502],[-3.9427,40.5019],[-3.9428,40.5018],[-3.9429,40.5017],[-3.9429,40.5016],[-3.9429,40.5015],[-3.9428,40.5014],[-3.9428,40.5013],[-3.9429,40.5013],[-3.943,40.501],[-3.9431,40.5009],[-3.9434,40.5005],[-3.9435,40.5001],[-3.9435,40.5],[-3.9436,40.4999],[-3.9436,40.4997],[-3.9437,40.4996],[-3.9437,40.4994],[-3.9437,40.4991],[-3.9436,40.4989],[-3.9435,40.4987],[-3.9433,40.4985],[-3.9433,40.4983],[-3.9432,40.4982],[-3.9432,40.4981],[-3.9433,40.4981],[-3.9435,40.4979],[-3.9438,40.4978],[-3.9439,40.4977],[-3.9441,40.4977],[-3.9443,40.4978],[-3.9445,40.4978],[-3.9447,40.4979],[-3.9449,40.4979],[-3.9451,40.4979],[-3.9454,40.4979],[-3.9456,40.4979],[-3.9457,40.4979],[-3.9459,40.4979],[-3.9461,40.4979],[-3.9463,40.4979],[-3.9465,40.498],[-3.9466,40.498],[-3.9467,40.498],[-3.9467,40.498],[-3.9467,40.4979],[-3.9466,40.4978],[-3.9465,40.4976],[-3.9463,40.4975],[-3.9463,40.4974],[-3.9463,40.4973],[-3.9464,40.4973],[-3.9466,40.4973],[-3.9468,40.4973],[-3.9469,40.4972],[-3.9469,40.4972],[-3.9469,40.4972],[-3.9469,40.4972],[-3.947,40.4971],[-3.9444,40.496],[-3.9435,40.4957],[-3.9406,40.4944],[-3.9406,40.4945],[-3.9407,40.4946],[-3.9407,40.4947],[-3.9407,40.4949],[-3.9407,40.4949],[-3.9406,40.495],[-3.9406,40.4951],[-3.9405,40.4951],[-3.9405,40.4951],[-3.9405,40.4952],[-3.9405,40.4952],[-3.9406,40.4952],[-3.9407,40.4953],[-3.9407,40.4954],[-3.9407,40.4954],[-3.9408,40.4955],[-3.9408,40.4956],[-3.9407,40.4958],[-3.9407,40.4961],[-3.9406,40.4965],[-3.9405,40.4969],[-3.9368,40.4967],[-3.9368,40.4964],[-3.9367,40.4964],[-3.9366,40.4966],[-3.9364,40.4968],[-3.9363,40.4971],[-3.9363,40.4973],[-3.9363,40.4975],[-3.9363,40.4977],[-3.9362,40.4979],[-3.9362,40.4981],[-3.9361,40.4983],[-3.936,40.4984],[-3.9359,40.4987],[-3.9358,40.4989],[-3.9356,40.4991],[-3.9354,40.4993],[-3.9353,40.4995],[-3.9351,40.4997],[-3.935,40.4999],[-3.9349,40.5001],[-3.935,40.5003],[-3.9349,40.5004],[-3.9349,40.5005],[-3.9349,40.5006],[-3.9348,40.5007],[-3.9347,40.5008],[-3.9346,40.5009],[-3.9345,40.5009],[-3.9345,40.5011],[-3.9347,40.5013],[-3.9348,40.5014],[-3.935,40.5016],[-3.9352,40.5019],[-3.9354,40.5021],[-3.9354,40.5022],[-3.9356,40.5024],[-3.9358,40.5027],[-3.9359,40.5029],[-3.9359,40.503],[-3.9359,40.5033],[-3.9359,40.5035],[-3.9358,40.5037],[-3.9358,40.504],[-3.9358,40.504],[-3.9357,40.5043],[-3.9357,40.5046],[-3.9357,40.5049],[-3.9358,40.5052],[-3.9358,40.5053],[-3.9358,40.5056],[-3.9358,40.5059],[-3.9358,40.5061],[-3.9359,40.5064]]],[[[-3.9933,40.5452],[-3.9935,40.5452],[-3.9936,40.5453],[-3.9938,40.5453],[-3.9943,40.5455],[-3.9947,40.5457],[-3.995,40.5458],[-3.995,40.5458],[-3.9952,40.5459],[-3.9953,40.5459],[-3.9955,40.5459],[-3.9956,40.5459],[-3.9958,40.5461],[-3.996,40.5462],[-3.9961,40.5462],[-3.9962,40.5463],[-3.9962,40.5463],[-3.9964,40.5465],[-3.9965,40.5465],[-3.9965,40.5466],[-3.9967,40.5467],[-3.9969,40.5468],[-3.9972,40.5469],[-3.9973,40.547],[-3.9975,40.5471],[-3.9977,40.5472],[-3.9978,40.5473],[-3.998,40.5474],[-3.9981,40.5475],[-3.9982,40.5475],[-3.9984,40.5475],[-3.9987,40.5476],[-3.9989,40.5476],[-3.9991,40.5477],[-3.9992,40.5477],[-3.9993,40.5479],[-3.9997,40.5482],[-4.0003,40.5486],[-4.0003,40.5486],[-4.0003,40.5485],[-4.0002,40.5484],[-4.0002,40.5483],[-4.0001,40.548],[-4.0002,40.5479],[-4.0002,40.5477],[-4.0003,40.5476],[-4.0003,40.5476],[-4.0003,40.5475],[-4.0004,40.5474],[-4.0004,40.5474],[-4.0004,40.5473],[-4.0005,40.5472],[-4.0006,40.5472],[-4.0006,40.5472],[-4.0006,40.5472],[-4.0006,40.5471],[-4.0007,40.5471],[-4.0007,40.547],[-4.0007,40.547],[-4.0007,40.5469],[-4.0007,40.5469],[-4.0007,40.5469],[-4.0007,40.5468],[-4.0006,40.5468],[-4.0006,40.5467],[-4.0006,40.5467],[-4.0006,40.5467],[-4.0007,40.5465],[-4.0007,40.5465],[-4.0007,40.5464],[-4.0007,40.5464],[-4.0007,40.5463],[-4.0007,40.5462],[-4.0008,40.5461],[-4.0008,40.5459],[-4.0008,40.5458],[-4.0008,40.5458],[-4.0009,40.5458],[-4.0009,40.5457],[-4.0009,40.5457],[-4.0009,40.5456],[-4.0008,40.5456],[-4.0008,40.5456],[-4.0007,40.5454],[-4.0007,40.5454],[-4.0006,40.5452],[-4.0005,40.5451],[-4.0005,40.545],[-4.0004,40.545],[-4.0003,40.5449],[-4.0002,40.5449],[-4,40.5449],[-4,40.5449],[-3.9999,40.5449],[-3.9999,40.5449],[-3.9998,40.545],[-3.9998,40.545],[-3.9997,40.545],[-3.9997,40.5449],[-3.9997,40.5449],[-3.9997,40.5449],[-3.9996,40.5448],[-3.9996,40.5448],[-3.9996,40.5448],[-3.9994,40.5445],[-3.9994,40.5445],[-3.9994,40.5445],[-3.9994,40.5444],[-3.9993,40.5444],[-3.9993,40.5444],[-3.9993,40.5442],[-3.9993,40.544],[-3.9992,40.5439],[-3.9992,40.5437],[-3.9992,40.5437],[-3.9992,40.5435],[-3.9992,40.5435],[-3.9992,40.5434],[-3.9992,40.5434],[-3.9991,40.5434],[-3.9991,40.5435],[-3.9992,40.5439],[-3.9991,40.5439],[-3.999,40.5439],[-3.9989,40.5438],[-3.9989,40.5436],[-3.9989,40.5436],[-3.9988,40.5435],[-3.9987,40.5435],[-3.9986,40.5434],[-3.9985,40.5433],[-3.9985,40.5432],[-3.9986,40.543],[-3.9985,40.5429],[-3.9984,40.5427],[-3.9983,40.5426],[-3.9982,40.5424],[-3.9979,40.5421],[-3.9978,40.5418],[-3.9977,40.5418],[-3.9977,40.5417],[-3.9976,40.5416],[-3.9974,40.5416],[-3.9971,40.5416],[-3.9967,40.5416],[-3.9964,40.5416],[-3.996,40.5416],[-3.9957,40.5416],[-3.9951,40.5416],[-3.9946,40.5416],[-3.9943,40.5416],[-3.994,40.5415],[-3.9939,40.5415],[-3.9938,40.5415],[-3.9937,40.5416],[-3.9937,40.5416],[-3.9936,40.5417],[-3.9935,40.5418],[-3.9933,40.542],[-3.993,40.5423],[-3.9928,40.5424],[-3.9926,40.5426],[-3.9925,40.5427],[-3.9924,40.5429],[-3.9924,40.5431],[-3.9924,40.5433],[-3.9923,40.5434],[-3.9923,40.5436],[-3.9922,40.5437],[-3.9921,40.5437],[-3.992,40.5438],[-3.9919,40.5439],[-3.9919,40.544],[-3.9918,40.544],[-3.9918,40.5442],[-3.9917,40.5443],[-3.9917,40.5444],[-3.9917,40.5445],[-3.9917,40.5445],[-3.9918,40.5445],[-3.9921,40.5446],[-3.9923,40.5447],[-3.9927,40.5449],[-3.9928,40.5449],[-3.993,40.545],[-3.9933,40.5452]]],[[[-3.9288,40.5068],[-3.9289,40.5068],[-3.9291,40.5068],[-3.9293,40.5067],[-3.9296,40.5067],[-3.9298,40.5066],[-3.93,40.5065],[-3.9302,40.5065],[-3.9305,40.5065],[-3.9306,40.5065],[-3.9308,40.5064],[-3.9309,40.5063],[-3.931,40.5063],[-3.9312,40.5063],[-3.9314,40.5063],[-3.9317,40.5062],[-3.9318,40.5061],[-3.932,40.5061],[-3.9322,40.5061],[-3.9324,40.5061],[-3.9326,40.5062],[-3.9329,40.5062],[-3.9329,40.5062],[-3.9329,40.5062],[-3.9329,40.5061],[-3.9328,40.5061],[-3.9328,40.506],[-3.9328,40.5059],[-3.9329,40.5058],[-3.933,40.5056],[-3.9331,40.5055],[-3.9332,40.5052],[-3.9333,40.505],[-3.9333,40.5047],[-3.9333,40.5046],[-3.9332,40.5045],[-3.9331,40.5043],[-3.933,40.5042],[-3.933,40.5041],[-3.933,40.504],[-3.9333,40.5039],[-3.9336,40.5039],[-3.9338,40.5038],[-3.9341,40.5038],[-3.9343,40.5037],[-3.9344,40.5036],[-3.9344,40.5034],[-3.9344,40.5031],[-3.9344,40.5028],[-3.9345,40.5026],[-3.9345,40.5024],[-3.9344,40.5022],[-3.9343,40.502],[-3.9342,40.5018],[-3.9341,40.5016],[-3.934,40.5014],[-3.9338,40.5012],[-3.9337,40.5011],[-3.9335,40.501],[-3.9334,40.5009],[-3.9333,40.5008],[-3.9331,40.5006],[-3.9331,40.5006],[-3.9331,40.5006],[-3.9306,40.501],[-3.9293,40.5011],[-3.9293,40.5017],[-3.929,40.5027],[-3.9287,40.504],[-3.9282,40.506],[-3.9285,40.5067],[-3.9288,40.5068]]],[[[-3.9764,40.3493],[-3.976,40.3494],[-3.9757,40.3495],[-3.9752,40.3496],[-3.975,40.3497],[-3.9748,40.3498],[-3.9746,40.35],[-3.9743,40.3501],[-3.9741,40.3502],[-3.9739,40.3504],[-3.9738,40.3505],[-3.9737,40.3506],[-3.9736,40.3507],[-3.9737,40.3508],[-3.9739,40.351],[-3.9742,40.351],[-3.9745,40.3511],[-3.9749,40.3512],[-3.9753,40.3514],[-3.9756,40.3515],[-3.9761,40.3516],[-3.9764,40.3516],[-3.9768,40.3518],[-3.9769,40.3518],[-3.9772,40.3519],[-3.9775,40.3521],[-3.978,40.3522],[-3.9785,40.3524],[-3.9788,40.3526],[-3.979,40.3527],[-3.9792,40.3528],[-3.9794,40.3529],[-3.9796,40.353],[-3.9797,40.3532],[-3.9802,40.3534],[-3.9805,40.3528],[-3.9807,40.3523],[-3.9808,40.3521],[-3.981,40.3519],[-3.9811,40.3517],[-3.9812,40.3516],[-3.9813,40.3515],[-3.9813,40.3514],[-3.9813,40.3513],[-3.9814,40.3511],[-3.9815,40.3508],[-3.9818,40.3503],[-3.9821,40.3499],[-3.9823,40.3495],[-3.9824,40.3493],[-3.9825,40.3492],[-3.9827,40.3488],[-3.9831,40.3486],[-3.9826,40.3485],[-3.9823,40.3485],[-3.9821,40.3485],[-3.982,40.3485],[-3.9818,40.3485],[-3.9817,40.3485],[-3.9816,40.3485],[-3.9814,40.3486],[-3.9812,40.3486],[-3.9809,40.3486],[-3.9807,40.3486],[-3.9805,40.3487],[-3.9805,40.3487],[-3.9803,40.3487],[-3.9801,40.3488],[-3.9799,40.3488],[-3.9796,40.3488],[-3.9793,40.3489],[-3.9792,40.3489],[-3.979,40.349],[-3.9788,40.3491],[-3.9787,40.3491],[-3.9784,40.3491],[-3.9782,40.3491],[-3.978,40.3492],[-3.9779,40.3492],[-3.9779,40.3492],[-3.9777,40.3492],[-3.9774,40.3493],[-3.9771,40.3493],[-3.9767,40.3493],[-3.9764,40.3493]]],[[[-3.9344,40.5125],[-3.9347,40.5127],[-3.9348,40.5124],[-3.9351,40.5125],[-3.9353,40.5125],[-3.9356,40.5125],[-3.9359,40.5125],[-3.9361,40.5125],[-3.9363,40.5125],[-3.9365,40.5124],[-3.9367,40.5124],[-3.937,40.5124],[-3.9369,40.5123],[-3.9368,40.512],[-3.9367,40.5119],[-3.9368,40.5116],[-3.937,40.5112],[-3.9375,40.5106],[-3.9377,40.5105],[-3.9379,40.5103],[-3.938,40.5102],[-3.938,40.5101],[-3.9378,40.51],[-3.9375,40.51],[-3.9371,40.5099],[-3.937,40.5099],[-3.9367,40.5099],[-3.9365,40.51],[-3.9364,40.5101],[-3.9363,40.5101],[-3.9362,40.5102],[-3.9361,40.5102],[-3.936,40.5101],[-3.9359,40.51],[-3.9359,40.5099],[-3.9359,40.5098],[-3.9359,40.5096],[-3.9357,40.5095],[-3.9355,40.5094],[-3.9354,40.5092],[-3.9353,40.5091],[-3.9353,40.5088],[-3.9353,40.5086],[-3.9352,40.5084],[-3.9351,40.5083],[-3.935,40.5083],[-3.9348,40.5083],[-3.9345,40.5084],[-3.9343,40.5085],[-3.9341,40.5086],[-3.9338,40.5086],[-3.9338,40.5087],[-3.9337,40.5087],[-3.9335,40.5088],[-3.9334,40.5088],[-3.9332,40.5089],[-3.9331,40.509],[-3.933,40.5092],[-3.9327,40.5093],[-3.9326,40.5094],[-3.9324,40.5095],[-3.9324,40.5096],[-3.9324,40.5098],[-3.9324,40.51],[-3.9325,40.5102],[-3.9325,40.5104],[-3.9326,40.5107],[-3.9326,40.5109],[-3.9327,40.5111],[-3.9327,40.5113],[-3.9328,40.5116],[-3.9329,40.5117],[-3.933,40.5118],[-3.9331,40.512],[-3.9333,40.5121],[-3.9335,40.5122],[-3.9337,40.5123],[-3.9339,40.5124],[-3.9341,40.5124],[-3.9344,40.5125]]],[[[-3.9352,40.3113],[-3.935,40.3114],[-3.9349,40.3116],[-3.9349,40.3116],[-3.9352,40.3116],[-3.9354,40.3115],[-3.9355,40.3115],[-3.9356,40.3113],[-3.9358,40.3113],[-3.936,40.3112],[-3.9362,40.3112],[-3.9364,40.3113],[-3.9365,40.3113],[-3.9367,40.3113],[-3.9368,40.3112],[-3.9371,40.311],[-3.9373,40.311],[-3.9375,40.3109],[-3.9378,40.3108],[-3.938,40.3107],[-3.9382,40.3107],[-3.9384,40.3107],[-3.9386,40.3107],[-3.9388,40.3107],[-3.939,40.3108],[-3.9392,40.3108],[-3.9393,40.3107],[-3.9395,40.3105],[-3.9396,40.3104],[-3.9397,40.3103],[-3.9399,40.3102],[-3.94,40.3101],[-3.9402,40.31],[-3.9404,40.3099],[-3.9405,40.3099],[-3.9406,40.3099],[-3.9407,40.3099],[-3.9409,40.3099],[-3.9411,40.31],[-3.9412,40.31],[-3.9414,40.31],[-3.9416,40.31],[-3.9418,40.3099],[-3.9421,40.3098],[-3.9424,40.3099],[-3.9426,40.3099],[-3.9429,40.3099],[-3.943,40.31],[-3.9433,40.31],[-3.9435,40.31],[-3.9437,40.31],[-3.9439,40.31],[-3.9442,40.31],[-3.9444,40.3099],[-3.9446,40.3099],[-3.9448,40.3098],[-3.9449,40.3097],[-3.945,40.3096],[-3.945,40.3094],[-3.9449,40.3092],[-3.9448,40.3091],[-3.9447,40.3089],[-3.9444,40.3086],[-3.9442,40.3085],[-3.944,40.3083],[-3.9437,40.3082],[-3.9435,40.308],[-3.9433,40.3079],[-3.9433,40.3077],[-3.9432,40.3075],[-3.9431,40.3073],[-3.943,40.3071],[-3.9429,40.3069],[-3.9427,40.3066],[-3.9424,40.3064],[-3.9423,40.3063],[-3.9421,40.3061],[-3.942,40.306],[-3.9418,40.3059],[-3.9417,40.3058],[-3.9416,40.3057],[-3.9415,40.3056],[-3.9414,40.3054],[-3.9411,40.3049],[-3.9411,40.3049],[-3.9411,40.305],[-3.941,40.3051],[-3.941,40.3053],[-3.941,40.3055],[-3.941,40.3055],[-3.9409,40.3056],[-3.941,40.3056],[-3.941,40.3057],[-3.9411,40.3058],[-3.9411,40.3059],[-3.941,40.306],[-3.941,40.3062],[-3.941,40.3063],[-3.9409,40.3064],[-3.9409,40.3066],[-3.9409,40.3067],[-3.9409,40.3068],[-3.941,40.3069],[-3.941,40.3069],[-3.9411,40.307],[-3.9412,40.3071],[-3.9413,40.3073],[-3.9414,40.3075],[-3.9415,40.3076],[-3.9415,40.3078],[-3.9415,40.3078],[-3.9415,40.3078],[-3.9415,40.3079],[-3.9414,40.308],[-3.9413,40.3081],[-3.9412,40.3081],[-3.9409,40.3081],[-3.9408,40.3081],[-3.9407,40.3082],[-3.9408,40.3083],[-3.9408,40.3085],[-3.9409,40.3086],[-3.941,40.3086],[-3.9411,40.3088],[-3.9412,40.3089],[-3.9413,40.3089],[-3.9414,40.3089],[-3.9415,40.3089],[-3.9417,40.3089],[-3.9419,40.3088],[-3.9421,40.3088],[-3.9422,40.3088],[-3.9423,40.3088],[-3.9424,40.3089],[-3.9424,40.3089],[-3.9424,40.309],[-3.9424,40.3092],[-3.9424,40.3092],[-3.9423,40.3093],[-3.9422,40.3094],[-3.942,40.3095],[-3.9418,40.3096],[-3.9416,40.3097],[-3.9414,40.3098],[-3.9413,40.3098],[-3.9411,40.3098],[-3.9409,40.3098],[-3.9408,40.3097],[-3.9407,40.3097],[-3.9405,40.3096],[-3.9404,40.3096],[-3.9402,40.3095],[-3.9401,40.3096],[-3.9398,40.3096],[-3.9392,40.3097],[-3.9383,40.3099],[-3.938,40.3099],[-3.9378,40.31],[-3.9376,40.3101],[-3.9364,40.3106],[-3.9357,40.3109],[-3.9354,40.311],[-3.9353,40.3112],[-3.9352,40.3113]]],[[[-3.9127,40.497],[-3.9127,40.497],[-3.9128,40.4971],[-3.9129,40.4971],[-3.9131,40.4972],[-3.9132,40.4972],[-3.9133,40.4972],[-3.9135,40.4972],[-3.9136,40.4973],[-3.9137,40.4975],[-3.9138,40.4976],[-3.9138,40.4977],[-3.9138,40.4978],[-3.914,40.4979],[-3.9141,40.4979],[-3.9142,40.4979],[-3.9143,40.498],[-3.9144,40.4981],[-3.9145,40.4982],[-3.9145,40.4983],[-3.9146,40.4984],[-3.9146,40.4986],[-3.9147,40.4988],[-3.9147,40.499],[-3.9148,40.4991],[-3.9148,40.4993],[-3.9149,40.4994],[-3.9151,40.4995],[-3.9154,40.4997],[-3.9157,40.4998],[-3.916,40.4999],[-3.9162,40.5],[-3.9164,40.4999],[-3.9165,40.4999],[-3.9166,40.4997],[-3.9166,40.4996],[-3.9166,40.4994],[-3.9165,40.4992],[-3.9165,40.4991],[-3.9164,40.4989],[-3.9162,40.4986],[-3.916,40.4984],[-3.9159,40.4981],[-3.9157,40.4979],[-3.9156,40.4977],[-3.9155,40.4974],[-3.9153,40.4972],[-3.9153,40.497],[-3.9153,40.4968],[-3.9154,40.4967],[-3.9155,40.4966],[-3.9157,40.4966],[-3.9158,40.4967],[-3.916,40.4967],[-3.9163,40.4968],[-3.9165,40.4969],[-3.9167,40.497],[-3.9169,40.4972],[-3.9171,40.4973],[-3.9172,40.4975],[-3.9173,40.4977],[-3.9174,40.4978],[-3.9176,40.498],[-3.9178,40.4982],[-3.918,40.4983],[-3.9182,40.4984],[-3.9183,40.4984],[-3.9185,40.4983],[-3.9186,40.4981],[-3.9186,40.498],[-3.9185,40.4979],[-3.9184,40.4978],[-3.9183,40.4977],[-3.9184,40.4976],[-3.9186,40.4975],[-3.9187,40.4974],[-3.9187,40.4972],[-3.9185,40.4971],[-3.9183,40.4971],[-3.9181,40.497],[-3.9179,40.4969],[-3.9178,40.4968],[-3.9177,40.4965],[-3.9175,40.4964],[-3.9173,40.4963],[-3.9172,40.4961],[-3.9173,40.496],[-3.9174,40.496],[-3.9177,40.496],[-3.9179,40.496],[-3.9181,40.496],[-3.9181,40.4959],[-3.9181,40.4958],[-3.918,40.4957],[-3.9177,40.4956],[-3.9175,40.4954],[-3.9173,40.4952],[-3.9172,40.4951],[-3.9169,40.4948],[-3.9168,40.4948],[-3.9168,40.4947],[-3.9151,40.4955],[-3.9148,40.4957],[-3.9126,40.4966],[-3.9127,40.4969],[-3.9127,40.497]]],[[[-3.9856,40.5791],[-3.9858,40.5792],[-3.986,40.5793],[-3.9861,40.5794],[-3.9863,40.5795],[-3.9866,40.5795],[-3.9869,40.5796],[-3.9872,40.5797],[-3.9875,40.5799],[-3.9877,40.58],[-3.9878,40.5801],[-3.9879,40.5799],[-3.9879,40.5795],[-3.9879,40.5793],[-3.9879,40.5792],[-3.9879,40.5792],[-3.988,40.579],[-3.988,40.579],[-3.9874,40.5786],[-3.9865,40.578],[-3.9848,40.5769],[-3.9842,40.5765],[-3.9841,40.5764],[-3.9841,40.5764],[-3.9834,40.5765],[-3.983,40.5765],[-3.9822,40.5767],[-3.9816,40.5768],[-3.9818,40.5771],[-3.9819,40.5772],[-3.982,40.5773],[-3.9821,40.5775],[-3.9823,40.5776],[-3.9823,40.5778],[-3.9825,40.5779],[-3.9825,40.5781],[-3.9825,40.5781],[-3.9824,40.5782],[-3.9822,40.5783],[-3.982,40.5784],[-3.9818,40.5785],[-3.9817,40.5785],[-3.9816,40.5786],[-3.9815,40.5787],[-3.9815,40.5788],[-3.9815,40.579],[-3.9816,40.5791],[-3.9816,40.5793],[-3.9815,40.5793],[-3.9815,40.5794],[-3.9816,40.5795],[-3.9816,40.5795],[-3.9817,40.5796],[-3.9817,40.5797],[-3.9818,40.5798],[-3.982,40.5799],[-3.9821,40.5799],[-3.9823,40.5799],[-3.9825,40.5798],[-3.9825,40.5798],[-3.9827,40.5796],[-3.9827,40.5796],[-3.9828,40.5795],[-3.9829,40.5795],[-3.983,40.5795],[-3.9831,40.5795],[-3.9833,40.5795],[-3.9834,40.5794],[-3.9835,40.5793],[-3.9837,40.5793],[-3.9839,40.5793],[-3.984,40.5792],[-3.9842,40.5792],[-3.9845,40.5791],[-3.9848,40.5791],[-3.9851,40.579],[-3.9854,40.579],[-3.9856,40.5791]]],[[[-3.9892,40.6065],[-3.9896,40.6067],[-3.9896,40.6067],[-3.9896,40.6067],[-3.9906,40.6062],[-3.9906,40.6063],[-3.9907,40.6063],[-3.9907,40.6063],[-3.9907,40.6062],[-3.9906,40.6062],[-3.9906,40.6062],[-3.9905,40.6061],[-3.9904,40.6061],[-3.9902,40.6059],[-3.99,40.6056],[-3.9898,40.6056],[-3.9898,40.6056],[-3.9898,40.6056],[-3.9897,40.6056],[-3.9897,40.6055],[-3.9896,40.6055],[-3.9896,40.6054],[-3.9896,40.6054],[-3.9895,40.6053],[-3.9894,40.6052],[-3.9896,40.6051],[-3.9896,40.605],[-3.9896,40.6049],[-3.9895,40.6048],[-3.9894,40.6046],[-3.9893,40.6045],[-3.9892,40.6043],[-3.9892,40.6042],[-3.9891,40.6042],[-3.9891,40.6042],[-3.989,40.6041],[-3.9889,40.604],[-3.9889,40.6039],[-3.9888,40.6039],[-3.9888,40.6038],[-3.9888,40.6037],[-3.9887,40.6037],[-3.9886,40.6037],[-3.9885,40.6036],[-3.9885,40.6036],[-3.9884,40.6034],[-3.9883,40.6033],[-3.9882,40.6032],[-3.988,40.603],[-3.9879,40.6029],[-3.9878,40.6028],[-3.9876,40.6026],[-3.9873,40.6022],[-3.9871,40.6019],[-3.987,40.6017],[-3.987,40.6017],[-3.9868,40.6016],[-3.9868,40.6015],[-3.9868,40.6015],[-3.9868,40.6014],[-3.986,40.6008],[-3.986,40.6008],[-3.9858,40.6007],[-3.9857,40.6006],[-3.9856,40.6005],[-3.9854,40.6003],[-3.9852,40.6002],[-3.9852,40.6003],[-3.9852,40.6003],[-3.9852,40.6007],[-3.9854,40.6012],[-3.9856,40.6021],[-3.9858,40.6028],[-3.9859,40.6036],[-3.9867,40.6046],[-3.9867,40.6057],[-3.9875,40.6061],[-3.9881,40.6061],[-3.9886,40.6064],[-3.9892,40.6065]]],[[[-3.9382,40.3166],[-3.9381,40.3168],[-3.9381,40.3168],[-3.9381,40.3168],[-3.9382,40.3168],[-3.9384,40.3168],[-3.9387,40.3168],[-3.9388,40.3167],[-3.939,40.3166],[-3.9391,40.3166],[-3.9393,40.3166],[-3.9394,40.3166],[-3.9396,40.3166],[-3.9399,40.3166],[-3.9401,40.3166],[-3.9405,40.3165],[-3.9407,40.3165],[-3.9411,40.3165],[-3.9413,40.3165],[-3.9416,40.3164],[-3.9419,40.3164],[-3.9422,40.3164],[-3.9427,40.3162],[-3.9428,40.3162],[-3.943,40.3161],[-3.943,40.3159],[-3.9431,40.3157],[-3.9432,40.3156],[-3.9432,40.3154],[-3.9433,40.3149],[-3.9435,40.3145],[-3.9437,40.3141],[-3.9438,40.3137],[-3.9441,40.3133],[-3.9442,40.3131],[-3.9443,40.3128],[-3.9444,40.3125],[-3.9445,40.3123],[-3.9445,40.312],[-3.9445,40.3118],[-3.9445,40.3116],[-3.9446,40.3115],[-3.9449,40.3113],[-3.9449,40.3111],[-3.945,40.3109],[-3.945,40.3106],[-3.945,40.3105],[-3.945,40.3103],[-3.9451,40.3102],[-3.9451,40.3101],[-3.945,40.31],[-3.945,40.31],[-3.9449,40.3099],[-3.9449,40.3099],[-3.9447,40.31],[-3.9446,40.3101],[-3.9445,40.3102],[-3.9444,40.3102],[-3.9442,40.3102],[-3.9441,40.3102],[-3.9441,40.3103],[-3.9441,40.3104],[-3.9442,40.3106],[-3.9442,40.3106],[-3.9442,40.3106],[-3.9442,40.3107],[-3.9441,40.3108],[-3.9437,40.311],[-3.9437,40.311],[-3.9437,40.311],[-3.9439,40.3111],[-3.9439,40.3111],[-3.944,40.3112],[-3.9441,40.3113],[-3.944,40.3114],[-3.944,40.3115],[-3.944,40.3115],[-3.944,40.3117],[-3.944,40.3119],[-3.944,40.3119],[-3.9439,40.3119],[-3.9439,40.312],[-3.9439,40.3121],[-3.9438,40.3121],[-3.9438,40.3121],[-3.9438,40.3121],[-3.9438,40.3122],[-3.9438,40.3122],[-3.9438,40.3124],[-3.9438,40.3125],[-3.9438,40.3126],[-3.9438,40.3128],[-3.9437,40.3129],[-3.9436,40.313],[-3.9437,40.313],[-3.9437,40.3132],[-3.9437,40.3133],[-3.9437,40.3134],[-3.9433,40.3139],[-3.9434,40.3141],[-3.9434,40.3142],[-3.9434,40.3142],[-3.9434,40.3143],[-3.9433,40.3143],[-3.9433,40.3144],[-3.9432,40.3146],[-3.9432,40.3147],[-3.9431,40.3148],[-3.943,40.3149],[-3.943,40.3149],[-3.9414,40.3152],[-3.9411,40.3152],[-3.9408,40.3151],[-3.9405,40.3151],[-3.9401,40.315],[-3.94,40.315],[-3.9399,40.315],[-3.9398,40.3151],[-3.9398,40.3151],[-3.9396,40.3153],[-3.9395,40.3154],[-3.9392,40.3156],[-3.9391,40.3157],[-3.939,40.3158],[-3.9388,40.3159],[-3.9387,40.316],[-3.9386,40.3161],[-3.9384,40.3163],[-3.9382,40.3166]]],[[[-3.9192,40.3659],[-3.9191,40.3661],[-3.919,40.3663],[-3.9188,40.3665],[-3.9185,40.3668],[-3.918,40.3672],[-3.9177,40.3675],[-3.9175,40.3677],[-3.9173,40.3679],[-3.9172,40.368],[-3.917,40.3682],[-3.9169,40.3684],[-3.9166,40.3686],[-3.9164,40.3688],[-3.9161,40.369],[-3.9158,40.3691],[-3.9156,40.3691],[-3.9153,40.3692],[-3.9152,40.3693],[-3.915,40.3694],[-3.9147,40.3694],[-3.9145,40.3694],[-3.9143,40.3695],[-3.914,40.3695],[-3.9139,40.3697],[-3.9138,40.3699],[-3.9136,40.3704],[-3.9134,40.371],[-3.9132,40.3713],[-3.913,40.3716],[-3.9129,40.3718],[-3.9128,40.372],[-3.9128,40.3721],[-3.9128,40.3723],[-3.9128,40.3725],[-3.9129,40.3728],[-3.913,40.3732],[-3.913,40.3732],[-3.9131,40.3729],[-3.9132,40.3726],[-3.9133,40.3725],[-3.9135,40.3721],[-3.9135,40.372],[-3.9139,40.3716],[-3.9139,40.3715],[-3.914,40.3715],[-3.914,40.3714],[-3.914,40.3714],[-3.914,40.3713],[-3.9139,40.3713],[-3.9139,40.3712],[-3.9139,40.3711],[-3.9139,40.371],[-3.914,40.371],[-3.914,40.3709],[-3.9141,40.3708],[-3.9141,40.3708],[-3.9141,40.3707],[-3.9142,40.3707],[-3.9143,40.3707],[-3.9144,40.3706],[-3.9145,40.3706],[-3.9146,40.3706],[-3.9146,40.3706],[-3.915,40.3703],[-3.9156,40.3699],[-3.9162,40.3692],[-3.9168,40.3687],[-3.9177,40.3679],[-3.9181,40.3676],[-3.9186,40.3671],[-3.9187,40.3669],[-3.9189,40.3667],[-3.9191,40.3665],[-3.9191,40.3664],[-3.9192,40.3663],[-3.9192,40.3663],[-3.9193,40.3661],[-3.9194,40.366],[-3.9194,40.366],[-3.9193,40.3659],[-3.9193,40.3658],[-3.9193,40.3658],[-3.9193,40.3657],[-3.9192,40.3659]]],[[[-3.9119,40.3757],[-3.9117,40.3758],[-3.9114,40.3758],[-3.9112,40.3759],[-3.911,40.3759],[-3.9108,40.3761],[-3.9106,40.3761],[-3.9106,40.3762],[-3.9106,40.3764],[-3.9106,40.3765],[-3.9105,40.3767],[-3.9104,40.3768],[-3.9104,40.3769],[-3.9102,40.3769],[-3.9101,40.377],[-3.9101,40.3773],[-3.9105,40.377],[-3.9112,40.3765],[-3.9113,40.3764],[-3.9115,40.3762],[-3.9116,40.3762],[-3.9117,40.3761],[-3.9119,40.3759],[-3.9119,40.3757],[-3.9119,40.3757]]],[[[-3.9396,40.3112],[-3.9396,40.3112],[-3.9397,40.3113],[-3.9398,40.3113],[-3.9399,40.3112],[-3.9401,40.3112],[-3.9402,40.3111],[-3.9407,40.3111],[-3.9409,40.3111],[-3.9411,40.3111],[-3.9412,40.3112],[-3.9413,40.3112],[-3.9414,40.3111],[-3.9415,40.3111],[-3.9414,40.3111],[-3.9413,40.311],[-3.9412,40.3109],[-3.9411,40.3108],[-3.9409,40.3107],[-3.9408,40.3107],[-3.9407,40.3106],[-3.9405,40.3107],[-3.9404,40.3108],[-3.9403,40.3109],[-3.9401,40.311],[-3.9401,40.3111],[-3.9399,40.3111],[-3.9396,40.3112]]],[[[-3.985,40.5249],[-3.985,40.5248],[-3.9848,40.5249],[-3.985,40.5249]]],[[[-3.9376,40.4932],[-3.9375,40.4931],[-3.9375,40.4931],[-3.9375,40.4931],[-3.9376,40.4932]]],[[[-3.9389,40.3111],[-3.9389,40.311],[-3.9388,40.3112],[-3.9389,40.3111]]]]},"geometry_name":"GEOMETRY1","properties":{"CD_TIPO_ZONA":"3","DS_TIPO_ZONA":"Mantenimiento de la Actividad","NM_AREA_HA":7948.17}}],"totalFeatures":3,"numberMatched":3,"numberReturned":3,"timeStamp":"2026-09-17T20:34:42.889Z","crs":{"type":"name","properties":{"name":"urn:ogc:def:crs:EPSG::4326"}}}